sentence,source,id,sentence_count,negation_marker,causal_marker,implicit_vs_explicit,CE,multiple_c_e
"I have identified that due to constant stress the adrenaline and cortisol levels have disturbed the digestion causing bloating, as well as restricting the immune system causing dull sluggish skin.",CauseNet-cause.csv,,1,[],['due to'],implicit,"[('digestion', 'bloating')]",No
"Indeed, while there are a number of micro-organisms capable of causing a UTI, (including enterobacteria, pseudomonas, and staphylococcus), most infections are the result of the E. coli bacteria, which is found naturally in the digestive tract, in stool, around the anus and on the skin between the anus and the vagina.",CauseNet-cause.csv,,1,[],[],implicit,"[('e._coli_bacteria', 'infections')]",No
"My medication is causing me some problems - I appear to be itching a great deal, all over my body but especially on my scalp and neck.",CauseNet-cause.csv,,1,[],[],implicit,"[('medication', 'problems')]",No
"In areas where P. falciparum is endemic, parasites causing severe malaria and malaria in young children with limited immunity tend to express semiconserved PfEMP1 molecules encoded by group A var genes.",CauseNet-cause.csv,,1,[],[],implicit,"[('parasites', 'malaria')]",No
Mutations causing resistance were detected in a total of 27 isolates.,CauseNet-cause.csv,,1,[],[],implicit,"[('mutations', 'resistance')]",No
"Batman Begins exists in a bleak version of the renowned Gotham City, with a depression causing ghettos and crime, and even worse, the breakdown of ideals.",CauseNet-cause.csv,,1,[],[],implicit,"[('depression', 'crime')]",No
Gluten is increasingly causing problems these days.,CauseNet-cause.csv,,1,[],[],implicit,"[('gluten', 'problems')]",No
"A 2010 study published in the Proceedings of the National Academy of Sciences - the official publication of the United States National Academy of Sciences - found that out of 1,372 climate researchers surveyed, approximately 97 to 98 percent of those actively publishing in the field said they believe human beings are causing the climate change, which they term anthropogenic (i.e., man-made) climate change.",CauseNet-cause.csv,,1,['believe'],[],implicit,"[('human_beings', 'climate_change')]",No
The central concept behind the management and treatment of panic attacks by yoga lies in the understanding that it is the fear which is causing the symptoms.,CauseNet-cause.csv,,1,[],[],implicit,"[('fear', 'symptoms')]",No
The dentist eliminates the gum disease causing bacteria and encourages gum growth by smoothing the surfaces of any damaged teeth.,CauseNet-cause.csv,,1,[],[],implicit,"[('gum_disease', 'bacteria')]",No
"Viruses causing gastroenteritis include rotavirus, norovirus, adenovirus and astrovirus.",CauseNet-cause.csv,,1,[],[],implicit,"[('viruses', 'gastroenteritis')]",No
"1.6 Neither the fact that the adverse reaction causing the injury was foreseeable or predictable, nor the fact that the patient has freely consented (whether in writing or otherwise) to participate in the trial should exclude patient from consideration for compensation under these Guidelines, although compensation may be abated or excluded in the light of the factors described in paragraph 4.2 below.",CauseNet-cause.csv,,1,[],[],implicit,"[('adverse_reaction', 'injury')]",No
"However, the Amplified CT test uses a urine sample to test for the bacteria causing chlamydia.",CauseNet-cause.csv,,1,[],[],implicit,"[('bacteria', 'chlamydia')]",No
"I am to the point that my weight gain is causing as much pain as the arthritis initially did, and I am concerned about other complications from the excess weight.",CauseNet-cause.csv,,1,[],[],implicit,"[('weight_gain', 'pain')]",No
The brian is altered by the drug causing addiction.,CauseNet-cause.csv,,1,[],[],implicit,"[('drug', 'addiction')]",No
"If you suspect that a service is causing problems, you can turn it off by double-clicking on its name and then clicking on the Stop button.",CauseNet-cause.csv,,1,[],[],implicit,"[('service', 'problems')]",No
Staphylococcus aureus is a bacterium that has always been causing infections in humans.,CauseNet-cause.csv,,1,[],[],implicit,"[('bacterium', 'infections_in_humans')]",No
It's almost certainly warped rotors that are causing the problem.,CauseNet-cause.csv,,1,[],[],implicit,"[('warped_rotors', 'problem')]",No
"Therefore, a mangosteen juice containing a high content of the outer rind (called pericarp) can reduce inflammation causing the arthritis pain.",CauseNet-cause.csv,,1,[],['Therefore'],implicit,"[('inflammation', 'arthritis_pain')]",No
"All mutations increased resting whole-cell K(ATP) currents by reducing channel inhibition by ATP, but, in the simulated heterozygous state, mutations causing PNDM alone (R201C) produced smaller K(ATP) currents and less change in ATP sensitivity than mutations associated with severe disease (Q52R and V59G).",CauseNet-cause.csv,,1,[],[],implicit,"[('mutations', 'pndm')]",No
A research team led by Ray Blanchard of the University of Toronto took the medical histories of about 400 pedophiles and 800 nonpedophiles and found that the pedophiles were more likely than the others to have had accidents causing loss of consciousness before age six.,CauseNet-cause.csv,,1,[],[],implicit,"[('accidents', 'loss_of_consciousness')]",No
I asked her if the low thyroid could be causing all these problems (like the pain and fatigue).,CauseNet-cause.csv,,1,[],[],implicit,"[('low_thyroid', 'problems')]",No
"Most of the time mites, yeast, dreaded staph bacteria and other micro organisms can give rise to the growth of this disorder, where acne causing bacteria can penetrate the skin and then thrive in a suitable atmosphere.",CauseNet-cause.csv,,1,[],[],implicit,"[('acne', 'bacteria')]",No
Pets are easily affected by parasites causing skin disorders.,CauseNet-cause.csv,,1,[],[],implicit,"[('parasites', 'skin_disorders')]",No
"While PVO is common (present in about 25% of people), the company plans to target those for whom the condition may be causing serious complications including stroke and migraines.",CauseNet-cause.csv,,1,[],[],implicit,"[('condition', 'serious_complications')]",No
It came as the firmest statement yet that the climate crisis is now upon us and immediate action to dramatically reduce the fossil fuel pollution causing global warming is crucial.,CauseNet-cause.csv,,1,[],[],implicit,"[('fossil_fuel_pollution', 'global_warming')]",No
"Chlorpromazine and other phenothiazines may intensify the effects of drugs causing sedation, including alcohol, barbiturates , narcotic pain medications, minor tranquilizers, and antihistamines.",CauseNet-cause.csv,,1,[],[],implicit,"[('drugs', 'sedation')]",No
An accident causing two deaths occurred from an explosion in a house adjacent to Skellingsted landfill in Denmark in 1991.,CauseNet-cause.csv,,1,[],[],implicit,"[('accident', 'deaths')]",No
"In addition, of course, any new gas-fired generating units would emit large quantities of CO2, a gas that is causing climate change.",CauseNet-cause.csv,,1,[],[],implicit,"[('gas', 'climate_change')]",No
"First formulated by Griffith in 1967, the protein only hypothesis states that the infectious agent causing transmissible spongiform encephalopathies (kuru, CreutzfeldtJakob disease, BSE, sheep scrapie, and other related ailments) consists of the modified form prions 831 of a normal cellular protein (Fig Where Can I Buy Nitroglycerin Needs In Canada.",CauseNet-cause.csv,,1,[],[],implicit,"[('infectious_agent', 'transmissible_spongiform_encephalopathies')]",No
Zaon does warn of these items causing problems and does offer suggestions to minimize these.,CauseNet-cause.csv,,1,[],[],implicit,"[('items', 'problems')]",No
Consult with your veterinarian before using this product in animals: with clotting disorders; being treated with anticoagulant medications; diabetes or any metabolic disorder causing hyperglycemia; history of urinary tract stones; known allergies to shellfish.,CauseNet-cause.csv,,1,[],[],implicit,"[('diabetes', 'hyperglycemia')]",No
The Microban Polypropylene Food Storage Containers have Microban antimicrobial protection built in to help prevent odor causing bacteria.,CauseNet-cause.csv,,1,[],[],implicit,"[('odor', 'bacteria')]",No
Situation such as a pulled muscle or conditions like whiplash causing pain and other conditions connected to an injury.,CauseNet-cause.csv,,1,[],[],implicit,"[('whiplash', 'pain')]",No
"This results from the clearing of unstable slopes for cultivation, slash and burn methods often causing forest fires, and poor farming and forestry practices leading to soil erosion and loss of productivity.",CauseNet-cause.csv,,1,[],['leading to'],implicit,"[('poor_farming', 'soil_erosion')]",No
"If the disease causing conditions, modern food, drinks, drugs, and other environmental poisons, are controlled, then illness will thus usually be prevented.",CauseNet-cause.csv,,1,[],['thus'],implicit,"[('disease', 'conditions')]",No
"The incident followed an argument inside the restaurant between Gesa , two girls and an unidentified man, 19, who was arrested and charged with assault causing grievous bodily harm.",CauseNet-cause.csv,,1,[],[],implicit,"[('assault', 'grievous_bodily_harm')]",No
Tea tree oil is able to fight acne causing bacteria and also drop their expansion due to its antibacterial nature.,CauseNet-cause.csv,,1,[],['due to'],implicit,"[('acne', 'bacteria')]",No
It is a scientific strategy that works by correcting imbalances in the metabolism and hormones that are causing weight loss to be difficult.,CauseNet-cause.csv,,1,[],[],implicit,"[('hormones', 'weight_loss')]",No
They will also give you troubleshooting codes to help diagnose any problems causing the check engine light to come on.,CauseNet-cause.csv,,1,[],[],implicit,"[('problems', 'check_engine_light')]",No
"The virus causing AIDS enters the blood and quickly penetrates certain white cells (called `CD4' cells or ""T4 cells"") in the body.",CauseNet-cause.csv,,1,[],[],implicit,"[('virus', 'aids')]",No
"Whenever chemicals are added to food, it also increases the number of cancer causing substances which will be avoided by using organic food.",CauseNet-cause.csv,,1,[],[],implicit,"[('cancer', 'substances')]",No
An out-of-court mesothelioma asbestos cancer settlement is another way of being compensated for your losses instead of suing the companies responsible for the cancer causing asbestos exposure.,CauseNet-cause.csv,,1,[],[],implicit,"[('cancer', 'asbestos_exposure')]",No
Burning fossil fuel contributes to greenhouse gases that are causing climate change.,CauseNet-cause.csv,,1,[],[],implicit,"[('greenhouse_gases', 'climate_change')]",No
"Blood deficiency causing dizziness, insomnia, fatigue, soreness in the muscles and limbs and poor concentration.",CauseNet-cause.csv,,1,[],[],implicit,"[('blood_deficiency', 'dizziness')]",No
"* Criminalization might be intended as a pre-emptive, harm-reduction device, using the threat of punishment as a deterrent to those proposing to engage in the behavior causing harm.",CauseNet-cause.csv,,1,[],[],implicit,"[('behavior', 'harm')]",No
An underlying medical condition may be causing weight gain.,CauseNet-cause.csv,,1,[],[],implicit,"[('underlying_medical_condition', 'weight_gain')]",No
"When blood sugar rises, cells in the pancreas release insulin, causing the body to absorb glucose from the blood, which lowers the blood sugar level to normal.",CauseNet-cause.csv,,1,[],[],implicit,"[('cells_in_the_pancreas_release_insulin', 'body_to_absorb_glucose_from_the_blood')]",No
"The insight gained from studying these, and other examples, of altered translation are also proving useful in understanding the molecular consequences of disease causing mutations.",CauseNet-cause.csv,,1,[],[],implicit,"[('disease', 'mutations')]",No
"Using a combination of genetic and biochemical techniques, they identified the functions of cancer causing genes, so called oncogenes, of polyomavirus, including a function required for viral DNA replication and a function that stimulates cell growth by mimicking an activated growth factor receptor.",CauseNet-cause.csv,,1,[],[],implicit,"[('cancer', 'genes')]",No
It also may have helped along the very same industrializing forces that were causing the social upheaval and community breakdown that was really causing violence.,CauseNet-cause.csv,,1,[],[],implicit,"[('social_upheaval', 'violence')]",No
"Sometimes, controlling the rate of an arrhythmia that's causing heart failure can improve your heart's function.",CauseNet-cause.csv,,1,[],[],implicit,"[('arrhythmia', 'heart_failure')]",No
The gums stick to the teeth very closely to prevent the entry of bacteria causing infection and reach the root of the teeth or jaw bone.,CauseNet-cause.csv,,1,[],[],implicit,"[('entry_of_bacteria', 'infection')]",No
"However, the EFSA's committee stressed the acute health concerns including accidents causing death that have been reported for young people that consume excessive amounts of energy drinks combined either with physical stress or as in most cases the use of alcohol.",CauseNet-cause.csv,,1,[],[],implicit,"[('accidents', 'death')]",No
Impaction takes place each time a bearded dragon's digestive system is impeded by a mass causing an obvious bump on its spine.,CauseNet-cause.csv,,1,[],[],implicit,"[('mass', 'obvious_bump_on_its_spine')]",No
"""Obviously this virus is still causing death, although it may be causing death at a slower rate of progression now.",CauseNet-cause.csv,,1,[],[],implicit,"[('virus', 'death')]",No
Extra bony growths can grow on the vertebrae and may press on the nerve roots causing pain and irritation.,CauseNet-cause.csv,,1,[],[],implicit,"[('nerve_roots', 'pain')]",No
"In case of a driver causing a crash, only one instance of PrintIsolationHost.exe goes away, but the spooler service itself is left unperturbed.",CauseNet-cause.csv,,1,[],[],implicit,"[('driver', 'crash')]",No
"Hand-transmission is a critical factor in the spread of bacteria, pathogens, viruses causing disease, foodborne illness and nosocomial infections (infections acquired while in healthcare and unrelated to the original condition).",CauseNet-cause.csv,,1,[],[],implicit,"[('viruses', 'disease')]",No
Those with pre-existing cardiovascular or respiratory conditions - Wildfire smoke can worsen symptoms of pre-existing cardiovascular and respiratory conditions causing increased morbidity and mortality among this population.,CauseNet-cause.csv,,1,[],[],implicit,"[('respiratory_conditions', 'increased_morbidity')]",No
Keurig needs to address the design issues that are causing these failures for so many of their customers!,CauseNet-cause.csv,,1,[],[],implicit,"[('design_issues', 'failures')]",No
The world we live in is filled with disease causing foods.,CauseNet-cause.csv,,1,[],[],implicit,"[('disease', 'foods')]",No
Heart block causing failure in the transmission of electrical signals to all parts of the heart can also lead to a slow heart rate.,CauseNet-cause.csv,,1,[],['lead to'],implicit,"[('heart_block', 'slow_heart_rate')]",No
Chinese Medicine says that heat and poison in the blood vessels are causing a blockage.,CauseNet-cause.csv,,1,[],[],implicit,"[('heat', 'blockage')]",No
Our diet is causing all these diseases and flaws.,CauseNet-cause.csv,,1,[],[],implicit,"[('diet', 'diseases')]",No
Taking a thread dump showed that most of the threads are blocked and the lock causing the problem is the triggerLock in the RAMJobStore class.,CauseNet-cause.csv,,1,[],[],implicit,"[('lock', 'problem')]",No
"If a policy is causing more harm than good in your opinion, make it known to the authorities.",CauseNet-cause.csv,,1,[],[],implicit,"[('policy', 'harm')]",No
Heavy snow continues to fall on an extremely weak snowpack causing unstable conditions.,CauseNet-cause.csv,,1,[],[],implicit,"[('extremely_weak_snowpack', 'unstable_conditions')]",No
"Could be sleep apnea (common in Marfan), could be his reflux causing problems.",CauseNet-cause.csv,,1,[],[],implicit,"[('reflux', 'problems')]",No
"He says, ""I'd like it if someone could address the National Academy of Science statement that 97 percent of climatologists believe that human activities are causing warming.",CauseNet-cause.csv,,1,['believe'],[],implicit,"[('human_activities', 'warming')]",No
"A federal grand jury in April indicted Zapata Espinoza on one count of murder of officer or employee of the United States, one count of attempted murder of an officer or employee of the United States, one count of attempted murder of an internationally protected person and one count of using, carrying, brandishing and discharging a firearm in relation to a crime of violence causing death and aiding and abetting and causing an act to be done, court documents show.",CauseNet-cause.csv,,1,[],[],implicit,"[('crime_of_violence', 'death')]",No
More likely the kidney failure was causing my high blood pressure.,CauseNet-cause.csv,,1,[],[],implicit,"[('kidney_failure', 'high_blood_pressure')]",No
Inherited forms of retinal degenerative diseases such as RP and Usher syndrome usually affect peripheral vision causing night-blindness and tunnel vision.,CauseNet-cause.csv,,1,[],[],implicit,"[('peripheral_vision', 'tunnel_vision')]",No
Hysteroscopic myomectomy is a technique that is performed if the fibroids causing the symptoms are within or bulging into the uterine cavity.,CauseNet-cause.csv,,1,[],[],implicit,"[('fibroids', 'symptoms')]",No
"If carpet is causing problems, the only treatment is to remove it and get it out of the house.",CauseNet-cause.csv,,1,[],[],implicit,"[('carpet', 'problems')]",No
Most gene mutations causing cystic fibrosis end up with the receptor stuck in the endoplasmic reticulum and unable to reach the cell surface.,CauseNet-cause.csv,,1,[],[],implicit,"[('gene_mutations', 'cystic_fibrosis')]",No
"However, if SUPRAX is effective against the bacteria causing the disease can potentially adversely affect pregnancy.",CauseNet-cause.csv,,1,[],[],implicit,"[('bacteria', 'disease')]",No
Without treating our drinking water we would continually be infected by disease causing microorganisms.,CauseNet-cause.csv,,1,[],[],implicit,"[('disease', 'microorganisms')]",No
A bad breath natural remedy made with a safe and effective antibacterial agent will prevent bad breath and control the gum disease causing the problem.,CauseNet-cause.csv,,1,[],[],implicit,"[('gum_disease', 'problem')]",No
"The most dangerous mint disease in Lithuania is rust; pests causing more harm are: Eupteryx atropunctata, Longitarsus lycopi.",CauseNet-cause.csv,,1,[],[],implicit,"[('pests', 'harm')]",No
"In two small clinical trials in India and Bangladesh, 0.2% chlorhexidine was superior to natamycin in treating a range of fungi causing keratitis.",CauseNet-cause.csv,,1,[],[],implicit,"[('fungi', 'keratitis')]",No
"Complications causing impaired vision were documented, changes in visual acuity after completion of treatment were measured, and the risk of 'poor outcome' (visual acuity 6/12 and less) was compared in the various types of uveitis, using 'exact' multiple logistic regression to control confounding by other prognostic factors.",CauseNet-cause.csv,,1,[],[],implicit,"[('complications', 'impaired_vision')]",No
"To further counteract the concussion associated with impact and weight bearing, the distal phalanx descends into the hoof capsule due to the elasticity of the lamina in a distopalmar direction, causing the sole to flatten; the palmar margin of the distal phalanx descends distally, pushing the navicular bone into the deep digital flexor tendon.7 An ideal method for a clinician to monitor and preserve foot health is through careful observation and evaluation of hoof conformation.",CauseNet-cause.csv,,1,[],['due to'],implicit,"[('impact', 'concussion')]",No
"Therefore, you can see any concern of second hand smoke causing lung cancer is highly questionable.""",CauseNet-cause.csv,,1,[],['Therefore'],implicit,"[('second_hand_smoke', 'lung_cancer')]",No
"As a natural anti-biotic, Garlic is the only known herb that can protect the body against poisons that are causing an infection while also killing the virus or bacteria that is actually causing the infection.",CauseNet-cause.csv,,1,[],[],implicit,"[('bacteria', 'infection')]",No
"Engorgement may lead to mastitis (inflammation of the breast) and untreated engorgement puts pressure on the milk ducts, often causing a plugged duct.",CauseNet-cause.csv,,1,[],['lead to'],implicit,"[('engorgement', 'mastitis')]",No
"Not only is deforestation causing a loss of biological diversity on an unprecedented scale, it's causing us to lose between 50-100 animal and plant species each day but we lose the benefit that healthy forests provide--they filter polluted water, remove air pollution, sequester carbon and provide homes for wildlife.",CauseNet-cause.csv,,1,[],[],implicit,"[('deforestation', 'loss_of_biological_diversity')]",No
"Between third-party plugins, finicky flame files and a bug causing a memory leak, once you've finally got the damn thing working (read: after you've performed the necessary blood-sacrifices), you hardly want to breathe on, let alone use, the computer.",CauseNet-cause.csv,,1,[],[],implicit,"[('bug', 'memory_leak')]",No
I get the distinct feeling that Roche manufactured the lie that Tamiflu was effective and safe in much the same way as Global Warming fanatic scientists manufactured their lie that human activity was causing global warming!,CauseNet-cause.csv,,1,[],[],implicit,"[('human_activity', 'global_warming')]",No
"Timing problems still are causing problems with the sound quality, but the code does work.",CauseNet-cause.csv,,1,[],[],implicit,"[('timing_problems', 'problems')]",No
"As the gas seeped into his living room, the baby Mohammed began to shake violently before suffering a stroke causing extensive paralysis.",CauseNet-cause.csv,,1,[],[],implicit,"[('stroke', 'extensive_paralysis')]",No
Extensive studies had indicated that lead shot was unintentionally causing 2 million or more waterfowl deaths per year.,CauseNet-cause.csv,,1,[],[],implicit,"[('lead_shot', 'waterfowl_deaths')]",No
"By understanding the proteins and their functions of humans and of microorganisms that are responsible for so much disease in the third world, we can actually look at protein-protein interaction between the human protein and the virus or bacteria that are causing the disease and make drugs specifically based on that knowledge.",CauseNet-cause.csv,,1,[],[],implicit,"[('bacteria', 'disease')]",No
"Many of those devices were carefully sniffing out organic chemicals, which are largely responsible for forming ozone and aerosols, the main components of smog causing the health effects associated with air pollution.",CauseNet-cause.csv,,1,[],[],implicit,"[('air_pollution', 'health_effects')]",No
"To make sure the bacteria causing an infection are susceptible to oxytetracycline your doctor may take a tissue sample, for example a swab from the infected area, or a urine or blood sample.",CauseNet-cause.csv,,1,[],[],implicit,"[('bacteria', 'infection')]",No
"As the ailment becomes more commonplace, we find people experimenting with a variety of remedies to control blood pressure or cure the condition causing raised blood pressure.",CauseNet-cause.csv,,1,[],[],implicit,"[('condition', 'raised_blood_pressure')]",No
Iron oxide present in the shale accounts for the red colouring; circulating groundwater causing the change of red iron oxide to green iron oxide accounts for the narrow green bands.,CauseNet-cause.csv,,1,[],[],implicit,"[('circulating_groundwater', 'change_of_red_iron_oxide_to_green_iron_oxide')]",No
Dust mites are the most common indoor allergens causing allergy symptoms.,CauseNet-cause.csv,,1,[],[],implicit,"[('indoor_allergens', 'allergy_symptoms')]",No
"Human activity is causing environmental change to which organisms respond through adaptation, evolution, or formation of new groupings of species and communities (Egler 1942).",CauseNet-cause.csv,,1,[],[],implicit,"[('human_activity', 'environmental_change')]",No
"It is bizarre that the bar staff, who are exposed to much more smoke than other employees, should continue to be exposed to cancer causing substances while others enjoy protection from health and safety legislation.",CauseNet-cause.csv,,1,[],[],implicit,"[('cancer', 'substances')]",No
They investigate by taking samples and also completing a questionnaire to determine the type of bacteria causing the illness and where this bacteria was picked up.,CauseNet-cause.csv,,1,[],[],implicit,"[('bacteria', 'illness')]",No
"Physical therapy is often recommended and includes stretching, flexibility and strengthening exercises, as well as exercises intended to compensate for strength and balance discrepancies that may be causing pain.",CauseNet-cause.csv,,1,[],[],implicit,"[('strength', 'pain')]",No
"He pleaded guilty to a reduce charge of assault causing injury, will sit out from competition a year and is retaining his scholarship.",CauseNet-cause.csv,,1,[],[],implicit,"[('assault', 'injury')]",No
"High urine output may be due to an inability to concentrate her urine due to the pyometra, or sepsis causing renal failure.",CauseNet-cause.csv,,1,[],"['due to', 'due to']",implicit,"[('sepsis', 'renal_failure')]",No
"For example, the bacterium causing Legionnaire's disease, a serious and sometimes lethal infection, and Pontiac Fever, a flu-like illness, have circulated in some large buildings.",CauseNet-cause.csv,,1,[],[],implicit,"[('bacterium', ""legionnaire_'s_disease"")]",No
"If underlying physical discomfort is suspected, consulting with a veterinarian is a wise decision in order to rule out underlying diseases that may be causing symptoms similar to those of separation anxiety.",CauseNet-cause.csv,,1,[],[],implicit,"[('underlying_diseases', 'symptoms')]",No
Topricin Foot Therapy Cream is formulated with 14 natural biomedicines medicines that support and assist the body by helping the subcutaneous skin layers to drain toxins and excess fluids from the tissues which increases blood flow and helps to heal the damage that is causing the pain.,CauseNet-cause.csv,,1,[],[],implicit,"[('damage', 'pain')]",No
"Some of the precautions and warnings with SSRIs include the increased risk of developing suicidal thoughts or behavior, the possibility of the drug causing seizures, and the possible risks involved with taking the medication when pregnant.",CauseNet-cause.csv,,1,[],[],implicit,"[('drug', 'seizures')]",No
Viagra Sildenafil I never would have noticed if a particular CARISOPRODOL was causing pain.,CauseNet-cause.csv,,1,[],[],implicit,"[('carisoprodol', 'pain')]",No
"The decline could be a short-lived glitch in the real estate market, or it could be something serious that affects the value of your home such as increased crime, a plunge in the job market, or environmental conditions or polution that is causing cancers and other illnesses.",CauseNet-cause.csv,,1,[],[],implicit,"[('environmental_conditions', 'illnesses')]",No
When there are blockages impeding the energy flow this raised and forced energy slams into them causing these symptoms and ails.,CauseNet-cause.csv,,1,[],[],implicit,"[('blockages', 'symptoms')]",No
"Acute sinusitis usually follows a viral infection in the upper respiratory tract, but allergens (allergy-causing substances), or pollutants may also trigger acute sinusitis.",CauseNet-cause.csv,,1,[],[],implicit,"[('pollutants', 'acute_sinusitis')]",No
"The point was made that at Andersonville, guards suffered nearly the same fate as the prisoners, lack of resources causing hunger, death and disease.",CauseNet-cause.csv,,1,[],[],implicit,"[('lack_of_resources', 'hunger')]",No
Understanding how these genes act in directing neural differentiation and how their mutations are causing the disease is a main challenge of the current investigations pursued in the lab.,CauseNet-cause.csv,,1,[],[],implicit,"[('mutations', 'disease')]",No
You'll likely see that the change that's causing the trouble.,CauseNet-cause.csv,,1,[],[],implicit,"[('change', 'trouble')]",No
"The tsunami followed a quake that struck deep beneath the Indian Ocean 150 miles southwest of Java's western coast at 3:24 p.m. local time, causing tall buildings to sway as far off as the capital Jakarta.",CauseNet-cause.csv,,1,[],[],implicit,"[('quake', 'tsunami')]",No
"Presentation occurs as soon as the ductus arteriosus constricts, thereby decreasing systemic blood flow, producing shock, and, without intervention, causing death.",CauseNet-cause.csv,,1,[],[],implicit,"[('intervention', 'death')]",No
Aspirin helps reduce swelling and alleviate any nerve compression that may be causing the pain.,CauseNet-cause.csv,,1,[],[],implicit,"[('nerve_compression', 'pain')]",No
"The town was sealed off, due to the possibility of gas leaks causing an explosion.",CauseNet-cause.csv,,1,[],['due to'],implicit,"[('gas_leaks', 'explosion')]",No
"This limited the chance of the incendiary bombs causing forest fires, as that time of year produces the maximum North American Pacific coastal precipitation, and forests were generally snow-covered or too damp to catch fire easily.",CauseNet-cause.csv,,1,[],[],implicit,"[('incendiary_bombs', 'forest_fires')]",No
"So we were able to say, ""Okay, if these bacteria are causing trouble, let's eradicate them,"" and the patients felt better.",CauseNet-cause.csv,,1,[],[],implicit,"[('bacteria', 'trouble')]",No
"Clomiphene would be occasionally prescribed to men with low sperm counts, which are causing fertility problems.",CauseNet-cause.csv,,1,[],[],implicit,"[('low_sperm_counts', 'fertility_problems')]",No
A stool test is often necessary to identify the infection that is causing the condition.,CauseNet-cause.csv,,1,[],[],implicit,"[('infection', 'condition')]",No
"Weather & Natural Disasters: Destinations featured in this brochure may be affected by weather patterns such as tropical storms, monsoons, hurricanes, cyclones, typhoons, flooding and also seismic activity causing earthquakes and tidal waves.",CauseNet-cause.csv,,1,[],[],implicit,"[('seismic_activity', 'tidal_waves')]",No
How Korean appears to English speakers and how English appears to Korean speakers are different and sometimes led to funny mistakes and experiences causing misinterpretation or confusion.,CauseNet-cause.csv,,1,[],['led to'],implicit,"[('experiences', 'confusion')]",No
In 2005 Eli Lilly agreed to pay a settlement award expected to be around $1 billion in addition to a $700 million award over allegations that the company covered up information about Zyprexa causing diabetes.,CauseNet-cause.csv,,1,[],[],implicit,"[('zyprexa', 'diabetes')]",No
"Many humans + animals have to suffer from water damage, learn online how to reduce human impact on Earth's weather, how to protect your family from environmental disasters, how to fight air pollution causing floods, climate change] [drought is a part of changing climate.",CauseNet-cause.csv,,1,[],[],implicit,"[('air_pollution', 'floods')]",No
This has been shown in animal studies where it was discovered that this anticancer herbs inhibits mutations in cells that are exposed to mutation causing chemicals that can lead to cancer.,CauseNet-cause.csv,,1,[],['lead to'],implicit,"[('chemicals', 'cancer')]",No
We have been hearing a lot lately about drugs that are causing problems when people take them.,CauseNet-cause.csv,,1,[],[],implicit,"[('drugs', 'problems')]",No
A Disability Insurance policy pledges to pay you a percentage of your current income should you find it impossible to continue working due to some illness causing long-term disability.,CauseNet-cause.csv,,1,[],['due to'],implicit,"[('illness', 'long-term_disability')]",No
But today Apple has acknowledged that some bugs are causing some issues with the battery life.,CauseNet-cause.csv,,1,[],[],implicit,"[('bugs', 'issues')]",No
It's as real as smoking causing cancer.,CauseNet-cause.csv,,1,[],[],implicit,"[('smoking', 'cancer')]",No
"Recently, The Barber lab has also elucidated how the cell responds to infection by DNA pathogens such as cancer causing viruses, intracellular bacteria and perhaps certain parasites.",CauseNet-cause.csv,,1,[],[],implicit,"[('cancer', 'viruses')]",No
"As the power supply would heat up, solder joints inside it would fracture causing many problems, such as loss of deflection in the monitor or a complete loss of power.",CauseNet-cause.csv,,1,[],[],implicit,"[('fracture', 'problems')]",No
"Radioactive iodine is the most common radioactive material released from fission products, which attacks the thyroid gland causing Thyroid cancer.",CauseNet-cause.csv,,1,[],[],implicit,"[('thyroid_gland', 'thyroid_cancer')]",No
"Headache, neuralgic in character, causing sleeplessness and delirium at night; commencing at 4 p. m.; worse from 10 to 11 and ceasing at daylight (ceases at 11 or 12 p. m., Lyc.)",CauseNet-cause.csv,,1,[],[],implicit,"[('headache', 'sleeplessness')]",No
"Gastroesophageal reflux disease (""acid reflux"") is a common disease of the digestive system in which gastric acid, bile, and/or pancreatic juice flow into the distal esophagus, causing pain (mostly heartburn) and tissue damage.",CauseNet-cause.csv,,1,[],[],implicit,"[('gastric_acid', 'pain')]",No
"This decline is due to the economic recession causing many retailers to drop their prices to meet those of discount retailers, and causing consumers to switch over to non-discount retailers.",CauseNet-cause.csv,,1,[],['due to'],implicit,"[('economic_recession', 'decline')]",No
"There is speculation that global warming will lead to further melting of the glaciers, causing the sea level to rise.",CauseNet-cause.csv,,1,[],['lead to'],implicit,"[('global_warming', 'melting_of_the_glaciers')]",No
"[Our final experiment was to determine if cytoplasmic streaming in plant cells could operate like the mechanism based on electrical action potential, calcium ions, and ATP causing the actin and myosin of vertebrate muscle cells to slide past one another.",CauseNet-cause.csv,,1,[],[],implicit,"[('atp', 'actin')]",No
Prolotherapy is an innovative technique that relieves pain by directly impacting the underlying condition causing that pain.,CauseNet-cause.csv,,1,[],[],implicit,"[('underlying_condition', 'pain')]",No
"In other words, you should understand that since your stress is causing the symptom, you can alleviate this feeling of anxiousness by finding new ways to calm down.",CauseNet-cause.csv,,1,[],['since'],implicit,"[('stress', 'symptom')]",No
"White blood cells, mistaking the urate crystals for a foreign invader, flood into the joint and surround the crystals, causing inflammation--in other words, the redness, swelling, and pain that are the hallmarks of a gout attack.",CauseNet-cause.csv,,1,[],[],implicit,"[('white_blood_cells', 'inflammation')]",No
"Gradually though, the pain is increasing, but for the past two months I have had an average of 7-10 days in between bowel movements which is causing severe pain.",CauseNet-cause.csv,,1,[],[],implicit,"[('bowel_movements', 'severe_pain')]",No
Global warming is causing the melting of glaciers in the Himalayas.,CauseNet-cause.csv,,1,[],[],implicit,"[('global_warming', 'melting_of_glaciers_in_the_himalayas')]",No
"The study's authors conclude that such a replacement would be a simple and effective way to reduce excess intake of calories causing childhood overweight and obesity, as well as address dental cavities and other health problems associated with added sugar.",CauseNet-cause.csv,,1,[],[],implicit,"[('excess_intake_of_calories', 'obesity')]",No
"At the trial level, they were convicted of criminal negligence causing death to a person (the fetus).",CauseNet-cause.csv,,1,[],[],implicit,"[('criminal_negligence', 'death')]",No
"It is these toxic combustion products, such as carbon monoxide, ammonia, hydrogen cyanide, benzopyrene, and other cancer causing agents, which are the source of the major health risks associated with smoking.",CauseNet-cause.csv,,1,[],[],implicit,"[('smoking', 'major_health_risks')]",No
"""According to the Centers for Disease Control and Prevention, the virus causing avian flu is very similar in its DNA to the deadly strain that paralyzed America and the world in 1918.",CauseNet-cause.csv,,1,[],[],implicit,"[('virus', 'avian_flu')]",No
Exposure to nontarget animals can be reduced by applying rodenticides only to sections of orchards where pine voles are causing damage.,CauseNet-cause.csv,,1,[],[],implicit,"[('pine_voles', 'damage')]",No
ODOR RESISTANT to help reduce odor causing bacteria.,CauseNet-cause.csv,,1,[],[],implicit,"[('odor', 'bacteria')]",No
"Its bad enough that we have Jack Thompson running around trying to banned any potentially cool game that comes out, but now he gets to run his mouth again about how video game is causing violence.",CauseNet-cause.csv,,1,[],[],implicit,"[('video_game', 'violence')]",No
"While the possibility always exists that the virus may mutate and become more easily transmissible to humans, the possibility of this virus causing a human pandemic is currently low.",CauseNet-cause.csv,,1,[],[],implicit,"[('virus', 'human_pandemic')]",No
"By contrast, arboviral infections causing encephalitis are mosquito borne and tickborne.",CauseNet-cause.csv,,1,[],[],implicit,"[('arboviral_infections', 'encephalitis')]",No
It contains therapeutic additives to deal with some of the acne causing issues as well.,CauseNet-cause.csv,,1,[],[],implicit,"[('acne', 'issues')]",No
"They are good indicators of microbiological contamination and are used as a substitute by health authorities for disease causing organisms (such as hepatitis, dysentery, cholera, etc) that are likely to be present in sewage but are difficult to analyze for directly.",CauseNet-cause.csv,,1,[],[],implicit,"[('disease', 'organisms')]",No
"Moreover meat raised in this manner is highly susceptible to contamination by E.coli, campylobacter, salmonella, mycobacterium avian paratuberculosis (MAP) and other bacteria causing illness in the people who eat it.",CauseNet-cause.csv,,1,[],[],implicit,"[('contamination', 'illness')]",No
The benzoyl peroxide contained in it kills acne causing bacteria and effectively stops acne growth.,CauseNet-cause.csv,,1,[],[],implicit,"[('acne', 'bacteria')]",No
It may be that the epilepsy itself is causing the depression.,CauseNet-cause.csv,,1,[],[],implicit,"[('epilepsy', 'depression')]",No
Influenza-A (H1N1) (earlier know as swine flu) is a new influenza virus causing illness in people.,CauseNet-cause.csv,,1,[],[],implicit,"[('influenza_virus', 'illness')]",No
"Of pathogens causing emerging infectious diseases, 75% are zoonotic (able to transmit from animals to humans), with wildlife being an increasingly important source.",CauseNet-cause.csv,,1,[],[],implicit,"[('pathogens', 'emerging_infectious_diseases')]",No
"If the medicine man's treatment failed, it was assumed that the spirit causing the illness was too strong.",CauseNet-cause.csv,,1,['assumed'],[],implicit,"[('spirit', 'illness')]",No
Objectives:The Human Immuno Virus(HIV)impairs the immune system causing an increase in the prevalence and severity of both normal and opportunistic infections in the HIV seropositive children.,CauseNet-cause.csv,,1,[],[],implicit,"[('immune_system', 'increase')]",No
"Granted, the cough could be causing the headaches (as well as a few random contractions), and pregnancy could ALSO explain the rest, so who knows.",CauseNet-cause.csv,,1,[],[],implicit,"[('cough', 'headaches')]",No
"These are areas that get the most sun exposure, or exposure to cancer causing materials.",CauseNet-cause.csv,,1,[],[],implicit,"[('cancer', 'materials')]",No
"The reason being the anatomy of women as the urethra is shorter in women, hence, the bacteria causing these infections can travel faster and gain access to the bladder and create an infection.",CauseNet-cause.csv,,1,[],['hence'],implicit,"[('bacteria', 'infections')]",No
"This is a neurological disorder causing difficulties with information processing by the senses (touch, movement, smell, taste, sight, hearing), vestibular system and proprioceptive system.",CauseNet-cause.csv,,1,[],[],implicit,"[('neurological_disorder', 'difficulties')]",No
The CO2 as Greenhouse Gas is threatening climate change and causing Global Warming.,CauseNet-cause.csv,,1,[],[],implicit,"[('greenhouse_gas', 'global_warming')]",No
The Ombudsman found maladministration causing injustice.,CauseNet-cause.csv,,1,[],[],implicit,"[('maladministration', 'injustice')]",No
"Thus, a fall in blood pressure resulting from traumatic injury causing blood loss is sensed by pressure-sensitive parts of the arteries called baroreceptors.",CauseNet-cause.csv,,1,[],['Thus'],implicit,"[('traumatic_injury', 'blood_loss')]",No
"After pleading guilty to assault causing bodily harm earlier this year, Magan Muir agreed to an 18-month sentence for the crime.",CauseNet-cause.csv,,1,[],[],implicit,"[('assault', 'bodily_harm')]",No
"See: * Procaine HCI - aidsmap.com, 6/21/98 - ""Procaine HCl is an experimental, immune-modulating drug designed to reduce levels of the stress causing hormone called cortisol - Procaine HCI is an experimental, immune-modulating drug designed to reduce levels of the stress causing hormone called cortisol.",CauseNet-cause.csv,,1,[],[],implicit,"[('stress', 'hormone')]",No
When he turned 4 mos I tried cereal and fruit (bannanas and applesauce) The fruit was causing diarrhea and mucous.,CauseNet-cause.csv,,1,[],[],implicit,"[('fruit', 'diarrhea')]",No
"The delays are causing uncertainty and economic damage in Moray and, I am sure, likewise in Fife, Norfolk and elsewhere.",CauseNet-cause.csv,,1,[],[],implicit,"[('delays', 'uncertainty')]",No
Take your dog to the veterinarian to rule out any underlying medical condition that may be causing the aggression.,CauseNet-cause.csv,,1,[],[],implicit,"[('underlying_medical_condition', 'aggression')]",No
"Overdiagnosis may in turn lead to ""overtreatment"", that is, treatment of something that isn't really causing a problem and never will.",CauseNet-cause.csv,,1,[],['lead to'],implicit,"[('overdiagnosis', 'overtreatment')]",No
"Once you have addressed the inflammation that is causing your spots, use a day and night moisturiser that is rich in plant oils such as borage oil and anti-oxidant vitamin E. Also try using a hydrating mask (containing moisture-rich shea butter) weekly will help to combat dryness.",CauseNet-cause.csv,,1,[],[],implicit,"[('inflammation', 'spots')]",No
"Categories: Holistc Health - Tags: alternative medicine, alternative medicine therapy, arthritis, back pain, back pain relief, chronic back pain, chronic back pain sufferers, Complementary and Alternative Medicine, energy healing, energy medicine, Energy Psychology, holistic healing, Holistic Health Alternatives, holistic health daily, holistic health for back pain relief, pain, pain control, pain elimination, pain management, pain relief Chronic back pain may be an indication for surgery depending upon the response to conservative care, the condition causing the pain, and the results that are expected by the patient.",CauseNet-cause.csv,,1,[],[],implicit,"[('condition', 'pain')]",No
"Requires voter approval for a new tax, a tax rate increase, a levy increase above that for the prior year, an equalized assessed value ratio increase for a property class, the extension of an expiring tax, or a tax policy change directly causing a net tax revenue gain to any taxing district.",CauseNet-cause.csv,,1,[],[],implicit,"[('tax_policy_change', 'net_tax_revenue_gain')]",No
"Heart failure causing admission to hospital or death occurred in 61 people in the rosiglitazone group and 29 in the active control group (HR 2.10, 1.35-3.27, risk difference per 1000 person-years 2.6, 1.1-4.1).",CauseNet-cause.csv,,1,[],[],implicit,"[('heart_failure', 'admission_to_hospital')]",No
The APA thought enough of the problems it was seeing women experience from abortion in the 13 years after abortion was legalized nationwide to recognize it as a stressor causing PTSD.,CauseNet-cause.csv,,1,[],[],implicit,"[('stressor', 'ptsd')]",No
The bacteria that is causing your urinary tract infection has been exposed to every course of antibiotics you've ever taken.,CauseNet-cause.csv,,1,[],[],implicit,"[('bacteria', 'urinary_tract_infection')]",No
The wind was causing huge swells and choppy water.,CauseNet-cause.csv,,1,[],[],implicit,"[('wind', 'huge_swells')]",No
The United States news media associated AIDS with gay men beginning in 1982 despite the CDC at that time having regularly revealed that other populations also were contracting the infection causing AIDS.,CauseNet-cause.csv,,1,[],[],implicit,"[('infection', 'aids')]",No
These developments are causing grave concern around the world.,CauseNet-cause.csv,,1,[],[],implicit,"[('developments', 'grave_concern')]",No
Certain foods must stay cold or will become a breeding ground for illness causing bacteria.,CauseNet-cause.csv,,1,[],[],implicit,"[('illness', 'bacteria')]",No
Most cancer causing substances found in cigarettes are also found in marijuana.,CauseNet-cause.csv,,1,[],[],implicit,"[('cancer', 'substances')]",No
Cooking can produce carcinogens which causing cancer.,CauseNet-cause.csv,,1,[],[],implicit,"[('carcinogens', 'cancer')]",No
"True, drugs are physically destroying the addict, but the stress and anxiety of the habitual liar is causing physical damage as well.",CauseNet-cause.csv,,1,[],[],implicit,"[('stress', 'physical_damage')]",No
Mandates review of cancer causing pesticides.,CauseNet-cause.csv,,1,[],[],implicit,"[('cancer', 'pesticides')]",No
He or she may do a physical exam to determine if there are other medical conditions causing your weight gain and may have some recommendations for controlling your weight.,CauseNet-cause.csv,,1,[],[],implicit,"[('medical_conditions', 'weight_gain')]",No
"""We don't really know yet, but we certainly can document that these chemicals are definitely causing changes ... that are biologically important,"" she said.",CauseNet-cause.csv,,1,[],[],implicit,"[('chemicals', 'changes')]",No
Many conditions causing memory loss are reversible or treatable.,CauseNet-cause.csv,,1,[],[],implicit,"[('conditions', 'memory_loss')]",No
"He later worked with Gerhard Armauer Hansen, discovering the bacteria causing leprosy, and made Bergen a world centre of lepra research in the middle of the nineteenth century.",CauseNet-cause.csv,,1,[],[],implicit,"[('bacteria', 'leprosy')]",No
Everything from you and to allergy causing particles like pollen can make your mattress their home.,CauseNet-cause.csv,,1,[],[],implicit,"[('allergy', 'particles')]",No
Hence arthritis can be defined as the inflammation of joints causing immense pain and discomfort to the sufferer.,CauseNet-cause.csv,,1,[],['Hence'],implicit,"[('inflammation_of_joints', 'discomfort')]",No
Determining the bacteria causing meningitis is important in choosing the correct antibiotic treatment.,CauseNet-cause.csv,,1,[],[],implicit,"[('bacteria', 'meningitis')]",No
Careful diagnosis by a gynecologist or a urologist is necessary to rule out any disease that could be causing the symptoms.,CauseNet-cause.csv,,1,[],[],implicit,"[('disease', 'symptoms')]",No
"If the vaccines are causing such problems, and side effects, then they have a right now to use them.",CauseNet-cause.csv,,1,[],[],implicit,"[('vaccines', 'problems')]",No
"King believed that Lipitor was causing her pain, and immediately stopped taking the medication.",CauseNet-cause.csv,,1,['believed'],[],implicit,"[('lipitor', 'pain')]",No
"I put it on my dog and a few hours later I ended up in the emergency room with an allergic reaction causing anaphylactic shock from the so called ""safe"" ingredients.",CauseNet-cause.csv,,1,[],[],implicit,"[('allergic_reaction', 'anaphylactic_shock')]",No
"However, it is important to confirm the diagnosis and also to find out which bacterium (germ) is causing the infection.",CauseNet-cause.csv,,1,[],[],implicit,"[('bacterium', 'infection')]",No
The most pronounced symptom is itching which can open the skin to infection causing organisms.,CauseNet-cause.csv,,1,[],[],implicit,"[('infection', 'organisms')]",No
Counseling is also strongly recommended to deal with the symptoms and life issues that are causing the depression.,CauseNet-cause.csv,,1,[],[],implicit,"[('symptoms', 'depression')]",No
"What other people had to say about: Diuretics, Mortality, and Nonrecovery of Renal Function in Acute Renal Failure diuretic (frusemide) therapy causing harm By:dermot phelan Add Your Comment [ Back ] Any questions or comments please contact Gordon S. Doig Implemented and designed by John Soer and Gordon Doig Page last modified on Friday August 10, 2001 www.EvidenceBased.net THIS IS A SPACE MESSAGE.",CauseNet-cause.csv,,1,[],[],implicit,"[('therapy', 'harm')]",No
Josh and Jamie were causing problems for Kelso every time they had the ball.,CauseNet-cause.csv,,1,[],[],implicit,"[('josh', 'problems')]",No
Disease causing bacteria are often referred to as pathogens.,CauseNet-cause.csv,,1,[],[],implicit,"[('disease', 'bacteria')]",No
"Of major importance is the study of microorganisms causing food spoilage.1 ""Good"" bacteria, however, such as probiotics, are becoming increasingly important in food science.234 In addition, microorganisms are essential for the production of foods such as cheese, yogurt, other fermented foods, bread, beer and wine.",CauseNet-cause.csv,,1,[],[],implicit,"[('microorganisms', 'food_spoilage')]",No
Scientists are more certain about radon risk than risks from most other cancer causing substances.,CauseNet-cause.csv,,1,[],[],implicit,"[('cancer', 'substances')]",No
Hopefully you find out HYDROCODONE is causing HYDROCODONE and my usual anti inflammatory left.,CauseNet-cause.csv,,1,[],[],implicit,"[('hydrocodone', 'hydrocodone')]",No
The evidence points firmly to cancer causing HPV types that are found in over 99 per cent (virtually all) of cervical cancers.,CauseNet-cause.csv,,1,[],[],implicit,"[('cancer', 'hpv_types')]",No
"While there are still some scientists who downplay global warming and the role of burning fossil fuels, the overwhelming majority of climate scientists and peer-reviewed scientific research say human activity is causing climate change.",CauseNet-cause.csv,,1,[],[],implicit,"[('human_activity', 'climate_change')]",No
"The danger with aneurysm is that of rupture causing haemorrhage and death, and also the risk of stroke.",CauseNet-cause.csv,,1,[],[],implicit,"[('rupture', 'death')]",No
"And, even more on point, in this year's McCauley v. University of the Virgin Islands, the Third Circuit struck down (amongst other regulations) a policy that prohibited conduct causing ""emotional distress.""",CauseNet-cause.csv,,1,[],[],implicit,"[('conduct', 'emotional_distress')]",No
and for the comments about trucks causing accidents ....,CauseNet-cause.csv,,1,[],[],implicit,"[('trucks', 'accidents')]",No
"Cyprinid herpesvirus 3 (also CyHV-3, koi herpes virus or KHV) is a species of virus causing a viral disease that is very contagious to the common carp Cyrpinus carpio.",CauseNet-cause.csv,,1,[],[],implicit,"[('virus', 'viral_disease')]",No
"Although he knew he was innocent of causing any harm to his son, Dinesh accepted an extraordinarily lenient sentence -- 90 days in jail -- and pled guilty to criminal negligence causing death.",CauseNet-cause.csv,,1,[],[],implicit,"[('criminal_negligence', 'death')]",No
Originally charged with assault causing bodily injury after allegedly punching a cab driver for honking at him in early 2009.,CauseNet-cause.csv,,1,[],[],implicit,"[('assault', 'bodily_injury')]",No
Vehicles causing an obstruction or damage or left for an unreasonable length of time may be towed away and held at the company's pound in Truro.,CauseNet-cause.csv,,1,[],[],implicit,"[('vehicles', 'damage')]",No
"The Australian government has been seeking his extradition to stand trial for three counts of manslaughter, three of grievous bodily harm, two of negligent acts or omissions causing harm and eight fraud offences at Bundaberg Base Hospital in the Australian state of Queensland.",CauseNet-cause.csv,,1,[],[],implicit,"[('negligent_acts', 'harm')]",No
"Response to a toxic substance can be categorised according to the dose rate and according to the severity of damage (Miller, 1984): Acute toxicity causing mortality: * Chronically accumulating damage ultimately causing death.",CauseNet-cause.csv,,1,[],[],implicit,"[('damage', 'death')]",No
People in Les Autres classes often have cardiovascular issues associated with the condition causing their disability.,CauseNet-cause.csv,,1,[],[],implicit,"[('condition', 'disability')]",No
Also effective for eliminating odor causing bacteria.,CauseNet-cause.csv,,1,[],[],implicit,"[('odor', 'bacteria')]",No
"They both work extremely well for killing fungus, killing harmful bacteria which is causing sores or infections, and cleansing injured areas too.",CauseNet-cause.csv,,1,[],[],implicit,"[('harmful_bacteria', 'infections')]",No
"Western red cedar is well known for it's natural inherent beauty,moncler down jackets, extreme durability and superior weather resistance qualities, which make this timber resistant to fungi causing decay.",CauseNet-cause.csv,,1,[],[],implicit,"[('fungi', 'decay')]",No
"More CO2 leads to higher temperatures, causing more permafrost to thaw, which in return leads to further release of ancient organic matter.",CauseNet-cause.csv,,1,[],"['leads to', 'leads to']",implicit,"[('co2', 'higher_temperatures')]",No
"Almost every scientist agrees that our use of fossil fuels is causing global warming, though I suppose there is some disagreement still over what the impact of global warming will be.",CauseNet-cause.csv,,1,[],[],implicit,"[('use_of_fossil_fuels', 'global_warming')]",No
The 1902 Nobel Prize was awarded for the discovery of the parasite causing malaria and for understanding that the Anoheles mosquito was involved in causing malaria.,CauseNet-cause.csv,,1,[],[],implicit,"[('discovery_of_the_parasite', 'malaria')]",No
You may also be given a physical exam to check if some physical condition may be causing your symptoms.,CauseNet-cause.csv,,1,[],[],implicit,"[('physical_condition', 'symptoms')]",No
"However, there is a range of other conditions that are impacted by a reaction to gluten causing symptoms varying from gastrointestinal upset, diarrhea, bloating to twitches, cramps, fatigue, and skin reactions.",CauseNet-cause.csv,,1,[],[],implicit,"[('reaction', 'symptoms')]",No
"His expertise encompasses all areas of SF DUI law, from misdemeanor DUI and DUI causing injury to felony DUI and California gross vehicular manslaughter while intoxicated charges.",CauseNet-cause.csv,,1,[],[],implicit,"[('dui', 'injury')]",No
"Four themes emerged from our data: (1) incidence study categories are problematic for those working in organizations; (2) preventable events should be the focus for learning; (3) near misses are an important but complex category, differentiated based on harm potential and proximity to patients; (4) staff disagree on whether events causing severe harm or events with harm potential are most valuable for learning.",CauseNet-cause.csv,,1,[],[],implicit,"[('events', 'events')]",No
"In some serious cases, surgery will be used to remove any blockage that is causing the inflammation, to remove large accumulations of fluid, or to remove severely damaged tissue.",CauseNet-cause.csv,,1,[],[],implicit,"[('blockage', 'inflammation')]",No
"If you really believe that humans are causing climate change, and you really want to do something about, do something more than turning off your lights for one hour.",CauseNet-cause.csv,,1,['believe'],[],implicit,"[('humans', 'climate_change')]",No
You should go through a complete physical examination and testing to see if there are any other medical conditions that could be causing your problems.,CauseNet-cause.csv,,1,[],[],implicit,"[('medical_conditions', 'problems')]",No
"There is general consensus that global warming is causing sea levels to rise, the melting of icecaps, and significant worldwide climatic changes.",CauseNet-cause.csv,,1,[],[],implicit,"[('global_warming', 'sea_levels_to_rise')]",No
"Males understand crying to be a result of a stimulus causing pain, usually physical pain.",CauseNet-cause.csv,,1,[],[],implicit,"[('stimulus', 'pain')]",No
Many experts suspect that the drugs are somehow causing or bringing out diabetes and that some drugs may do so more than others.,CauseNet-cause.csv,,1,[],[],implicit,"[('drugs', 'diabetes')]",No
"One other problem is that mesothelioma is generally due to the breathing of material from asbestos fiber, which is a cancer causing material.",CauseNet-cause.csv,,1,[],['due to'],implicit,"[('breathing_of_material_from_asbestos_fiber', 'mesothelioma')]",No
"This was followed by an announcement on April 16 that scientists at Erasmus University in Rotterdam, the Netherlands have confirmed that the virus causing SARS is indeed the new coronavirus.",CauseNet-cause.csv,,1,[],[],implicit,"[('virus', 'sars')]",No
"Back to the post from Locklin: I think criminal negligence causing death could be applied to the case of a cyclist who deliberately acted in a way that showed ""wanton or reckless disregard for the lives or safety of others.""",CauseNet-cause.csv,,1,[],[],implicit,"[('criminal_negligence', 'death')]",No
"Threats - Global warming is causing sea levels to rise, threatening coastal population centers.",CauseNet-cause.csv,,1,[],[],implicit,"[('global_warming', 'sea_levels_to_rise')]",No
Ergot is causing some downgrading of durum and spring wheat.,CauseNet-cause.csv,,1,[],[],implicit,"[('ergot', 'downgrading_of_durum')]",No
"Politics has made that period, which covers the Industrial Revolution, of climatic interest as people wanted to prove that human production of CO2 was causing warming.",CauseNet-cause.csv,,1,[],[],implicit,"[('human_production_of_co2', 'warming')]",No
"The key is to find what muscles or muscle groups are asymmetrically tight or imbalanced, causing postural problems and strain leading to back pain.",CauseNet-cause.csv,,1,[],['leading to'],implicit,"[('postural_problems', 'back_pain')]",No
"However, we know from our own experience that an accident or medical negligence causing severe personal injury can be devastating for the victim and their family.",CauseNet-cause.csv,,1,[],[],implicit,"[('accident', 'severe_personal_injury')]",No
"At every opportunity, the press and the television make comments about the possibility of estrogen causing cancer.",CauseNet-cause.csv,,1,[],[],implicit,"[('estrogen', 'cancer')]",No
In an absurd and criminal accomplice of all the tragedy and evil that humanity is now causing self-destruction by corruption and unavoidable World economic bankruptcy of capitalism that always wants to destroy the existence of socialism in China and out of government in China the Party Communist.,CauseNet-cause.csv,,1,[],[],implicit,"[('humanity', 'self-destruction')]",No
disease includes ulcerative colitisA form of inflammatory bowel disease causing inflammation and ulceration of the colon.,CauseNet-cause.csv,,1,[],[],implicit,"[('inflammatory_bowel_disease', 'inflammation')]",No
"John H. Kreiser, aged 67 years, died at his home at 125 Guilford Street, Wednesday evening at 5:30 oclock, with general debility causing his death after an illness of four months.",CauseNet-cause.csv,,1,[],[],implicit,"[('general_debility', 'death')]",No
"When patients are unsatisfied with fusion of their hindfoot, physical examination and radiographic analysis should be used to determine the deformity causing their symptoms.",CauseNet-cause.csv,,1,[],[],implicit,"[('deformity', 'symptoms')]",No
"To start with, the acid which is absorbed through the skin will help battle the infection causing the acne.",CauseNet-cause.csv,,1,[],[],implicit,"[('infection', 'acne')]",No
There are well-documented cases of dams causing earthquakes when the weight of the water behind a dam fills a reservoir.,CauseNet-cause.csv,,1,[],[],implicit,"[('dams', 'earthquakes')]",No
"His current research focuses on: 1) the disease dynamics of drug sensitive and M(X)DR-TB, 2) the development of novel diagnostics which are applicable to the developing world, 3) discovery of the mechanisms whereby drug resistance develops, 4) speciation of mycobacteria causing disease in humans and animals, 5) application of novel methods to improve the speed of diagnosing smear positive disease, 5) host-pathogen compatibility, 6) identification of highly pathogenic strains of M. tuberculosis, 7) pathogen evolution and 8) mycobacterial epigenetics.",CauseNet-cause.csv,,1,[],[],implicit,"[('mycobacteria', 'disease')]",No
Microorganisms causing disease are called pathogens.,CauseNet-cause.csv,,1,[],[],implicit,"[('microorganisms', 'disease')]",No
By using colors they can still maintain conservative ways and actions that is causing so much pain.,CauseNet-cause.csv,,1,[],[],implicit,"[('actions', 'much_pain')]",No
A vaccine develop to protect against the cancer causing strains linked to HPV is available to females aged 9-19.,CauseNet-cause.csv,,1,[],[],implicit,"[('cancer', 'strains')]",No
"By trying to further silence genuine grievances through tougher legislation, the government is causing more problems.",CauseNet-cause.csv,,1,[],[],implicit,"[('government', 'more_problems')]",No
"Your doctor will also look for other medical conditions that may be causing your symptoms (eg, an overactive thyroid ).",CauseNet-cause.csv,,1,[],[],implicit,"[('medical_conditions', 'symptoms')]",No
Renewable energy for electricity production became a very worthwhile topic once it was discovered that the ozone layer was being depleted in the atmosphere and once it became evident that global warming was causing many problems as well.,CauseNet-cause.csv,,1,[],[],implicit,"[('global_warming', 'problems')]",No
"While an individual is in-taking antibiotics to deal with such diseases that are causing bacteria, the medication also kills the harmless bacteria.",CauseNet-cause.csv,,1,[],[],implicit,"[('diseases', 'bacteria')]",No
"This warming is causing an expansion of ocean water which, in combination with water from the melting of land-based ice, is causing sea-levels to rise.",CauseNet-cause.csv,,1,[],[],implicit,"[('warming', 'expansion_of_ocean_water')]",No
Antibiotics may also be prescribed by a physician to kill off any infectious agents that are causing the diarrhea.,CauseNet-cause.csv,,1,[],[],implicit,"[('infectious_agents', 'diarrhea')]",No
"It included breeding success of birds formerly eaten by rats, colonisation or re- colonisation of the island by burrow nesting bird species, recovery and growth of vegetation, particularly in areas where rats were causing destruction.",CauseNet-cause.csv,,1,[],[],implicit,"[('rats', 'destruction')]",No
"Unlike the case of a positive act causing physical harm, which is presumed to be unlawful, a negligent omission is unlawful only if it occurs in circumstances that the law regards as sufficient to give rise to a legal duty to avoid negligently causing harm.",CauseNet-cause.csv,,1,[],[],implicit,"[('positive_act', 'physical_harm')]",No
"he is sending me on to an ENT specialist and he put me on clariton,and protonix, maybe thinking it may be allergies or a sinus infection causing my problem.",CauseNet-cause.csv,,1,[],[],implicit,"[('sinus_infection', 'problem')]",No
The bacteria causing infection in humans is usually a strain called Actinomyces israelii.,CauseNet-cause.csv,,1,[],[],implicit,"[('bacteria', 'infection_in_humans')]",No
This can greatly reduce your out-of-pocket costs during difficult financial hardship while still assuring your family that financial protection remains in place upon the disability causing your death.,CauseNet-cause.csv,,1,[],[],implicit,"[('disability', 'death')]",No
The medicine is causing your vertigo.,CauseNet-cause.csv,,1,[],[],implicit,"[('medicine', 'vertigo')]",No
After this chemical crystallizes it irritates the actual joints causing infection and pain.,CauseNet-cause.csv,,1,[],[],implicit,"[('actual_joints', 'pain')]",No
"Some common celiac disease symptoms are occurrence of intestinal gas, persistence of diarrhea, recurrences of bloating of the abdomen, abdominal pain, chronic constipation, regular feeling of fatigue, experiencing pale fatty and smelly stool, severe aches in joints and bones, loss of blood health and hemoglobin causing anemia, rare but adverse scenes of seizures, tingling in the legs and numbness of fingers and toes, cramps in the muscles, oral ulcers and sores, itchy skin with hives and rashes, severe skin inflammation conditions called dermatitis herpetiformis, discoloration of the teeth and loss of dental enamel, and so on.",CauseNet-cause.csv,,1,[],[],implicit,"[('hemoglobin', 'anemia')]",No
"So the abomination causing desolation which prevents true worship ends the constant feature, and when the constant feature ends all further desolation is impossible.",CauseNet-cause.csv,,1,[],[],implicit,"[('abomination', 'desolation')]",No
"Around one in a thousand contracts encephalitis, which is an inflammation of the brain causing nausea and vomiting, seizures and even coma.",CauseNet-cause.csv,,1,[],[],implicit,"[('inflammation_of_the_brain', 'vomiting')]",No
An enlarged prostate may well be causing these symptoms which requirements to become examined by a physician.,CauseNet-cause.csv,,1,[],[],implicit,"[('enlarged_prostate', 'symptoms')]",No
Other additives may be causing problems for those who have gluten sensitivities as well as the general public.,CauseNet-cause.csv,,1,[],[],implicit,"[('additives', 'problems')]",No
An example of high growth causing inflation was the Lawson boom of the 1980s.,CauseNet-cause.csv,,1,[],[],implicit,"[('high_growth', 'inflation')]",No
"In the end the stock market bubble burst, causing very large declines, in particular in the technology sector.",CauseNet-cause.csv,,1,[],[],implicit,"[('stock_market_bubble_burst', 'large_declines')]",No
"If the animal struggles or vocalizes, this is an indication that the device is causing discomfort.",CauseNet-cause.csv,,1,[],[],implicit,"[('device', 'discomfort')]",No
"Lung cancer: The main cancer causing agents are uranium, asbestos, and tobacco smoke.",CauseNet-cause.csv,,1,[],[],implicit,"[('cancer', 'agents')]",No
"This would Lower Your Metabolism causing greater muscle loss and once the diet was broken the original fat returned, and you would have greater chance of gaining even more fat.",CauseNet-cause.csv,,1,[],[],implicit,"[('lower_your_metabolism', 'greater_muscle_loss')]",No
Nitrogen oxides (NOx) and sulphur oxides (SOx) are still causing problems of acidification of soil and water bodies.,CauseNet-cause.csv,,1,[],[],implicit,"[('nitrogen_oxides', 'problems')]",No
"The remainder of diagnosed patients usually believe that their stenosis is causing pain, since that is what they have been told.",CauseNet-cause.csv,,1,['believe'],['since'],implicit,"[('stenosis', 'pain')]",No
"Of course, in some cases other problems may be causing your headache, but dehydration is more common than you might realize.",CauseNet-cause.csv,,1,[],[],implicit,"[('problems', 'headache')]",No
"Best of all, serrapeptase performs all of these functions without causing any of the side effects associated with pain-relieving and anti-inflammatory drugs.",CauseNet-cause.csv,,1,[],[],implicit,"[('anti-inflammatory_drugs', 'side_effects')]",No
"He can fly create a cloud as perhaps the ""first line of defense"" against disease causing germs that white ball which through the nose.",CauseNet-cause.csv,,1,[],[],implicit,"[('disease', 'germs')]",No
From what doctors can now piece together it appears that he suffered a heart attack causing paralysis and while was conscious was completely unable to control his bike.,CauseNet-cause.csv,,1,[],[],implicit,"[('heart_attack', 'paralysis')]",No
"In a time when earthquakes are causing such devastation and people are going without jobs and homes and liberties, these sorts of messages are crucial in raising a new generation of leaders.",CauseNet-cause.csv,,1,[],[],implicit,"[('earthquakes', 'devastation')]",No
"Unlike many other modalities, Feldenkrais emphasizes neuromuscular functioning, using movement to 'rewire' the nervous system and help individuals bring greater awareness to habitual patterns that may be causing pain or strain, and to parts of the body that are underutilized.",CauseNet-cause.csv,,1,[],[],implicit,"[('habitual_patterns', 'pain')]",No
The main aim in relieving pleurisy is to treat the underlying condition that is causing your symptoms.,CauseNet-cause.csv,,1,[],[],implicit,"[('underlying_condition', 'symptoms')]",No
"The attorneys at The Hastings Law Firm have established themselves as leaders in personal injury law in Indiana, and have helped many injury victims with positive verdicts in fire and explosion suits, auto/truck accidents, day care incidents, long term or convalescent care negligence and many other accidents causing injury.",CauseNet-cause.csv,,1,[],[],implicit,"[('accidents', 'injury')]",No
Let doctor examine bacteria causing my back pain as soon as it occurs; don't exacerbate it by waiting too long.,CauseNet-cause.csv,,1,[],[],implicit,"[('bacteria', 'back_pain')]",No
"Here, a philosopher of science explains that the plane crashes causing fires causing steel to melt and floors to collapse violates laws of physics and engineering and cannot possibly be correct.",CauseNet-cause.csv,,1,[],[],implicit,"[('plane_crashes', 'fires')]",No
"Two of the five specimens captured in 2009 tested positive for the fungus Batrachochytrium dendrobatidis, the pathogen causing chytridiomycosis.",CauseNet-cause.csv,,1,[],[],implicit,"[('pathogen', 'chytridiomycosis')]",No
"Specifically, a 2004 study at Queens Hospital found that 47 percent of the ties worn by medical staff at the hospital harbored illness causing bacteria.",CauseNet-cause.csv,,1,[],[],implicit,"[('illness', 'bacteria')]",No
"With life expectancy increasing evermore and the recession causing high rates of unemployment, older workers need to continue working for longer but are finding it the hardest to get back into jobs after redundancy.",CauseNet-cause.csv,,1,[],[],implicit,"[('recession', 'high_rates_of_unemployment')]",No
"Conditions causing the disease include over-watering, poor drainage, and high soil acidity.",CauseNet-cause.csv,,1,[],[],implicit,"[('conditions', 'disease')]",No
* Fix bug causing crashes when opening documents * Fix GUI version defined in header files Last-update: 2006-09-13 [RG] * Switch to openDocumentsToContentsOfURL:display:error * R.app now recognizes a .,CauseNet-cause.csv,,1,[],[],implicit,"[('bug', 'crashes')]",No
"The study of attitudes to climate change among farmers, commissioned by the Agriculture Department, found only 27 per cent of those surveyed believed human activity was causing climate change, compared with 58 per cent of urban dwellers.",CauseNet-cause.csv,,1,['believed'],[],implicit,"[('human_activity', 'climate_change')]",No
"Since our emissions of greenhouse gases, especially carbon dioxide, are causing global warming, the solution is self-evident: cut our emissions, as quickly as we can reasonably do so.",CauseNet-cause.csv,,1,[],['Since'],implicit,"[('emissions_of_greenhouse_gases', 'global_warming')]",No
"Distribution of serotype coverage also differs among Alaska Natives and American Indians in the United States; the proportion of vaccine serotypes causing invasive pneumococcal disease among children aged <5 years is less among Alaska Natives and American Indians than among non-Alaska Natives/non-American Indians (30,31).",CauseNet-cause.csv,,1,[],[],implicit,"[('vaccine_serotypes', 'invasive_pneumococcal_disease')]",No
"Micheal: ""CO2 is causing climate change ... touting it as a fact, as it is most emphatically not.""",CauseNet-cause.csv,,1,[],[],implicit,"[('co2', 'climate_change')]",No
"Regarding the ferritin, the chances are that your low level is causing all your problems.",CauseNet-cause.csv,,1,[],[],implicit,"[('low_level', 'problems')]",No
"These observations indicate that the Universe is permeated by a mysterious ""dark energy"" causing the expansion of the Universe to accelerate.",CauseNet-cause.csv,,1,[],[],implicit,"[('mysterious_``_dark_energy', 'expansion_of_the_universe_to_accelerate')]",No
Some people claim that refined sugar is causing health problems.,CauseNet-cause.csv,,1,['claim'],[],implicit,"[('refined_sugar', 'health_problems')]",No
"It combines certified organic homeopathic medicine, which activates immune parameters to fight herpes simplex causing cold sores and soothing botanicals to promote healthy skin.",CauseNet-cause.csv,,1,[],[],implicit,"[('herpes_simplex', 'cold_sores')]",No
"In the early nineties, some scientists were saying that carbon dioxide (CO2 ) emissions were causing global warming.",CauseNet-cause.csv,,1,[],[],implicit,"[('emissions', 'global_warming')]",No
The situation is complicated by the fact that a number of the organisms associated with diarrhoea may sometimes exist in the bowel without causing loose stools or disease.,CauseNet-cause.csv,,1,[],[],implicit,"[('diarrhoea', 'organisms')]",No
This test provides important information about which nerve is causing pain by temporarily numbing the nerve root of concern.,CauseNet-cause.csv,,1,[],[],implicit,"[('nerve', 'pain')]",No
"Organisations and private individuals should have the right to move the creatures without facing possible prosecution for doing so, if the animals are causing any problems or disruption.",CauseNet-cause.csv,,1,[],[],implicit,"[('animals', 'problems')]",No
"In 1954, the virus causing the disease was isolated from an 11-year old boy from the United States, David Edmonston, and adapted and propagated on chick embryo tissue culture.",CauseNet-cause.csv,,1,[],[],implicit,"[('virus', 'disease')]",No
"If efavirenz is causing insomnia, talk to your doctor or nurse about taking it in the morning instead of at bedtime.",CauseNet-cause.csv,,1,[],[],implicit,"[('efavirenz', 'insomnia')]",No
"As saprophytes or disease causing microorganisms, fungi acquire nutrients from dead organic material or living host organisms.",CauseNet-cause.csv,,1,[],[],implicit,"[('disease', 'microorganisms')]",No
"However, you can seek prompt treatment of a strep infection causing a sore throat or impetigo.",CauseNet-cause.csv,,1,[],[],implicit,"[('strep_infection', 'sore_throat')]",No
"Death stroke , a stroke causing death.",CauseNet-cause.csv,,1,[],[],implicit,"[('stroke', 'death')]",No
"After a cancerous nodule is surgically removed, you may need radioactive iodine to destroy any thyroid tissue or cancer cells that are still causing problems.",CauseNet-cause.csv,,1,[],[],implicit,"[('cancer_cells', 'problems')]",No
This is particularly important to Koi and Pond Fish who live in artificial environments where they are subjected to many stress causing conditions which have shown to be detrimental to their health and longevity.,CauseNet-cause.csv,,1,[],[],implicit,"[('stress', 'conditions')]",No
"Meanwhile, there is widespread concern that the virus causing bird flu might start to spread easily from person to person, prompting a human influenza pandemic.",CauseNet-cause.csv,,1,[],[],implicit,"[('virus', 'bird_flu')]",No
"Heavy rain led to flooding in parts of Picton and Blenheim before it drenched North Canterbury, causing slips, closing State Highway 1 in several places and flooding beach settlements.",CauseNet-cause.csv,,1,[],['led to'],implicit,"[('heavy_rain', 'flooding')]",No
"Your doctor will ask about your symptoms, injuries or illnesses, any previous treatment, and habits and activities that may be causing your neck pain.",CauseNet-cause.csv,,1,[],[],implicit,"[('activities', 'neck_pain')]",No
"Egyptian figurism had the fire causing the water to boil, with the soul subjected to the danger of being scalded thereby.",CauseNet-cause.csv,,1,[],[],implicit,"[('fire', 'water_to_boil')]",No
It destroys bacteria causing acne.,CauseNet-cause.csv,,1,[],[],implicit,"[('destroys_bacteria', 'acne')]",No
Those Sinhalese policemen who tried to protect Tamils were attacked by the mobs; a few had severe head injuries causing their deaths.,CauseNet-cause.csv,,1,[],[],implicit,"[('severe_head_injuries', 'deaths')]",No
"And could CERN LHC experiments also be causing more earthquakes, volcanoes, and the North Magnetic Pole to move, either by creating Black Holes or Strangelets or Wormholes in Space-Time.",CauseNet-cause.csv,,1,[],[],implicit,"[('cern_lhc_experiments', 'volcanoes')]",No
During our Physical Therapy program the problems that are causing your symptoms will be evaluated and treated.,CauseNet-cause.csv,,1,[],[],implicit,"[('problems', 'symptoms')]",No
"Weather & Natural Disasters: Some of the destinations featured in our portfolio may be affected by weather patterns such as tropical storms, monsoons, hurricanes, tornadoes, cyclones, typhoons, flooding and also seismic activity causing earthquakes and tidal waves.",CauseNet-cause.csv,,1,[],[],implicit,"[('seismic_activity', 'tidal_waves')]",No
Often we feel that external events are causing us stress and that we have little control over these events.,CauseNet-cause.csv,,1,[],[],implicit,"[('external_events', 'stress')]",No
He thought it was just fibromyalgia causing all the problems and sent me to a rheumatologist.,CauseNet-cause.csv,,1,[],[],implicit,"[('fibromyalgia', 'problems')]",No
"Yet in 1968 a health inspector found seventy-five violations in a federally inspected New York kosher sausage plant, reporting: Three years later consumer reports, in its August, 1971, article on hamburger, examined 250 one pound samples for wholesomeness, measuring the count of coliform bacteria, which usually indicates fecal contamination and the presence of disease causing organisms.",CauseNet-cause.csv,,1,[],[],implicit,"[('disease', 'organisms')]",No
Some driving offences causing bodily harm are punishable by up to 10 years imprisonment and others by up to 14 years.,CauseNet-cause.csv,,1,[],[],implicit,"[('driving_offences', 'bodily_harm')]",No
"In the poultry industry, workers often are obliged to work in extremely cold temperatures causing colds, flu, frostbite, and respiratory disorders stemming from persistent exposure to low temperatures.",CauseNet-cause.csv,,1,[],[],implicit,"[('extremely_cold_temperatures', 'frostbite')]",No
"Nonetheless, it is prudent to avoid prolonged contact of blood with syringes containing ionic contrast media.Serious, rarely fatal, thromboembolic events causing myocardial infarction and stroke have been reported during angiographic procedures with both ionic and nonionic contrast media.",CauseNet-cause.csv,,1,[],[],implicit,"[('thromboembolic_events', 'stroke')]",No
"People who have phobias feel an excessive desire to stay away from the person, object, activity, or situation causing their fear.",CauseNet-cause.csv,,1,[],[],implicit,"[('situation', 'fear')]",No
"Now that I was convinced that aspartame was causing my illness, I got angry.",CauseNet-cause.csv,,1,[],[],implicit,"[('aspartame', 'illness')]",No
"Atypical bacteria causing pneumonia are Coxiella burnetii, Chlamydophila pneumoniae (), Mycoplasma pneumoniae (), and Legionella pneumophila.",CauseNet-cause.csv,,1,[],[],implicit,"[('atypical_bacteria', 'pneumonia')]",No
Too many storms are causing too many shipwrecks--possibly disrupting trade in a trade-dependent nation.,CauseNet-cause.csv,,1,[],[],implicit,"[('storms', 'shipwrecks')]",No
"Once this brief period of inflation ended, the energy causing the inflation was transformed into a dense gas of expanding hot radiation that has never stopped expanding.",CauseNet-cause.csv,,1,[],[],implicit,"[('energy', 'inflation')]",No
"Identification of women who have low folic acid and/or a metabolically increased need for folic acid: Having a low blood level of folic acid increases the risk of becoming infected with the cervical cancer causing HPV virus, and an abnormal Pap smear progressing on to cancer.",CauseNet-cause.csv,,1,[],[],implicit,"[('cervical_cancer', 'hpv_virus')]",No
"Saying that it is ""scientific consensus"" that mankind is causing global warming means little when more than 17,100 American scientists disagree.",CauseNet-cause.csv,,1,[],[],implicit,"[('mankind', 'global_warming')]",No
We keep thinking that the devil is causing all our problems.,CauseNet-cause.csv,,1,[],[],implicit,"[('devil', 'problems')]",No
"Consult with your veterinarian before using this product in animals with clotting disorders, being treated with anti-coagulant medications, with diabetes or any metabolic disorder causing hyperglycemia, history of urinary tract stones, or known allergies to shellfish.",CauseNet-cause.csv,,1,[],[],implicit,"[('metabolic_disorder', 'hyperglycemia')]",No
I thought I would add a little comment about mercury causing autism.,CauseNet-cause.csv,,1,[],[],implicit,"[('mercury', 'autism')]",No
"SURREY PROVINCIAL COURT JUDGE Ellen Gordon has reserved her decision on whether Ravinder Singh Binning, 28, who is charged with two counts of dangerous driving causing death, dangerous driving causing bodily harm and failing to remain at the scene of an accident causing bodily harm in a crash that killed Dilbagh, 61, and Bakhshish Badh, 60, on July 12, 2008, will get bail.",CauseNet-cause.csv,,1,[],[],implicit,"[('accident', 'bodily_harm')]",No
It works by delivering steroids directly to the painful area to help decrease the inflammation that may be causing the pain.,CauseNet-cause.csv,,1,[],[],implicit,"[('inflammation', 'pain')]",No
"In a final 10 years, there have been numerous accounts with toxic molds causing serious and sometimes fatal outcomes for babies and susceptible individuals.",CauseNet-cause.csv,,1,[],[],implicit,"[('toxic_molds', 'fatal_outcomes')]",No
The dehydration was apparently causing cramps.,CauseNet-cause.csv,,1,[],[],implicit,"[('dehydration', 'cramps')]",No
That X might be causing problems in the process where the router normally 'leases' a time-limited server address from our ISP.,CauseNet-cause.csv,,1,[],[],implicit,"[('x', 'problems')]",No
"The most recent attack causing damage was on 15 September 2017, when a man detonated a homemade bomb on a District line train at Parsons Green station.",CauseNet-cause.csv,,1,[],[],implicit,"[('attack', 'damage')]",No
"Symptoms are due to the pressure of the tumor on the stomach and the abdomen, causing abdominal pain, swelling, loss of hunger, vomiting, breathing problems, anemia and a number of other signs.",CauseNet-cause.csv,,1,[],['due to'],implicit,"[('pressure_of_the_tumor_on_the_stomach', 'symptoms')]",No
"Destinations featured in this brochure may be affected by weather patterns such as tropical storms, monsoons, hurricanes, cyclones, typhoons, flooding and also seismic activity causing earthquakes and tidal waves.",CauseNet-cause.csv,,1,[],[],implicit,"[('seismic_activity', 'tidal_waves')]",No
Research by earth and atmospheric sciences assistant professor Matthew Huber and graduate student Ryan Sriver supports the idea that global warming is causing stronger hurricanes.,CauseNet-cause.csv,,1,[],[],implicit,"[('global_warming', 'stronger_hurricanes')]",No
One of his first tasks was to assist in a court case that was causing problems at Branksome.,CauseNet-cause.csv,,1,[],[],implicit,"[('court_case', 'problems')]",No
"Research on obesity has statistically proved that adult obesity people are getting cardio vascular diseases, hypertension, diabetes and stroke that are death causing diseases.",CauseNet-cause.csv,,1,[],[],implicit,"[('death', 'diseases')]",No
"The focus of the Products Liability Practice Group are cases of unsafe products causing injury, whether in the workplace, at home, or during recreation.",CauseNet-cause.csv,,1,[],[],implicit,"[('unsafe_products', 'injury')]",No
"""Every week, if we turn on the TV there are reports of fires causing damage.",CauseNet-cause.csv,,1,[],[],implicit,"[('fires', 'damage')]",No
"If you have other birds, place your new bird in an isolated room since many birds harbor contagious, disease causing organisms.",CauseNet-cause.csv,,1,[],['since'],implicit,"[('disease', 'organisms')]",No
"mutation causing amino acid substitution; sequence variant causing amino acid substitution SO:1000094 sequence_variant_causing_conservative_amino_acid_substitution mutation causing conservative amino acid substitution; sequence variant causing conservative amino acid substitution SO:1000095 sequence_variant_causing_nonconservative_amino_acid_substitution mutation causing nonconservative amino acid substitution; sequence variant causing nonconservative amino acid substitution SO:1000096 sequence_variant_causing_amino_acid_insertion The insertion of one or more amino acids from the polypeptide, without affecting the surrounding sequence.",CauseNet-cause.csv,,1,[],[],implicit,"[('mutation', 'amino_acid_substitution')]",No
"Those infecting humans include polio, influenza, herpes, smallpox, chickenpox, and human immunodeficiency virus (HIV) causing AIDS.",CauseNet-cause.csv,,1,[],[],implicit,"[('human_immunodeficiency_virus', 'aids')]",No
"When fecal contamination occurs, there is potential for disease causing germs to be present.",CauseNet-cause.csv,,1,[],[],implicit,"[('disease', 'germs')]",No
Obesity and obesity-related conditions are causing healthcare costs to soar and costs reach approximately 100 billion dollars each year.,CauseNet-cause.csv,,1,[],[],implicit,"[('obesity', 'healthcare_costs')]",No
The fungus causing chytridiomycosis is present in the Ethiopian highlands and has been found to occur in this species.,CauseNet-cause.csv,,1,[],[],implicit,"[('fungus', 'chytridiomycosis')]",No
"Psychologists are the best choice for a dog bite victim, specializing in intimate therapy sessions that weed out the mental blockages causing the pain and suffering.",CauseNet-cause.csv,,1,[],[],implicit,"[('mental_blockages', 'pain')]",No
"I have a letter from the Honourable Irwin Cotler, the Minister of Justice and Attorney General of Canada, stating that the Criminal Code of Canada already includes a law whereby charges can be laid against the owners of dogs that attack for criminal negligence causing bodily harm, a serious offence that carriers a penalty of 10 years in prison, and for fatal attacks, where the dog kills a person, criminal negligence causing death, with a potential penalty of life in prison.",CauseNet-cause.csv,,1,[],[],implicit,"[('criminal_negligence', 'death')]",No
"This negativity is still currently causing me some stress, I do need to let it go.",CauseNet-cause.csv,,1,[],[],implicit,"[('negativity', 'stress')]",No
Runoff is causing flash flooding in several locations.,CauseNet-cause.csv,,1,[],[],implicit,"[('runoff', 'flash_flooding')]",No
"The council assisted them with the name of a bank that had a low loan rate so the family could purchase hardwood flooring and leather furniture to rid their house of carpets and cloth furniture, which contained dust mites and asthma causing toxins.",CauseNet-cause.csv,,1,[],[],implicit,"[('asthma', 'toxins')]",No
"If left untreated, priapism can lead to permanent damage to the penis, perhaps causing erectile dysfunction.",CauseNet-cause.csv,,1,[],['lead to'],implicit,"[('priapism', 'permanent_damage_to_the_penis')]",No
52 year old William Louis Noble Pollack of Marysville was arrested for felony DUI causing injury.,CauseNet-cause.csv,,1,[],[],implicit,"[('felony_dui', 'injury')]",No
"Majority of these microorganisms or pathogens are infectious, such as bacteria or viruses causing diseases.",CauseNet-cause.csv,,1,[],[],implicit,"[('bacteria', 'diseases')]",No
"If medications may be causing RLS, the physician should try to prescribe alternatives, if possible.",CauseNet-cause.csv,,1,[],[],implicit,"[('medications', 'rls')]",No
The first step is always to reduce or eliminate the pressure that is causing bedsores.,CauseNet-cause.csv,,1,[],[],implicit,"[('pressure', 'bedsores')]",No
"Although serious complications are infrequent, infections or excessive fluid loss can lead to severe illness and even death.",CauseNet-noncause.csv,,1,[],['lead to'],implicit,"[('infections', 'severe_illness')]",No
The open wound when left uncovered might get contaminated with bacteria and leads to infection.,CauseNet-noncause.csv,,1,[],['leads to'],implicit,"[('open_wound', 'infection')]",No
"This increase was primarily due to significantly higher commissions and fees, reflecting higher transaction volumes.",CauseNet-noncause.csv,,1,[],['due to'],implicit,"[('fees', 'increase')]",No
"A documentary (or ""docu-fantasia"" as Maddin proclaims) that inventively blends local and personal history with surrealist images and metaphorical myths, the film covers everything from the fire at the local park which lead to a frozen lake of distressed horse heads to pivotal and factually heightened scenes from Maddin's own childhood, all laced with a startling emotional honesty.",CauseNet-noncause.csv,,1,[],['lead to'],implicit,"[('fire_at_the_local_park', ""frozen_lake_of_distressed_horse_heads_to_pivotal_and_factually_heightened_scenes_from_maddin_'s_own_childhood"")]",No
"Although it is still unclear just how aware the drunk driver was of his actions, it has been made perfectly clear again and again that drunk driving often leads to severe injuries and death.",CauseNet-noncause.csv,,1,[],['leads to'],implicit,"[('drunk_driving', 'death')]",No
"About 6 million young people in the U.S. have the chronic condition that can lead to liver scarring, inflammation and failure.",CauseNet-noncause.csv,,1,[],['lead to'],implicit,"[('chronic_condition', 'inflammation')]",No
"If left untreated, this condition can lead to pain, ulceration, or scars on the cornea, and partial loss of vision.",CauseNet-noncause.csv,,1,[],['lead to'],implicit,"[('condition', 'pain')]",No
An improper diet can rapidly lead to hypoglycemia.,CauseNet-noncause.csv,,1,[],['lead to'],implicit,"[('improper_diet', 'hypoglycemia')]",No
"The law states that, in order to participate, a patient must be: 1) 18 years of age or older, 2) a resident of Oregon,  3) capable of making and communicating health care decisions for him/herself, and 4) diagnosed with a terminal illness that will lead to death within six months.",CauseNet-noncause.csv,,1,[],['lead to'],implicit,"[('terminal_illness', 'death')]",No
"The first method: formatting may lead to data loss, and nobody is willing to see this result.",CauseNet-noncause.csv,,1,[],['lead to'],implicit,"[('formatting', 'data_loss')]",No
"Again, the strong desire for change led to a very real commitment to action.",CauseNet-noncause.csv,,1,[],['led to'],implicit,"[('strong_desire_for_change', 'very_real_commitment_to_action')]",No
"If there are any violations of any one of the above statutes during the course of a computer forensic examination, the violation could lead to a fine or imprisonment.",CauseNet-noncause.csv,,1,[],['lead to'],implicit,"[('violation', 'fine_or_imprisonment')]",No
"Or, alternatively, damages may be based on the financial losses suffered by the brand owner due to the infringement.",CauseNet-noncause.csv,,1,[],['due to'],implicit,"[('infringement', 'financial_losses')]",No
Small steps lead to big gains.,CauseNet-noncause.csv,,1,[],['lead to'],implicit,"[('small_steps', 'big_gains')]",No
"In The Social Outcast, a 2005 study of bullying, the authors agree that bullying can lead to depression, anxiety, low self esteem and susceptibility to illness.",CauseNet-noncause.csv,,1,[],['lead to'],implicit,"[('bullying', 'low_self_esteem')]",No
Eventually fibroids may also lead to infertility.,CauseNet-noncause.csv,,1,[],['lead to'],implicit,"[('fibroids', 'infertility')]",No
s ability to deal with the stressors that lead to a full asthmatic reaction through support of adrenal and possibly pituitary gland function.,CauseNet-noncause.csv,,1,[],['lead to'],implicit,"[('stressors', 'full_asthmatic_reaction')]",No
"For example, they note, sea level rise will lead to increased coastal flooding and erosion, damaging infrastructure and property.",CauseNet-noncause.csv,,1,[],['lead to'],implicit,"[('sea_level_rise', 'erosion')]",No
"According to the study, based on data from AHRQ's 2001 Healthcare Cost and Utilization Project, reducing hospital admissions for diabetes-related complications, such as heart disease, stroke, kidney failure, blindness and circulation problems that can lead to amputations, could save Medicare $1.3 billion per year and Medicaid $386 million per year (AHRQ release, 3/1).",CauseNet-noncause.csv,,1,[],['lead to'],implicit,"[('heart_disease', 'amputations')]",No
"The condition can lead to kidney failure, premature death, heart attacks, strokes, bone disease, and growth and developmental problems in children.",CauseNet-noncause.csv,,1,[],['lead to'],implicit,"[('condition', 'developmental_problems')]",No
"Monsoon failure can lead to drought, famine, and shortages of water.",CauseNet-noncause.csv,,1,[],['lead to'],implicit,"[('monsoon_failure', 'drought')]",No
"In the United States, this birth defect has an incidence of between 1 case per 1,000 and 1 case per 300 live births and can lead to serious physical deformities and mental retardation.",CauseNet-noncause.csv,,1,[],['lead to'],implicit,"[('birth_defect', 'mental_retardation')]",No
"Another hazard is the sudden onset of cardiac arrhythmia, sometimes complicated by sudden death due to ventricular arrhythmia.",CauseNet-noncause.csv,,1,[],['due to'],implicit,"[('ventricular_arrhythmia', 'sudden_death')]",No
"Adverse reactions leading to discontinuation reported by at least 2 patients treated with tadalafil included headache, upper abdominal pain, and myalgia.",CauseNet-noncause.csv,,1,[],['leading to'],implicit,"[('adverse_reactions', 'discontinuation')]",No
"Other thing is that mesothelioma cancer is generally due to the breathing of fibers from asbestos, which is a extremely dangerous material.",CauseNet-noncause.csv,,1,[],['due to'],implicit,"[('breathing_of_fibers_from_asbestos', 'mesothelioma_cancer')]",No
No complications occurred due to general anesthesia or surgical procedure.,CauseNet-noncause.csv,,1,[],['due to'],implicit,"[('general_anesthesia', 'complications')]",No
All damage incurred was due to poor packing.,CauseNet-noncause.csv,,1,[],['due to'],implicit,"[('poor_packing', 'damage')]",No
"Since then, three more companies have entered the field, and the resulting competition has led to lower prices.",CauseNet-noncause.csv,,1,[],"['Since', 'led to']",implicit,"[('competition', 'lower_prices')]",No
There are also a series of hormonal and psychological factors that create conditions that lead to obesity and weight gain.,CauseNet-noncause.csv,,1,[],['lead to'],implicit,"[('conditions', 'weight_gain')]",No
A peptide found in schizophrenia and autism leads to behavioral changes in rats.,CauseNet-noncause.csv,,1,[],['leads to'],implicit,"[('peptide', 'behavioral_changes_in_rats')]",No
"It suggests that exercise can lead to changes in gene expression, the process where the body produces proteins based on the genetic code within our DNA.",CauseNet-noncause.csv,,1,[],['lead to'],implicit,"[('exercise', 'changes_in_gene_expression')]",No
"George Washington stated in his 1796 Farewell Address that ""Of all the dispositions and habits which lead to political prosperity, religion and morality are indispensable supports.""",CauseNet-noncause.csv,,1,[],['lead to'],implicit,"[('dispositions_and_habits', 'morality_are_indispensable_supports')]",No
"Only mere six years later, Mark Zuckerberg becomes the youngest billionaire in history, but for this entrepreneur, success leads to both personal and legal complications.",CauseNet-noncause.csv,,1,[],['leads to'],implicit,"[('success', 'personal_and_legal_complications')]",No
"A conviction could lead to a jail sentence, fines and court fees, surcharges, and mandatory enrollment in a drunk driving course and/or a substance abuse treatment program.",CauseNet-noncause.csv,,1,[],['lead to'],implicit,"[('conviction', 'jail_sentence')]",No
"And we know that obesity leads to cardiovascular disease, hypertension, and diabetes, as well as a number of other serious health conditions which can have drastic implications.",CauseNet-noncause.csv,,1,[],['leads to'],implicit,"[('obesity', 'cardiovascular_disease')]",No
"A primarily healthy crop was brought in, before the damp weather could lead to rot.",CauseNet-noncause.csv,,1,[],['lead to'],implicit,"[('damp_weather', 'rot')]",No
Katrina was a disaster due to poor planning.,CauseNet-noncause.csv,,1,[],['due to'],implicit,"[('poor_planning', 'disaster')]",No
"As we have seen in history and in our own times, democracy without moral and ethical values leads to decay and oppression.",CauseNet-noncause.csv,,1,[],['leads to'],implicit,"[('democracy', 'oppression')]",No
"This can lead to stress which down the road, can lead to unwanted physical ailments and dis-ease.",CauseNet-noncause.csv,,1,[],"['lead to', 'lead to']",implicit,"[('stress', 'dis-ease')]",No
"Molecular mimicry may indeed allow a natural infection to trigger an autoimmune disease, as when Lyme disease leads to chronic arthritis.",CauseNet-noncause.csv,,1,[],['leads to'],implicit,"[('lyme_disease', 'chronic_arthritis')]",No
A new COLARIS AP test is used to find mutations that may lead to an increase in the risk for adenomatus polyposis (pre-cancerous colon polyps).,CauseNet-noncause.csv,,1,[],['lead to'],implicit,"[('mutations', 'increase')]",No
"Failure, with its association of shame and guilt, often leads to concealment and denial.",CauseNet-noncause.csv,,1,[],['leads to'],implicit,"[('failure', 'denial')]",No
"If you could attribute your female hair thinning to the following factors, there may be a different hair restoration option you could try, and hair transplant surgery can be ineffective on women whose hair loss is due to physical or emotional stress, pregnancy & childbirth, strong hair chemicals, medication, diet/malnutrition, or a thyroid disorder.",CauseNet-noncause.csv,,1,[],['due to'],implicit,"[('pregnancy', 'hair_loss')]",No
Diabetes can also lead to nerve damage and difficulties with fighting infection.,CauseNet-noncause.csv,,1,[],['lead to'],implicit,"[('diabetes', 'difficulties')]",No
"In arid climates, capillary action and evaporation lead to rapid transport of water to the surface, with the consequence that dissolved salts are left behind to hinder plant growth (McNeill, 1986).",CauseNet-noncause.csv,,1,[],['lead to'],implicit,"[('capillary_action', 'rapid_transport_of_water_to_the_surface')]",No
"When the release of histamine is due to an allergen, the resulting swelling and inflammation is extremely irritating and uncomfortable.",CauseNet-noncause.csv,,1,[],['due to'],implicit,"[('allergen', 'release_of_histamine')]",No
"* CoQ10 can help maintain blood pressure levels already in the normal range - High blood pressure affects many Americans due to diet, genetics and/or lack of exercise, and can lead to heart disease or stroke.",CauseNet-noncause.csv,,1,[],"['due to', 'lead to']",implicit,"[('high_blood_pressure', 'heart_disease')]",No
These problems were largely due to medications used to treat life threatening opportunistic infections and malnutrition that occurred early in the HIV epidemic.,CauseNet-noncause.csv,,1,[],['due to'],implicit,"[('medications', 'problems')]",No
"Viagra can lead to rectal bleeding, vomiting and dry mouth.",CauseNet-noncause.csv,,1,[],['lead to'],implicit,"[('viagra', 'dry_mouth')]",No
"PBCAT is a software product intended to assist state and local pedestrian and bicycle coordinators, planners, and engineers with the problem of lack of data regarding the sequence of events leading to a crash.",CauseNet-noncause.csv,,1,[],['leading to'],implicit,"[('sequence_of_events', 'crash')]",No
"Sports Drinks - Sports drinks don't hydrate better than water, but you are more likely to drink larger volumes, which leads to better hydration.",CauseNet-noncause.csv,,1,[],['leads to'],implicit,"[('drink_larger_volumes', 'better_hydration')]",No
"They are highly experienced, accustomed to working in hostile environments, obtaining and collating intelligence and presenting evidence at court.Surveillance Limited provide their clients with the assurance of total discretion and confidentiality in all the services ... AAJ Statement on Gulf Coast Claims Facility (Popularity: ): The following is a statement from American Association for Justice President Gibson Vance regarding today's release of protocols for the emergency payments from the BP / Gulf Coast Claims Facility: ""As we stated when this fund was first conceived, AAJ is firmly behind efforts to quickly and fairly compensate Gulf Coasters for their losses due to the spill.",CauseNet-noncause.csv,,1,"['Claims', 'Claims']",['due to'],implicit,"[('spill', 'losses')]",No
The preparation leading to the actual MCSE examination is vital to each IT skilled who desires to be on prime of their subject when the results come out.,CauseNet-noncause.csv,,1,[],['leading to'],implicit,"[('preparation', 'actual_mcse_examination')]",No
"The obstruction leads to distention, bacterial overgrowth, ischemia or compromised blood flow, and inflammation.",CauseNet-noncause.csv,,1,[],['leads to'],implicit,"[('obstruction', 'distention')]",No
"One important difference between molecular motors and macroscopic motors is that molecular motors operate in the thermal bath, an environment where the fluctuations due to thermal noise are significant.",CauseNet-noncause.csv,,1,[],['due to'],implicit,"[('thermal_noise', 'fluctuations')]",No
Antioxidant polyphenols help protect the body's cells from damage due to harmful molecules called free radicals.,CauseNet-noncause.csv,,1,[],['due to'],implicit,"[('harmful_molecules', 'damage')]",No
The disorder leads to the progressive loss of vision beginning at an early age resulting from the complete atrophy of the choroid and retina.,CauseNet-noncause.csv,,1,[],['leads to'],implicit,"[('disorder', 'progressive_loss_of_vision')]",No
"In this realm, observation leads to discovery and creation, and miracles can happen.",CauseNet-noncause.csv,,1,[],['leads to'],implicit,"[('observation', 'discovery')]",No
"Blockages are usually due to a blood clot or plaque (small piece of cholesterol) that breaks off from a larger artery and travels upward to the brain or eye, becoming lodged in the main artery supplying the eye.",CauseNet-noncause.csv,,1,[],['due to'],implicit,"[('blood_clot', 'blockages')]",No
In this case Feinberg will have to scrutinize claims for lost sales and determine what losses are due to the general angst of the housing market and what losses can be attributed to the spill itself.,CauseNet-noncause.csv,,1,['claims'],['due to'],implicit,"[('spill', 'losses')]",No
"The results: inability to digest & absorb vital nutritional elements from food, build-up of toxic sludge in the intestines, deficiencies in essential vitamins, and other problems that can lead to cancer, heart disease, diabetes, low energy, chronic fatigue, depression, sleeplessness, and a host of other health challenges.",CauseNet-noncause.csv,,1,[],['lead to'],implicit,"[('problems', 'heart_disease')]",No
"01/27/2009: Kwesol from Chicago, IL replies: ""It's great that the grey is regrowing as natural color, but make sure to watch our for your thyroid, as iodine overload can lead to hyperthyroidism and other problems, as well as refractory hypothyroidism.",CauseNet-noncause.csv,,1,[],['lead to'],implicit,"[('iodine_overload', 'hyperthyroidism')]",No
"While medical expenses can lead to bankruptcy, the federal law requires the debtor to include all debts in a bankruptcy case, including auto loans, mortgages, and credit cards.",CauseNet-noncause.csv,,1,[],['lead to'],implicit,"[('medical_expenses', 'bankruptcy')]",No
"Depending on the device and therapy, these failures may lead to potential serious injury or death.",CauseNet-noncause.csv,,1,[],['lead to'],implicit,"[('failures', 'death')]",No
"It's bites could hurt, and rarely there is a death due to such dogs [these are like ""sum"" 2 thru 5, well differentiated].",CauseNet-noncause.csv,,1,[],['due to'],implicit,"[('dogs', 'death')]",No
"If left untreated, cataracts can lead to blindness.",CauseNet-noncause.csv,,1,[],['lead to'],implicit,"[('cataracts', 'blindness')]",No
I think my depression is due to my physical condition.,CauseNet-noncause.csv,,1,[],['due to'],implicit,"[('physical_condition', 'depression')]",No
"The Space Bag is airtight and is made from bi-axial layers of polyethylene and nylon that will protect your belongings from damage due to water, dirt, moisture, mildew, insects and odors.",CauseNet-noncause.csv,,1,[],['due to'],implicit,"[('dirt', 'damage')]",No
"Excess sugar consumption has been linked to a number of medical problems including obesity, high blood pressure, high triglycerides and inflammation, which can lead to heart disease, diabetes and cancer.",CauseNet-noncause.csv,,1,[],['lead to'],implicit,"[('inflammation', 'heart_disease')]",No
"The increase is due to increases in salaries and employee benefits of $1.7 million, and higher OREO and collection costs of $1.2 million partially offset by a decline in FDIC assessment costs of $1.2 million.",CauseNet-noncause.csv,,1,[],['due to'],implicit,"[('increases_in_salaries', 'increase')]",No
His attorneys are Gerald C. Airhealth.org has called for an investigation by Attorney General Eliot Spitzer into false claims leading to injury and death by US airlines and by the Air Transport Association.,CauseNet-noncause.csv,,1,['claims'],['leading to'],implicit,"[('false_claims', 'injury')]",No
This independence of position gives rise to a symmetry that leads to a conserved quantity identified as momentum.,CauseNet-noncause.csv,,1,[],['leads to'],implicit,"[('symmetry', 'conserved_quantity')]",No
"Certainly, the events that led to his expulsion from Halle contributed to his notoriety and fame.",CauseNet-noncause.csv,,1,[],['led to'],implicit,"[('events', 'fame')]",No
Severe cases can lead to nervousness and anorexia.,CauseNet-noncause.csv,,1,[],['lead to'],implicit,"[('severe_cases', 'anorexia')]",No
"This disease can lead to myocardial infarction, myocardial ischemia and even death.",CauseNet-noncause.csv,,1,[],['lead to'],implicit,"[('disease', 'death')]",No
Many of the improvements in technology are aimed at reducing the risk of errors and mistakes that can lead to injury or death.,CauseNet-noncause.csv,,1,[],['lead to'],implicit,"[('errors', 'death')]",No
"Although the procedure can lead to complications, Dr Ryan believes that for some children it will prove the best option.",CauseNet-noncause.csv,,1,['believes'],['lead to'],implicit,"[('procedure', 'complications')]",No
"A. All returns are subject to a 15% restocking fee, unless the return is due to a manufacturing defect, or an error on the part of us or one of our warehouses.",CauseNet-noncause.csv,,1,[],['due to'],implicit,"[('manufacturing_defect', 'return')]",No
Climate change can lead to drought or to floods.,CauseNet-noncause.csv,,1,[],['lead to'],implicit,"[('climate_change', 'drought')]",No
Ideas lead to other ideas which lead to formations of plot and character and all that other good stuff.,CauseNet-noncause.csv,,1,[],"['lead to', 'lead to']",implicit,"[('ideas', 'ideas')]",No
"As new research by John Lott details, so-called ""safe storage"" laws do in fact increase feelings of safety -- for violent criminals; such laws lead to more murder, rape, robbery, Early this morning [May 31] a Palestinian terrorist began throwing grenades and firing an automatic Kalashnikov rifle at a Jewish kindergarten and Jewish homes in a West Bank settlement.",CauseNet-noncause.csv,,1,[],['lead to'],implicit,"[('laws', 'murder')]",No
"In spite of the brutal climate, they were almost never adequately clothed, fed, or given medical treatment, nor were they given any means to combat the lack of vitamins that led to nutritional diseases such as scurvy.",CauseNet-noncause.csv,,1,[],['led to'],implicit,"[('lack_of_vitamins', 'nutritional_diseases')]",No
"What's more, many of these plastic pieces are made of new plastic containing Bisphenol A (BPA), a compound that acts as an endocrine disruptor, which may mimic the body's own hormones and may lead to negative health effects.",CauseNet-noncause.csv,,1,[],['lead to'],implicit,"[('endocrine_disruptor', 'negative_health_effects')]",No
"Stress can also lead to heart attacks, abdominal fat, strokes, and so much more.",CauseNet-noncause.csv,,1,[],['lead to'],implicit,"[('stress', 'abdominal_fat')]",No
"The remainder of the sermon (7.13-27) consists of appended words of warning about the narrow gate that leads to life (7.13-14), and the need to hear and do Jesus' words (7.24-27).",CauseNet-noncause.csv,,1,[],['leads to'],implicit,"[('narrow_gate', 'life')]",No
Toxicity leads to immune suppression and cells that eventually succumb to disease.,CauseNet-noncause.csv,,1,[],['leads to'],implicit,"[('toxicity', 'immune_suppression')]",No
Response: The regulations provide that State and Local Boards have the responsibility for developing the criteria for determining whether employment leads to self-sufficiency.,CauseNet-noncause.csv,,1,[],['leads to'],implicit,"[('employment', 'self-sufficiency')]",No
The side effects associated with Darvocet are serious and may even lead to death.,CauseNet-noncause.csv,,1,[],['lead to'],implicit,"[('side_effects', 'death')]",No
"[ The progress and spread of transplant medicine and surgery nowadays makes possible treatment and cure for many illnesses which, up to a short time ago, could only lead to death or, at best, a painful and limited existence.",CauseNet-noncause.csv,,1,[],['lead to'],implicit,"[('illnesses', 'death')]",No
"Work turns to pleasure as the couple begin a heated love affair, but passion leads to violence as James' true identity is revealed.",CauseNet-noncause.csv,,1,[],['leads to'],implicit,"[('passion', 'violence')]",No
Activation of p53 can lead to either cell cycle arrest and DNA repair or apoptosis (1).,CauseNet-noncause.csv,,1,[],['lead to'],implicit,"[('activation_of_p53', 'cell_cycle_arrest')]",No
The involvement of the GMPTE led to a more frequent pattern of trains serving the Oldham Mumps to Rochdale section.,CauseNet-noncause.csv,,1,[],['led to'],implicit,"[('involvement_of_the_gmpte', 'more_frequent_pattern_of_trains')]",No
"The disaster led to thousands of deaths, injuries in more than half a million people, and lasting environmental damage.",CauseNet-noncause.csv,,1,[],['led to'],implicit,"[('disaster', 'environmental_damage')]",No
Hyperglycemia itself can lead to dehydration and ketoacidosis.,CauseNet-noncause.csv,,1,[],['lead to'],implicit,"[('hyperglycemia', 'ketoacidosis')]",No
erectile dysfunction often leads to anxiety and then fail to get an erection .,CauseNet-noncause.csv,,1,[],['leads to'],implicit,"[('erectile_dysfunction', 'anxiety')]",No
"The bacteria can lead to serious wound infections, blood infections and pneumonia, according to the U.S. Centers for Disease Control and Prevention.",CauseNet-noncause.csv,,1,[],['lead to'],implicit,"[('bacteria', 'pneumonia')]",No
"The lawyer should have a firm grasp of the events that ultimately led to your injury, thus ensuring that you will receive maximum compensation without the hassle of a lengthy trial.",CauseNet-noncause.csv,,1,[],"['led to', 'thus']",implicit,"[('events', 'injury')]",No
"Competition led to war, and war to further migration.",CauseNet-noncause.csv,,1,[],['led to'],implicit,"[('competition', 'war')]",No
"I observed at his press conference as he talked about raising awareness for the issues that abused teens face; isolation & fear of ridicule, which often leads to substance abuse and anger management problems in adulthood.",CauseNet-noncause.csv,,1,[],['leads to'],implicit,"[('isolation', 'substance_abuse')]",No
"Studies find that optimism is associated with better health, performance, longevity, and social success (Seligman, 1991; Lyubomirsky, King & Diener, 2005), but there is evidence that in some situations negative thinking leads to more accuracy and being accurate can have important consequences (Alloy, Abramson, & Chiara, 2000).",CauseNet-noncause.csv,,1,[],['leads to'],implicit,"[('optimism', 'longevity')]",No
"Thoracic mesothelioma leads to effusion in the pleura, hence producing chest soreness.",CauseNet-noncause.csv,,1,[],"['leads to', 'hence']",implicit,"[('thoracic_mesothelioma', 'effusion_in_the_pleura')]",No
"Appearing as a speaker at an earlier hearing, he told the audience that ""when deregulation leads to competition, it is a good thing.",CauseNet-noncause.csv,,1,[],['leads to'],implicit,"[('deregulation', 'competition')]",No
Problem gambling can harm both individuals and families and can lead to crime.,CauseNet-noncause.csv,,1,[],['lead to'],implicit,"[('problem_gambling', 'crime')]",No
"If the damage is due to shipping, we may ask that you return the items to us in it's original packaging so that we can asses our shipping procedures to ensure disks arrive at their location safely.",CauseNet-noncause.csv,,1,[],['due to'],implicit,"[('shipping', 'damage')]",No
"In her 1999 autobiography, Ladies First: Revelations of a Strong Woman, Latifah discussed how her brother's death led to a bout of depression and drug abuse, from which she later recovered.",CauseNet-noncause.csv,,1,[],['led to'],implicit,"[(""brother_'s_death"", 'bout_of_depression')]",No
"The most sensitive cells are damaged first -- a reason why the treatment can sometimes be useful against cancerous cells -- but also a reason why radiation sickness leads to nausea, dehydration, and thyroid diseases.",CauseNet-noncause.csv,,1,[],['leads to'],implicit,"[('radiation_sickness', 'nausea')]",No
"A lack of sunlight disrupts normal cell growth, which can lead to cancer.",CauseNet-noncause.csv,,1,[],['lead to'],implicit,"[('normal_cell_growth', 'cancer')]",No
"By avoiiding these two extremes, O Bhikkhus, the Tathagata [a title of Buddha meaning perhaps ""he who has arrived at the truth""] has gained the knowledge of the Middle Path which leads to insight, which leads to wisdom which conduces to calm, to knowledge, co the Sambodhi [total enlightenment], to Nirvana [state of release from samsara, the cycle of existence and rebirth].",CauseNet-noncause.csv,,1,[],"['leads to', 'leads to']",implicit,"[('insight', 'wisdom')]",No
"Her success is due to long arms, great timing and excellent quickness off the floor.",CauseNet-noncause.csv,,1,[],['due to'],implicit,"[('great_timing', 'success')]",No
A clogged dryer may even lead to the motor giving out totally.,CauseNet-noncause.csv,,1,[],['lead to'],implicit,"[('clogged_dryer', 'motor_giving_out_totally')]",No
Research has clearly established that negativity leads to increased stress and conflict.,CauseNet-noncause.csv,,1,[],['leads to'],implicit,"[('negativity', 'conflict')]",No
"In such cases, kidney infections rarely lead to kidney damage or kidney failure unless they go untreated.",CauseNet-noncause.csv,,1,[],['lead to'],implicit,"[('kidney_infections', 'kidney_failure')]",No
"Yemen has embarked on an IMF-supported structural adjustment program designed to modernize and streamline the economy, which has led to substantial foreign debt relief and restructuring.",CauseNet-noncause.csv,,1,[],['led to'],implicit,"[('modernize_and_streamline_the_economy', 'substantial_foreign_debt_relief')]",No
"Lupus nephritis is the most serious manifestation of the disease, which, if left untreated, can lead to kidney failure, requiring dialysis.",CauseNet-noncause.csv,,1,[],['lead to'],implicit,"[('disease', 'kidney_failure')]",No
"Chronic Scurvy: Heart disease is a misnomer, the underlying disease process reduces the supply of blood to the heart and other organs leading to angina (""heart cramp""), heart attack and stroke.",CauseNet-noncause.csv,,1,[],['leading to'],implicit,"[('supply_of_blood_to_the_heart', 'heart_attack')]",No
"""Uterine prolapse"" means that the uterus pushes out through the vent area, which can lead to painful infection and a slow, agonizing death.",CauseNet-noncause.csv,,1,[],['lead to'],implicit,"[('uterus_pushes_out_through_the_vent_area', 'painful_infection')]",No
"As an adjuster, you will investigate the circumstances surrounding all types of losses due to accidents, bodily injury, property damage, fires, floods, earthquakes, hurricanes and even fraud.",CauseNet-noncause.csv,,1,[],['due to'],implicit,"[('fraud', 'losses')]",No
"These conflicts, he argues, led to ""factionalism, fratricide, and political failure"" (p. Historiographically, LaPorte's ""post-revisionist"" interpretation strikes a good balance between Stalinization versus rank-and-file agency.",CauseNet-noncause.csv,,1,[],['led to'],implicit,"[('conflicts', 'political_failure')]",No
"Assistance is necessary to help farmers, ranchers and their communities recoup from financial losses due to hurricanes, drought, fires, tornadoes, floods, and other natural disasters.",CauseNet-noncause.csv,,1,[],['due to'],implicit,"[('fires', 'financial_losses')]",No
"Hypercholesterolemia: elevated LDL cholesterol, reduced HDL cholesterol, elevated triglycerides, clogged arteries leading to high blood pressure, heart attacks and strokes, build up of fat in other body organs (fatty degeneration of organs), lumps of fat in the skin (lipomas and other fatty tumors), excessive weight gain (which may lead to obesity), inability to lose weight even while dieting, sluggish metabolism, protuberant abdomen (pot belly), cellulite, fatty liver, and a roll of fat around the upper abdomen (liver roll) etc.citation needed Or too low levels of lipids: hypocholesterolemia: low total cholesterol, low LDL and VLDL cholesterol, low triglyderides.",CauseNet-noncause.csv,,1,[],"['leading to', 'lead to']",implicit,"[('clogged_arteries', 'high_blood_pressure')]",No
"It hardly matters that Goethe holds the title character at an ironic distance; Massenet embraces him and gives Werther music of a beauty so ravishing that it suspends any ironic impulse, even when despair leads to suicide.",CauseNet-noncause.csv,,1,[],['leads to'],implicit,"[('despair', 'suicide')]",No
"Exposure to any of these factors during the critical first trimester of a pregnancy can lead to fetal death or serious toxic effects, such as anatomical malfunctions and changes in psychomotor and mental development (Norman and Hamilton).",CauseNet-noncause.csv,,1,[],['lead to'],implicit,"[('exposure', 'fetal_death')]",No
"Estimates suggested the losses due to vandalism, theft, and damage to property to far exceed $4 million.",CauseNet-noncause.csv,,1,[],['due to'],implicit,"[('damage_to_property', 'losses')]",No
"This illustrates that the patient may have exhibited symptoms of depression, but those symptoms were attributed to another health problem leading to the diagnosis of depression being overlooked (September 1993).",CauseNet-noncause.csv,,1,[],['leading to'],implicit,"[('health_problem', 'symptoms')]",No
But it's a pity that the Times couldn't find room for even one quotation from an advocate of increased gun ownership or from a law enforcement official who believes that more guns leads to less crime.,CauseNet-noncause.csv,,1,['believes'],['leads to'],implicit,"[('more_guns', 'less_crime')]",No
Jules Gonin was a Swiss ophthalmologist living in the early 1900s who first discovered that retinal detachments were due to retinal tears.,CauseNet-noncause.csv,,1,[],['due to'],implicit,"[('retinal_tears', 'retinal_detachments')]",No
"Weeeell according to a publication of the 2008 IUCN Red List of Threatened Species of birds, one in eight bird species is threatened with extinction due to global warming.",CauseNet-noncause.csv,,1,[],['due to'],implicit,"[('global_warming', 'extinction')]",No
"This leads a lot of homeless men into personality and attitude problems as well as alcohol, drugs, gambling, and sexuality which leads to depression and suicide.",CauseNet-noncause.csv,,1,[],['leads to'],implicit,"[('drugs', 'depression')]",No
"Ulceration and infections can persist, as well as kidney disease and kidney failure, which can each lead to death.",CauseNet-noncause.csv,,1,[],['lead to'],implicit,"[('kidney_failure', 'death')]",No
Proximal signaling molecules involved in LPS-induced NF-kappa B activation have a requisite involvement in LPS-induced apoptosis and that the pathways leading to NF-kappa B activation and apoptosis diverge downstream of IRAK-1.,CauseNet-noncause.csv,,1,[],['leading to'],implicit,"[('pathways', 'apoptosis')]",No
These experiences have often led to employment upon graduation.,CauseNet-noncause.csv,,1,[],['led to'],implicit,"[('experiences', 'employment_upon_graduation')]",No
"It is the purpose of this Chapter to provide for comprehensive protective services for abused and neglected children found in the State by requiring that reports of such abused and neglected children be made to the appropriate authorities in an effort to prevent further abuse or neglect and to assist those children and their parents or those persons legally responsible for them, in their own home to aid in overcoming the problems leading to abuse and neglect, thereby strengthening parental care and supervision and enhancing such children's welfare and preserving the family life whenever feasible.",CauseNet-noncause.csv,,1,[],['leading to'],implicit,"[('problems', 'abuse')]",No
"After spending an hour, or more, getting someone's skin on the road to good condition, the last thing I want is for them to walk out of the treatment room and into the ravages of the sun that include premature aging, wrinkling, dryness, hyperpigmentation or damage that could lead to skin cancer.",CauseNet-noncause.csv,,1,[],['lead to'],implicit,"[('damage', 'skin_cancer')]",No
"Some Levittown residents feared that incorporation would lead to higher taxes, by robbing the prospective municipality of a commercial tax base.",CauseNet-noncause.csv,,1,[],['lead to'],implicit,"[('incorporation', 'higher_taxes')]",No
"Smoking eventually leads to more serious lung disease, lung cancer and even death.",CauseNet-noncause.csv,,1,[],['leads to'],implicit,"[('smoking', 'lung_cancer')]",No
Precisely the same can be said of moveable components that can lead to pinched fingers.,CauseNet-noncause.csv,,1,[],['lead to'],implicit,"[('moveable_components', 'pinched_fingers')]",No
"This disease, if untreated, can lead to brain and liver damage.",CauseNet-noncause.csv,,1,[],['lead to'],implicit,"[('disease', 'liver_damage')]",No
"In 2000, deaths due to stroke (51), myocardial infarction (47), and heart failure (47) comprised 41% of all deaths, with a M: F mortality ratio of .99.",CauseNet-noncause.csv,,1,[],['due to'],implicit,"[('stroke', 'deaths')]",No
Swallowing problems can lead to malnutrition and dehydration and increase aspiration risk.,CauseNet-noncause.csv,,1,[],['lead to'],implicit,"[('swallowing_problems', 'malnutrition')]",No
"In extreme cases, the depression would lead to mental breakdown.",CauseNet-noncause.csv,,1,[],['lead to'],implicit,"[('depression', 'mental_breakdown')]",No
"Deforestation leads to soil erosion, a lack of carbon storage, inadequate water quantity and poor quality, and the loss of species, and thus a reduction in biological diversity.",CauseNet-noncause.csv,,1,[],"['leads to', 'thus']",implicit,"[('deforestation', 'soil_erosion')]",No
"That failure led to the suffering and often irreparable harm to children, their families and the wider community.",CauseNet-noncause.csv,,1,[],['led to'],implicit,"[('failure', 'suffering')]",No
"This debris can lead to severe inflammatory responses, damaging patient muscles and other soft tissues, and requiring patients to have further surgery to replace the device soon after surgery.",CauseNet-noncause.csv,,1,[],['lead to'],implicit,"[('debris', 'severe_inflammatory_responses')]",No
Limited sun exposure leads to vitamin D deficiency.,CauseNet-noncause.csv,,1,[],['leads to'],implicit,"[('limited_sun_exposure', 'vitamin_d_deficiency')]",No
"It is indicated for constipation associated with sluggish liver and rheumatism and for sick headache, dizziness and indigestion due to constipation.",CauseNet-noncause.csv,,1,[],['due to'],implicit,"[('sluggish_liver', 'constipation')]",No
In addition COX-2 inhibition increases sodium and water retention leading to edema and thus exacerbations of heart failure and hypertension.,CauseNet-noncause.csv,,1,[],"['leading to', 'thus']",implicit,"[('water_retention', 'edema')]",No
2) Fixed a bug which could lead to data corruption in rare cases 3) Fixed a memory leak which could occur when unplumbing an interface and then plumbing it again in rapid succession.,CauseNet-noncause.csv,,1,[],['lead to'],implicit,"[('fixed_a_bug', 'data_corruption')]",No
"Some people call the GNU/Linux system ""Linux"", but this misnomer leads to confusion (people cannot tell whether you mean the whole system or the kernel, one part), and spreads an inaccurate picture of how, when and where the system was developed.",CauseNet-noncause.csv,,1,[],['leads to'],implicit,"[('misnomer', 'confusion')]",No
Constipation can lead to this hemorrhoids also.,CauseNet-noncause.csv,,1,[],['lead to'],implicit,"[('constipation', 'hemorrhoids')]",No
"For children who have difficulty confiding in their family about any upsets, stress can lead to physical symptoms such as various aches and pains.",CauseNet-noncause.csv,,1,[],['lead to'],implicit,"[('stress', 'physical_symptoms')]",No
Excessive use of alcohol within a short period of time can lead to death.,CauseNet-noncause.csv,,1,[],['lead to'],implicit,"[('excessive_use_of_alcohol', 'death')]",No
"Food addiction can lead to obesity which, in turn, can lead to heart and back problems and it discourages physical activity.",CauseNet-noncause.csv,,1,[],"['lead to', 'lead to']",implicit,"[('obesity', 'back_problems')]",No
"Unlike the household insurance which covers damages in the interior, the building insurance provides coverage for damage to buildings and components thereof due to fire, water, events due to natural forces and glass breakage.",CauseNet-noncause.csv,,1,[],"['due to', 'due to']",implicit,"[('natural_forces', 'events')]",No
Discounted by 27% Judy Piatkus Publishers Ltd : YOUR HEART AND YOU By understanding and listening to your heart you can help prevent the problems which lead to heart disease and failure.,CauseNet-noncause.csv,,1,[],['lead to'],implicit,"[('problems', 'failure')]",No
"An electrolyte imbalance can lead to heart problems, digestive dysfunction, muscle cramps and nervousness.",CauseNet-noncause.csv,,1,[],['lead to'],implicit,"[('electrolyte_imbalance', 'heart_problems')]",No
"Same as ephedrine, it leads to constriction of blood vessels in the sinuses, nose, and chest allowing drainage of these areas, which decreases congestion associated with allergies, hay fever, sinus irritation, and the common cold.",CauseNet-noncause.csv,,1,[],['leads to'],implicit,"[('allergies', 'congestion')]",No
"Although he recognizes that his actions could lead to his death, he is still unable to release them from his hand due to the tremendous force of habit.",CauseNet-noncause.csv,,1,[],"['lead to', 'due to']",implicit,"[('actions', 'death')]",No
"Infected pregnant women may experience only a mild, flu-like illness; however, infection during pregnancy can lead to premature delivery (Read about ""Preterm Labor""), infection of the newborn or even stillbirth.",CauseNet-noncause.csv,,1,[],['lead to'],implicit,"[('infection_during_pregnancy', 'premature_delivery')]",No
Some skin problems are due to allergies.,CauseNet-noncause.csv,,1,[],['due to'],implicit,"[('allergies', 'skin_problems')]",No
Poor management planning and organisation can lead to heart disease.,CauseNet-noncause.csv,,1,[],['lead to'],implicit,"[('organisation', 'heart_disease')]",No
"The severity in which one is afflicted greatly varies from case to case and while usually harmless, acne can potentially lead to disfigurement through permanent scarring.",CauseNet-noncause.csv,,1,[],['lead to'],implicit,"[('acne', 'disfigurement')]",No
"Low testosterone can lead to decreased libido, fatigue, depression and loss of motivation.",CauseNet-noncause.csv,,1,[],['lead to'],implicit,"[('low_testosterone', 'decreased_libido')]",No
METHODOLOGY This paper suggests a normalization method of damage data for establishing a baseline to test the skill of catastrophe simulation models in predicting catastrophe losses due to the hurricanes.,CauseNet-noncause.csv,,1,[],['due to'],implicit,"[('hurricanes', 'catastrophe_losses')]",No
"Periodontal disease affects 85% of adult dogs and cats and can lead to pain, bad breath and tooth loss.",CauseNet-noncause.csv,,1,[],['lead to'],implicit,"[('periodontal_disease', 'bad_breath')]",No
"Blood clots associated with plaques can also reduce the blood supply to other parts of the body, which can limit movement and eventually lead to gangrene.",CauseNet-noncause.csv,,1,[],['lead to'],implicit,"[('plaques', 'blood_clots')]",No
"In some places, this fear has led to conflict.",CauseNet-noncause.csv,,1,[],['led to'],implicit,"[('fear', 'conflict')]",No
Certain medical conditions can also lead to body odor.,CauseNet-noncause.csv,,1,[],['lead to'],implicit,"[('medical_conditions', 'body_odor')]",No
warned of the problems that subsequently led to the global financial crisis.,CauseNet-noncause.csv,,1,[],['led to'],implicit,"[('problems', 'global_financial_crisis')]",No
"They also account for an estimated $16 billion in medical costs each year, while the indirect costs due to lost productivity and other factors are probably much greater.",CauseNet-noncause.csv,,1,[],['due to'],implicit,"[('lost_productivity', 'indirect_costs')]",No
The condition can lead to serious kidney damage and even death.,CauseNet-noncause.csv,,1,[],['lead to'],implicit,"[('condition', 'death')]",No
"A majority of 89% also thought that this change was due to human activities, including excessive use of energy and depletion of resources.",CauseNet-noncause.csv,,1,[],['due to'],implicit,"[('human_activities', 'change')]",No
"Increasingly, however, the international eye care community is appreciating the roles that community and infrastructure play in preventing the conditions that lead to blindness.",CauseNet-noncause.csv,,1,[],['lead to'],implicit,"[('conditions', 'blindness')]",No
"Infections due to bacterial, mycobacterial, invasive fungal, viral, or other opportunistic pathogens (e.g., TB, histoplasmosis) have been reported.",CauseNet-noncause.csv,,1,[],['due to'],implicit,"[('opportunistic_pathogens', 'infections')]",No
"Opportunities may also lead to ultimate success through court decisions, or the job and health of a parent.",CauseNet-noncause.csv,,1,[],['lead to'],implicit,"[('opportunities', 'job_and_health_of_a_parent')]",No
The letter of explanation is a personally written summary of the events that led to the conviction.,CauseNet-noncause.csv,,1,[],['led to'],implicit,"[('events', 'conviction')]",No
"Salt leads to the kidneys to retain water, although extra sugar brings about the system to generate insulin, which in turn hinders the body's potential to get rid of salt.",CauseNet-noncause.csv,,1,[],['leads to'],implicit,"[('salt', 'kidneys_to_retain_water')]",No
E*Trade promised that it would reimburse customers for any losses due to fraud in an effort to allay concerns about trading over the Internet or keeping cash in online bank accounts.,CauseNet-noncause.csv,,1,[],['due to'],implicit,"[('fraud', 'losses')]",No
These side effects are mainly due to the low calorie diet.,CauseNet-noncause.csv,,1,[],['due to'],implicit,"[('low_calorie_diet', 'side_effects')]",No
"In other words, it's resolve that leads to action, and action leads to results.",CauseNet-noncause.csv,,1,[],"['leads to', 'leads to']",implicit,"[('action', 'results')]",No
"Even at its most successful, it cannot solve the problems that led to your decision to separate.",CauseNet-noncause.csv,,1,[],['led to'],implicit,"[('problems', 'decision_to_separate')]",No
"Honors College students are a diverse group with widely varying interests, but they share an intellectual curiosity and energy that invariably leads to success.",CauseNet-noncause.csv,,1,[],['leads to'],implicit,"[('energy', 'success')]",No
"Type 2 Diabetes leads to heart attack, death, and a lot of other bad things.",CauseNet-noncause.csv,,1,[],['leads to'],implicit,"[('type_2_diabetes', 'death')]",No
"IDA leads to fatigue, learning disabilities, stunted growth, physical debility, and reduced resistance to disease.",CauseNet-noncause.csv,,1,[],['leads to'],implicit,"[('ida', 'fatigue')]",No
"The diet was for 2 years and led to some weight loss in 6 months, averaging 13 pounds per patient, but after 2 years all the groups averaged 9 pounds off still.",CauseNet-noncause.csv,,1,[],['led to'],implicit,"[('diet', 'weight_loss')]",No
Frustration and stress from medical illnesses can lead to depression.,CauseNet-noncause.csv,,1,[],['lead to'],implicit,"[('stress', 'depression')]",No
"This disease also lead to blindness, pneumonia, and commonly, death.",CauseNet-noncause.csv,,1,[],['lead to'],implicit,"[('disease', 'pneumonia')]",No
"In addition to its involvement in cytokinesis and cell cycle progression, Cetn2 is essential to centriole duplication and the proper progression of mitosis; its loss leads to aberrant mitosis and cell death (Salisbury et al, 2002).",CauseNet-noncause.csv,,1,[],['leads to'],implicit,"[('loss', 'cell_death')]",No
"Over time, the loss of calcium in the bones can lead to osteoporosis, a disease in which bones become porous and prone to fractures.",CauseNet-noncause.csv,,1,[],['lead to'],implicit,"[('loss_of_calcium_in_the_bones', 'osteoporosis')]",No
"There may be times when weather, air traffic control, operational or service considerations lead to flight delays, cancellations or diversions.",CauseNet-noncause.csv,,1,[],['lead to'],implicit,"[('operational_or_service_considerations', 'diversions')]",No
"The action led to a lawsuit, delayed a number of projects, and, right or wrong, further undermined the credibility of the council among developers queued up in the planning process.",CauseNet-noncause.csv,,1,[],['led to'],implicit,"[('action', 'lawsuit')]",No
"This warranty excludes defects due to normal wear, abuse, shipping damage, or failure to use the cable in accordance with the instructions.",CauseNet-noncause.csv,,1,[],['due to'],implicit,"[('shipping_damage', 'defects')]",No
"Through intimate interviews conducted by journalist Dorka Keehn and arresting images by award-winning photographer Colin Finlay, Eco Amazons chronicles and illuminates the leading environmental issues of our time and shows how concern leads to passion, and how passion leads to action that can be emulated by all.",CauseNet-noncause.csv,,1,[],"['leads to', 'leads to']",implicit,"[('passion', 'action')]",No
"If left untreated, the disease may lead to anemia, osteoporosis, Type 1 diabetes, and rheumatoid arthritis.",CauseNet-noncause.csv,,1,[],['lead to'],implicit,"[('disease', 'osteoporosis')]",No
"* Offshore wind, together with other measures to cut global warming pollution, can help to maintain the agricultural productivity of Southern Maryland by limiting temperature increases and changes in precipitation patterns due to global warming.",CauseNet-noncause.csv,,1,[],['due to'],implicit,"[('global_warming', 'temperature_increases')]",No
Perhaps a step like the Thailand government to print on the cigarette packet that 'smoking leads to sexual impotence' may do the job for many of the smokers who knowingly or unknowingly smoke.,CauseNet-noncause.csv,,1,[],['leads to'],implicit,"[('smoking', 'sexual_impotence')]",No
"Absences due to illness, personal/family emergencies, or injury must be documented.",CauseNet-noncause.csv,,1,[],['due to'],implicit,"[('illness', 'absences')]",No
"It is hoped that the discovery will help researchers create a vaccine to combat the virus, which has led to the deaths of more than 25 million people.",CauseNet-noncause.csv,,1,[],['led to'],implicit,"[('virus', 'deaths')]",No
The biopsy led to the diagnosis of VL.,CauseNet-noncause.csv,,1,[],['led to'],implicit,"[('biopsy', 'diagnosis')]",No
The symptoms are discomfort and frequent urination which can lead to dehydration and weight loss.,CauseNet-noncause.csv,,1,[],['lead to'],implicit,"[('discomfort', 'weight_loss')]",No
"More often our failure is due to negligence, awkwardness, or self-centeredness than to deliberate selfishness or malicious intent.",CauseNet-noncause.csv,,1,[],['due to'],implicit,"[('negligence', 'failure')]",No
Neck and spine injuries are quite serious injuries that can lead to paralysis or even death.,CauseNet-noncause.csv,,1,[],['lead to'],implicit,"[('serious_injuries', 'death')]",No
"Negative thinking leads to discouragement, depression, and anxiety.",CauseNet-noncause.csv,,1,[],['leads to'],implicit,"[('negative_thinking', 'depression')]",No
Argireline works to relax the muscles associated with common facial expressions helping you to stop the stress that leads to wrinkles and other signs of aging.,CauseNet-noncause.csv,,1,[],['leads to'],implicit,"[('stress', 'wrinkles')]",No
It is thought that death was due to the shock of the accident and loss of blood.,CauseNet-noncause.csv,,1,[],['due to'],implicit,"[('shock', 'death')]",No
"Anticoagulants, also called blood thinners, can prevent blood clots that can lead to a stroke.",CauseNet-noncause.csv,,1,[],['lead to'],implicit,"[('blood_clots', 'stroke')]",No
"Unfortunately, when the infected red cells burst, these crystals attach to blood vessels in the brain and can lead to death.",CauseNet-noncause.csv,,1,[],['lead to'],implicit,"[('crystals', 'death')]",No
Depression can lead to suicide.,CauseNet-noncause.csv,,1,[],['lead to'],implicit,"[('depression', 'suicide')]",No
"The time has come for action, which will lead to results.",CauseNet-noncause.csv,,1,[],['lead to'],implicit,"[('action', 'results')]",No
"Since the acts and conditions surrounding the violation were the same, essentially as that which gave rise to the violation of Section 77.501, supra, I find that for the reasons discussed therein that the violation herein, which could have led to a fatality was of a very high level of gravity.",CauseNet-noncause.csv,,1,[],"['Since', 'led to']",implicit,"[('violation_herein', 'fatality')]",No
"Discrimination against children with disabilities stems from multiple sources, including ignorance, prejudice and cultural norms, which in turn lead to stigma and entrenched social exclusion.",CauseNet-noncause.csv,,1,[],['lead to'],implicit,"[('ignorance', 'stigma')]",No
"In these persons, rapid loss of body fluids leads to dehydration and shock.",CauseNet-noncause.csv,,1,[],['leads to'],implicit,"[('rapid_loss_of_body_fluids', 'dehydration')]",No
This condition is exactly named as glaucoma that may ultimately lead to visual loss or total blindness.,CauseNet-noncause.csv,,1,[],['lead to'],implicit,"[('glaucoma', 'visual_loss')]",No
"Indeed, physical punishment will lead to aggression or to a once proud dog broken in spirit.",CauseNet-noncause.csv,,1,[],['lead to'],implicit,"[('physical_punishment', 'aggression')]",No
The economic crisis led to a political crisis.,CauseNet-noncause.csv,,1,[],['led to'],implicit,"[('economic_crisis', 'political_crisis')]",No
"These environmental factors lead to dry skin, which can be damaged more easily.",CauseNet-noncause.csv,,1,[],['lead to'],implicit,"[('environmental_factors', 'dry_skin')]",No
"The lack of precipitation, along with very high evaporation rates, has led to deteriorating crop conditions, lower stream flows and lake levels, and increased wildfire danger.",CauseNet-noncause.csv,,1,[],['led to'],implicit,"[('lack_of_precipitation', 'lower_stream_flows')]",No
"A lower than expected level of the active ingredient may increase the risk for blood clots which may lead to heart attack, stroke or even death.",CauseNet-noncause.csv,,1,[],['lead to'],implicit,"[('blood_clots', 'stroke')]",No
"Among school-aged children, hunger can lead to behavioral problems, poor academic achievement, depression and frequent absences due to illness.",CauseNet-noncause.csv,,1,[],"['lead to', 'due to']",implicit,"[('hunger', 'depression')]",No
"The net loss for the current six months, compared with the same period last year, is primarily due to lower revenue recognized in 2011 from research and development collaborative agreements and a $50.0 million upfront license fee paid by HGS to FivePrime Therapeutics, Inc., in the first quarter of 2011, when the companies entered into a collaboration to develop and commercialize HGS1036 (formerly FP-1039) for multiple cancers.",CauseNet-noncause.csv,,1,[],['due to'],implicit,"[('lower_revenue', 'net_loss')]",No
"The characteristic swirls and veins of many colored marble varieties are usually due to various mineral impurities such as clay, silt, sand, iron oxides, or chert which were originally present as grains or layers in the limestone.",CauseNet-noncause.csv,,1,[],['due to'],implicit,"[('various_mineral_impurities', 'characteristic_swirls_and_veins_of_many_colored_marble_varieties')]",No
"Unintentional dehydration leads to illness and painful, degenerative diseases that can be prevented, treated, and cure by drinking plenty of water.",CauseNet-noncause.csv,,1,[],['leads to'],implicit,"[('unintentional_dehydration', 'degenerative_diseases')]",No
"Each time series can be expected to provide parameters such as the rate and timing of green-up in the spring, the annual maximum plant cover, and losses due to droughts, fires, insects and logging, all of which are related to water quality and stream flow important to salmon.",CauseNet-noncause.csv,,1,[],['due to'],implicit,"[('insects', 'losses')]",No
"[17] The Institute of Medicine has estimated the number of hospital deaths due to medical errors at 44,000 to 98,000 annually.",CauseNet-noncause.csv,,1,[],['due to'],implicit,"[('medical_errors', 'hospital_deaths')]",No
"Even a first DUI can lead to long license suspensions, fines, and jail time.",CauseNet-noncause.csv,,1,[],['lead to'],implicit,"[('first_dui', 'jail_time')]",No
"Next to the Loggia dei Mercanti, Corso della Repubblica leads to Piazza Vittorio Veneto where, in the Palazzo Ricci, there is a museum and art gallery - a must-see is the Madonna and Child by Carlo Crivelli.",CauseNet-noncause.csv,,1,[],['leads to'],implicit,"[('corso_della_repubblica', 'piazza_vittorio_veneto')]",No
"[ Temazepam as with other benzodiazepine drugs can lead to physical dependence, addiction and what is known as the benzodiazepine withdrawal syndrome.",CauseNet-noncause.csv,,1,[],['lead to'],implicit,"[('temazepam', 'addiction')]",No
His death was due to general debility brought on by old age.,CauseNet-noncause.csv,,1,[],['due to'],implicit,"[('old_age', 'general_debility')]",No
"After all, according to most mythologies, relationships between mortals and immortals usually lead to mortifying complications, so we're already talking about an extremel... ""EVERYONE'S FAVOURITE ANIME COUPLE IS BACK!",CauseNet-noncause.csv,,1,[],['lead to'],implicit,"[('relationships_between_mortals', 'mortifying_complications')]",No
"Emotion creates motivation, motivation leads to action, and action will give you result.",CauseNet-noncause.csv,,1,[],['leads to'],implicit,"[('motivation', 'action')]",No
The firm assists clients afflicted with injuries due to medical errors and nursing home negligence.,CauseNet-noncause.csv,,1,[],['due to'],implicit,"[('nursing_home_negligence', 'injuries')]",No
"Increased spending will lead to higher incomes and profits that, in a virtuous circle, will further support economic expansion.",CauseNet-noncause.csv,,1,[],['lead to'],implicit,"[('increased_spending', 'profits')]",No
"Unfortunately, surgery can lead to more problems such as impotence and loss of bladder control.",CauseNet-noncause.csv,,1,[],['lead to'],implicit,"[('surgery', 'problems')]",No
"Conditions such as prolonged vomiting or diarrhea, dehydration or regular use of diuretics or some laxatives can lead to potassium deficiency.",CauseNet-noncause.csv,,1,[],['lead to'],implicit,"[('conditions', 'potassium_deficiency')]",No
"The current situation has led to stagnation, and increasing loss of hope among Palestinians.",CauseNet-noncause.csv,,1,[],['led to'],implicit,"[('current_situation', 'stagnation')]",No
"""The agreement that led to Miller's release followed intense negotiations among her; her lawyer, Robert Bennett; Libby's lawyer, Joseph Tate; and Fitzgerald.",CauseNet-noncause.csv,,1,[],['led to'],implicit,"[('intense_negotiations', 'agreement')]",No
"Obviously, it's preferable to avoid the mistakes that might lead to a lawsuit, but again, errors occur and the cost of E&Q Insurance is small compared to the potential cost of a liability lawsuit settled out of your pocket.",CauseNet-noncause.csv,,1,[],['lead to'],implicit,"[('mistakes', 'lawsuit')]",No
"The limits to metabolic plasticity could be set by the production of reactive oxygen species leading to cellular damage, limits to substrate availability in mitochondria, and a disproportionally large increase in proton leak over ATP production.",CauseNet-noncause.csv,,1,[],['leading to'],implicit,"[('production_of_reactive_oxygen_species', 'cellular_damage')]",No
"Usually, benzodiazepines lead to sedation and drowsiness the next day when taken at nights.",CauseNet-noncause.csv,,1,[],['lead to'],implicit,"[('benzodiazepines', 'drowsiness')]",No
"Poverty and cultural deprivation can also lead to mental retardation through malnutrition, childhood diseases, inadequate medical care, and environmental health hazards such as lead poisoning.",CauseNet-noncause.csv,,1,[],['lead to'],implicit,"[('poverty', 'mental_retardation')]",No
Most HPV infections will clear on their own and won't lead to cancer.,CauseNet-noncause.csv,,1,[],['lead to'],implicit,"[('hpv_infections', 'cancer')]",No
"Luther's call to the Church to return to the teachings of the Bible led to the formation of new traditions within Christianity and to the Counter-Reformation, the Catholic reaction to these movements.",CauseNet-noncause.csv,,1,[],['led to'],implicit,"[(""luther_'s_call_to_the_church_to_return_to_the_teachings_of_the_bible"", 'formation_of_new_traditions_within_christianity')]",No
The lack of support and communication with the county did lead to his resignation.,CauseNet-noncause.csv,,1,[],['lead to'],implicit,"[('lack_of_support', 'resignation')]",No
"Severe deficiency can lead to an abnormal heartbeat, while a moderate deficiency may lead to cramps, joint pains, insomnia, irritability, brittle nails, eczema, numbness in the arms or legs, high cholesterol levels, and a slow pulse rate.",CauseNet-noncause.csv,,1,[],"['lead to', 'lead to']",implicit,"[('severe_deficiency', 'abnormal_heartbeat')]",No
"These diseases, also called pulmonary inflammation, have a tremendous impact on people throughout the world and can lead to serious illness and death.",CauseNet-noncause.csv,,1,[],['lead to'],implicit,"[('diseases', 'death')]",No
"If you have blood clots due to antiphospholipid syndrome, your doctor will likely recommend lifelong thinning of your blood to prevent further clots.",CauseNet-noncause.csv,,1,[],['due to'],implicit,"[('antiphospholipid_syndrome', 'blood_clots')]",No
"The condition can lead to heart disease, high blood pressure, diabetes and greater risk of accidents due to general sleeplessness.",CauseNet-noncause.csv,,1,[],"['lead to', 'due to']",implicit,"[('condition', 'high_blood_pressure')]",No
"The county medical examiner said she died of a blood clot due to dehydration, after being denied water for at least her last five to 10 days.",CauseNet-noncause.csv,,1,[],['due to'],implicit,"[('dehydration', 'blood_clot')]",No
Experts agree that eating several small healthy snacks between meals helps with weight loss by keeping cravings down and preventing excessive hunger that may lead to overeating.,CauseNet-noncause.csv,,1,[],['lead to'],implicit,"[('excessive_hunger', 'overeating')]",No
The progressive degeneration of the motor neurons in ALS eventually lead to their death.,CauseNet-noncause.csv,,1,[],['lead to'],implicit,"[('progressive_degeneration_of_the_motor_neurons_in_als', 'death')]",No
No differences due to sex were detected.,CauseNet-noncause.csv,,1,[],['due to'],implicit,"[('sex', 'differences')]",No
"In very rare cases, medical conditions such as lupus, diabetes and thyroid gland malfunctioning can also lead to constipation.",CauseNet-noncause.csv,,1,[],['lead to'],implicit,"[('medical_conditions', 'constipation')]",No
"Its popularity is due to its roadholding capability, produced by 100% steering accuracy and mid-engine balance.",CauseNet-noncause.csv,,1,[],['due to'],implicit,"[('roadholding_capability', 'popularity')]",No
"Unfortunately, long-term use of steroids can lead to serious side effects so they cannot be taken for on-going prevention.",CauseNet-noncause.csv,,1,[],['lead to'],implicit,"[('long-term_use_of_steroids', 'serious_side_effects')]",No
HCV can lead to cirrhosis and liver failure (20% of chronic HCV infections).,CauseNet-noncause.csv,,1,[],['lead to'],implicit,"[('hcv', 'cirrhosis')]",No
Aphasia; Central nervous system disorders; Cerebrovascular accident; Epilepsy; Essential hypertension; Cerebral arteriosclerosis; Deviation of the eyes; Deviation of the mouth; Dizziness; Facial asymmetry that occurs over a period of a few hours to a few days; Frequent regurgitation; Heart diseases due to atherosclerosis; Hot flashes; Hyperthyroidism; Inability to fully recover (altered consciousness) after loss of consciousness; Mental confusion broken with lucidity; Sensation of eye distension; Sensation of heat in the head; Tinnitus; Wind-stroke forewarning; Forceful-Long-Wiry pulse (You Li Chang Xian).,CauseNet-noncause.csv,,1,[],['due to'],implicit,"[('atherosclerosis', 'heart_diseases')]",No
"If you find yourself answering yes to these questions, you may be engaging in some risky behaviors that can quickly lead to an accident, injury, or even death.",CauseNet-noncause.csv,,1,[],['lead to'],implicit,"[('risky_behaviors', 'accident')]",No
"A climate of fear takes over the country, as these events lead to political unrest and divisions between the coastal regions that are under attack, and the safer inland areas.",CauseNet-noncause.csv,,1,[],['lead to'],implicit,"[('events', 'political_unrest')]",No
Previous estimates of excess mortality due to influenza may be biased and inflated.,CauseNet-noncause.csv,,1,[],['due to'],implicit,"[('influenza', 'excess_mortality')]",No
"Such problems lead to inefficiency, waste and miscommunication, and can adversely affect patients.",CauseNet-noncause.csv,,1,[],['lead to'],implicit,"[('problems', 'miscommunication')]",No
"Gum disease can lead to tooth loss, and worse, heart disease when bacteria enter the bloodstream.The best exercises for the chest include push-ups.",CauseNet-noncause.csv,,1,[],['lead to'],implicit,"[('gum_disease', 'tooth_loss')]",No
"The upside of hair loss due to hormonal changes associated with birth control pills, pregnancy and menopause is that they are temporary.",CauseNet-noncause.csv,,1,[],['due to'],implicit,"[('birth_control_pills', 'hormonal_changes')]",No
Manufacrurers recommend installing the latest drivers to mitigate the presence of system bugs and security holes that can lead to system crashes and security breaches.,CauseNet-noncause.csv,,1,[],['lead to'],implicit,"[('presence_of_system_bugs', 'security_breaches')]",No
"Stress, staying in the same position for a long period of time and poor posture can also lead to neck pain.",CauseNet-noncause.csv,,1,[],['lead to'],implicit,"[('stress', 'neck_pain')]",No
"Withdrawal leads to depression, anxiety, aggression, fatigue, paranoia and craving.",CauseNet-noncause.csv,,1,[],['leads to'],implicit,"[('withdrawal', 'craving')]",No
"After these four decades, then, there stands before the entire world one great and inescapable conclusion: Freedom leads to prosperity.",CauseNet-noncause.csv,,1,[],['leads to'],implicit,"[('freedom', 'prosperity')]",No
"This combination may lead to the creation of a hyperserotonergic symptoms made up of thrills, diaphoresis, firmness, hyperthermia, tachycardia, high blood pressure, and maybe passing away.",CauseNet-noncause.csv,,1,[],['lead to'],implicit,"[('combination', 'creation')]",No
"If you suffer an injury as a direct result of this breach, you will be entitled to make a work accident claim.",CauseNet-noncause.csv,,1,['claim'],[],implicit,"[('breach', 'injury')]",No
Slips and falls can lead to hospitalization or death.,CauseNet-noncause.csv,,1,[],['lead to'],implicit,"[('slips', 'death')]",No
"You can usually choose from policies that cover losses due to specified perils such as fire or lightning (basic form policy) and those that cover a wider range of possible perils, such as windstorms, water damage or building collapse (broad form policy).",CauseNet-noncause.csv,,1,[],['due to'],implicit,"[('specified_perils', 'losses')]",No
"Productivity losses due to premature mortality assume a 2.34 relative mortality risk (McCarty et al 2001), 1.38% etiological fraction (proportion of additional deaths specifically due to VI), and a retirement age of 65 years.",CauseNet-noncause.csv,,1,['assume'],"['due to', 'due to']",implicit,"[('premature_mortality', 'productivity_losses')]",No
"Here are some of the best dog grooming supplies we could find for you: Plaque Attack has a special natural, human-grade formulation, which when mixed with saliva, breaks up the plaque, bacteria and tartar which lead to gum disease and bad breath in as short a time as a month.",CauseNet-noncause.csv,,1,[],['lead to'],implicit,"[('tartar', 'gum_disease')]",No
Crohn's disease often leads to malabsorption.,CauseNet-noncause.csv,,1,[],['leads to'],implicit,"[(""crohn_'s_disease"", 'malabsorption')]",No
"Poorly controlled diabetes can lead to heart attack, stroke, kidney failure, blindness, and amputation.",CauseNet-noncause.csv,,1,[],['lead to'],implicit,"[('poorly_controlled_diabetes', 'kidney_failure')]",No
"SC06 will explore the ways in which high performance computing, networking, storage and analysis lead to advances in research, education and commerce.",CauseNet-noncause.csv,,1,[],['lead to'],implicit,"[('high_performance_computing', 'advances_in_research')]",No
"These problems can, in turn, create stress, upset, depression, problems for children, and in many cases lead to divorce or separation.",CauseNet-noncause.csv,,1,[],['lead to'],implicit,"[('depression', 'divorce')]",No
Such a model can predict the possible impact of climate changes due to Global Warming.,CauseNet-noncause.csv,,1,[],['due to'],implicit,"[('global_warming', 'climate_changes')]",No
This ambiguity led to confusion and dispute between workers and enterprises in respect to the duration and accounting of paid vacation.,CauseNet-noncause.csv,,1,[],['led to'],implicit,"[('ambiguity', 'confusion')]",No
This is to replace a vacancy that occurred on January 1 due to retirement.,CauseNet-noncause.csv,,1,[],['due to'],implicit,"[('retirement', 'vacancy')]",No
"Living and aging with happiness certainly sounds like the right way to approach life, but naturally, life can include many difficulties that can eventually lead to depression.",CauseNet-noncause.csv,,1,[],['lead to'],implicit,"[('difficulties', 'depression')]",No
"They also believed that men, laws, and certain circumstances led to more abortions.",CauseNet-noncause.csv,,1,['believed'],['led to'],implicit,"[('men', 'abortions')]",No
"Low iodine can lead to fibrocystic breast disease in women (density, lumps and bumps), hyperplasia, and atypical mammary tissue.",CauseNet-noncause.csv,,1,[],['lead to'],implicit,"[('low_iodine', 'fibrocystic_breast_disease')]",No
"The the case of a swimming accident, one can seek General damages which are a direct result of the accident (such as suffering due to the injury) and special damages, which could be a compensation for lost income during the period of injury.",CauseNet-noncause.csv,,1,[],['due to'],implicit,"[('accident', 'general_damages')]",No
Unhealthy lifestyle and hectic schedule has led to many health problems.,CauseNet-noncause.csv,,1,[],['led to'],implicit,"[('unhealthy_lifestyle', 'health_problems')]",No
In the past such sweep operations have forced civilians to abandon their villages and seek shelter either with relatives or in the surrounding jungles where food shortages and lack of medical care have led to illness and death.,CauseNet-noncause.csv,,1,[],['led to'],implicit,"[('food_shortages', 'death')]",No
"His engines have failed to fire for re-entry and he is stranded in orbit, where he faces death due to asphyxiation as he depletes the on-board supply of oxygen.",CauseNet-noncause.csv,,1,[],['due to'],implicit,"[('asphyxiation', 'death')]",No
"It improves fine lines and wrinkles, skin elasticity and moisture content while reducing inflammation and cell damage that leads to premature aging.",CauseNet-noncause.csv,,1,[],['leads to'],implicit,"[('inflammation', 'premature_aging')]",No
"Sinusitis is an inflammation, usually due to infection, of one or more of the four sets of sinus cavities within the facial skeleton.",CauseNet-noncause.csv,,1,[],['due to'],implicit,"[('infection', 'inflammation')]",No
These cuts will lead to a loss of jobs and a loss of services that our communities cannot afford to be without.,CauseNet-noncause.csv,,1,[],['lead to'],implicit,"[('cuts', 'loss_of_services')]",No
"Settling into a new academic, national and linguistic culture can create frustrations, tensions and misunderstandings that lead to violence.",CauseNet-noncause.csv,,1,[],['lead to'],implicit,"[('misunderstandings', 'violence')]",No
"- Word Document - Biofuels may have an important role in reducing greenhouse gas emissions, which lead to global warming and in a more general reduction of pollution.",CauseNet-noncause.csv,,1,[],['lead to'],implicit,"[('greenhouse_gas_emissions', 'global_warming')]",No
The increase was mainly due to the costs incurred to operate the new facilities acquired in January 2008.,CauseNet-noncause.csv,,1,[],['due to'],implicit,"[('costs', 'increase')]",No
"In humans, mutations in one of at least six different genes can lead to NCL.",CauseNet-noncause.csv,,1,[],['lead to'],implicit,"[('mutations', 'ncl')]",No
That meeting led to a marriage that lasted almost 42 years.,CauseNet-noncause.csv,,1,[],['led to'],implicit,"[('meeting', 'marriage')]",No
Failure to follow these guidelines leads to dire consequences for those involved.,CauseNet-noncause.csv,,1,[],['leads to'],implicit,"[('failure_to_follow_these_guidelines', 'dire_consequences')]",No
"The most profound assumption made in the above extrapolation, which is actually truly bizarre, is that *all* accidents are due to ""incidents"" of this particular kind of aggressive driving.",CauseNet-noncause.csv,,1,[],['due to'],implicit,"[('incidents', 'accidents')]",No
"Despite taking these precautions, you may have a ferret suffer from heat stress, which can quickly lead to heatstroke.",CauseNet-noncause.csv,,1,[],['lead to'],implicit,"[('heat_stress', 'heatstroke')]",No
"Education leads to better health, and schools in particular can be tools for improving nutrition among children, according to panelists at a joint education and global health session.",CauseNet-noncause.csv,,1,[],['leads to'],implicit,"[('education', 'better_health')]",No
"There is some tantalizing evidence that a component of the inflammation associated with HIV may be due to co-infection with CMV.5 The theory is that a relative inability of those with HIV, even at higher CD4 cell counts, to keep the virus in check allows it to replicate and trigger immune activation and subsequent inflammatory chemical release.",CauseNet-noncause.csv,,1,[],['due to'],implicit,"[('hiv', 'inflammation')]",No
"It implies losing something sentimental, coupled with it will be worse if perhaps that heirloom ended up being implemented during the act of a crime leading to loss of life.",CauseNet-noncause.csv,,1,[],['leading to'],implicit,"[('crime', 'loss_of_life')]",No
Am new on this site looking for a serious relationship that could lead to marriage.,CauseNet-noncause.csv,,1,[],['lead to'],implicit,"[('serious_relationship', 'marriage')]",No
"About a quarter of the time, however, the infection leads to cirrhosis of the liver, which, in turn, can lead to liver cancer or death or the need for a transplant.",CauseNet-noncause.csv,,1,[],"['leads to', 'lead to']",implicit,"[('cirrhosis_of_the_liver', 'death')]",No
Even hypertension that is due to hyperaldosteronism is dependent upon sodium intake.,CauseNet-noncause.csv,,1,[],['due to'],implicit,"[('hyperaldosteronism', 'hypertension')]",No
Zinc deficiency leads to reduced numbers of sperm and impotence in men.6 The correlation between blood levels of zinc and sperm quality remains controversial.,CauseNet-noncause.csv,,1,[],['leads to'],implicit,"[('zinc_deficiency', 'reduced_numbers_of_sperm')]",No
"Steady growth in tourism receipts and a boom in construction of new hotels, resorts, and residences had led to solid GDP growth in recent years, but tourist arrivals have been on the decline since 2006.",CauseNet-noncause.csv,,1,[],"['led to', 'since']",implicit,"[('steady_growth_in_tourism_receipts', 'solid_gdp_growth')]",No
Rhode Islanders had attacked the British warship HMS Gaspee in 1772 as one of the first acts of war leading to the American Revolution.,CauseNet-noncause.csv,,1,[],['leading to'],implicit,"[('war', 'american_revolution')]",No
"It consisted of four expositions or Noble Truths: The truth of suffering, the origin of suffering, the cessation of suffering and the path that leads to the cessation of suffering.",CauseNet-noncause.csv,,1,[],['leads to'],implicit,"[('path', 'cessation_of_suffering')]",No
We analyzed data on the criminal event that led to the conviction.,CauseNet-noncause.csv,,1,[],['led to'],implicit,"[('criminal_event', 'conviction')]",No
Pedestrians are so vulnerable and exposed when crossing a street that the force from even a slow-moving vehicle can easily lead to injury or death.,CauseNet-noncause.csv,,1,[],['lead to'],implicit,"[('force_from_even_a_slow-moving_vehicle', 'injury')]",No
Certain mutations may lead to cancer or other diseases.,CauseNet-noncause.csv,,1,[],['lead to'],implicit,"[('mutations', 'diseases')]",No
"The entry leads to a dramatically remodeled 10-story atrium lobby, which now has a Colonial/Asian theme with new furniture in hues of blue and green, new carpeting, new lighting, an enhanced waterfall and stream, and lush foliage (including bamboo) throughout to fit the Asian theme.",CauseNet-noncause.csv,,1,[],['leads to'],implicit,"[('entry', 'dramatically_remodeled_10-story_atrium_lobby')]",No
"One of many greatest techniques is always to spend inside a humidifier, which may keep the space moist sufficient to stop the dry air from drying out your nose, which may lead to nose bleeds and discomfort.",CauseNet-noncause.csv,,1,[],['lead to'],implicit,"[('dry_air_from_drying_out_your_nose', 'discomfort')]",No
"Symptoms of ketoacidosis may include nausea and vomiting, which may also lead to dehydration and serious problems with potassium levels in the blood.",CauseNet-noncause.csv,,1,[],['lead to'],implicit,"[('vomiting', 'dehydration')]",No
"In addition, it improve body alignment leading to much better posture, relieving back, neck, joint and muscle problems.",CauseNet-noncause.csv,,1,[],['leading to'],implicit,"[('improve_body_alignment', 'better_posture')]",No
"In 2001, at the age of 39, Cole died in prison after an asthma attack led to cardiac arrest; eight years later the Army veteran was cleared by DNA evidence of his involvement.",CauseNet-noncause.csv,,1,[],['led to'],implicit,"[('asthma_attack', 'cardiac_arrest')]",No
"The emissions are largely due to coal combustion, but emissions from motor vehicles and other sources are also increasing rapidly.",CauseNet-noncause.csv,,1,[],['due to'],implicit,"[('coal_combustion', 'emissions')]",No
"Excessive sun damage may eventually lead to wrinkles, age spots and sagging.",CauseNet-noncause.csv,,1,[],['lead to'],implicit,"[('excessive_sun_damage', 'wrinkles')]",No
"Despite this increased suicide rate, depression in this age group is greatly underdiagnosed and leads to serious difficulties in school, work, and personal adjustment which may often continue into adulthood.",CauseNet-noncause.csv,,1,[],['leads to'],implicit,"[('depression', 'serious_difficulties_in_school')]",No
"In some individuals, fibrosis ultimately leads to cirrhosis, which is associated with the major complications of the liver disease: portal hypertension, liver failure, and hepatocellular carcinoma.",CauseNet-noncause.csv,,1,[],['leads to'],implicit,"[('fibrosis', 'cirrhosis')]",No
"Capitalism, working out its consequences, destroys itself and leads to socialism.",CauseNet-noncause.csv,,1,[],['leads to'],implicit,"[('capitalism', 'socialism')]",No
"For many people, it is important to understand that while death can lead to sadness, anger, and pain, it can also lead to opportunities for reminiscence, laughter, reunion, and hope.",CauseNet-noncause.csv,,1,[],"['lead to', 'lead to']",implicit,"[('death', 'anger')]",No
"As you can see, the acceleration of gravity, ""g,"" can substitute for the ""a"" of acceleration in the formulas below when the acceleration is due to gravity.",CauseNet-noncause.csv,,1,[],['due to'],implicit,"[('gravity', 'acceleration')]",No
Last year U.S. copyright industries reported losses of nearly $22 billion due to piracy just from overseas.,CauseNet-noncause.csv,,1,[],['due to'],implicit,"[('piracy', 'losses')]",No
"Weight loss supplements that use artificial ingredients to suppress your appetite can often lead to dizziness, vomiting and also heart palpitations.",CauseNet-noncause.csv,,1,[],['lead to'],implicit,"[('weight_loss_supplements', 'heart_palpitations')]",No
Jacobsen believed that the election would lead to a new government and a new Premier of Niue.,CauseNet-noncause.csv,,1,['believed'],['lead to'],implicit,"[('election', 'new_government')]",No
"Back pain can certainly be due to a herniated disc, but it also seems to be somewhat GI related.",CauseNet-noncause.csv,,1,[],['due to'],implicit,"[('herniated_disc', 'back_pain')]",No
"Women who have received abortions may avoid some of these but instead must endure the possibilities of health risks, difficulty getting legal support in the case of injury, and grief that can lead to severed relationships, drug abuse, mental health problems, serious guilt, or suicide.",CauseNet-noncause.csv,,1,[],['lead to'],implicit,"[('grief', 'suicide')]",No
"The oil industry can damage the environment, and often leads to war or human rights violations.",CauseNet-noncause.csv,,1,[],['leads to'],implicit,"[('oil_industry', 'human_rights_violations')]",No
"Over time,diabetic nephropathy can lead to end-stage renal disease, a seriouscondition that needs dialysis and increased medical care andresources.",CauseNet-noncause.csv,,1,[],['lead to'],implicit,"[('diabetic_nephropathy', 'end-stage_renal_disease')]",No
"These sources include hearing loss due to loud noise, sinus or ear infection, earwax, and tinnitus.",CauseNet-noncause.csv,,1,[],['due to'],implicit,"[('loud_noise', 'hearing_loss')]",No
"The natural value of wheatgrass juice is so high that many people don't feel the ""cravings"" that lead to overeating.",CauseNet-noncause.csv,,1,[],['lead to'],implicit,"[('cravings', 'overeating')]",No
These mutations can lead to many birth defects and other health problems later in life.,CauseNet-noncause.csv,,1,[],['lead to'],implicit,"[('mutations', 'birth_defects')]",No
It is a mind-blowing account depicting the events that lead to the financial crises.,CauseNet-noncause.csv,,1,[],['lead to'],implicit,"[('events', 'financial_crises')]",No
"About 25 per cent of this population has some degree of visual loss due to AMD, a figure that is expected to triple within the next 10-20 years.",CauseNet-noncause.csv,,1,[],['due to'],implicit,"[('amd', 'visual_loss')]",No
This usually starts as pain which leads to dysfunction which leads to disease.,CauseNet-noncause.csv,,1,[],"['leads to', 'leads to']",implicit,"[('dysfunction', 'disease')]",No
"The typical estimate from the meta-analysis suggests that prophylactic administration of animal derived surfactant extract will lead to a significant reduction in the risk of bronchopulmonary dysplasia or death at 28 days (typical relative risk 0.80, 95% CI 0.72, 0.88; typical risk difference -0.12, 95% CI -0.17, -0.07).",CauseNet-noncause.csv,,1,[],['lead to'],implicit,"[('prophylactic_administration_of_animal_derived_surfactant_extract', 'significant_reduction')]",No
"Hereditary ceroid lipofuscinosis [4548] or neuronal ceroid-lipofuscinosis (NCL) diseases [5472] can lead to premature death, though ceroid appears to be pathological only in neurons [5472] or when loaded into human fibroblasts [5473].",CauseNet-noncause.csv,,1,[],['lead to'],implicit,"[('diseases', 'premature_death')]",No
"When changes in behavior occur only during the intervention phases, this provides evidence that changes in behavior are due to the intervention.",CauseNet-noncause.csv,,1,[],['due to'],implicit,"[('intervention', 'changes_in_behavior')]",No
"Resveratrol is a plant-based substance that has been shown through various studies to: Aid weight loss, rid the body of free radicals that can eventually lead to cancer, reduce cholesterol, increase lifespan, and aid cell generation to help you look and feel younger for longer.",CauseNet-noncause.csv,,1,[],['lead to'],implicit,"[('rid_the_body_of_free_radicals', 'cancer')]",No
"Such mistakes can ultimately lead to serious injury or even death, or will in the very least increase the premium on your car insurance or auto insurance.",CauseNet-noncause.csv,,1,[],['lead to'],implicit,"[('mistakes', 'serious_injury')]",No
Surgery leads to tenderness and pain.,CauseNet-noncause.csv,,1,[],['leads to'],implicit,"[('surgery', 'tenderness')]",No
"The objective of ELAP is to provide emergency assistance to eligible producers of livestock, honeybees, and farm-raised fish who have losses due to disease, adverse weather, or other conditions, including losses due to blizzards and wildfires, as determined by the Secretary of Agriculture (Secretary).",CauseNet-noncause.csv,,1,[],"['due to', 'due to']",implicit,"[('disease', 'losses')]",No
"When stress leads to actions that are beneficial to the person, it is called eustress.",CauseNet-noncause.csv,,1,[],['leads to'],implicit,"[('stress', 'actions')]",No
Water damage can lead to more serious issues such as poor indoor air quality.,CauseNet-noncause.csv,,1,[],['lead to'],implicit,"[('water_damage', 'serious_issues')]",No
Compensation for total disability or death due to occupational disease other than pneumoconiosis.,CauseNet-noncause.csv,,1,[],['due to'],implicit,"[('occupational_disease', 'compensation')]",No
"Bullying, therefore, can lead to academic and emotional troubles as well as to violence.",CauseNet-noncause.csv,,1,[],"['therefore', 'lead to']",implicit,"[('bullying', 'violence')]",No
In the same claim they frighten their followers that tax competition would lead to automatic and massive loss of prosperity for Wallonia (the region that has been at the receiving end of the interregional transfers for many decades now).,CauseNet-noncause.csv,,1,['claim'],['lead to'],implicit,"[('tax_competition', 'massive_loss_of_prosperity_for_wallonia')]",No
"Notice the significant gains towards the right where most losses are due to errors, keeping in mind that this is plotted logarithmically.",CauseNet-noncause.csv,,1,[],['due to'],implicit,"[('errors', 'losses')]",No
"Obesity may lead to health problems like diabetes, severe cardiac problems and various other health problems.",CauseNet-noncause.csv,,1,[],['lead to'],implicit,"[('obesity', 'health_problems')]",No
His death was due to pneumonia.,CauseNet-noncause.csv,,1,[],['due to'],implicit,"[('pneumonia', 'death')]",No
"Septic shock, in which infection leads to low blood pressure and low blood flow, has a very high death rate.",CauseNet-noncause.csv,,1,[],['leads to'],implicit,"[('infection', 'low_blood_pressure')]",No
This condition can lead to diabetic coma.,CauseNet-noncause.csv,,1,[],['lead to'],implicit,"[('condition', 'diabetic_coma')]",No
"When serious, this disease can lead to hospitalization.",CauseNet-noncause.csv,,1,[],['lead to'],implicit,"[('disease', 'hospitalization')]",No
"Unforgiveness leads to bitterness, hatred, and momentarily clear and symbolic illnesses, like depression.",CauseNet-noncause.csv,,1,[],['leads to'],implicit,"[('unforgiveness', 'bitterness')]",No
"If left untreated, the disease may lead to serious complications.",CauseNet-noncause.csv,,1,[],['lead to'],implicit,"[('disease', 'serious_complications')]",No
"Loose connections, hot switches, load imbalance and moisture can lead to deterioration, fatigue and /or corrosion.",CauseNet-noncause.csv,,1,[],['lead to'],implicit,"[('moisture', 'corrosion')]",No
Supplementation with chromium has demonstrated many health benefits but it will only benefit those people whose signs and symptoms are due to chromium deficiency (Anderson RA: Essentiality of chromium in humans.,CauseNet-noncause.csv,,1,[],['due to'],implicit,"[('chromium_deficiency', 'symptoms')]",No
"I can tell you from experience, my partner turned to drugs which led to psychosis, depression and hospitalisation due to the guilt of cheating on me two years ago.",CauseNet-noncause.csv,,1,[],"['led to', 'due to']",implicit,"[('drugs', 'psychosis')]",No
"Once the question was raised whether the MMR vaccine might trigger autism in some children, even mounting evidence to the contrary failed to allay public fears.",CauseNet-noncause.csv,,1,[],[],implicit,"[('mmr_vaccine', 'autism_in_some_children')]",No
"In the 1970s, the U.S. government commisioned three seminal reports on possible climate change due to fossil fuel combustion that were accepted scientifically and politically.",CauseNet-noncause.csv,,1,[],['due to'],implicit,"[('fossil_fuel_combustion', 'climate_change')]",No
"No, instead let's bring on an army of ""independent"" zealots who can tell us that abortion leads to cancer, mental health issues and infertility, and sod the evidence that having a baby is more risky than having an abortion.",CauseNet-noncause.csv,,1,[],['leads to'],implicit,"[('abortion', 'infertility')]",No
So damage due to acid rain depends on both the pH of the rain and the type of soil/bedrock.,CauseNet-noncause.csv,,1,[],['due to'],implicit,"[('acid_rain', 'damage')]",No
"A direct result of this artificial food source leads to an increase in population, regardless of the lack of space, which leads to even more damage.",CauseNet-noncause.csv,,1,[],"['leads to', 'leads to']",implicit,"[('lack_of_space', 'damage')]",No
"Furthermore, certain wide expanses of desert may produce more dust; uneven heating leads to more wind; more dust gets kicked up into the atmosphere.",CauseNet-noncause.csv,,1,[],['leads to'],implicit,"[('uneven_heating', 'wind')]",No
The only thing that comes into play is how much we compensate a non offending player when he was damaged by his opponents: We only compensate for the damage due to the infraction.,CauseNet-noncause.csv,,1,[],['due to'],implicit,"[('infraction', 'damage')]",No
"An HDHP, sometimes referred to as ""catastrophic"" health insurance, will protect the insured against costs associated with extreme illness or injury, but won't cover minor doctor visits or expenses, due to the high deductible.",CauseNet-noncause.csv,,1,[],['due to'],implicit,"[('injury', 'costs')]",No
"Improperly sterilized equipment can lead to infections and disease, including HIV and Hepatitis B and C. Most body art shops require customers to sign a release that indicates they are aware of the dangers.",CauseNet-noncause.csv,,1,[],['lead to'],implicit,"[('improperly_sterilized_equipment', 'infections')]",No
"The intent of the secure portal is to make sub-county data available to environmental public health professionals (in State or local health departments) and researchers (in universities or in other organizations) so that we will have a better understanding how environmental hazards can sometimes lead to certain illnesses, chronic diseases, unwanted health outcomes or deaths.",CauseNet-noncause.csv,,1,[],['lead to'],implicit,"[('environmental_hazards', 'illnesses')]",No
This could easily tempt you to upgrade the load too early and that mistake can easily lead to injury and overtraining.,CauseNet-noncause.csv,,1,[],['lead to'],implicit,"[('mistake', 'injury')]",No
Loss or periods or amenorrhea is usually due to pregnancy.,CauseNet-noncause.csv,,1,[],['due to'],implicit,"[('pregnancy', 'amenorrhea')]",No
"These complications can lead to kidney failure, pain, blindness, heart attack, and stroke.",CauseNet-noncause.csv,,1,[],['lead to'],implicit,"[('complications', 'pain')]",No
An important fracture could very well be piece or just carry out the break point in bone resulting from pressure or just accidental injuries.,coling22-mining-health-related-statements_sentence_test_causenet_evaluations.csv,121719.0,1,[],[],implicit,"[('accidental injuries', 'break point in bone')]",No
"Sepultura's surprising success was partly attributed to the first Rock in Rio, which took place in Rio de Janeiro in January 1985.",coling22-mining-health-related-statements_sentence_test_causenet_evaluations.csv,121738.0,1,[],[],implicit,"[('first rock in rio', ""sepultura 's surprising success"")]",No
It is therefore desirable to divide postwar years into some kind of subperiods while keeping in mind that an excessive periodization may lead to a neglect of elements that are common and typical for longer periods of time.,coling22-mining-health-related-statements_sentence_test_causenet_evaluations.csv,121566.0,1,[],"['therefore', 'lead to']",implicit,"[('excessive periodization', 'neglect of elements')]",No
"Low skilled emigration leads to reversed results, while the overall impact on human capital of either type of migration remains ambiguous.",coling22-mining-health-related-statements_sentence_test_causenet_evaluations.csv,122222.0,1,[],['leads to'],implicit,"[('low skilled emigration', 'reversed results')]",No
Yogananda brought Kriya yoga to the West in the 1920's.,coling22-mining-health-related-statements_sentence_test_causenet_evaluations.csv,121705.0,1,[],[],implicit,"[('yogananda', ""kriya yoga to the west in the 1920 's"")]",No
"CONTEXT: Preterm birth is associated with maternal cardiovascular risk, but mechanisms are unknown.",coling22-mining-health-related-statements_sentence_test_causenet_evaluations.csv,121860.0,1,[],[],implicit,"[('preterm birth', 'maternal cardiovascular risk')]",No
"We are committed to creativity, innovation and responsiveness leading to new and improved methods of effectively supporting educational environments for young people and adults.",coling22-mining-health-related-statements_sentence_test_causenet_evaluations.csv,122343.0,1,[],['leading to'],implicit,"[('innovation and responsiveness', 'new and improved methods of effectively supporting educational environments')]",No
"Unfortunately, many people who visit decide to stay, causing Kelowna to grow dramatically over the last decade.",coling22-mining-health-related-statements_sentence_test_causenet_evaluations.csv,121477.0,1,[],[],implicit,"[('people who visit decide to stay', 'kelowna to grow dramatically')]",No
"Dan Curtis, the titan of television terror behind Dark Shadows, The Night Stalker and Trilogy of Terror, brought these two intelligent versions of classic horror tales to the small screen.",coling22-mining-health-related-statements_sentence_test_causenet_evaluations.csv,122241.0,1,[],[],implicit,"[('dan curtis', 'intelligent versions of classic horror tales to the small screen')]",No
"Yarico, when about a year old, brought forth a respectable family of chickens--little, cowering, timid things at first, but in due time they became fine chubby ones; and old Nora, the hen-wife, said, 'If I could only keep Yarico out of the copse, it would do; but the copse is full of weasels, and, I am sure, of foxes also.",coling22-mining-health-related-statements_sentence_test_causenet_evaluations.csv,121744.0,1,[],[],implicit,"[('yarico', 'respectable family of chickens')]",No
"The first, a survey of high school students linked to their facebook and myspace graphs investigates how self-reported smoking and drinking is associated with different modalities and contexts of peer influence, such as romantic interest or perceived popularity in addition to reported friendship.",coling22-mining-health-related-statements_sentence_test_causenet_evaluations.csv,121886.0,1,[],[],implicit,"[('self-reported smoking', 'contexts of peer influence')]",No
"Determination of the distributions and stable isotope signatures of the components of complex mixtures of lipids and photosynthetic pigments in microorganisms and modern and ancient aquatic and terrestrial environments; elucidation of the sources of these components, the chemical and biochemical factors which lead to their transformation and preservation; application of the distributions to palaeoenvironment assessment and climate change.",coling22-mining-health-related-statements_sentence_test_causenet_evaluations.csv,122213.0,1,[],['lead to'],implicit,"[('chemical and biochemical factors', 'preservation')]",No
The value is in creating trust and rleationships that lead to advocacy and loyalty.,coling22-mining-health-related-statements_sentence_test_causenet_evaluations.csv,122072.0,1,[],['lead to'],implicit,"[('creating trust', 'advocacy')]",No
"We make the hypothesis that the highest peak is due to a planet, and we therefore activate the first row of orbit sliders (using the button to the far left of the row).",coling22-mining-health-related-statements_sentence_test_causenet_evaluations.csv,122337.0,1,[],"['due to', 'therefore']",implicit,"[('planet', 'highest peak')]",No
"I am sure all that high speed, long duration biking contributed to my foot problems.",coling22-mining-health-related-statements_sentence_test_causenet_evaluations.csv,121610.0,1,[],[],implicit,"[('high speed', 'foot problems')]",No
"Over time, this abnormal rebuilding process leads to the development of wrinkles.",coling22-mining-health-related-statements_sentence_test_causenet_evaluations.csv,121450.0,1,[],['leads to'],implicit,"[('abnormal rebuilding process', 'development of wrinkles')]",No
The FFA said the delay was due to clarifications sought in relation to some bids intended funding models.,coling22-mining-health-related-statements_sentence_test_causenet_evaluations.csv,121653.0,1,[],['due to'],implicit,"[('clarifications sought', 'delay')]",No
"During an economic downturn, funding sources tied to economic activity or real estate development may generate less revenue.",coling22-mining-health-related-statements_sentence_test_causenet_evaluations.csv,122320.0,1,[],[],implicit,"[('funding sources', 'less revenue')]",No
"Around 150 BCE, this confrontation between Egyptian religion (in its Late Period) and Greek culture, produced Alexandrian Hermetism, a kind of Alexandrian lodge or communal wisdom-teaching (cast in a religious format with adjacent magical practices).",coling22-mining-health-related-statements_sentence_test_causenet_evaluations.csv,122336.0,1,[],[],implicit,"[('confrontation between egyptian religion', 'alexandrian hermetism')]",No
"She remained on Maui and married her half-brother Kekaulike, founding the Kekaulike Dynasty of Maui which produced many chief politicians and nobles in the early days of the Kingdom of Hawaii.",coling22-mining-health-related-statements_sentence_test_causenet_evaluations.csv,121781.0,1,[],[],implicit,"[('kekaulike dynasty of maui', 'nobles in the early days of the kingdom of hawaii')]",No
Enhanced customer service leads to improved customer satisfaction and increased revenues in the long-term from the same customers.,coling22-mining-health-related-statements_sentence_test_causenet_evaluations.csv,122088.0,1,[],['leads to'],implicit,"[('enhanced customer service', 'improved customer satisfaction')]",No
"Directors and officers liability insurance can provide protection for bad advice, poor company strategic vision that harms stockholders, negligence, sexual harassment, misdirection of operations leading to injuries, or wrongful treatment.",coling22-mining-health-related-statements_sentence_test_causenet_evaluations.csv,121542.0,1,[],['leading to'],implicit,"[('misdirection of operations', 'wrongful treatment')]",No
"Honey is devastated to learn that Billy was indirectly involved in the incident that led to Jase's death, particularly when she discovers that instead of trying to rescue Jase, Billy hid in the bathroom in fear.",coling22-mining-health-related-statements_sentence_test_causenet_evaluations.csv,122112.0,1,[],['led to'],implicit,"[('incident', ""jase 's death"")]",No
The laboratory fraud led to approval of a number of dangerous pesticides.,coling22-mining-health-related-statements_sentence_test_causenet_evaluations.csv,121776.0,1,[],['led to'],implicit,"[('laboratory fraud', 'approval of a number of dangerous pesticides')]",No
"Using a tandem affinity purification tag, we found that MIX is associated with a multiprotein complex that contains subunits of the mitochondrial cytochrome c oxidase complex (respiratory complex IV), the composition of which was characterized in detail.",coling22-mining-health-related-statements_sentence_test_causenet_evaluations.csv,121575.0,1,[],[],implicit,"[('mix', 'multiprotein complex')]",No
It lost many of its staff and students due to political disputes in 1971 that lead to the founding of Juarez-Lincoln University.,coling22-mining-health-related-statements_sentence_test_causenet_evaluations.csv,121836.0,1,[],"['due to', 'lead to']",implicit,"[('political disputes in 1971', 'founding of juarez-lincoln university')]",No
"In 2009, the New York Philharmonic chose to cancel the event for the summer of that year due to financial constraints.",coling22-mining-health-related-statements_sentence_test_causenet_evaluations.csv,122199.0,1,[],['due to'],implicit,"[('financial constraints', 'new york philharmonic chose to cancel the event')]",No
"The mutation GAG to AAG which leads to haemoglobin E, creates an alternate splice site competing with the normal splice site.",coling22-mining-health-related-statements_sentence_test_causenet_evaluations.csv,121825.0,1,[],['leads to'],implicit,"[('mutation gag to aag', 'haemoglobin e')]",No
"Inflammation leads to changes in liver structure, slowed blood circulation, and the death of liver cells (necrosis).",coling22-mining-health-related-statements_sentence_test_causenet_evaluations.csv,121638.0,1,[],['leads to'],implicit,"[('inflammation', 'changes in liver structure')]",No
"The second quarter gross margin increased 50 basis points to 35.4%, driven by a merchandise margin improvement of 20 basis points related to the company's ""profit optimization efforts"" and a 30-basis-point reduction in occupancy costs due to lower utilities and amortization expense.",coling22-mining-health-related-statements_sentence_test_causenet_evaluations.csv,121985.0,1,[],['due to'],implicit,"[('amortization expense', '30-basis-point reduction in occupancy costs')]",No
The theory of permanent revolution has long been associated with Leon Trotsky.,coling22-mining-health-related-statements_sentence_test_causenet_evaluations.csv,122109.0,1,[],[],implicit,"[('theory of permanent revolution', 'leon trotsky')]",No
"The Carclew nectarine, on the other hand, first produced half-and-half fruit, and subsequently pure peaches.",coling22-mining-health-related-statements_sentence_test_causenet_evaluations.csv,121512.0,1,[],[],implicit,"[('carclew nectarine', 'half-and-half fruit')]",No
"WASHINGTON--The U.S. intelligence community is writing a secret report warning the Clinton administration that construction of a national missile defense could trigger a wave of destabilizing events around the world and possibly endanger relations with European allies, a U.S. intelligence official said Thursday.",coling22-mining-health-related-statements_sentence_test_causenet_evaluations.csv,121990.0,1,[],[],implicit,"[('construction of a national missile defense', 'wave of destabilizing events around the world')]",No
"The boundaries of the Pine Grove Historic District were drawn on the basis of three criteria: 1) that the structures reflected the historic character of the district as an agrarian grouping, 2) that the structures were present when the Pine Grove School was built in 1865, and 3) that their owners either participated in the enactment of the school district or were historically associated with the area's settlement.",coling22-mining-health-related-statements_sentence_test_causenet_evaluations.csv,122388.0,1,[],[],implicit,"[('owners either participated in the enactment of the school district', ""area 's settlement"")]",No
The capitulation of Italy also brought with it the real threat of an invasion by the Allies of the Dalmatian coast.,coling22-mining-health-related-statements_sentence_test_causenet_evaluations.csv,122075.0,1,[],[],implicit,"[('capitulation of italy', 'real threat')]",No
This attempt to place philosophy on some sort of scientific basis failed and led to much debate.,coling22-mining-health-related-statements_sentence_test_causenet_evaluations.csv,122186.0,1,[],['led to'],implicit,"[('attempt to place philosophy on some sort of scientific basis failed', 'much debate')]",No
Wealthy nobles such as the Medici family brought art and frames into their mansion house to display paintings.,coling22-mining-health-related-statements_sentence_test_causenet_evaluations.csv,122288.0,1,[],[],implicit,"[('wealthy nobles', 'medici family brought art and frames into their mansion house to display paintings')]",No
"The proceeds from the T-shirts commemorating Clapton's influence on the Hard Rock's heritage contributed to the Crossroads Foundation, also.",coling22-mining-health-related-statements_sentence_test_causenet_evaluations.csv,122296.0,1,[],[],implicit,"[('proceeds from the t-shirts', 'crossroads foundation')]",No
"Trouble hit the Lobos again when Porterie mishandled a snap, which led to a fumble recovery by defensive end Michael Bennett.",coling22-mining-health-related-statements_sentence_test_causenet_evaluations.csv,121889.0,1,[],['led to'],implicit,"[('porterie mishandled a snap', 'fumble recovery by defensive end michael bennett')]",No
Collaborative criticism then leads to a group discussion.,coling22-mining-health-related-statements_sentence_test_causenet_evaluations.csv,121622.0,1,[],['leads to'],implicit,"[('collaborative criticism', 'group discussion')]",No
"I think it very unlikely that an elective, outpatient appointment would lead directly to institutionalization of your client, absent some clear and present danger to you, the client, or others.",coling22-mining-health-related-statements_sentence_test_causenet_evaluations.csv,121932.0,1,[],[],implicit,"[('elective , outpatient appointment', 'institutionalization of your client')]",No
"In fact, it is a normal stress-related response; however, if habitual and intense, this ""bruxism"" will lead to tooth structure breakdown, gum recession, and eventual tooth loss.",coling22-mining-health-related-statements_sentence_test_causenet_evaluations.csv,121803.0,1,[],['lead to'],implicit,"[('bruxism', 'tooth structure breakdown')]",No
"The Linux platforms early low instance of attacks was primarily due to the lack of root access required for malware to infiltrate the system, the Linux communitys ability to quickly patch vulnerabilities, and the low adoption rate of Linux in the corporate network.",coling22-mining-health-related-statements_sentence_test_causenet_evaluations.csv,121567.0,1,[],['due to'],implicit,"[('lack of root access', 'linux platforms early low instance of attacks')]",No
"In recent decades, changes in the makeup of the neighborhood, pressures of integration, and declining enrollment, brought about the eventual closing of Home Park School.",coling22-mining-health-related-statements_sentence_test_causenet_evaluations.csv,122378.0,1,[],[],implicit,"[('declining enrollment', 'eventual closing of home park school')]",No
"In 2009, this system will undergo a major reform leading to the establishment of a two-tier judicial system with a United Nations Dispute Tribunal and a United Nations Appeals Tribunal.",coling22-mining-health-related-statements_sentence_test_causenet_evaluations.csv,121820.0,1,[],['leading to'],implicit,"[('major reform', 'establishment of a two-tier judicial system')]",No
"That dispute arose when HRS found indications of abuse resulting from medical neglect of a patient at another nursing home, according to records on file.",coling22-mining-health-related-statements_sentence_test_causenet_evaluations.csv,122421.0,1,[],[],implicit,"[('medical neglect of a patient at another nursing home', 'abuse')]",No
"This postulate, together with the 1953 Miller-Urey experiment which showed that sparks ignited in a chemical broth over several days could make amino acids, combined with recent fossil records indicated that bacterial existed on the earth about 3.85 billion years ago, have led to the belief that once upon a time, three or four billion years ago, lightning struck a puddle of water containing a kind of warm chemical chicken broth and triggered the formation of amino acids, the building blocks of life.",coling22-mining-health-related-statements_sentence_test_causenet_evaluations.csv,121855.0,1,[],['led to'],implicit,"[('lightning struck a puddle of water', 'formation of amino acids')]",No
The reason behind this fact is that Symbian and Qt kit will run on latest devices and hence lead to larger target market.,coling22-mining-health-related-statements_sentence_test_causenet_evaluations.csv,121865.0,1,[],"['hence', 'lead to']",implicit,"[('symbian and qt kit', 'larger target market')]",No
"The canopy is attributed to Thomas Thurland, the Purbeck Marble slab to William de Amyas and the alabaster table to John Tannesley.",coling22-mining-health-related-statements_sentence_test_causenet_evaluations.csv,121393.0,1,[],[],implicit,"[('thomas thurland', 'canopy')]",No
"This success led to widespread criticism of the UK government throughout the British press, and many argued that the M.52 program should be revived.",coling22-mining-health-related-statements_sentence_test_causenet_evaluations.csv,122350.0,1,[],['led to'],implicit,"[('success', 'widespread criticism of the uk government throughout the british press')]",No
"Model studies focused on this drainage are needed to assess the possibility that the ongoing thinning will lead to retreat from a prominent bedrock sill, which in turn might trigger major changes in the ice sheet, contributing to sea level.",coling22-mining-health-related-statements_sentence_test_causenet_evaluations.csv,121657.0,1,[],['lead to'],implicit,"[('retreat from a prominent bedrock sill', 'major changes in the ice sheet')]",No
"The increase in the number of shareholders who own small numbers of shares is due, in large part, to the number of CIRI shareholders who pass away without a will.",coling22-mining-health-related-statements_sentence_test_causenet_evaluations.csv,121607.0,1,[],[],implicit,"[('number of ciri shareholders', 'increase in the number of shareholders who own small numbers of shares')]",No
The gaming industry has changed radically since Pong and Pac-Man were causing traffic jams at your local arcade.,coling22-mining-health-related-statements_sentence_test_causenet_evaluations.csv,121729.0,1,[],['since'],implicit,"[('pac-man', 'traffic jams at your local arcade')]",No
"Although these worshipers of idols professed to be converted, they brought their idolatry with them into the church, only changing the objects of their worship to images of saints, and even of Christ and of Mary His mother.",coling22-mining-health-related-statements_sentence_test_causenet_evaluations.csv,121920.0,1,[],[],implicit,"[('worshipers of idols professed to be converted', 'brought their idolatry with them into the church')]",No
The sport is directly associated with weight gain and muscle development and requires a lot of determination and hard work.,coling22-mining-health-related-statements_sentence_test_causenet_evaluations.csv,122050.0,1,[],[],implicit,"[('sport', 'weight gain')]",No
The stories led to the resignation of two board members and fostered discussion on the subject across other Vermont communities.,coling22-mining-health-related-statements_sentence_test_causenet_evaluations.csv,121701.0,1,[],['led to'],implicit,"[('stories', 'resignation of two board members and fostered discussion on the subject across other vermont communities')]",No
"Therefore, iron deficiency leads to more subtle effects.",coling22-mining-health-related-statements_sentence_test_causenet_evaluations.csv,122283.0,1,[],"['Therefore', 'leads to']",implicit,"[('iron deficiency', 'more subtle effects')]",No
Indeterministic principles provide the basis for evaluating probabilities associated with the random part of the physical phenomenon governing the event or the data collection process.,coling22-mining-health-related-statements_sentence_test_causenet_evaluations.csv,121740.0,1,[],[],implicit,"[('random part of the physical phenomenon', 'evaluating probabilities')]",No
"Nevertheless, the important goal underlying these suits - enforcing and extending the separation between church and state - should encourage future lawsuits brought by atheists.",coling22-mining-health-related-statements_sentence_test_causenet_evaluations.csv,121491.0,1,[],[],implicit,"[('atheists', 'future lawsuits')]",No
"If they say ""holocaust,"" then we're all supposed to activate the profound emotions associated with the Jewish Holocaust.",coling22-mining-health-related-statements_sentence_test_causenet_evaluations.csv,122205.0,1,[],[],implicit,"[('jewish holocaust', 'profound emotions')]",No
"The death of Fernando Cortez Jr., a high school student, on March 31, 2007, led to further community activism.",coling22-mining-health-related-statements_sentence_test_causenet_evaluations.csv,122355.0,1,[],['led to'],implicit,"[('death of fernando cortez jr .', 'further community activism')]",No
"They tend to promote those who share their opinions, which inevitably leads to self-perpetuating oligarchy.",coling22-mining-health-related-statements_sentence_test_causenet_evaluations.csv,122302.0,1,[],['leads to'],implicit,"[('promote those who share their opinions', 'self-perpetuating oligarchy')]",No
"The benefits are the reductions of those damages resulting from the regulatory action or, in other words, the avoided adverse environmental and health effects.",coling22-mining-health-related-statements_sentence_test_causenet_evaluations.csv,121414.0,1,[],[],implicit,"[('regulatory action', 'reductions of those damages')]",No
The decay of the neutron into the proton leads to a less stable energy system in which one of the poles of oscillation are dissociated between positive and negative electromagnetic charges.,coling22-mining-health-related-statements_sentence_test_causenet_evaluations.csv,121556.0,1,[],['leads to'],implicit,"[('decay of the neutron into the proton', 'less stable energy system')]",No
"Importantly, we discovered that the ventilation changed with time in both spaces, but the controlling time scale was associated with the larger space.",coling22-mining-health-related-statements_sentence_test_causenet_evaluations.csv,121419.0,1,[],[],implicit,"[('controlling time scale', 'larger space')]",No
The attempts often lead to incongruities and discontinuities of narrative.,coling22-mining-health-related-statements_sentence_test_causenet_evaluations.csv,122227.0,1,[],['lead to'],implicit,"[('attempts', 'discontinuities of narrative')]",No
Many patients with liver cancer have impaired liver function due to underlying cirrhosis and/or the tumors themselves.,coling22-mining-health-related-statements_sentence_test_causenet_evaluations.csv,121531.0,1,[],['due to'],implicit,"[('underlying cirrhosis and/or the tumors', 'impaired liver function')]",No
"Different arguments led to a points deduction in both cases, so our deductions have ranged from 15 to 20 points.",coling22-mining-health-related-statements_sentence_test_causenet_evaluations.csv,121571.0,1,[],['led to'],implicit,"[('different arguments', 'points deduction')]",No
"Evil people perform a service, associated with the lesson of choice.",coling22-mining-health-related-statements_sentence_test_causenet_evaluations.csv,122356.0,1,[],[],implicit,"[('lesson of choice', 'evil people perform a service')]",No
"Farben monopoly produced the Zyklon B gas used to exterminate prisoners, as well as many other products for the Nazi war machine.",coling22-mining-health-related-statements_sentence_test_causenet_evaluations.csv,121483.0,1,[],[],implicit,"[('farben monopoly', 'zyklon b gas used to exterminate prisoners')]",No
The collisions of the flowing electrons in the plasma with the inert gas atoms leads to light emission; such light-emitting plasmas are known as glow discharges.,coling22-mining-health-related-statements_sentence_test_causenet_evaluations.csv,122151.0,1,[],['leads to'],implicit,"[('collisions of the flowing electrons in the plasma with the inert gas atoms', 'light emission')]",No
"The nose offers layers of lavender, blueberry, anise, baking spices and vanilla that lead to a full, rich palate of well developed flavors of blueberry, plum, black cherry, dark chocolate, vanilla and toasty oak.",coling22-mining-health-related-statements_sentence_test_causenet_evaluations.csv,121928.0,1,[],['lead to'],implicit,"[('layers of lavender', 'full , rich palate of well developed flavors of blueberry')]",No
The program's numerous delays were due to both equipment and software problems.,coling22-mining-health-related-statements_sentence_test_causenet_evaluations.csv,121977.0,1,[],['due to'],implicit,"[('software problems', ""program 's numerous delays"")]",No
"Nelson studied twenty-one college freshmen enrolled in an introductory cognitive psychology class to determine how students understood the teacher's research paper assignments, whether students took extensive notes and produced multiple drafts, and whether these ""high-investment"" reading and writing processes led to higher-quality papers.",coling22-mining-health-related-statements_sentence_test_causenet_evaluations.csv,121772.0,1,[],['led to'],implicit,"[('high-investment `` reading and writing processes', 'higher-quality papers')]",No
They do coast out there at times and coupled with the fact that the Heat are going to get whatever teams best that particular night can lead to a lot of stress on us fans.,coling22-mining-health-related-statements_sentence_test_causenet_evaluations.csv,121713.0,1,[],['lead to'],implicit,"[('heat are going to get whatever teams best that particular night', 'lot of stress on us fans')]",No
"Also, the improvements in rural communities, thanks to the OIT/PRD coalition government, will have led, according to him, to a discontent from the state government and especially from local bosses, a discontent which is contrary to the pacific model of transition to a just democracy which contradicts their interests in political and economic control.",coling22-mining-health-related-statements_sentence_test_causenet_evaluations.csv,122056.0,1,[],['thanks to'],implicit,"[('improvements in rural communities', 'discontent from the state government')]",No
Such autopsy cells might have suffered mitotic or chromosome segregation defects due to anoxia prior to harvest.,coling22-mining-health-related-statements_sentence_test_causenet_evaluations.csv,122243.0,1,[],['due to'],implicit,"[('anoxia', 'chromosome segregation defects')]",No
This get-yours-now-for-yourself society has led to a complete lack of civility with an in-your-face attitude.,coling22-mining-health-related-statements_sentence_test_causenet_evaluations.csv,121637.0,1,[],['led to'],implicit,"[('get-yours-now-for-yourself society', 'complete lack of civility')]",No
It is indicated wherever tension and anxiety are associated with menopause.,coling22-mining-health-related-statements_sentence_test_causenet_evaluations.csv,121710.0,1,[],[],implicit,"[('tension', 'menopause')]",No
A better understanding of the atmosphere of Venus will lead as well to a better understanding of processes in our own atmosphere.,coling22-mining-health-related-statements_sentence_test_causenet_evaluations.csv,121846.0,1,[],[],implicit,"[('better understanding of the atmosphere of venus', 'better understanding of processes in our own atmosphere')]",No
"The path that leads to the tap was once well trodden, but now is all overgrown.",coling22-mining-health-related-statements_sentence_test_causenet_evaluations.csv,122224.0,1,[],['leads to'],implicit,"[('path', 'tap was once well trodden')]",No
"Another 17th century French philosopher, Blaise Pascal, recognized the problems associated with the above-mentioned dualism of new science and traditional belief.",coling22-mining-health-related-statements_sentence_test_causenet_evaluations.csv,122282.0,1,[],[],implicit,"[('above-mentioned dualism of new science', 'problems')]",No
Such a cry and demonstration that came from Thomas brought a specific response from Jesus.,coling22-mining-health-related-statements_sentence_test_causenet_evaluations.csv,122164.0,1,[],[],implicit,"[('cry and demonstration', 'specific response from jesus')]",No
"The AqF significantly reduced the formation of lesions associated with HCl, ethanol, indomethacin and bethanechol administration.",coling22-mining-health-related-statements_sentence_test_causenet_evaluations.csv,122261.0,1,[],[],implicit,"[('indomethacin', 'formation of lesions')]",No
"The Turks could maintain their stranglehold over Serbia with their brute force leading to many bloodied waves of forced migrations, incineration of villages, destruction of churches and mass slaughter of the Serbian population.",coling22-mining-health-related-statements_sentence_test_causenet_evaluations.csv,121609.0,1,[],['leading to'],implicit,"[('turks could maintain their stranglehold over serbia with their brute force', 'bloodied waves')]",No
Higher interest rates deflate the economy and lead to increased unemployment.,coling22-mining-health-related-statements_sentence_test_causenet_evaluations.csv,121901.0,1,[],['lead to'],implicit,"[('higher interest rates deflate the economy', 'increased unemployment')]",No
The 1896 French colonisation of Madagascar brought an end to the rule of the Merina sovereigns.,coling22-mining-health-related-statements_sentence_test_causenet_evaluations.csv,121934.0,1,[],[],implicit,"[('1896 french colonisation of madagascar', 'end to the rule of the merina sovereigns')]",No
"NACP III may be on track, but AIDS managers need to factor in the reality that the economic slowdown has led to the shrinking of global funds and most countries would have to make critical choices in financing.",coling22-mining-health-related-statements_sentence_test_causenet_evaluations.csv,122251.0,1,[],['led to'],implicit,"[('economic slowdown', 'shrinking of global funds')]",No
"{9} The country was awakening to the promise of America, and the ground was being prepared for the mass movement of people that followed the Civil War.",coling22-mining-health-related-statements_sentence_test_causenet_evaluations.csv,121775.0,1,[],[],implicit,"[('civil war', 'mass movement of people')]",No
"They say that modest reduction will lead to modest weight loss, which in turn leads to modest reductions in diabetes.",coling22-mining-health-related-statements_sentence_test_causenet_evaluations.csv,121905.0,1,[],"['lead to', 'leads to']",implicit,"[('modest weight loss', 'modest reductions in diabetes')]",No
"Swelling of the damaged muscle occasionally leads to compartment syndrome, the compression by swollen muscle of surrounding tissues in the same fascial compartment (such as nerves and blood vessels), leading to damage or loss of function in the part of the body supplied by these structures.",coling22-mining-health-related-statements_sentence_test_causenet_evaluations.csv,122140.0,1,[],"['leads to', 'leading to']",implicit,"[('swelling of the damaged muscle', 'compartment syndrome')]",No
"Alanna has worked and lived in several resort towns, which leads to her widespread Timeshare Realtor experience.",coling22-mining-health-related-statements_sentence_test_causenet_evaluations.csv,121757.0,1,[],['leads to'],implicit,"[('alanna has worked and lived in several resort towns', 'widespread timeshare realtor experience')]",No
"The engagement signaled the beginning of the Union Army's relentless pursuit of the Confederate forces (Army of Northern Virginia and Richmond local defense forces) after the fall of Petersburg and Richmond after the Third Battle of Petersburg (sometimes known as the Breakthrough at Petersburg or Fall of Petersburg), which led to the near disintegration of Lee's forces within 6 days and the Army of Northern Virginia's surrender at Appomattox Court House, Virginia on April 9, 1865.",coling22-mining-health-related-statements_sentence_test_causenet_evaluations.csv,122178.0,1,[],['led to'],implicit,"[('third battle of petersburg', ""near disintegration of lee 's forces"")]",No
"The vertical and horizontal structure includes inversions, intrusions, steps, thermostads, eddies, low salinity layers at the surface due to rainfall and runoff, and unusual vertical structure associated with interactions between strong coastal currents and the continental slope.",coling22-mining-health-related-statements_sentence_test_causenet_evaluations.csv,121490.0,1,[],['due to'],implicit,"[('interactions between strong coastal currents', 'unusual vertical structure')]",No
The familiar Gershwin standard I Got Rhythm was played at a breakneck tempo with Pizzarelli's guitar solo doubled by scat vocal that brought a roar from the crowd upon its completion.,coling22-mining-health-related-statements_sentence_test_causenet_evaluations.csv,121537.0,1,[],[],implicit,"[(""pizzarelli 's guitar solo doubled by scat vocal"", 'roar from the crowd upon its completion')]",No
"Confronted by such questions of difference, many feminists have endorsed the sort of procedures associated with deliberative democracy or discourse ethics.",coling22-mining-health-related-statements_sentence_test_causenet_evaluations.csv,121873.0,1,[],[],implicit,"[('discourse ethics', 'feminists have endorsed the sort of procedures')]",No
The next-gen consoles have started a rage leading to excellent graphics.,coling22-mining-health-related-statements_sentence_test_causenet_evaluations.csv,121681.0,1,[],['leading to'],implicit,"[('rage', 'excellent graphics')]",No
"About: Despite progress resulting from the country's European Union accession process, there are serious concerns about the future of liberal democracy in Turkey, particularly for freedom of expression.",coling22-mining-health-related-statements_sentence_test_causenet_evaluations.csv,122179.0,1,[],[],implicit,"[(""country 's european union accession process"", 'progress')]",No
Placing notices in Announce also contributed to timely renewals.,coling22-mining-health-related-statements_sentence_test_causenet_evaluations.csv,121827.0,1,[],[],implicit,"[('placing notices in announce', 'timely renewals')]",No
"According to Weber, the Protestant religion was a precondition for capitalistic development for two reasons: Protestant ethics led to an ascetic life style which, instead of advocating affluence, reinvested the proceeds.",coling22-mining-health-related-statements_sentence_test_causenet_evaluations.csv,121801.0,1,[],['led to'],implicit,"[('protestant ethics', 'ascetic life style')]",No
The source of the relatively high concentrations of phosphorus in ground water may be fertilizers or naturally occurring phosphatic materials associated with silt and clays.,coling22-mining-health-related-statements_sentence_test_causenet_evaluations.csv,121735.0,1,[],[],implicit,"[('clays', 'naturally occurring phosphatic materials')]",No
"The dizziness can be associated with nausea, vomiting, sensitivity to light, sensitivity to sound, visual changes, and inability to continue normal activities.",coling22-mining-health-related-statements_sentence_test_causenet_evaluations.csv,122215.0,1,[],[],implicit,"[('dizziness', 'visual changes')]",No
Our previous studies revealed that the -1306C-->T and -735C-->T polymorphisms in MMP2 promoter significantly influence transcriptional activity and their genotypes and haplotypes are associated with susceptibility to several cancers.,coling22-mining-health-related-statements_sentence_test_causenet_evaluations.csv,121783.0,1,[],[],implicit,"[('haplotypes', 'susceptibility')]",No
"In addition, exposure to tobacco smoke was associated with a three-fold increase in levels of the carcinogen.",coling22-mining-health-related-statements_sentence_test_causenet_evaluations.csv,121527.0,1,[],[],implicit,"[('exposure to tobacco smoke', 'three-fold increase in levels of the carcinogen')]",No
"The East Coast has its enclaves of a gambling industry associated with fast cars, desperate people, organized crime, and the consistent hemorrhaging of savings accounts, paychecks, a school tuition.",coling22-mining-health-related-statements_sentence_test_causenet_evaluations.csv,121612.0,1,[],[],implicit,"[('fast cars', 'enclaves of a gambling industry')]",No
"Furthermore, our results are leading to a collaboration with Tracy Galarowicz at Central Michigan University to work on larger ecological questions associated with how feeding behavior during the early life stages of fishes affects the choice on when to become piscivorous.",coling22-mining-health-related-statements_sentence_test_causenet_evaluations.csv,121840.0,1,[],['leading to'],implicit,"[('feeding behavior during the early life stages of fishes', 'larger ecological questions')]",No
Her successful voyage brought a measure of prosperity and was seen as an American economic salvation.,coling22-mining-health-related-statements_sentence_test_causenet_evaluations.csv,122119.0,1,[],[],implicit,"[('successful voyage', 'measure of prosperity')]",No
"However, the levels of fenugreek seed that have been associated with lower blood sugar and cholesterol values are quite high at 15-20 grams per day.",coling22-mining-health-related-statements_sentence_test_causenet_evaluations.csv,121830.0,1,[],[],implicit,"[('levels of fenugreek seed', 'lower blood sugar')]",No
It was here that I also witnessed the severe mental health implications associated with the abuse of drugs.,coling22-mining-health-related-statements_sentence_test_causenet_evaluations.csv,121476.0,1,[],[],implicit,"[('abuse of drugs', 'severe mental health implications')]",No
This ease is thankfully attributed to the internet that has razed the wall of distance between medicinal developments and people.,coling22-mining-health-related-statements_sentence_test_causenet_evaluations.csv,121970.0,1,[],[],implicit,"[('internet', 'ease')]",No
"However, two famous victims are Livejournal, which has a half-zillion clones at this point (all of them near-perfect clones in fact, due to the site's open-source codebase), and deviantART, whose restrictive policies led to the creation of SheezyArt and later FurAffinity.",coling22-mining-health-related-statements_sentence_test_causenet_evaluations.csv,121643.0,1,[],"['due to', 'led to']",implicit,"[('restrictive policies', 'creation of sheezyart')]",No
He is responsible for overseeing a range of activities associated with transforming Laboratory technology visions into prototype systems for field and flight testing as well as operational employment.,coling22-mining-health-related-statements_sentence_test_causenet_evaluations.csv,122376.0,1,[],[],implicit,"[('transforming laboratory technology visions into prototype systems', 'range of activities')]",No
"Scotty's problems are a direct result of Beverly's fascination with pharmaceuticals, but in a classic case of denial, Beverly scapegoats 'illegal drugs' for her own failures as a parent.Before you start throwing stones, Beverly, take a critical look inside your own 'medicine' cabinet.",coling22-mining-health-related-statements_sentence_test_causenet_evaluations.csv,121936.0,1,[],[],implicit,"[(""beverly 's fascination with pharmaceuticals"", ""scotty 's problems"")]",No
"The decrease in R&D expenses in 2007 reflected the non-recurrence of costs associated with the BLA, which were incurred in 2006, and the termination of the Company's pexelizumab programs in 2006.",coling22-mining-health-related-statements_sentence_test_causenet_evaluations.csv,122420.0,1,[],[],implicit,"[(""termination of the company 's pexelizumab programs"", 'non-recurrence of costs')]",No
I worry that we are heading for a replay of the events that led to the war with Iraq.,coling22-mining-health-related-statements_sentence_test_causenet_evaluations.csv,122135.0,1,[],['led to'],implicit,"[('replay of the events', 'war with iraq')]",No
"The resulting permafrost thaw and subsidence often leads to local flooding, drainage diversion, and soil erosion.",coling22-mining-health-related-statements_sentence_test_causenet_evaluations.csv,121782.0,1,[],['leads to'],implicit,"[('permafrost thaw', 'soil erosion')]",No
"As vulnerabilities and risks associated with air carriers and commercial operators have been reduced or mitigated, terrorists may perceive that GA aircraft are more vulnerable and may view them as attractive targets.",coling22-mining-health-related-statements_sentence_test_causenet_evaluations.csv,121875.0,1,[],[],implicit,"[('air carriers and commercial operators', 'vulnerabilities and risks')]",No
This bias is due to the body's natural destruction and replacement of red blood cells.,coling22-mining-health-related-statements_sentence_test_causenet_evaluations.csv,121480.0,1,[],['due to'],implicit,"[('replacement of red blood cells', 'bias')]",No
"I'm still paying medical bills, Mara'smom - Mara's mom- my 16 year old daughter took loestrin 24 fe for only a month, she began complaining of numbness which led to slurred speech.",coling22-mining-health-related-statements_sentence_test_causenet_evaluations.csv,121856.0,1,[],['led to'],implicit,"[('numbness', 'slurred speech')]",No
The mixture of oil in the fuel produced high amounts of smoke.,coling22-mining-health-related-statements_sentence_test_causenet_evaluations.csv,121688.0,1,[],[],implicit,"[('mixture of oil in the fuel', 'high amounts of smoke')]",No
"Bats are also known for forming colonies inside attics, which can lead to significant damage to your Gulf Shores, AL home.",coling22-mining-health-related-statements_sentence_test_causenet_evaluations.csv,121410.0,1,[],['lead to'],implicit,"[('forming colonies inside attics', 'significant damage to your gulf shores')]",No
"When used appropriately, the application of the tape measure will generate observed measurements (e.g., inches, millimeters, feet) that correspond closely to actual differences in height.",coling22-mining-health-related-statements_sentence_test_causenet_evaluations.csv,121565.0,1,[],[],implicit,"[('application of the tape measure', 'observed measurements')]",No
"One of the rationales expressed then, especially as regarded computing software and hardware, was that the competition of the marketplace would lead to better quality products.",coling22-mining-health-related-statements_sentence_test_causenet_evaluations.csv,122287.0,1,[],['lead to'],implicit,"[('competition of the marketplace', 'better quality products')]",No
"This rationale would be consistent with such statements as 'I see how these events could lead to serious situations and threaten law and order and property' (Rabuka, quoted in Robie 1989: 221).",coling22-mining-health-related-statements_sentence_test_causenet_evaluations.csv,121791.0,1,[],['lead to'],implicit,"[('events', 'serious situations')]",No
The Secretary has little authority over matters of law but some deference is due to the Secretary's interpretation of the Highway Beautification Act.,coling22-mining-health-related-statements_sentence_test_causenet_evaluations.csv,121880.0,1,[],['due to'],implicit,"[(""secretary 's interpretation of the highway beautification act"", 'deference')]",No
"My high school English teacher brought humor, discipline, and structure into her classes.",coling22-mining-health-related-statements_sentence_test_causenet_evaluations.csv,121819.0,1,[],[],implicit,"[('high school english teacher brought humor', 'discipline')]",No
"and benefit of any persons intended to be protected thereby and shall be conditioned on the payment of any damages to public or private property and the payment for any damages or losses resulting from any malfeasance, misfeasance, or nonfeasance or negligence in connection with any of the activities or conditions upon which the permit applied for is granted.",coling22-mining-health-related-statements_sentence_test_causenet_evaluations.csv,122254.0,1,[],[],implicit,"[('nonfeasance', 'damages')]",No
This finding suggests a relationship between the pathogenetic mechanisms causing inclusion body formation and abnormalities of the GA-TGN.,coling22-mining-health-related-statements_sentence_test_causenet_evaluations.csv,121381.0,1,[],[],implicit,"[('pathogenetic mechanisms', 'abnormalities of the ga-tgn')]",No
Even a small mistake or straightforward negligence can lead to a pricey transmission repair system.,coling22-mining-health-related-statements_sentence_test_causenet_evaluations.csv,121425.0,1,[],['lead to'],implicit,"[('small mistake', 'pricey transmission repair system')]",No
"A main feature of cancer cells, when compared to normal ones, is a persistent pro-oxidative state that leads to an intrinsic oxidative stress.",coling22-mining-health-related-statements_sentence_test_causenet_evaluations.csv,121717.0,1,[],['leads to'],implicit,"[('persistent pro-oxidative state', 'intrinsic oxidative stress')]",No
"In many cases, this could be considered an asset due to speed increases associated with many minimalist programs.",coling22-mining-health-related-statements_sentence_test_causenet_evaluations.csv,121967.0,1,[],['due to'],implicit,"[('minimalist programs', 'speed increases')]",No
The TC also pro-motes school-wide inter-departmental convergence that leads to estab-lishment of various research groups in a interdis-ciplinary and multi-disciplinary approach.,coling22-mining-health-related-statements_sentence_test_causenet_evaluations.csv,122187.0,1,[],['leads to'],implicit,"[('tc also pro-motes school-wide inter-departmental convergence', 'estab-lishment of various research groups')]",No
Social media traffic can generate a considerable amount of links to a single web page.,coling22-mining-health-related-statements_sentence_test_causenet_evaluations.csv,122264.0,1,[],[],implicit,"[('social media traffic', 'considerable amount of links to a single web page')]",No
"Accordingly, some domain name registrations and uses have led to trademark and other disputes.",coling22-mining-health-related-statements_sentence_test_causenet_evaluations.csv,121814.0,1,[],"['Accordingly', 'led to']",implicit,"[('domain name registrations', 'trademark')]",No
"Corez was getting real frustrated and brought a chair in at one point, but the ref took that away and the slight distraction allowed Torres to spear Corez to the mat and pummel him with punches.",coling22-mining-health-related-statements_sentence_test_causenet_evaluations.csv,121431.0,1,[],[],implicit,"[('corez was getting real frustrated', 'brought a chair in at one point')]",No
"While cycling is predominantly a dynamic activity (continuous movement), rather than a static activity (such as weight-lifting), this difference could be explained by the fact that cycling involves static activity of the upper part of the body and by the increase of blood pressure associated with intensive cycling.",coling22-mining-health-related-statements_sentence_test_causenet_evaluations.csv,121897.0,1,[],[],implicit,"[('intensive cycling', 'increase of blood pressure')]",No
"A decline in urine pH from 6.0 to 5.0 increases urine uric acid six-fold, while increases in excretion due to production only two-fold.",coling22-mining-health-related-statements_sentence_test_causenet_evaluations.csv,122184.0,1,[],['due to'],implicit,"[('production only two-fold', 'increases in excretion')]",No
Lack of sleep can lead to stress issues which can lead to behavioural problems or physical illness.,coling22-mining-health-related-statements_sentence_test_causenet_evaluations.csv,121378.0,1,[],"['lead to', 'lead to']",implicit,"[('lack of sleep', 'stress issues')]",No
"Any sight, smell, sound, or thought that is related to trauma can trigger a particular feeling or memory.",coling22-mining-health-related-statements_sentence_test_causenet_evaluations.csv,121641.0,1,[],[],implicit,"[('sound', 'particular feeling')]",No
"In particular, social problems associated with the overallocation and misallocation of total water resources, and substantial threats to significant ecological resources such as the Colorado River delta, are all reaching critical levels as demands for the limited resources of the basin are increasing.",coling22-mining-health-related-statements_sentence_test_causenet_evaluations.csv,122317.0,1,[],[],implicit,"[('misallocation of total water resources', 'social problems')]",No
Elevated levels of phosphorylated cAMP response element binding protein is associated with lung tumorigenesis.,coling22-mining-health-related-statements_sentence_test_causenet_evaluations.csv,121445.0,1,[],[],implicit,"[('elevated levels of phosphorylated camp response element binding protein', 'lung tumorigenesis')]",No
"Soul music was enabled by the commercial boom of ""race"" music, that had led to the creation of channels and infrastructures run by black enterpreneurs for black artists.",coling22-mining-health-related-statements_sentence_test_causenet_evaluations.csv,121530.0,1,[],['led to'],implicit,"[('commercial boom of `` race `` music', 'creation of channels and infrastructures')]",No
Tens of millions of Chinese are estimated to try to leave the country's impoverished interior and northern regions - where water and fuelwood are desperately scarce and the land often badly damaged - for booming coastal cities which can lead to bitter disputes among these regions over water sharing and migration.,coling22-mining-health-related-statements_sentence_test_causenet_evaluations.csv,121443.0,1,[],['lead to'],implicit,"[('booming coastal cities', 'bitter disputes among these regions over water sharing')]",No
"Future lease termination, severance, and other cash exit costs associated with the store closings could be in the range of $25 million to $35 million.",coling22-mining-health-related-statements_sentence_test_causenet_evaluations.csv,122339.0,1,[],[],implicit,"[('store closings', 'cash exit costs')]",No
And it turns out the same Cali locale that brought us Kristin Cavallari gave rise to the line that is making the coolest ones around.,coling22-mining-health-related-statements_sentence_test_causenet_evaluations.csv,121845.0,1,[],[],implicit,"[('cali locale', 'kristin cavallari gave rise to the line')]",No
It just goes to show you how a little bit of creative marketing can generate huge dividends (literally!),coling22-mining-health-related-statements_sentence_test_causenet_evaluations.csv,122246.0,1,[],[],implicit,"[('little bit of creative marketing', 'huge dividends')]",No
The modification of proteins leads to protein degradation and activation of a cytokine-mediated immune response [32].,coling22-mining-health-related-statements_sentence_test_causenet_evaluations.csv,122180.0,1,[],['leads to'],implicit,"[('modification of proteins', 'protein degradation')]",No
The BAV file type is primarily associated with 'AVG' by AVG Technologies.,coling22-mining-health-related-statements_sentence_test_causenet_evaluations.csv,121728.0,1,[],[],implicit,"[('bav file type', 'avg')]",No
"Players who lose focus can sometimes trigger a chain reaction, which culminates in a breakdown of team cohesion, also.",coling22-mining-health-related-statements_sentence_test_causenet_evaluations.csv,121722.0,1,[],[],implicit,"[('players who lose focus', 'chain reaction')]",No
Stringent fiscal policies and balanced development programs on behalf of the Government of Ecuador brought the situation under control and the GDP improved.,coling22-mining-health-related-statements_sentence_test_causenet_evaluations.csv,122182.0,1,[],[],implicit,"[('balanced development programs on behalf of the government of ecuador', 'situation under control')]",No
Having regard to what I have hitherto said I am satisfied that the failure of the defendants to appeal within the time prescribed by law was entirely due to the mistakes of their counsel.,coling22-mining-health-related-statements_sentence_test_causenet_evaluations.csv,122365.0,1,[],['due to'],implicit,"[('mistakes of their counsel', 'failure of the defendants to appeal within the time prescribed by law')]",No
"The web conference was the result of a special, but tragic connection between the students and shuttle commander Mark Kelly.",coling22-mining-health-related-statements_sentence_test_causenet_evaluations.csv,122273.0,1,[],[],implicit,"[('special , but tragic connection', 'web conference')]",No
Competition through the market system leads to such a co-ordination.,coling22-mining-health-related-statements_sentence_test_causenet_evaluations.csv,122277.0,1,[],['leads to'],implicit,"[('competition through the market system', 'co-ordination')]",No
"Many conservatives are personally familiar with this approach after discovering that, unbeknownst to them, their desire for decreased taxation or a privatized Post Office is a result of their latent religious fundamentalism, homophobia, and hatred for all living things.",coling22-mining-health-related-statements_sentence_test_causenet_evaluations.csv,122094.0,1,[],[],implicit,"[('hatred for all living things', 'desire for decreased taxation')]",No
`` The exercise focused on a wide range of communications problems and solutions associated with Homeland Defense.,coling22-mining-health-related-statements_sentence_test_causenet_evaluations.csv,121862.0,1,[],[],implicit,"[('homeland defense', 'wide range of communications problems')]",No
"Even an extremely sedentary existence, without injury or tension, can lead to degeneration of the Chi network through irregular use or poor maintenance.",coling22-mining-health-related-statements_sentence_test_causenet_evaluations.csv,121497.0,1,[],['lead to'],implicit,"[('extremely sedentary existence', 'degeneration of the chi network')]",No
"The optimist in us will also remember the great starts that led to good, solid finishes.",coling22-mining-health-related-statements_sentence_test_causenet_evaluations.csv,121435.0,1,[],['led to'],implicit,"[('great starts', 'good , solid finishes')]",No
This loss in population followed a national trend and was a delayed result of the decline of Harrisburg's steel industry.,coling22-mining-health-related-statements_sentence_test_causenet_evaluations.csv,121954.0,1,[],[],implicit,"[('national trend', 'loss in population')]",No
"The CIR thus acknowledged the externality associated with hiring immigrants in many cases, and offered one solution--require US business to do more.",coling22-mining-health-related-statements_sentence_test_causenet_evaluations.csv,121693.0,1,[],['thus'],implicit,"[('hiring immigrants', 'externality')]",No
Naming a beneficiary designation allows you the opportunity to instruct direct distribution and avoid the probate costs associated with a will or your estate.,coling22-mining-health-related-statements_sentence_test_causenet_evaluations.csv,121639.0,1,[],[],implicit,"[('will or your estate', 'probate costs')]",No
"This state of spiritual delusion is in a superficial, egotistical way pleasurable, but can lead to madness and suicide, and, according to the hesychast fathers, makes salvation impossible.",coling22-mining-health-related-statements_sentence_test_causenet_evaluations.csv,121562.0,1,[],['lead to'],implicit,"[('state of spiritual delusion', 'madness')]",No
"Heaviness and associated discomfort during the week prior to each menstrual cycle may be associated with tender, lumpy breast areas.",coling22-mining-health-related-statements_sentence_test_causenet_evaluations.csv,122148.0,1,[],[],implicit,"[('heaviness', 'tender , lumpy breast areas')]",No
"Tan settled into a lucrative business-writing career, but restlessness led her to a writing workshop.",coling22-mining-health-related-statements_sentence_test_causenet_evaluations.csv,122408.0,1,[],[],implicit,"[('restlessness', 'writing workshop')]",No
"On April 1, 2009 the Company was added to the S&P MidCap 400 Index, issued an additional approximate 3.0 million common shares and revised its EPS guidance by $.03 per diluted share and FFO guidance by $.07 per diluted share to reflect dilution resulting from the offering.",coling22-mining-health-related-statements_sentence_test_causenet_evaluations.csv,121704.0,1,[],[],implicit,"[('offering', 'dilution')]",No
"Also examined are geochemical fluxes among reservoirs associated with lithospheric mantle, underlying convective mantle, and subducted slabs.",coling22-mining-health-related-statements_sentence_test_causenet_evaluations.csv,121978.0,1,[],[],implicit,"[('lithospheric mantle', 'geochemical fluxes among reservoirs')]",No
The ripple effect of the shutting down of many industries has led to parts shortages in many industrial sectors worldwide.,coling22-mining-health-related-statements_sentence_test_causenet_evaluations.csv,121689.0,1,[],['led to'],implicit,"[('ripple effect', 'parts shortages in many industrial sectors')]",No
"The technique is being tested as an alternative fish management approach for invasive fish species, as well as to assess the effects of increasing aqueous carbon dioxide associated with climate change on native and invasive salmonids at the Bozeman Fish Technology Center.",coling22-mining-health-related-statements_sentence_test_causenet_evaluations.csv,122190.0,1,[],[],implicit,"[('climate change on native and invasive salmonids', 'increasing aqueous carbon dioxide')]",No
"Moreover, you may have significant yield reductions due to early season competition.",coling22-mining-health-related-statements_sentence_test_causenet_evaluations.csv,122385.0,1,[],['due to'],implicit,"[('early season competition', 'significant yield reductions')]",No
* Prostate cancer in BRCA2 germline mutation carriers is associated with poorer prognosis.,coling22-mining-health-related-statements_sentence_test_causenet_evaluations.csv,121725.0,1,[],[],implicit,"[('prostate cancer in brca2 germline mutation carriers', 'poorer prognosis')]",No
Publisher Full Text Brodeur R: The audible release associated with joint manipulation.,coling22-mining-health-related-statements_sentence_test_causenet_evaluations.csv,122348.0,1,[],[],implicit,"[('joint manipulation', 'audible release')]",No
"Thus, these operating gus costs, in addition select pla to the an ho travel expenses laws associated with live play, portland are gone.",coling22-mining-health-related-statements_sentence_test_causenet_evaluations.csv,122393.0,1,[],['Thus'],implicit,"[('live play', 'pla to the an ho travel expenses laws')]",No
"Time after time it lays the axe to the root of Man's pretended wisdom, which Paul says rises from the sewer of sin and always leads to idolatry.",coling22-mining-health-related-statements_sentence_test_causenet_evaluations.csv,121933.0,1,[],['leads to'],implicit,"[('paul says rises from the sewer of sin', 'idolatry')]",No
"Additionally, Dainton volunteers at the Hampshire County Court of Corrections where he helps inmates with counseling on Decisional Training so that upon release they are capable of making better judgments, which will hopefully lead to fewer repeat offenders.",coling22-mining-health-related-statements_sentence_test_causenet_evaluations.csv,121616.0,1,[],['lead to'],implicit,"[('making better judgments', 'repeat offenders')]",No
They will today check out the relative overall flexibility associated with Channel island finance centers plus offshore banking sectors.,coling22-mining-health-related-statements_sentence_test_causenet_evaluations.csv,121642.0,1,[],[],implicit,"[('channel island finance centers plus offshore banking sectors', 'relative overall flexibility')]",No
"Lastly, if your hyperthyroidism has led to an anxiety disorder or panic attacks, your symptoms must qualify under mental disorders recognized by the SSA.",coling22-mining-health-related-statements_sentence_test_causenet_evaluations.csv,122034.0,1,[],['led to'],implicit,"[('hyperthyroidism', 'anxiety disorder')]",No
"This workshop will focus on security issues associated with implementation, deployment, and management of EC applications.",coling22-mining-health-related-statements_sentence_test_causenet_evaluations.csv,122414.0,1,[],[],implicit,"[('management of ec applications', 'security issues')]",No
A decrease in energy prices and lowered value of the dollar led to foreign exchange being liberalised and the economy to re-grow rapidly.,coling22-mining-health-related-statements_sentence_test_causenet_evaluations.csv,122002.0,1,[],['led to'],implicit,"[('decrease in energy prices', 'foreign exchange being liberalised')]",No
"General conflicts of interest resulting from Executive Council Members being employees of APNIC Member organizations and other appointments or positions held by the Executive Council Member that may conflict with the role of an Executive Council Member must be declared by filling in a conflict of interest declaration, a copy of which is attached to this Handbook.",coling22-mining-health-related-statements_sentence_test_causenet_evaluations.csv,122401.0,1,[],[],implicit,"[('executive council members being employees of apnic member organizations', 'general conflicts of interest')]",No
The big difference in the prices is due to the style and the selection of your glass and frame.,coling22-mining-health-related-statements_sentence_test_causenet_evaluations.csv,121828.0,1,[],['due to'],implicit,"[('selection of your glass and frame', 'big difference in the prices')]",No
I explained how the trauma had damaged her eye and the increased eye pressure could lead to optic nerve damage and vision loss if left untreated.,coling22-mining-health-related-statements_sentence_test_causenet_evaluations.csv,121696.0,1,[],['lead to'],implicit,"[('increased eye pressure', 'optic nerve damage')]",No
"This probably reflects the competing effects of aging and CAG number; although a low CAG number leads to slower disease progression, the corresponding delayed age at onset and the natural effects of aging unrelated to HD are likely to promote institutionalization.",coling22-mining-health-related-statements_sentence_test_causenet_evaluations.csv,122216.0,1,[],['leads to'],implicit,"[('low cag number', 'slower disease progression')]",No
The disease is associated with brain shrinkage and localized loss of brain cells (neurons) in regions of the brain we know are associated with performing these tasks (the hippocampus and frontal cortex).,coling22-mining-health-related-statements_sentence_test_causenet_evaluations.csv,121695.0,1,[],[],implicit,"[('disease', 'localized loss of brain cells')]",No
These recent outbreaks have promoted several food safety initiatives to better protect public health from pathogens associated with fresh produce.,coling22-mining-health-related-statements_sentence_test_causenet_evaluations.csv,121679.0,1,[],[],implicit,"[('fresh produce', 'public health from pathogens')]",No
The development of The Islamic Bulletin and this site is the result of many dedicated people who have volunteered their time and efforts to help spread the truth of Islam.,coling22-mining-health-related-statements_sentence_test_causenet_evaluations.csv,121761.0,1,[],[],implicit,"[('dedicated people who have volunteered their time and efforts to help spread the truth of islam', 'development of the islamic bulletin')]",No
"And, over the long run, boosted business will lead to a jump of the profits that you enjoy through the operation of your Net based business enterprise.",coling22-mining-health-related-statements_sentence_test_causenet_evaluations.csv,121674.0,1,[],['lead to'],implicit,"[('boosted business', 'jump of the profits')]",No
"Blockade of histaminergic receptors can lead to sedation, weight gain, and hypotension.",coling22-mining-health-related-statements_sentence_test_causenet_evaluations.csv,122082.0,1,[],['lead to'],implicit,"[('blockade of histaminergic receptors', 'sedation')]",No
"The Jiajing Emperor's ruthlessness and lecherous life also led to an internal plot by his concubines and palace maids to assassinate him in October, 1542 by strangling him while he slept.",coling22-mining-health-related-statements_sentence_test_causenet_evaluations.csv,122342.0,1,[],['led to'],implicit,"[('lecherous life', 'internal plot by his concubines and palace maids to assassinate')]",No
"and disrupts the moment that would have led to their first meeting and falling in love, thus putting his own existence in jeopardy.",coling22-mining-health-related-statements_sentence_test_causenet_evaluations.csv,121614.0,1,[],"['led to', 'thus']",implicit,"[('disrupts the moment', 'first meeting')]",No
Phoebe soon discovers that the untimely death in her past life will led to her death in the present unless she can prevent it while Anton continues to to attempt to steal the powers.,coling22-mining-health-related-statements_sentence_test_causenet_evaluations.csv,121415.0,1,[],['led to'],implicit,"[('untimely death in her past life', 'death in the present')]",No
"Reason: Greater flexibility in choice of supplier for branded products allowing best price to be obtained at all times, Reduction in stockholding costs due to accurate and up to date stock levels, reduced stock outs due to inaccuracies, Reduction in invoice queries, more efficient supplier payment, thus improving supplier relationship, More efficient ordering of stock allowing reduction in stock holding and processing costs and More efficient request and issue of goods., including greater efficiency in associated charging to budgets Summary: Our current support for the version of Oracle we use at the moment runs out at the end of 2010.",coling22-mining-health-related-statements_sentence_test_causenet_evaluations.csv,122341.0,1,[],"['due to', 'due to', 'thus']",implicit,"[('reduced stock outs', 'reduction in stockholding costs')]",No
"Many studies have shown increases in the number of satellite cells following resistance training that leads to muscle hypertrophy (Kadi and Thornell, 2000; Kadi et al., 2004; Mackey et al., 2007; Roth et al., 2001).",coling22-mining-health-related-statements_sentence_test_causenet_evaluations.csv,122031.0,1,[],['leads to'],implicit,"[('resistance training', 'muscle hypertrophy')]",No
"See Milliken v. System-wide relief is required if the injury is the result of violations of a statute or the constitution that are attributable to policies or practices pervading the whole system (even though injuring a relatively small number of plaintiffs), or if the unlawful policies or practices affect such a broad range of plaintiffs that an overhaul of the system is the only feasible manner in which to address the class's injury.",coling22-mining-health-related-statements_sentence_test_causenet_evaluations.csv,121524.0,1,[],[],implicit,"[('violations of a statute', 'injury')]",No
"But the real message of this prosecution is that the Commerce Commission, which brought the legal action, is bringing a welcome determination to rigorously enforce fair trading law and to protect consumers.",coling22-mining-health-related-statements_sentence_test_causenet_evaluations.csv,121795.0,1,[],[],implicit,"[('commerce commission', 'legal action')]",No
"These developments have led to the introduction of smaller, compact baits.",coling22-mining-health-related-statements_sentence_test_causenet_evaluations.csv,121599.0,1,[],['led to'],implicit,"[('developments', 'introduction of smaller , compact baits')]",No
"Sarcasm apart, this lack of vision and/or dogmatic approach to resource policy can only leads us to a serious crisis one day.",coling22-mining-health-related-statements_sentence_test_causenet_evaluations.csv,121780.0,1,[],[],implicit,"[('sarcasm apart', 'serious crisis one day')]",No
"In a tundra environment a doubling of current ambient Ca produced only a transient initial stimulation of community CO2 uptake in a 3 year study {Oechel, 1985 #557}.",coling22-mining-health-related-statements_sentence_test_causenet_evaluations.csv,121684.0,1,[],[],implicit,"[('doubling of current ambient ca', 'transient initial stimulation of community co2 uptake')]",No
HIV infection can be associated with high risk of suicide or attempted suicide.,coling22-mining-health-related-statements_sentence_test_causenet_evaluations.csv,121461.0,1,[],[],implicit,"[('hiv infection', 'high risk')]",No
"The alliance between the PSOE and PNV would lead to a radicalisation of state response, in order to placate a dishonoured Spanish military (Ekin 1992: 95; Conversi 1997: 147).",coling22-mining-health-related-statements_sentence_test_causenet_evaluations.csv,121732.0,1,[],['lead to'],implicit,"[('alliance between the psoe', 'radicalisation of state response')]",No
"A key step in the inflammation response of epithelial tissue is the generation of cyclooxygenase (Cox), which has been associated with immunosuppression and carcinogenesis.",coling22-mining-health-related-statements_sentence_test_causenet_evaluations.csv,122363.0,1,[],[],implicit,"[('cyclooxygenase', 'carcinogenesis')]",No
"Yes, my transition is causing pain and suffering, just as yours is.",coling22-mining-health-related-statements_sentence_test_causenet_evaluations.csv,121739.0,1,[],[],implicit,"[('transition', 'suffering')]",No
Burn wound infection and ensuing sepsis (host response to infection) are common and mostly inevitable complications associated with major burns.,coling22-mining-health-related-statements_sentence_test_causenet_evaluations.csv,121888.0,1,[],[],implicit,"[('major burns', 'complications')]",No
"ADS-B will trigger changes in global air traffic management on a scale surpassing even that which was seen during the introduction of Radar, more than fifty years ago.",coling22-mining-health-related-statements_sentence_test_causenet_evaluations.csv,121698.0,1,[],[],implicit,"[('ads-b', 'changes in global air traffic management')]",No
Investments in medical support can lead to good outcomes for kids and for all of us.,coling22-mining-health-related-statements_sentence_test_causenet_evaluations.csv,122322.0,1,[],['lead to'],implicit,"[('investments in medical support', 'good outcomes for kids')]",No
"In 1968 the Supreme Court struck down antievolution laws-which weren't being enforced anyway-and the teaching of evolution brought forth a new form of antievolutionism, ""creation science.""",coling22-mining-health-related-statements_sentence_test_causenet_evaluations.csv,122305.0,1,[],[],implicit,"[('teaching of evolution', 'creation science')]",No
"Adhesive wear can lead to an increase in roughness and the creation of protrusions (i.e., lumps) above the original surface.",coling22-mining-health-related-statements_sentence_test_causenet_evaluations.csv,121926.0,1,[],['lead to'],implicit,"[('adhesive wear', 'increase in roughness')]",No
"OBJECTIVE: The objective of this study was to assess whether low maternal serum cholesterol during pregnancy is associated with preterm delivery, impaired fetal growth, or congenital anomalies in women without identified major risk factors for adverse pregnancy outcome.",coling22-mining-health-related-statements_sentence_test_causenet_evaluations.csv,122013.0,1,[],[],implicit,"[('low maternal serum cholesterol during pregnancy', 'impaired fetal growth')]",No
"Some well known examples are: sexual promiscuity leading to venereal disease, intemperate use of alcoholic beverages leading to cirrhosis of the liver, daredevil activities leading to injuries, or holding a grudge (unforgiveness), which may lead to abdominal ulcers or high blood pressure.",coling22-mining-health-related-statements_sentence_test_causenet_evaluations.csv,122077.0,1,[],"['leading to', 'leading to', 'leading to', 'lead to']",implicit,"[('sexual promiscuity', 'venereal disease')]",No
The path leads you to a bridge crossing the stream.,coling22-mining-health-related-statements_sentence_test_causenet_evaluations.csv,122418.0,1,[],[],implicit,"[('path', 'bridge crossing the stream')]",No
"Systematic practices may, however, make it necessary for UN officers to intervene, particularly if discriminatory treatment may trigger further violence.",coling22-mining-health-related-statements_sentence_test_causenet_evaluations.csv,121547.0,1,[],[],implicit,"[('discriminatory treatment', 'further violence')]",No
The events they set in motion will eventually lead to a deadly confrontation with Voldemort and his Death Eaters.,coling22-mining-health-related-statements_sentence_test_causenet_evaluations.csv,122351.0,1,[],['lead to'],implicit,"[('events they set in motion', 'deadly confrontation with voldemort')]",No
"end of menopause, thinning hair due to early menopause - menopause remedies natural herbal alternative medicine san diego women menopause health menopause hormone replacement therapy menopause off broadway.",coling22-mining-health-related-statements_sentence_test_causenet_evaluations.csv,121764.0,1,[],['due to'],implicit,"[('menopause - menopause remedies natural herbal alternative medicine san diego women menopause health menopause hormone replacement therapy menopause off broadway', 'thinning hair')]",No
"By ""facing the obelisk"", a person is also worshiping the evil, Satanic spirit within... ""They [righteous King Jehu's men] brought out the pillars or obelisks of the house of Baal and burned them.""",coling22-mining-health-related-statements_sentence_test_causenet_evaluations.csv,122102.0,1,[],[],implicit,"[('worshiping the evil , satanic spirit', 'obelisks of the house of baal and burned')]",No
"Expression of p53 is associated with NIH risk category, various pathological features, and clinical outcome, and may be independently prognostic for gastrointestinal stromal tumours.",coling22-mining-health-related-statements_sentence_test_causenet_evaluations.csv,121768.0,1,[],[],implicit,"[('expression of p53', 'clinical outcome')]",No
"Danny is mesmerized by the sound his trike makes on both carpet and floor, but like with every explorer, this fascination will eventually lead to more unwanted discoveries.",coling22-mining-health-related-statements_sentence_test_causenet_evaluations.csv,122053.0,1,[],['lead to'],implicit,"[('fascination', 'more unwanted discoveries')]",No
"We work together with real property owners, real estate developers, legal counsel, risk managers and regulatory agencies to overcome the challenges associated with contaminated properties.",coling22-mining-health-related-statements_sentence_test_causenet_evaluations.csv,121377.0,1,[],[],implicit,"[('contaminated properties', 'challenges')]",No
"This clinical genomic test can detect chromosome aberrations, specifically, unbalanced chromosomal abnormalities associated with DNA copy number gains and losses at very high resolution that would otherwise be undetectable by karyotype or targeted FISH analysis.",coling22-mining-health-related-statements_sentence_test_causenet_evaluations.csv,122064.0,1,[],[],implicit,"[('losses', 'unbalanced chromosomal abnormalities')]",No
One of the reasons as to why they hire these metrics is considering they are able to make the right decisions which ultimately led them to triumph.,coling22-mining-health-related-statements_sentence_test_causenet_evaluations.csv,121765.0,1,[],[],implicit,"[('are able to make the right decisions', 'to triumph')]",No
"Bats are also known for forming colonies inside attics, which can lead to significant damage to your Dupont, WA home.",coling22-mining-health-related-statements_sentence_test_causenet_evaluations.csv,121559.0,1,[],['lead to'],implicit,"[('forming colonies inside attics', 'significant damage to your dupont')]",No
"While illegal immigration is fundamentally a federal issue, border-states, such as California, bear a disproportionate burden of the costs associated with a dysfunctional federal policy.",coling22-mining-health-related-statements_sentence_test_causenet_evaluations.csv,122084.0,1,[],[],implicit,"[('dysfunctional federal policy', 'disproportionate burden of the costs')]",No
"Thank God that there is eternal Life found IN Jesus Christ, the Tree of Life Who is living in us and causing a great transformation and metamorphose as we are returned back into Him.",coling22-mining-health-related-statements_sentence_test_causenet_evaluations.csv,122391.0,1,[],[],implicit,"[('tree of life', 'metamorphose')]",No
"Waters' 2006 shows brought fourth a brilliant retrospective of his career (coupled with a fittingly visually stunning stage show), the triumphant return of ""The Pig"", his latest single and B-Side and Dark Side of the Moon in its entirety.",coling22-mining-health-related-statements_sentence_test_causenet_evaluations.csv,122129.0,1,[],[],implicit,"[(""waters ' 2006 shows"", 'fourth a brilliant retrospective of his career')]",No
"Behaviors that may be associated with an acute increase in risk include giving away possessions, readying legal or financial affairs (e.g., finalizing a will, assigning a power of attorney), or communicating suicidal intentions or ""goodbye"" messages.",coling22-mining-health-related-statements_sentence_test_causenet_evaluations.csv,121444.0,1,[],[],implicit,"[('behaviors', 'acute increase in risk')]",No
The road leads to a local hydro power plant (The Skuzzy Power plant).,coling22-mining-health-related-statements_sentence_test_causenet_evaluations.csv,122073.0,1,[],['leads to'],implicit,"[('road', 'local hydro power plant')]",No
"Intense global demand for the large, high-value fins of the oceanic whitetip (Carcharhinus longimanus) has led to significant population declines, particularly in the Northwest and Central Atlantic.",coling22-mining-health-related-statements_sentence_test_causenet_evaluations.csv,122210.0,1,[],['led to'],implicit,"[('intense global demand for the large , high-value fins of the oceanic whitetip', 'significant population declines')]",No
"The findings suggest that speculative profits are the result of compensation for speculative risk, rather than market inefficiency.",coling22-mining-health-related-statements_sentence_test_causenet_evaluations.csv,122279.0,1,[],[],implicit,"[('compensation', 'speculative profits')]",No
The third and fourth types of islands are both the result of coralline island building.,coling22-mining-health-related-statements_sentence_test_causenet_evaluations.csv,122405.0,1,[],[],implicit,"[('coralline island building', 'third and fourth types of islands')]",No
Swimming is also associated with a gekontrolleerde breathing so that also goes deeper.,coling22-mining-health-related-statements_sentence_test_causenet_evaluations.csv,122293.0,1,[],[],implicit,"[('swimming', 'gekontrolleerde breathing')]",No
"* When One Stood Alone: John J. Sirica's Battle Against the Watergate Conspiracy By Donald J. Author Farinacci vividly describes how Judge John J. Sirica, the judge that presided over the Watergate trial, defeated the criminal conspiracy led by President Nixon to cover up his administration's role in this infamous episode that eventually led to Nixon's resignation.",coling22-mining-health-related-statements_sentence_test_causenet_evaluations.csv,122325.0,1,[],['led to'],implicit,"[(""president nixon to cover up his administration 's role in this infamous episode"", ""nixon 's resignation"")]",No
It was the lack of the fear of God that produced their death.,coling22-mining-health-related-statements_sentence_test_causenet_evaluations.csv,121526.0,1,[],[],implicit,"[('lack of the fear of god', 'death')]",No
The division of the country into Muslim and non-Muslim halves led to tension and oppression.,coling22-mining-health-related-statements_sentence_test_causenet_evaluations.csv,121971.0,1,[],['led to'],implicit,"[('division of the country into muslim and non-muslim halves', 'oppression')]",No
Over-stimulation of the lateral hypothalamus can lead to overeating.,coling22-mining-health-related-statements_sentence_test_causenet_evaluations.csv,121409.0,1,[],['lead to'],implicit,"[('over-stimulation of the lateral hypothalamus', 'overeating')]",No
"The unrestricted private acquisition of land, wealth and property leads to debt, slavery and social collapse.",coling22-mining-health-related-statements_sentence_test_causenet_evaluations.csv,121720.0,1,[],['leads to'],implicit,"[('unrestricted private acquisition of land', 'slavery')]",No
The prices associated with stair lifts differ but the style along with brand is normally the concluding aspect for it.,coling22-mining-health-related-statements_sentence_test_causenet_evaluations.csv,121670.0,1,[],[],implicit,"[('stair lifts', 'prices')]",No
"Excessive make-up use may lead to acne and dry skin, as it tends to block the pores.",coling22-mining-health-related-statements_sentence_test_causenet_evaluations.csv,121799.0,1,[],['lead to'],implicit,"[('excessive make-up use', 'acne')]",No
",[url=""http://bezutuwoli.wordpress.com""]medical software blog [/url] The main advantages of using the interventional cardiologic approach is the avoidance of the scars, pain, and long postoperative recovery associated with surgery.",coling22-mining-health-related-statements_sentence_test_causenet_evaluations.csv,121387.0,1,[],[],implicit,"[('surgery', 'long postoperative recovery')]",No
It's also disingenuous for publishers to argue that OA mandates at public funding agencies will lead to wasteful duplication.,coling22-mining-health-related-statements_sentence_test_causenet_evaluations.csv,122257.0,1,[],['lead to'],implicit,"[('oa mandates at public funding agencies', 'wasteful duplication')]",No
"Decades of frustration and anger at this policy, which contributed greatly to the impoverishment of the Mi'kmaq People, gave way to hope when Donald Marshall - himself a victim of systemic racism in the justice system - successfully challenged the government, by fishing out of season.",coling22-mining-health-related-statements_sentence_test_causenet_evaluations.csv,121649.0,1,[],[],implicit,"[('anger at this policy', ""impoverishment of the mi ' kmaq people"")]",No
"Blogging is a marketing tool, an online portfolio and may even lead to much bigger projects, such as a book deal.",coling22-mining-health-related-statements_sentence_test_causenet_evaluations.csv,121502.0,1,[],['lead to'],implicit,"[('blogging', 'bigger projects')]",No
The mix of these themes led Cicero to a conscious vision expressed in one haunted painting titled That Existential Stare.,coling22-mining-health-related-statements_sentence_test_causenet_evaluations.csv,122294.0,1,[],[],implicit,"[('mix of these themes', 'cicero to a conscious vision')]",No
Refinement of design led to a tandem design Attack Helicopter.,coling22-mining-health-related-statements_sentence_test_causenet_evaluations.csv,121578.0,1,[],['led to'],implicit,"[('refinement of design', 'tandem design attack helicopter')]",No
"But the figures also reveal that over 9,000 tonnes of cancer causing gases are still released.",coling22-mining-health-related-statements_sentence_test_causenet_evaluations.csv,121667.0,1,[],[],implicit,"[('9,000 tonnes of cancer', 'gases')]",No
The listening environments produced by personal digital players have led to different composition and musical production techniques to optimize the most usual listening experience.,coling22-mining-health-related-statements_sentence_test_causenet_evaluations.csv,122099.0,1,[],['led to'],implicit,"[('listening environments', 'different composition')]",No
The disparity of prices between the rural products which we sell and the goods we have to buy in the towns is a result of the power relations.,coling22-mining-health-related-statements_sentence_test_causenet_evaluations.csv,121683.0,1,[],[],implicit,"[('power relations', 'disparity of prices between the rural products')]",No
"These paths provide the ""stimulus conditions"" that must be associated with outcome measures to make sense of what's happening.",coling22-mining-health-related-statements_sentence_test_causenet_evaluations.csv,122063.0,1,[],[],implicit,"[('stimulus conditions', 'outcome measures')]",No
"Among the theories referred to, the abstruse speculations of Spinoza were almost entirely of a metaphysical kind, and led to an extensive pantheistic and necessitarian system.",coling22-mining-health-related-statements_sentence_test_causenet_evaluations.csv,121423.0,1,[],['led to'],implicit,"[('abstruse speculations of spinoza', 'extensive pantheistic and necessitarian system')]",No
The winning of a fiction-writing contest in 1951 and the encouragement of her publisher led to her career as a novelist.,coling22-mining-health-related-statements_sentence_test_causenet_evaluations.csv,122347.0,1,[],['led to'],implicit,"[('winning of a fiction-writing contest', 'career as a novelist')]",No
A case-control study found that sharing bars of soap and having preexisting cuts or abrasions were associated with infection.,coling22-mining-health-related-statements_sentence_test_causenet_evaluations.csv,121843.0,1,[],[],implicit,"[('sharing bars of soap', 'infection')]",No
"Its success can be largely attributed to its sleek design, unique user-interface, elegant look, and superlative sound quality.",coling22-mining-health-related-statements_sentence_test_causenet_evaluations.csv,121673.0,1,[],[],implicit,"[('elegant look', 'success')]",No
"The monetization of government debt and other forms of credit abuse ultimately lead to a wholesale destruction of capital, and hence to the pauperization of the entire society through credit collapse.",coling22-mining-health-related-statements_sentence_test_causenet_evaluations.csv,122105.0,1,[],"['lead to', 'hence']",implicit,"[('monetization of government debt', 'wholesale destruction of capital')]",No
"Aimed at evaluating key features associated with the rise of American research universities after World War II, the book notes the increased success of such institutions in both international competition for recognition and prestige and in competing with one another in the research enterprise.",coling22-mining-health-related-statements_sentence_test_causenet_evaluations.csv,122400.0,1,[],[],implicit,"[('rise of american research universities after world war ii', 'evaluating key features')]",No
The renovated galleries of the Impressionist and Post Impressionist collection is one of several signal events leading to the May opening of the Chicago Art Institute's new Modern Wing.,coling22-mining-health-related-statements_sentence_test_causenet_evaluations.csv,121382.0,1,[],['leading to'],implicit,"[('signal events', ""may opening of the chicago art institute 's new modern wing"")]",No
"If all options fail, there is urinary diversion, which moves the ureters to an outlet outside of the entire body.Natural, Behavioral Remedies Life-style Changes - Testing a bladder diet can help determine if diuretics naturally occurring in the diet are causing increased urinary frequency and urinary urgency.",coling22-mining-health-related-statements_sentence_test_causenet_evaluations.csv,121890.0,1,[],[],implicit,"[('urinary diversion', 'increased urinary frequency')]",No
"There is considerable quantity of microorganisms in the soil, pathogenic bacteria, disputes of mushrooms, larvae of insects causing various diseases of plants, and also seeds of weeds.",coling22-mining-health-related-statements_sentence_test_causenet_evaluations.csv,121906.0,1,[],[],implicit,"[('larvae of insects', 'diseases of plants')]",No
"The product will provide instant access to vital information sales professionals need to be responsive to customer needs, which can lead to increased customer satisfaction and loyalty, and ultimately lead to additional sales.",coling22-mining-health-related-statements_sentence_test_causenet_evaluations.csv,122308.0,1,[],"['lead to', 'lead to']",implicit,"[('customer needs', 'increased customer satisfaction')]",No
"Research presently being carried out in the Center has established that many of the basic biochemical and molecular mechanisms responsible for tissue damage are remarkably similar in hemorrhagic and septic shock, and that both types of shock involve basic cellular pathways leading to inflammation.",coling22-mining-health-related-statements_sentence_test_causenet_evaluations.csv,122245.0,1,[],['leading to'],implicit,"[('basic cellular pathways', 'inflammation')]",No
"However, when chemotherapy and surgery are associated with a healthy lifestyle and anti cancer diet, your chance of survival is very high.",coling22-mining-health-related-statements_sentence_test_causenet_evaluations.csv,121471.0,1,[],[],implicit,"[('chemotherapy', 'healthy lifestyle')]",No
Ignorance about one another's cultures has led to the anti-immigrant spirit we see today.,coling22-mining-health-related-statements_sentence_test_causenet_evaluations.csv,121634.0,1,[],['led to'],implicit,"[(""ignorance about one another 's cultures"", 'anti-immigrant spirit')]",No
"Racism alleged again in San Marcos election 4/29/03 San Antonio Express-News: ""A mass e-mail sent last week to students and faculty at Southwest Texas State University has led to charges that racism is marring a city election for the third consecutive year.",coling22-mining-health-related-statements_sentence_test_causenet_evaluations.csv,121517.0,1,[],['led to'],implicit,"[('mass e-mail', 'charges')]",No
Beginning of being short on funds due to raised taxes and insurance coverage in home as favor for a family member who was in risk of foreclosure.,coling22-mining-health-related-statements_sentence_test_causenet_evaluations.csv,121800.0,1,[],['due to'],implicit,"[('raised taxes', 'being short on funds')]",No
These contemporary experiences of Indigenous peoples are the direct linear result of the last two hundred years of white nation building.,coling22-mining-health-related-statements_sentence_test_causenet_evaluations.csv,122271.0,1,[],[],implicit,"[('last two hundred years of white nation building', 'contemporary experiences of indigenous peoples')]",No
The use of nonstandardized methods of measurement could lead to difficulties in assessing and interpreting results over time and across sites.,coling22-mining-health-related-statements_sentence_test_causenet_evaluations.csv,122115.0,1,[],['lead to'],implicit,"[('use of nonstandardized methods of measurement', 'difficulties')]",No
"The symptoms that are generally associated with neck pain are vast and the most common symptoms range from: a dull ache, sharp shooting pain, pain that worsens with movement, or is exacerbated with weight bearing.",coling22-mining-health-related-statements_sentence_test_causenet_evaluations.csv,121448.0,1,[],[],implicit,"[('symptoms', 'neck pain')]",No
"Recently, a National Highway Traffic Safety Administration (NHTSA) program was initiated to promote a reduction in the number of deaths and injuries resulting from vehicular pursuits.",coling22-mining-health-related-statements_sentence_test_causenet_evaluations.csv,121685.0,1,[],[],implicit,"[('vehicular pursuits', 'reduction in the number of deaths')]",No
"The album's title is a mocking reference to the notorious reputation the band had developed over the previous year, including onstage fights and concert riots in Europe, which led to a ban on the group's concerts in the US.",coling22-mining-health-related-statements_sentence_test_causenet_evaluations.csv,122256.0,1,[],['led to'],implicit,"[('onstage fights', ""ban on the group 's concerts"")]",No
"Steel is loaded with electrons and the mere fact that these hydrogen molecules are hit with a new gravitomagnetic field surrounding the steel blade, the extra 'bump' in field could liberate H2 to H1 causing localized heating making the ice melt very quickly.",coling22-mining-health-related-statements_sentence_test_causenet_evaluations.csv,121581.0,1,[],[],implicit,"[('h2 to h1', 'localized heating')]",No
The arrests followed the submission of reports by a safeguarding consultant from Lambeth Palace to the police.,coling22-mining-health-related-statements_sentence_test_causenet_evaluations.csv,121413.0,1,[],[],implicit,"[('submission of reports', 'arrests')]",No
"It would give me a jolt that brought nervousness, and anxiety as well.",coling22-mining-health-related-statements_sentence_test_causenet_evaluations.csv,122383.0,1,[],[],implicit,"[('jolt', 'nervousness')]",No
F. Masci tracked this down to missing telemetry packets in MIPL headers causing pipelines which depend on these to fail.,coling22-mining-health-related-statements_sentence_test_causenet_evaluations.csv,121998.0,1,[],[],implicit,"[('missing telemetry packets in mipl headers', 'pipelines')]",No
The peace provided by the rulers further led to prosperity and to the development of trade and the city in course of time came to be associated with pearls.,coling22-mining-health-related-statements_sentence_test_causenet_evaluations.csv,121453.0,1,[],['led to'],implicit,"[('peace provided by the rulers', 'development of trade and the city in course of time came to be')]",No
Abuse of amphetamines may lead to dependence.,coling22-mining-health-related-statements_sentence_test_causenet_evaluations.csv,121459.0,1,[],['lead to'],implicit,"[('abuse of amphetamines', 'dependence')]",No
Thoughtful contributor input led to definition of a set of separate FDP feature points in relation to the 3D facial mesh.,coling22-mining-health-related-statements_sentence_test_causenet_evaluations.csv,121663.0,1,[],['led to'],implicit,"[('thoughtful contributor input', 'definition of a set of separate fdp feature points')]",No
"Remember that the lab std is a performance standard, that it must as it notes in the text for the chem hyg plan, be ""capable of protecting employees from health hazards associated with hazardous chemicals in the laboratory"".",coling22-mining-health-related-statements_sentence_test_causenet_evaluations.csv,121898.0,1,[],[],implicit,"[('hazardous chemicals in the laboratory', 'health hazards')]",No
"The ontology introduces concepts associated with the SC structure, functions, resources, as well as management issues.",coling22-mining-health-related-statements_sentence_test_causenet_evaluations.csv,121745.0,1,[],[],implicit,"[('sc structure', 'ontology introduces concepts')]",No
Disputes among European powers led to the formation of two coalitions in the late 1140s.,coling22-mining-health-related-statements_sentence_test_causenet_evaluations.csv,122169.0,1,[],['led to'],implicit,"[('disputes among european powers', 'formation of two coalitions in the late 1140s')]",No
Experian best can conduct calculators checks quickly errors due to better technology.,coling22-mining-health-related-statements_sentence_test_causenet_evaluations.csv,122390.0,1,[],['due to'],implicit,"[('better technology', 'experian best can conduct calculators checks quickly errors')]",No
"Incorporation within the Order also brought security of sorts and, more importantly, the support of the Cistercian family.",coling22-mining-health-related-statements_sentence_test_causenet_evaluations.csv,121931.0,1,[],[],implicit,"[('incorporation', 'support of the cistercian family')]",No
Leptographium procerum has often been associated with root-feeding weevils (Curculionidae) and bark beetles (Scolytidae).,coling22-mining-health-related-statements_sentence_test_causenet_evaluations.csv,122023.0,1,[],[],implicit,"[('leptographium procerum', 'bark beetles')]",No
The demo quickly got recognition and eventually led to a record deal with Wind Up Records.,coling22-mining-health-related-statements_sentence_test_causenet_evaluations.csv,122120.0,1,[],['led to'],implicit,"[('demo quickly got recognition', 'record deal with wind up records')]",No
"If the CFO's intention is to avoid the ordinary income taxes associated with the exercise of NSOs, apart from the prior consequences mentioned, changing the awards to ISOs could bump the award recipients out of the frying pan and into the fire.",coling22-mining-health-related-statements_sentence_test_causenet_evaluations.csv,121953.0,1,[],[],implicit,"[('exercise of nsos', 'ordinary income taxes')]",No
"Acceptance in the United States, at least, might be improved if criminal penalties were associated with misuse of escrowed keys (see footnote 238) and if damages could be awarded to individuals or organizations harmed by misuse of escrowed keys.",coling22-mining-health-related-statements_sentence_test_causenet_evaluations.csv,121857.0,1,[],[],implicit,"[('criminal penalties', 'misuse of escrowed keys')]",No
"Sunlight leads to the fur to oxidize and fade.This is a regional dilemma in spite of our alliances, and treaty involvements.00.",coling22-mining-health-related-statements_sentence_test_causenet_evaluations.csv,121922.0,1,[],['leads to'],implicit,"[('sunlight', 'fur to oxidize')]",No
"Actually the rise of the average vibration on our planet triggered a global healing crisis, so that many latent problems were activated, pressing for salvation.",coling22-mining-health-related-statements_sentence_test_causenet_evaluations.csv,121822.0,1,[],[],implicit,"[('rise of the average vibration on our planet', 'global healing crisis')]",No
Bingo nights and movies contributed to squadron morale.,coling22-mining-health-related-statements_sentence_test_causenet_evaluations.csv,121904.0,1,[],[],implicit,"[('movies', 'squadron morale')]",No
"One, it rests on the assumption that the use of a scarce resource in the commons leads to degradation, or depletion of the resource.",coling22-mining-health-related-statements_sentence_test_causenet_evaluations.csv,121470.0,1,[],['leads to'],implicit,"[('use of a scarce resource in the commons', 'depletion of the resource')]",No
A conversion experience brought Diman to Catholicism and ultimately to the Benedictines who were just beginning a priory in Portsmouth.,coling22-mining-health-related-statements_sentence_test_causenet_evaluations.csv,122163.0,1,[],[],implicit,"[('conversion experience', 'diman to catholicism')]",No
"Apart from the dog, another singular practice is associated with the temple.",coling22-mining-health-related-statements_sentence_test_causenet_evaluations.csv,121863.0,1,[],[],implicit,"[('singular practice', 'temple')]",No
A synthesis of these data suggests that Himalayan orogeny was the product of an older cordilleran and a younger collision phase of tectonic which resulted from the convergence of Indian plate and the rest of Eurasia and the consequent closure of the Tethys.,coling22-mining-health-related-statements_sentence_test_causenet_evaluations.csv,121753.0,1,[],[],implicit,"[('consequent closure of the tethys', 'younger collision phase of tectonic')]",No
Success has commonly been associated with tangible technologies to relieve specific constraints.,coling22-mining-health-related-statements_sentence_test_causenet_evaluations.csv,122098.0,1,[],[],implicit,"[('success', 'tangible technologies to relieve specific constraints')]",No
The claim that teaching to the tests will lead to real learning gains is highly questionable.,coling22-mining-health-related-statements_sentence_test_causenet_evaluations.csv,121958.0,1,['claim'],['lead to'],implicit,"[('teaching to the tests', 'real learning gains')]",No
He realizes that this life represents a test in which failure could lead to punishment in hell.,coling22-mining-health-related-statements_sentence_test_causenet_evaluations.csv,121493.0,1,[],['lead to'],implicit,"[('failure', 'punishment in hell')]",No
"The contractor is responsible for all routine maintenance activities associated with the roadway, structures, drainage, roadside, rest areas, wayside parks, vegetation and aesthetics, traffic services, structure inspection, and incident management.",coling22-mining-health-related-statements_sentence_test_causenet_evaluations.csv,121950.0,1,[],[],implicit,"[('roadside', 'routine maintenance activities')]",No
"Emerging from years of research into artificial intelligence, Mua is closely connected with the symbolical systems of ancient myths, occult science, magic rituals, music, and quantum mechanics: a universal symbolical system which allows the mind greater access to reality, leading to scientific advances, starships, and galactic domination.",coling22-mining-health-related-statements_sentence_test_causenet_evaluations.csv,122004.0,1,[],['leading to'],implicit,"[('universal symbolical system', 'scientific advances')]",No
The Restoration in 1660 of the immoral and licentious King Charles II brought a reaction against the Gospel in this country.,coling22-mining-health-related-statements_sentence_test_causenet_evaluations.csv,122011.0,1,[],[],implicit,"[('restoration in 1660 of the immoral and licentious king charles ii', 'reaction against the gospel in this country')]",No
Iranian requests for such looseness would only fuel Western suspicions and probably lead to demands for even tighter restrictions.,coling22-mining-health-related-statements_sentence_test_causenet_evaluations.csv,122361.0,1,[],['lead to'],implicit,"[('iranian requests for such looseness', 'demands for even tighter restrictions')]",No
"He was traded to the Boston Celtics in February 2004 along with Chucky Atkins and Detroit's 2004 first-round draft pick for Mike James, in order to make the salary cap figures work out for the trade that brought Rasheed Wallace to the Pistons.",coling22-mining-health-related-statements_sentence_test_causenet_evaluations.csv,121626.0,1,[],[],implicit,"[('trade', 'rasheed wallace to the pistons')]",No
"Other events leading to the great Russia-China schism began in the same fateful year, 1957, that saw the Matadors arrive in Taiwan.",coling22-mining-health-related-statements_sentence_test_causenet_evaluations.csv,122239.0,1,[],['leading to'],implicit,"[('events', 'great russia-china schism')]",No
There is speculation in the literature that acid groups introduced into the hemicellulose and lignin components of the cell wall during pulping and bleaching processes may lead to a loss of mechanical permanence [59].,coling22-mining-health-related-statements_sentence_test_causenet_evaluations.csv,121399.0,1,[],['lead to'],implicit,"[('acid groups', 'loss of mechanical permanence')]",No
"Saka era of Southeast Asia: The Hindu calendar system in Indonesia is attributed to the legend of Hindus arriving with a sage Aji Saka in the 1st century Java, in the March of 78 CE.",coling22-mining-health-related-statements_sentence_test_causenet_evaluations.csv,121813.0,1,[],[],implicit,"[('legend of hindus arriving with a sage aji saka in the 1st century java', 'hindu calendar system in indonesia')]",No
There have been numerous horror stories and even deaths resulting from bargain basement surgeons promising beautiful breast or a youthful appearance.,coling22-mining-health-related-statements_sentence_test_causenet_evaluations.csv,121635.0,1,[],[],implicit,"[('bargain basement surgeons promising beautiful breast', 'deaths')]",No
"The intent of HIPAA is to reduce ""job lock"" by lessening the risk of loss of health coverage associated with a change of employers.",coling22-mining-health-related-statements_sentence_test_causenet_evaluations.csv,121380.0,1,[],[],implicit,"[('change of employers', 'loss of health coverage')]",No
"Advances in both our understanding of the RHD locus and its variants, as well as technical improvements in the extraction and amplification of cell-free fetal DNA in maternal plasma, have led to incorporation of non-invasive diagnosis of RHD genotype into routine prenatal care in the United Kingdom, France, and the Netherlands (6).",coling22-mining-health-related-statements_sentence_test_causenet_evaluations.csv,121430.0,1,[],['led to'],implicit,"[('advances in both our understanding of the rhd locus', 'incorporation of non-invasive diagnosis of rhd genotype into routine prenatal care')]",No
"The performance of non-banking subsidiaries contributed positively to Grupo Financiero HSBC's results, particularly HSBC Seguros, which reported a net profit of MXN1,094m for the nine months to 30 September 2011, a 14.4% increase when compared with the same period of 2010.",coling22-mining-health-related-statements_sentence_test_causenet_evaluations.csv,121866.0,1,[],[],implicit,"[('performance of non-banking subsidiaries', ""grupo financiero hsbc 's results"")]",No
"Overcropping leads to a dilution of fruit flavors and overall quality, a thinning of the phenols and a loss of overall fullness.",coling22-mining-health-related-statements_sentence_test_causenet_evaluations.csv,121789.0,1,[],['leads to'],implicit,"[('overcropping', 'dilution of fruit flavors')]",No
"Exploration of lighter materials that retain requisite strength and durability would lead to orthoses requiring both less maintenance and faster, less expensive repair.",coling22-mining-health-related-statements_sentence_test_causenet_evaluations.csv,121718.0,1,[],['lead to'],implicit,"[('exploration of lighter materials', 'orthoses')]",No
* Fixed trying to open bad graph causing other graphs to fail to open (fix #253).,coling22-mining-health-related-statements_sentence_test_causenet_evaluations.csv,121395.0,1,[],[],implicit,"[('fixed trying to open bad graph', 'graphs to fail to open')]",No
"Sequence analysis showed that they were all infected with the same strain of virus, but that it was different from strains of FCV associated with the virulent systemic disease in cats in the USA.",coling22-mining-health-related-statements_sentence_test_causenet_evaluations.csv,122249.0,1,[],[],implicit,"[('virulent systemic disease in cats in the usa', 'strains of fcv')]",No
"One practical example of social iatrogenesis given by Illich is the lowering of levels of tolerance for psychological discomfort or sadness, which brought about a steady increase of the diagnosis of depression (Horwitz and Wakefield, 2009[15]).",coling22-mining-health-related-statements_sentence_test_causenet_evaluations.csv,122276.0,1,[],[],implicit,"[('psychological discomfort', 'steady increase of the diagnosis of depression')]",No
Understand how to avoid negatives and the pitfalls associated with trading penny stocks are some of the steps to help turn initial investments into huge profits in the long run.,coling22-mining-health-related-statements_sentence_test_causenet_evaluations.csv,122396.0,1,[],[],implicit,"[('trading penny stocks', 'pitfalls')]",No
This is result differs from the results of homogeneous reaction kinetics which lead to a linear dependence of S on RT.,coling22-mining-health-related-statements_sentence_test_causenet_evaluations.csv,121574.0,1,[],['lead to'],implicit,"[('homogeneous reaction kinetics', 'linear dependence of s on rt')]",No
"New Mexico's biggest ranch led to a legacy with its own zip code, its own breed of cattle, and its own star-studded place in western history.",coling22-mining-health-related-statements_sentence_test_causenet_evaluations.csv,121538.0,1,[],['led to'],implicit,"[(""new mexico 's biggest ranch"", 'legacy with its own zip code')]",No
"Success can be attributed to Kenya's ability to provide high quality products on a year-round basis, backed by daily airfreight arrivals to key destinations.",coling22-mining-health-related-statements_sentence_test_causenet_evaluations.csv,121749.0,1,[],[],implicit,"[(""kenya 's ability to provide high quality products"", 'success')]",No
"But more importantly, it can prolong your life by preventing damage to your body from uncontrolled blood sugar that can lead to heart disease, strokes and cancer.",coling22-mining-health-related-statements_sentence_test_causenet_evaluations.csv,122406.0,1,[],['lead to'],implicit,"[('damage to your body from uncontrolled blood sugar', 'strokes')]",No
Tier-two competencies are associated with an intermediate research realm such as a master's degree or a predoctoral research track in which the individual conducts mentored research.,coling22-mining-health-related-statements_sentence_test_causenet_evaluations.csv,121891.0,1,[],[],implicit,"[('tier-two competencies', 'intermediate research realm')]",No
"Minimalism, arising from the Bauhaus drive to find an industrial language for volume products, gained momentum through the 20th Century but now looks tired against the more imaginative expression resulting from the cross-fertilisation of inventive structural concepts, digital processes, forms more responsive to human interaction and emerging environmental imperatives.",coling22-mining-health-related-statements_sentence_test_causenet_evaluations.csv,121797.0,1,[],[],implicit,"[('cross-fertilisation of inventive structural concepts', 'imaginative expression')]",No
Symptoms of bacterial vaginosis the symptoms of bacterial vaginosis include the aforementioned fishy odor associated with the vaginal discharge and excessive vaginal discharge... To truly address any problem.,coling22-mining-health-related-statements_sentence_test_causenet_evaluations.csv,122049.0,1,[],[],implicit,"[('excessive vaginal discharge', 'aforementioned fishy odor')]",No
"The second metamorphic episode was, therefore, more of a thermal event resulting from post-tectonic thermal relaxation.",coling22-mining-health-related-statements_sentence_test_causenet_evaluations.csv,121661.0,1,[],['therefore'],implicit,"[('post-tectonic thermal relaxation', 'thermal event')]",No
We're taught that drug use leads to failure and unhappiness.,coling22-mining-health-related-statements_sentence_test_causenet_evaluations.csv,121716.0,1,[],['leads to'],implicit,"[('drug use', 'failure')]",No
"This wind brought down with its tongues, even imbrem linguarum, 'a whole shower of them,' which is the next point of the show which appeared.",coling22-mining-health-related-statements_sentence_test_causenet_evaluations.csv,121577.0,1,[],[],implicit,"[('wind', 'imbrem linguarum')]",No
But our most recent Turnpike venture brought a surprise.,coling22-mining-health-related-statements_sentence_test_causenet_evaluations.csv,121545.0,1,[],[],implicit,"[('recent turnpike venture', 'surprise')]",No
"Polymorphism within this gene is associated with variable ability to metabolize mephenytoin, known as the poor metabolizer and extensive metabolizer phenotypes.",coling22-mining-health-related-statements_sentence_test_causenet_evaluations.csv,122328.0,1,[],[],implicit,"[('polymorphism within this gene', 'variable ability to metabolize mephenytoin')]",No
"2005) ""Exposure to ambient air particulate matter (PM) is associated with pulmonary and cardiovascular diseases and cancer.",coling22-mining-health-related-statements_sentence_test_causenet_evaluations.csv,121440.0,1,[],[],implicit,"[('exposure to ambient air particulate matter', 'cardiovascular diseases')]",No
It was Zainal's plan that led to the destruction of the Esoi and the liberation of Earth.,coling22-mining-health-related-statements_sentence_test_causenet_evaluations.csv,122051.0,1,[],['led to'],implicit,"[(""zainal 's plan"", 'destruction of the esoi')]",No
Dunst once again leads up to the damsel-in-distress bit towards the end and gets to sing (although the singing obviously isn't her) a couple of times.,coling22-mining-health-related-statements_sentence_test_causenet_evaluations.csv,121996.0,1,[],[],implicit,"[('dunst once', 'damsel-in-distress bit towards the end')]",No
Other prayers associated with the eucharist and a sacred dance are found in the Acts of John.,coling22-mining-health-related-statements_sentence_test_causenet_evaluations.csv,121699.0,1,[],[],implicit,"[('sacred dance', 'prayers')]",No
"Consistent with state policies, the department would draft a policy, followed by a public hearing which may lead to alterations in the proposal.",coling22-mining-health-related-statements_sentence_test_causenet_evaluations.csv,122015.0,1,[],['lead to'],implicit,"[('public hearing', 'alterations in the proposal')]",No
"The NEBAL associated with the early postpartum period is coupled with increased risk of metabolic disorders and health problems (Goff and Horst, 1997; Drackley, 1999), decreased milk yield, and reduced reproductive performance (Lucy et al., 1992; Beam and Butler, 1999; Baumgard et al., 2002; 2006).",coling22-mining-health-related-statements_sentence_test_causenet_evaluations.csv,122315.0,1,[],[],implicit,"[('early postpartum period', 'nebal')]",No
"Those with outcomes that lead to home retention, such as loan extensions, modifications, repayment plans and citibank website.",coling22-mining-health-related-statements_sentence_test_causenet_evaluations.csv,122229.0,1,[],['lead to'],implicit,"[('outcomes', 'home retention')]",No
"On the other hand, the defense dilemma revolves around the possible security implications associated with the holding of military means by states.",coling22-mining-health-related-statements_sentence_test_causenet_evaluations.csv,121712.0,1,[],[],implicit,"[('holding of military means by states', 'security implications')]",No
A path parallel to the river leads to the historical monument.,coling22-mining-health-related-statements_sentence_test_causenet_evaluations.csv,121882.0,1,[],['leads to'],implicit,"[('path parallel to the river', 'historical monument')]",No
"Since the late 1990s, when the country began its culturing, the tuna culturing industry has developed steadily and brought great wealth to producers and to local economies.",coling22-mining-health-related-statements_sentence_test_causenet_evaluations.csv,121915.0,1,[],['Since'],implicit,"[('tuna culturing industry', 'great wealth to producers')]",No
"The tremendous growth and change that business marketing is experiencing is largely due to three ""revolutions"" occurring around the world today, according to Morris, Pitt and Honeycutt (2001).",coling22-mining-health-related-statements_sentence_test_causenet_evaluations.csv,121826.0,1,[],['due to'],implicit,"[('revolutions', 'tremendous growth and change')]",No
"They contrast the ""law of planning"" associated with the conscious planning of economic activity on a wider and wider scale by large companies to the ""law of value"" which operates in the market.",coling22-mining-health-related-statements_sentence_test_causenet_evaluations.csv,122211.0,1,[],[],implicit,"[('conscious planning of economic activity on a wider and wider scale by large companies to the `` law of value', 'law of planning')]",No
"They considered apparent motion due to rotating star-spots, and aberrations due to the possible presence of a disk of gas and dust around the star.",coling22-mining-health-related-statements_sentence_test_causenet_evaluations.csv,122208.0,1,[],"['due to', 'due to']",implicit,"[('rotating star-spots', 'apparent motion')]",No
"The CMP affirms that ""the United Front government will continue with tax reforms and take other steps to augment revenues legitimately due to the government and to curb tax evasion.""",coling22-mining-health-related-statements_sentence_test_causenet_evaluations.csv,122130.0,1,[],['due to'],implicit,"[('government', 'augment revenues')]",No
"For damages resulting from the gross negligence of ForceChange or its Agents, liability is limited to damages commonly associated with the agreement in question.",coling22-mining-health-related-statements_sentence_test_causenet_evaluations.csv,121918.0,1,[],[],implicit,"[('gross negligence of forcechange', 'damages')]",No
"The general view of dentists is that the infection leads to receding gums and the loss of bone that supports the teeth, causing the teeth to become loose.",coling22-mining-health-related-statements_sentence_test_causenet_evaluations.csv,122204.0,1,[],['leads to'],implicit,"[('infection', 'loss of bone')]",No
The improved signals may be partly due to increased power output resulting from lower beacon temperatures.,coling22-mining-health-related-statements_sentence_test_causenet_evaluations.csv,121755.0,1,[],['due to'],implicit,"[('lower beacon temperatures', 'increased power output')]",No
Arizona and Florida have yet to examine change in adult prevalence associated with programme exposure.,coling22-mining-health-related-statements_sentence_test_causenet_evaluations.csv,122268.0,1,[],[],implicit,"[('programme exposure', 'change in adult prevalence')]",No
"Modelling of corrosion processes provides a test of our understanding, and leads to improved prediction of behaviour.",coling22-mining-health-related-statements_sentence_test_causenet_evaluations.csv,121462.0,1,[],['leads to'],implicit,"[('modelling of corrosion processes', 'improved prediction of behaviour')]",No
An alternate path is associated with the QP when the connection/EE context is first created.,coling22-mining-health-related-statements_sentence_test_causenet_evaluations.csv,122354.0,1,[],[],implicit,"[('alternate path', 'qp')]",No
"History leads me to dread the consequences if, once crisis becomes collapse, we cannot offer tangible hope for a more democratic society and economy.",coling22-mining-health-related-statements_sentence_test_causenet_evaluations.csv,121968.0,1,[],[],implicit,"[('history', 'dread the consequences')]",No
"Poor literacy skills are associated with lower education, earnings, health & social outcomes.",coling22-mining-health-related-statements_sentence_test_causenet_evaluations.csv,122127.0,1,[],[],implicit,"[('poor literacy skills', 'earnings')]",No
"When significant events or conditions are detected, the RPM system can trigger automated optimisations to process execution or notify and provide decision support to appropriate personnel.",coling22-mining-health-related-statements_sentence_test_causenet_evaluations.csv,122192.0,1,[],[],implicit,"[('rpm system', 'automated optimisations')]",No
"The decisive importance on any political decision of the life conditions resulting from the immigration pressure by Spaniards and other Europeans disrupting and uprooting the native society, and the hegemonic process of foreign interests imposed by Spain which hinders our own socio-economic development.",coling22-mining-health-related-statements_sentence_test_causenet_evaluations.csv,122085.0,1,[],[],implicit,"[('immigration pressure by spaniards and other europeans disrupting and uprooting the native society', 'decisive importance on any political decision of the life conditions')]",No
"The effect of acadesine was abrogated by GF109203X and Ro-32-0432, both inhibitor of classical and new PKCs and accordingly, acadesine triggered relocation and activation of several PKC isoforms in K562 cells.",coling22-mining-health-related-statements_sentence_test_causenet_evaluations.csv,121501.0,1,[],['accordingly'],implicit,"[('acadesine', 'relocation')]",No
"Gateway and Dell are associated with ""seller reputation"" and ""product reputation,"" respectively.",coling22-mining-health-related-statements_sentence_test_causenet_evaluations.csv,122218.0,1,[],[],implicit,"[('gateway', 'seller reputation')]",No
An increase in loans that are initially designed for sale to third parties could lead to the expansion of market-oriented indirect finance.,coling22-mining-health-related-statements_sentence_test_causenet_evaluations.csv,121741.0,1,[],['lead to'],implicit,"[('increase in loans', 'expansion of market-oriented indirect finance')]",No
Brass Eagle produced the Eagle semi auto as the first gravity fed semi.,coling22-mining-health-related-statements_sentence_test_causenet_evaluations.csv,121579.0,1,[],[],implicit,"[('brass eagle', 'eagle semi auto')]",No
Thus vestibular activation of the hippocampus following activation of the network associated with the precuneus area seems plausible in humans.,coling22-mining-health-related-statements_sentence_test_causenet_evaluations.csv,122091.0,1,[],['Thus'],implicit,"[('precuneus area', 'activation of the network')]",No
Recent developments in the field of nanotechnology have led to exponential growth in the exploitation of nanomaterials.,coling22-mining-health-related-statements_sentence_test_causenet_evaluations.csv,121583.0,1,[],['led to'],implicit,"[('developments in the field of nanotechnology', 'exponential growth in the exploitation of nanomaterials')]",No
"These resources include World War I trenches, Civilian Conservation Corps features, World War II buildings, and historic structures, programs and discoveries associated with high energy physics, research reactors, and other science conducted at the Laboratory.",coling22-mining-health-related-statements_sentence_test_causenet_evaluations.csv,121513.0,1,[],[],implicit,"[('high energy physics', 'historic structures')]",No
"He analyzed the rise of fascism in Europe and how it could be defeated, the Spanish Revolution and Civil War of the 1930s, and the inter-imperial rivalries that led to the Second World War.",coling22-mining-health-related-statements_sentence_test_causenet_evaluations.csv,121655.0,1,[],['led to'],implicit,"[('inter-imperial rivalries', 'second world war')]",No
"The Brady Plan followed the Baker Plan; in the Paris Club group of rich country creditors, Houston Terms followed London Terms which followed Naples Terms.",coling22-mining-health-related-statements_sentence_test_causenet_evaluations.csv,122300.0,1,[],[],implicit,"[('baker plan', 'brady plan')]",No
He describes the discussions and debates that led to the government's anti-recession measures such as the American Recovery and Reinvestment Act of 2009 (ARRA).,coling22-mining-health-related-statements_sentence_test_causenet_evaluations.csv,121806.0,1,[],['led to'],implicit,"[('discussions and debates', ""government 's anti-recession measures"")]",No
This coating also helps to avert the normal garlic breath associated with the consumption garlic.,coling22-mining-health-related-statements_sentence_test_causenet_evaluations.csv,122373.0,1,[],[],implicit,"[('consumption garlic', 'normal garlic breath')]",No
Both are associated with infiltration and deposition of calcium and collagen in sub-intimal layers and degradation of arterial elastin leading to reduced elasticity and compliance.,coling22-mining-health-related-statements_sentence_test_causenet_evaluations.csv,121909.0,1,[],['leading to'],implicit,"[('degradation of arterial elastin', 'compliance')]",No
"Apart from discomfort to the infant associated with HL, there are concerns regarding the possibility of puncturing the calcaneus and causing osteochondritis, ecchymosis or hemolyzed samples and the possibility of accidental injuries to personnel (Moxley 1989, Meehan 1998).",coling22-mining-health-related-statements_sentence_test_causenet_evaluations.csv,121421.0,1,[],[],implicit,"[('hl', 'discomfort to the infant')]",No
"The mean annual budget for the digitization projects that contributed to the sample was $122,408, with a range from $0 to $1.963 million.",coling22-mining-health-related-statements_sentence_test_causenet_evaluations.csv,121812.0,1,[],[],implicit,"[('annual budget for the digitization projects', 'sample')]",No
"The environment, the mountain air and the energy of the audience all contributed to the impact.",coling22-mining-health-related-statements_sentence_test_causenet_evaluations.csv,122312.0,1,[],[],implicit,"[('energy of the audience', 'impact')]",No
dramtic foyer entrance leads to a spacious formal living and formal dining room area with custom built-ins.,coling22-mining-health-related-statements_sentence_test_causenet_evaluations.csv,121900.0,1,[],['leads to'],implicit,"[('dramtic foyer entrance', 'spacious formal living and formal dining room area with custom built-ins')]",No
The current vaccine does work against the mumps virus that is causing the outbreak.,coling22-mining-health-related-statements_sentence_test_causenet_evaluations.csv,121454.0,1,[],[],implicit,"[('mumps virus', 'outbreak')]",No
"In the West, Shiism is often associated with fanaticism and violence.",coling22-mining-health-related-statements_sentence_test_causenet_evaluations.csv,121469.0,1,[],[],implicit,"[('shiism', 'violence')]",No
"Currently, moderate evidence indicates that intake of dairy is associated with lower blood pressure in adults.",coling22-mining-health-related-statements_sentence_test_causenet_evaluations.csv,121432.0,1,[],[],implicit,"[('intake of dairy', 'lower blood pressure')]",No
"In some possible coincidence, the olive branch like the dove is associated with Athena in Greek mythology: Athens was to be bestowed upon the god that would give the most useful gift to humanity, and while Poseidon offered the horse (a representative of war), Athena won with the gift of the olive tree.",coling22-mining-health-related-statements_sentence_test_causenet_evaluations.csv,122318.0,1,[],[],implicit,"[('olive branch', 'athena in greek mythology')]",No
A minority of patients present with primary Raynaud's phenomenon associated with positive autoantibodies and abnormal nailfold capillaries.,coling22-mining-health-related-statements_sentence_test_causenet_evaluations.csv,121746.0,1,[],[],implicit,"[('positive autoantibodies', ""primary raynaud 's phenomenon"")]",No
"In household dust, common allergens from dust mites, pets, mold, and cockroaches can trigger an allergic response.",coling22-mining-health-related-statements_sentence_test_causenet_evaluations.csv,121587.0,1,[],[],implicit,"[('common allergens from dust mites', 'allergic response')]",No
"A longstanding emphasis is associated with traditions of film education, which typically place a central focus on film as an art-form, on its aesthetic and cultural value, and on the creative processes of young people's film-making.",coling22-mining-health-related-statements_sentence_test_causenet_evaluations.csv,122176.0,1,[],[],implicit,"[('longstanding emphasis', 'aesthetic and cultural value')]",No
"As CO2 continues to drop, cells produce lactic acid to reduce alkalinity causing fatigue, numbness, tingling and anesthesia.",coling22-mining-health-related-statements_sentence_test_causenet_evaluations.csv,121790.0,1,[],[],implicit,"[('alkalinity', 'fatigue')]",No
"The Greens are right to fill the hole left by the Democrats, where earnest policy nerds get into the Senate and toil away and join the dots which lead to a big story.",coling22-mining-health-related-statements_sentence_test_causenet_evaluations.csv,122369.0,1,[],['lead to'],implicit,"[('earnest policy nerds get into the senate and toil away and join the dots', 'big story')]",No
This gives the company the distinct advantage of low cost of Raw Material leading to low cost generation.,coling22-mining-health-related-statements_sentence_test_causenet_evaluations.csv,121525.0,1,[],['leading to'],implicit,"[('low cost of raw material', 'low cost generation')]",No
"""This type was initially believed to be due to spasms of the basilar artery , the artery that supplies the brainstem .""",medcaus.csv,6255,1,['believed'],['due to'],implicit,"[('to spasms of the basilar artery , the artery that supplies the', '`` This type was initially believed to')]",No
"""However , after the age of forty the number of parasites carried ( the intensity of infection ) decreases , suggesting that over time some sort of protective immune response develops .""",medcaus.csv,8269,1,[],[],implicit,"[(', after the age of forty the number of parasites -RRB-', 'that over time some sort of protective immune response')]",No
"A name change may be due to purely nomenclatural reasons , that is , based on the rules of nomenclature ; as for example when an older name is ( re)discovered which has priority over the current name .",medcaus.csv,12915,1,[],['due to'],implicit,"[('purely nomenclatural reasons', 'A name change')]",No
"""However , in the other states , the other Standard Oil companies objected and , via a 1937 U.S. federal court injunction , forced Jersey Standard to use other brand names .""",medcaus.csv,9382,1,[],[],implicit,"[(', the other Standard Oil companies objected and , via a 1937 U.S. federal court', 'forced Jersey Standard to use other brand')]",No
"One study found that neural activity patterns for left - right and above - below distinctions are represented differently in the brain , leading to the theory that these spatial judgements are supported by separate cognitive mechanisms .",medcaus.csv,11830,1,[],['leading to'],implicit,"[('One study found that neural activity patterns for left - right and above - below distinctions are represented differently in the brain', 'the theory that these spatial judgements are supported by separate cognitive mechanisms .')]",No
"""256-bit AES uses 14 rounds , so these attacks are n't effective against full AES .""",medcaus.csv,2368,1,[],[],implicit,"[('`` 256-bit AES uses 14', ""so these attacks are n't effective against full"")]",No
"""Although not a hybrid himself , Stukov oddly seems to possess an amalgamation of Protoss and Zerg abilities and characteristics , though this likely resulted from his exposure to the Protoss anti - infestation cure .""",medcaus.csv,9837,1,[],[],implicit,"[('from exposure to the Protoss anti - infestation', ', Stukov oddly seems to possess an amalgamation of Protoss and Zerg abilities and')]",No
"A thiazide diuretic , such as chlorthalidone or hydrochlorothiazide , can be used to create mild hypovolemia which encourages salt and water uptake in proximal tubule and thus improve nephrogenic diabetes insipidus .",medcaus.csv,10877,1,[],['thus'],implicit,"[('mild hypovolemia which encourages salt and water uptake in proximal tubule', 'improve nephrogenic diabetes insipidus')]",No
"""The major Borrelia species causing Lyme disease are Borrelia burgdorferi , Borrelia afzelii , and Borrelia garinii .""",medcaus.csv,6786,1,[],[],implicit,"[('`` The major Borrelia disease are Borrelia burgdorferi , Borrelia afzelii , and Borrelia', 'causing Lyme')]",No
Expectorants reduce the thickness or viscosity of bronchial secretions thus increasing mucus flow that can be removed more easily through coughing .,medcaus.csv,2512,1,[],['thus'],implicit,"[('Expectorants reduce the thickness or viscosity of bronchial secretions', 'increasing mucus flow that can be removed more easily through coughing')]",No
"""Diseased heart valves may have a narrow opening and therefore restrict the flow of blood in the forward direction ( referred to as a stenotic valve ) ,   or may allow blood to leak in the reverse direction ( referred to as valvular regurgitation ) .""",medcaus.csv,9186,1,[],['therefore'],implicit,"[('`` Diseased heart valves may have a narrow', 'therefore restrict the flow of blood in the forward , or may allow blood to leak in the reverse')]",No
"""Mohandas said that government approval of these colleges makes them appear legitimate , leading thousands of talented students to join them and end up with invalid degrees .""",medcaus.csv,5743,1,[],[],implicit,"[('`` Mohandas said that government approval of these colleges makes them appear', 'leading thousands of talented students to join them and end up with invalid')]",No
"""By 1927 , General Electric had developed a portable apparatus that could produce electrocardiograms without the use of the string galvanometer .""",medcaus.csv,8254,1,[],[],implicit,"[(', General Electric had developed a portable', 'could produce electrocardiograms without the use of the string')]",No
"""In general , oximes can be changed to the corresponding amide derivatives by treatment with various acids .""",medcaus.csv,9581,1,[],[],implicit,"[('by treatment with various', ', oximes can be changed to the corresponding amide')]",No
Long term untreated hyperthyroidism can lead to osteoporosis .,medcaus.csv,4022,1,[],['lead to'],implicit,"[('Long term untreated hyperthyroidism', 'osteoporosis')]",No
"""Another test that is useful in determining if HbA1c values are due to wide variations of blood glucose throughout the day is 1,5-anhydroglucitol , also known as GlycoMark .""",medcaus.csv,2245,1,[],['due to'],implicit,"[('to wide variations of blood glucose throughout the day is', '`` Another test that is useful in determining if HbA1c')]",No
"""Severity of disease varies greatly by mutation , with some mutations causing disease in the first or second decade of life , and others being more benign .""",medcaus.csv,3449,1,[],[],implicit,"[('with some', 'causing disease in the first or second decade of')]",No
"""The mandible underwent a complex series of shape changes not matched by the teeth , leading to incongruity between dental and mandibular form .""",medcaus.csv,6156,1,[],['leading to'],implicit,"[('`` The mandible underwent a complex series of shape changes not matched by the', 'to incongruity between dental and mandibular')]",No
Chronic use of phenacetin is known to lead to analgesic nephropathy characterized by renal papillary necrosis .,medcaus.csv,8033,1,[],['lead to'],implicit,"[('Chronic use of phenacetin', 'analgesic nephropathy characterized by renal papillary necrosis')]",No
Tenderizers break down collagens to make the meat more palatable for consumption .,medcaus.csv,8094,1,[],[],implicit,"[('Tenderizers break down collagens', 'to make the meat more palatable for consumption')]",No
"""The system is built using a Facebook - developed deep learning algorithm known as DeepText ( first implemented on the social network to detect spam comments ) , which utilizes natural - language processing techniques , and can also filter by user - specified keywords .""",medcaus.csv,7747,1,[],[],implicit,"[('built using a Facebook - developed deep learning algorithm known as', '`` The system is')]",No
"""Descartes ' work provided the basis for the calculus developed by Newton and Leibniz , who applied infinitesimal calculus to the tangent line problem , thus permitting the evolution of that branch of modern mathematics .""",medcaus.csv,4714,1,[],['thus'],implicit,"[(""`` Descartes '"", 'thus permitting the evolution of that branch of modern')]",No
"""The ship 's disguise was removed , so it would not hinder the ship in battle .""",medcaus.csv,2275,1,[],[],implicit,"[(""`` The ship 's disguise was"", 'so it would not hinder the ship in')]",No
"""This is due to their ability to mentally process the social situation in a way that gives them more positive , empathetic feelings toward their younger sibling .""",medcaus.csv,6977,1,[],['due to'],implicit,"[('to their ability to mentally process the social situation in a way that gives them more', '``')]",No
"""The """" snug fit """" that results when """" one member nests within the recess of an adjoining member """" is a stable locked state .""",medcaus.csv,2190,1,[],[],implicit,"[(""results when '' '' one member nests within the recess"", ""`` '' ''"")]",No
The shock method that he created was the result of studying the actions that occur in running and jumping .,medcaus.csv,5366,1,[],[],implicit,"[('studying the actions that occur in running and jumping', 'The shock method that he created was')]",No
"""In the context of agribusiness , a farmer is defined broadly , and thus many individuals not necessarily engaged in full - time farming can nonetheless legally qualify under agricultural policy for various subsidies , incentives , and tax deductions .""",medcaus.csv,8772,1,[],['thus'],implicit,"[('`` In the context of agribusiness , a farmer is defined', 'thus many individuals not necessarily engaged in full - time farming can nonetheless legally qualify under agricultural policy for various')]",No
"The leading hypotheses for its mechanisms were that it could help keep the cervix closed similarly to the cerclage , as well as change the inclination of the cervical canal so that the pregnancy weight is not directly above the internal os .",medcaus.csv,10623,1,[],[],implicit,"[('change the inclination of the cervical canal', 'the pregnancy weight is not directly above the internal os')]",No
Anterior shoulder dislocation often is a result of a blow to the shoulder while the arm is in an abducted position .,medcaus.csv,11909,1,[],[],implicit,"[('a blow to the shoulder', 'Anterior shoulder dislocation often')]",No
"""Additionally , prolonged use of proton pump inhibitors has been shown to decrease gallbladder function , potentially leading to gallstone formation .""",medcaus.csv,5568,1,[],['leading to'],implicit,"[(', prolonged use of proton pump inhibitors has been shown to decrease gallbladder', 'to gallstone')]",No
Secondary excoriations due to scratching are common .,medcaus.csv,12601,1,[],['due to'],implicit,"[('scratching', 'Secondary excoriations')]",No
"""The winemaking putti in the ambulatory of Santa Constanza still follow the classical tradition in that they represent the feast of Bacchus , which symbolizes transformation or change , and are thus appropriate for a mausoleum , the original function of this building .""",medcaus.csv,641,1,[],['thus'],implicit,"[('`` The winemaking putti in the ambulatory of Santa Constanza still follow the classical tradition in that they represent the feast of , which symbolizes transformation or', 'thus appropriate for a , the original function of this')]",No
"Additionally , due to its political and geographical proximity to Europe , Asia , the Middle East and Africa , Greece is a country of significant geostrategic importance and is considered to be a middle power and has developed a regional policy to help promote peace and stability in the Balkans , the Mediterranean , and the Middle East .",medcaus.csv,10293,1,[],['due to'],implicit,"[('its political and geographical proximity to Europe , Asia , the Middle East and Africa ,', 'Greece is a country of significant geostrategic importance and is considered to be a middle power')]",No
"The process of microbial proliferation within a body is referred to as putrefaction and leads to the second stage of decomposition , known as bloat .",medcaus.csv,11841,1,[],['leads to'],implicit,"[('The process of microbial proliferation within a body', 'the second stage of decomposition')]",No
Pathophysiology can also mean the functional changes associated with or resulting from disease or injury .,medcaus.csv,6137,1,[],[],implicit,"[('disease or injury', 'Pathophysiology can also mean the functional changes associated with or')]",No
"""In contrast , the presence of mild baseline FHR variability , or an absence of FHR variability does not reliably predict fetal acidemia or hypoxia ; lack of moderate baseline FHR variability may be a result of the fetal sleep cycle , or a result of medications , extreme prematurity , congenital anomalies , or pre - existing neurological injury .""",medcaus.csv,1229,1,[],[],implicit,"[('of the fetal sleep of , extreme , congenital or - existing neurological', '; lack of moderate baseline FHR')]",No
"""By around 1774 , he had concluded that the same effect could be created by passing the hands in front of the subject 's body , later referred to as making """" Mesmeric passes """" .""",medcaus.csv,11483,1,[],[],implicit,"[(""by passing the hands in front of the subject 's"", 'that the same')]",No
"The ribs are poorly developed , so the lungs are filled by buccal pumping and   a frog deprived of its lungs can maintain its body functions without them .",medcaus.csv,11735,1,[],[],implicit,"[('The ribs are poorly developed', 'the lungs are filled by buccal pumping')]",No
"""Altmann developed his own brand of sociobiology to study the social behavior of rhesus macaques , using statistics , and was hired as a """" sociobiologist """" at the Yerkes Regional Primate Research Center in 1965 .""",medcaus.csv,7566,1,[],[],implicit,"[(', using', '`` Altmann developed his own brand of sociobiology to study the social behavior of rhesus')]",No
"""The Board recommended that the new metro - centre or Navi Mumbai as it is now called , be developed to accommodate a population of 21 lakh ( 2.1 million ) .""",medcaus.csv,9492,1,[],[],implicit,"[('`` The Board recommended that the new metro - centre or Navi Mumbai as it is now called , be', 'to accommodate a population of 21')]",No
These genetic variations in the HLA complex are thought to increase the risk of an auto - immune response to orexin - releasing neurons in the lateral hypothalamus .,medcaus.csv,9366,1,[],[],implicit,"[('These genetic variations in the HLA complex', 'the risk of an auto - immune response to orexin - releasing neurons in the lateral hypothalamus')]",No
"""These include ceasing irrigation a few days before harvesting to allow pathogens to die off in the sunlight , applying water carefully so it does not contaminate leaves likely to be eaten raw , cleaning vegetables with disinfectant or allowing fecal sludge used in farming to dry before being used as a human manure .""",medcaus.csv,4844,1,[],[],implicit,"[(', applying water', 'so it does not contaminate leaves likely to be eaten , cleaning vegetables with disinfectant or allowing fecal farming to dry before being used as a human')]",No
They also found that the rats who were given much attention as adolescents also gave their offspring the same amount of attention and thus showed that rats raised their offspring similar to how they were raised .,medcaus.csv,11451,1,[],['thus'],implicit,"[('They also found that the rats who were given much attention as adolescents also gave their offspring the same amount of attention', 'showed that rats raised their offspring similar to how they were raised')]",No
The terminology used to describe insects is similar to that used for other arthropods due to their shared evolutionary history .,medcaus.csv,6340,1,[],['due to'],implicit,"[('their shared evolutionary history', 'The terminology used to describe insects is similar to that used for other arthropods')]",No
"""Some cases occur as the result of brain injury , stroke , brain tumors , infections of the brain , and birth defects through a process known as epileptogenesis .""",medcaus.csv,2031,1,[],[],implicit,"[('of brain , , brain , infections of the , and birth defects through a process known as', '`` Some cases occur')]",No
"""The fetus instead develops as a plate - like structure on top of the yolk mass , and only envelopes it at a later stage .""",medcaus.csv,7099,1,[],[],implicit,"[('`` The', 'develops as a plate - like structure on top of the yolk')]",No
Moose are thus attracted to marshes and river banks during warmer months as both provide suitable vegetation to eat and water to wet themselves in .,medcaus.csv,13225,1,[],['thus'],implicit,"[('both provide suitable vegetation to eat and water to wet themselves in', 'Moose are thus attracted to marshes and river banks during warmer months')]",No
Access to the ARPANET was expanded in 1981 when the National Science Foundation ( NSF ) funded the Computer Science Network ( CSNET ) .,medcaus.csv,12684,1,[],[],implicit,"[('the National Science Foundation -LRB- NSF -RRB- funded the Computer Science Network -LRB- CSNET -RRB-', 'Access to the ARPANET was expanded in 1981')]",No
"""Trains have a small frontal area in relation to the load they are carrying , which reduces air resistance and thus energy usage .""",medcaus.csv,2829,1,[],['thus'],implicit,"[('which reduces air', 'thus energy')]",No
"""If one family member has a history of addiction , the chances of a relative or close family developing those same habits are much higher than one who has not been introduced to addiction at a young age .""",medcaus.csv,2919,1,[],[],implicit,"[('If one family member has a history of', ', the chances of a relative or close family developing those same habits are much higher than one who has not been introduced to addiction at a young')]",No
It is due to mutations in the Bifunctional 3'-phosphoadenosine 5'-phosphosulfate synthetase 2 ( PAPSS2 ) gene which is located on the long arm of chromosome 10 ( 10q22-q24 ) .,medcaus.csv,6161,1,[],['due to'],implicit,"[(""mutations in the Bifunctional 3 ' - phosphoadenosine 5 ' - phosphosulfate synthetase 2 -LRB- PAPSS2 -RRB- gene which is located on the long arm"", 'It is')]",No
"""Injury , medicines , infection , or an immune disorder can lead to myositis .""",medcaus.csv,2673,1,[],['lead to'],implicit,"[('`` , , , or an immune', 'to')]",No
Such manifestations usually result from disruption of physeal growth especially that osteochondromas typically arise at the metaphyseal ends of long bones in close proximity to the physis .,medcaus.csv,13634,1,[],[],implicit,"[('disruption of physeal growth', 'Such manifestations')]",No
"""Aldosterone upregulates epithelial sodium channels ( ENaCs ) in the collecting duct and the colon , increasing apical membrane permeability for Na+ and thus absorption .""",medcaus.csv,305,1,[],['thus'],implicit,"[('`` Aldosterone upregulates epithelial sodium -LRB- -RRB- in the collecting duct and the', ', increasing apical membrane permeability for Na + and')]",No
A third cut may be made across the end of the wedge to make it straight across .,medcaus.csv,1632,1,[],[],implicit,"[('A third cut may be made across the end of the wedge', 'make it straight across')]",No
"In as much as patients can throw themselves into the nervous sleep , and manifest all the usual phenomena of Mesmerism , through their own unaided efforts , as I have so repeatedly proved by causing them to maintain a steady fixed gaze at any point , concentrating their whole mental energies on the idea of the object looked at ; or that the same may arise by the patient looking at the point of his own finger , or as the Magi of Persia and Yogi of India have practised for the last 2,400 years , for religious purposes , throwing themselves into their ecstatic trances by each maintaining a steady fixed gaze at the tip of his own nose ; it is obvious that there is no need for an exoteric influence to produce the phenomena of Mesmerism .",medcaus.csv,11482,1,[],[],implicit,"[('I', 'them to maintain a steady fixed gaze at any point')]",No
"""For instance , men and women alike are capable of classifying sex acts as sexual no matter if they find them appealing or not , making a genital response to unappealing erotic stimuli a single mechanism step .""",medcaus.csv,7927,1,[],[],implicit,"[(', men and women alike are capable of classifying sex acts as sexual no matter if they find them appealing or', ', making a genital response to unappealing erotic stimuli a single mechanism')]",No
"However , this distinction ( between , for instance , hyperpnea and hyperventilation ) is not always adhered to , so that these terms are frequently used interchangeably .",medcaus.csv,10726,1,[],[],implicit,"[('this distinction -LRB- between , for instance , hyperpnea and hyperventilation -RRB- is not always adhered to', 'these terms are frequently used interchangeably')]",No
"Early outbreaks in the Indian subcontinent are believed to have been the result of poor living conditions as well as the presence of pools of still water , both of which provide ideal conditions for cholera to thrive .",medcaus.csv,11228,1,['believed'],[],implicit,"[('poor living conditions as well as the presence of pools of still water', 'Early outbreaks in the Indian subcontinent are believed to have been')]",No
"""The color of its aqueous solution varies from green to orange as a function of the way it is observed : by reflection or by transmission , as can be noticed in bubble levels , for example , in which fluorescein is added as a colorant to the alcohol filling the tube in order to increase the visibility of the air bubble contained within ( thus enhancing the precision of the instrument ) .""",medcaus.csv,2566,1,[],['thus'],implicit,"[('which fluorescein is added as a colorant to the alcohol filling the tube in order to increase the visibility of the air bubble contained', 'thus enhancing the precision of the')]",No
The faulty tactile sensory input hypothesis states that a damage to the primary sensory cortex combined with the delusion hypothesis leads to defective integration of tactile sensory stimulus and tactile hallucinations .,medcaus.csv,10164,1,[],['leads to'],implicit,"[('a damage to the primary sensory cortex combined with the delusion hypothesis', 'defective integration of tactile sensory stimulus and tactile hallucinations')]",No
"""The researcher suggested """" a stronger link with Middle Eastern populations , probably the result of trade activity in the Indian Ocean .""",medcaus.csv,10610,1,[],[],implicit,"[('result of trade activity in the', ""`` The researcher suggested '' '' a stronger link with Middle"")]",No
"Originally the company produced fresh orange juice ; in 2001 , Charlie 's expanded their product range to include a variety of other natural fruit juices .",medcaus.csv,10092,1,[],[],implicit,"[(""Charlie 's expanded their product range"", 'include a variety of other natural fruit juices')]",No
"""When ingesting large prey , these creases can unfold , allowing the skin to expand to envelop a much greater volume .""",medcaus.csv,3081,1,[],[],implicit,"[('When ingesting large', ', these creases can , allowing the skin to expand to envelop a much greater')]",No
"This increases the risk of producing several oocytes during the same cycle , and thus the risk of multiple pregnancies .",medcaus.csv,13005,1,[],['thus'],implicit,"[('This increases the risk of producing several oocytes during the same cycle', 'the risk of multiple pregnancies')]",No
The difficulty in identifying this wood is due in part to uncertainty over the location of the biblical city of Ophir .,medcaus.csv,8833,1,[],[],implicit,"[('uncertainty over the location of the biblical city of Ophir', 'The difficulty in identifying this wood')]",No
The conflict is only ended when Tassadar demonstrates the effectiveness of the dark templar against the Zerg .,medcaus.csv,9814,1,[],[],implicit,"[('Tassadar demonstrates the effectiveness of the dark templar against the Zerg', 'The conflict is only ended')]",No
"In those countries , the papal representative 's precedence within the corps is exactly on a par with that of the other members of ambassadorial rank , so that he becomes dean only on becoming the senior member of the corps .",medcaus.csv,13609,1,[],[],implicit,"[(""In those countries , the papal representative 's precedence within the corps is exactly on a par with that of the other members of ambassadorial rank"", 'he becomes dean only on becoming the senior member of the corps')]",No
"""In contrast , autoimmunity is an immune response to the self 's own antigens .""",medcaus.csv,2593,1,[],[],implicit,"[(""to the self 's own"", ', autoimmunity is an')]",No
"""NTDs occur early in pregnancy ( first month ) , therefore women must have abundant folate upon conception .""",medcaus.csv,5359,1,[],['therefore'],implicit,"[('`` NTDs occur early in pregnancy -LRB- first month', 'therefore women must have abundant folate upon')]",No
"Occasionally , if a lesion is seen on X - ray in a cigarette smoker , the disease may be misdiagnosed as carcinoma , leading to swift excision of the pulmonary lobe involved .",medcaus.csv,13803,1,[],['leading to'],implicit,"[('if a lesion is seen on X - ray in a cigarette smoker , the disease may be misdiagnosed as carcinoma', 'swift excision of the pulmonary lobe involved')]",No
"""Work on """" Skilled Memory and Expertise """" by Anders Ericsson and James J. Staszewski confronts the paradox of expertise and claims that people not only acquire content knowledge as they practice cognitive skills , they also develop mechanisms that enable them to use a large and familiar knowledge base efficiently .""",medcaus.csv,4384,1,['claims'],[],implicit,"[('content knowledge as they', 'and people not only')]",No
It localizes to adrenergic tissue and thus can be used to identify the location of tumors such as pheochromocytomas and neuroblastomas .,medcaus.csv,4518,1,[],['thus'],implicit,"[('It localizes to adrenergic tissue', 'can be used to identify the location of tumors')]",No
"""Each doll was programmed to say four out of 270 possible phrases , so that no two given dolls were likely to be the same .""",medcaus.csv,8780,1,[],[],implicit,"[('`` Each doll was programmed to say four out of 270 possible', 'that no two given dolls were likely to be the')]",No
"""The capacitor is a development of the Leyden jar and is a device that can store charge , and thereby storing electrical energy in the resulting field .""",medcaus.csv,4421,1,[],[],implicit,"[('`` The is a development of the Leyden is a device that can store', 'thereby storing electrical energy in the resulting')]",No
"But , due to feed back regulation of the vasomotor center , there is fall in blood pressure due to vasodilation .",medcaus.csv,14061,1,[],"['due to', 'due to']",implicit,"[('feed back regulation of the vasomotor center', 'there is fall in blood pressure')]",No
"Soon thereafter , Giovanni Batista Grassi and Raimondo Filetti named the parasites causing two different types of human malaria Plasmodium vivax and Plasmodium malariae .",medcaus.csv,14885,1,[],[],implicit,"[('the parasites', 'two different types of human malaria')]",No
"""The ribs are poorly developed , so the lungs are filled by buccal pumping and   a frog deprived of its lungs can maintain its body functions without them .""",medcaus.csv,6506,1,[],[],implicit,"[('`` The ribs are poorly', 'so the lungs filled by buccal')]",No
"Education about symptoms , their management , and their normal time course , can lead to an improved outcome .",medcaus.csv,12787,1,[],['lead to'],implicit,"[('Education about symptoms , their management , and their normal time course', 'an improved outcome')]",No
"""The other daughters of HSCs ( myeloid and lymphoid progenitor cells ) can follow any of the other differentiation pathways that lead to the production of one or more   specific types of blood cell , but can not renew themselves .""",medcaus.csv,4669,1,[],['lead to'],implicit,"[('-LRB- myeloid and lymphoid progenitor -RRB- can follow any of the other differentiation', 'to the production of one or more specific types of blood , but can not renew')]",No
"Unfortunately , much was lost due to the ephemeral nature of the stucco and luster tiles .",medcaus.csv,11613,1,[],['due to'],implicit,"[('the ephemeral nature of the stucco and luster tiles', 'much was lost')]",No
"""When this occurs , fecal incontinence develops and stool can leave through the vagina .""",medcaus.csv,3593,1,[],[],implicit,"[('When this', ', fecal incontinence develops and stool can leave through')]",No
Toxic effects can develop from antibiotics .,medcaus.csv,14900,1,[],[],implicit,"[('antibiotics', 'Toxic effects')]",No
In a 2006 interview he said that Mika was one of the few reasons he would have the implants taken out.,medcaus.csv,699,1,[],[],implicit,"[('Mika', 'he would have the implants taken out')]",No
The company brought in many labourers for the railroad and then for the banana industry as it expanded its production in Honduras .,medcaus.csv,4545,1,[],[],implicit,"[('it expanded its production in Honduras', 'The company brought in many labourers for the railroad for the banana industry')]",No
"""The batsman has to be very wary of such deliveries as they are often """" flighted """" or spun so that the ball will not behave quite as he expects and he could be """" trapped """" into getting himself out .""",medcaus.csv,13085,1,[],[],implicit,"[(""as they are often '' '' flighted ''"", 'spun so that the ball will not behave quite')]",No
"""The aldosterone mineralocorticoid receptor ( MR ) complex binds on the DNA to specific hormone response element , which leads to gene specific transcription .""",medcaus.csv,306,1,[],['leads to'],implicit,"[('`` The aldosterone mineralocorticoid -LRB- -RRB- complex binds on the DNA to specific hormone response', 'to gene specific')]",No
"The city 's embrace of modern architecture translated into an ambivalent approach towards historic preservation , leading to the destruction of notable architectural landmarks , most famously the Maison du Peuple by Victor Horta , a process known as Brusselisation .",medcaus.csv,10011,1,[],['leading to'],implicit,"[(""The city 's embrace of modern architecture translated into an ambivalent approach towards historic preservation ,"", 'the destruction of notable architectural landmarks')]",No
"""Care must , therefore , be taken when coming off the medication , usually by a gradual process of tapering down the dose over a period of time .""",medcaus.csv,3652,1,[],['therefore'],implicit,"[('when coming off the', '`` Care , be , usually by a gradual process of tapering down the dose over a period of')]",No
"""In that same year , the FDA approved LISTEX ( developed and produced by Micreos ) using bacteriophages on cheese to kill Listeria monocytogenes bacteria , giving them generally recognized as safe ( GRAS ) status .""",medcaus.csv,7671,1,[],[],implicit,"[('by', 'approved')]",No
"""Founded by William Wilson in 1830 , the company pioneered the implementation of the technique of steam distillation , and was thus able to manufacture candles from a wide range of raw materials , including skin fat , bone fat , fish oil and industrial greases .""",medcaus.csv,552,1,[],['thus'],implicit,"[('`` Founded by William Wilson in , the company pioneered the implementation of the technique of steam and', 'thus able to manufacture candles from a wide range of raw , including skin , bone , fish oil and industrial')]",No
Rachel therefore gave Leah the signs so that Jacob would not realize the switch .,medcaus.csv,12593,1,[],['therefore'],implicit,"[('Rachel therefore gave Leah the signs', 'Jacob would not realize the switch')]",No
"""While ERCP can be used to remove a specific stone that is causing a blockage to allow drainage , it can not remove all stones in the gallbladder .""",medcaus.csv,9726,1,[],[],implicit,"[('a specific', 'causing a blockage to allow')]",No
severe ( PaO2 < 36 mm Hg ) hypoxemia causing a fall in the rate of oxygen diffusion from arterial blood to tissues,medcaus.csv,8595,1,[],[],implicit,"[('severe -LRB- PaO2 < 36 mm Hg -RRB- hypoxemia', 'a fall in the rate of oxygen diffusion from arterial blood to tissues')]",No
"""But it can also present in a benign form involving only the subcutaneous tissue , thus having a broad clinical spectrum .""",medcaus.csv,1286,1,[],['thus'],implicit,"[('in a benign form involving only the subcutaneous', 'thus having a broad clinical')]",No
"Thereafter , isokinetic exercises may be commenced from weeks 10 through 12 to 16 , for advanced strengthening leading to return to full activity based on post surgical evaluation , strength , and functional range of motion .",medcaus.csv,12930,1,[],['leading to'],implicit,"[('advanced strengthening', 'return to full activity based on post surgical evaluation , strength , and functional range of motion')]",No
"""Increased production of uric acid is the result of interference , by a product of fructose metabolism , in purine metabolism .""",medcaus.csv,5777,1,[],[],implicit,"[('of', '`` Increased production of uric acid is')]",No
"Some evidence indicates it inhibits the lipoxygenase pathways , thus reducing formation of the leukotrienes ( also pro - inflammatory autacoids ) .",medcaus.csv,12750,1,[],['thus'],implicit,"[('it inhibits the lipoxygenase pathways', 'reducing formation of the leukotrienes')]",No
The anti - cancer activity from this action results from a change in shape in vasculature endothelial cells .,medcaus.csv,1658,1,[],[],implicit,"[('a change in shape in vasculature endothelial cells', 'The anti cancer activity from this action')]",No
"Cerebrospinal fluid is produced by the choroid plexus ( inside the ventricles of the brain , which are in direct communication with the subarachnoid space so the CSF can flow freely through the nervous system ) .",medcaus.csv,13858,1,[],[],implicit,"[('inside the ventricles of the brain , which are in direct communication with the subarachnoid space', 'the CSF can flow freely through the nervous system')]",No
"""Inhibition of this enzyme by various other substances may delay its degradation , leading to high blood levels of trazodone .""",medcaus.csv,3656,1,[],['leading to'],implicit,"[('`` Inhibition of this enzyme by various other substances may delay its', 'to high blood levels of')]",No
Additional portions of thymus tissue are sometimes developed from the fourth pharyngeal pouch .,medcaus.csv,12270,1,[],[],implicit,"[('the fourth pharyngeal pouch', 'Additional portions of thymus tissue are sometimes')]",No
Enzyme levels can also be regulated by changing the rate of enzyme degradation .,medcaus.csv,8943,1,[],[],implicit,"[('changing the rate of enzyme degradation', 'Enzyme levels can also be regulated')]",No
Turner died prematurely due to drowning during presumed   unsupervised ketamine use .,medcaus.csv,6641,1,[],['due to'],implicit,"[('drowning during presumed unsupervised ketamine use', 'Turner died prematurely')]",No
"Iron - deficiency anemia can lead to a pale color along with a thin , brittle , ridged texture .",medcaus.csv,10903,1,[],['lead to'],implicit,"[('Iron - deficiency anemia', 'a pale color along with a thin , brittle , ridged texture')]",No
The disease can also lead to a drive to bite others and to a bloody frothing at the mouth .,medcaus.csv,9411,1,[],['lead to'],implicit,"[('The disease', 'a drive to bite others and to a bloody frothing at the mouth')]",No
"""Vasopressin , acting through cAMP , also increases transcription of the aquaporin-2 gene , thus increasing the total number of aquaporin-2 molecules in collecting duct cells .""",medcaus.csv,85,1,[],['thus'],implicit,"[('`` , acting through , also increases transcription of the aquaporin-2', 'thus increasing the total number of aquaporin-2 molecules in collecting duct')]",No
"""While post - operative ileus is typically self - limited , prolonged post - operative ileus occurs when patients develop nausea , abdominal distention , pain or intolerance of food by mouth .""",medcaus.csv,4333,1,[],[],implicit,"[('when patients develop , abdominal , pain or intolerance of food by', ', prolonged post - operative ileus')]",No
"However , in disorders involving hemolytic anemia , an increased number of red blood cells are broken down , causing an increase in the amount of unconjugated bilirubin in the blood .",medcaus.csv,12358,1,[],[],implicit,"[('in disorders involving hemolytic anemia , an increased number of red blood cells are broken down', 'an increase in the amount of unconjugated bilirubin in the blood')]",No
These receptors also contribute to the hypothermic response associated with a lowered room temperature in response to the drug Ecstasy .,medcaus.csv,6649,1,[],[],implicit,"[('the drug Ecstasy', 'These receptors also contribute to the hypothermic response associated with a lowered room temperature')]",No
"""Endurance training : In female endurance athletes , large volumes of training can lead to decreased bone density and an increased risk of osteoporosis .""",medcaus.csv,2620,1,[],['lead to'],implicit,"[(': In female endurance , large volumes of', 'to decreased bone density and an increased risk')]",No
A decrease in levels of neutrophils on lab tests is due to either decreased production of neutrophils or increased removal from the blood .,medcaus.csv,2102,1,[],['due to'],implicit,"[('either decreased production of neutrophils or increased removal from the blood', 'A decrease in levels of neutrophils on lab tests is')]",No
"In normal cases , if there is reflexive increase in respiratory activity in response to chemoreceptor activation , the increased sympathetic activity on the cardiovascular system would act to increase heart rate and contractility .",medcaus.csv,12175,1,[],[],implicit,"[('chemoreceptor activation', 'reflexive increase in respiratory activity')]",No
"The net impact of nutritional regulation of protease activity among the thousands of species present in soil can be observed at the overall microbial community level as proteins are broken down in response to carbon , nitrogen , or sulfur limitation .",medcaus.csv,11411,1,[],[],implicit,"[('carbon , nitrogen , or sulfur limitation', 'proteins are broken down in')]",No
Education delays the onset of AD syndrome without changing the duration of the disease .,medcaus.csv,448,1,[],[],implicit,"[('Education', 'the onset of AD syndrome')]",No
"Root tubers are perennating organs , thickened roots that store nutrients over periods when the plant can not actively grow , thus permitting survival from one year to the next .",medcaus.csv,12127,1,[],['thus'],implicit,"[('thickened roots that store nutrients over periods when the plant can not actively grow', 'permitting survival from one year to the next')]",No
"""Ligaments in neck are unable to heal properly , therefore , the neck structure does not have the ability to support the skull , which can then sink into the brain stem blocking the normal flow of cerebrospinal fluid , leading to issues related to the autonomic nervous system failing to work properly .""",medcaus.csv,5210,1,[],"['therefore', 'leading to']",implicit,"[('`` Ligaments in neck are unable to heal properly , therefore , the neck structure does not have the ability to support the skull , which can then sink into the brain stem blocking the normal flow of cerebrospinal fluid', 'to issues related to the autonomic nervous system failing to work')]",No
"In the years before the crisis Goldman Sachs , JPMorgan Chase , and numerous other banks had developed financial products which enabled the governments of Greece , Italy , and many other European countries to hide their borrowing .",medcaus.csv,10297,1,[],[],implicit,"[('JPMorgan Chase , and numerous other banks', 'financial products which enabled the governments of Greece , Italy , and many other European countries to hide their borrowing')]",No
"""When the disco craze ended in 1979 , and record sales for both the Bee Gees and Casablanca 's Village People plummeted , the company 's fate was sealed .""",medcaus.csv,9551,1,[],[],implicit,"[(""When the disco craze ended in 1979 , and record sales for both the Bee Gees and Casablanca 's Village People"", "", the company 's fate was"")]",No
"""Later , the composition of the Meissen hard paste was changed and the alabaster was replaced by feldspar and quartz , allowing the pieces to be fired at lower temperatures .""",medcaus.csv,2386,1,[],[],implicit,"[(', the composition of the Meissen hard paste was changed and the alabaster was replaced by feldspar and', 'allowing the pieces to be fired at lower')]",No
"The question of whether the syndrome is due to structural damage or other factors such as psychological ones , or a combination of these , has long been the subject of debate .",medcaus.csv,12789,1,[],['due to'],implicit,"[('structural damage or other factors such as psychological ones , or a combination of these', 'the syndrome')]",No
"""After the formation of the intermediates , the study reported further degradation of the intermediates leading to the production of carbon dioxide and methane .""",medcaus.csv,3175,1,[],['leading to'],implicit,"[('reported further degradation of the', 'to the production of carbon dioxide and')]",No
"""The village leader ordered a stake to be driven through his heart , but when the method failed to kill him , he was subsequently beheaded with better results .""",medcaus.csv,9397,1,[],[],implicit,"[('when the method failed to kill', ', he was subsequently beheaded with better')]",No
"""The initial rationale for their use in humans was their potential in preventing the dissolution of hydroxylapatite , the principal bone mineral , thus arresting bone loss .""",medcaus.csv,7236,1,[],['thus'],implicit,"[('their potential in preventing the dissolution of', 'thus arresting bone')]",No
"The pathogenesis of H. influenzae infections is not completely understood , although the presence of the capsule in encapsulated type b ( Hib ) , a serotype causing conditions such as epiglottitis , is known to be a major factor in virulence .",medcaus.csv,10587,1,[],[],implicit,"[('a serotype', 'conditions such as epiglottitis')]",No
Some facilitator tools will try to assist the group in achieving a consensus on any disagreements that preexist or emerge in the meeting so that it has a strong basis for future action .,medcaus.csv,11725,1,[],[],implicit,"[('it has a strong basis for future action', 'Some facilitator tools will try to assist the group in achieving a consensus on any disagreements that preexist or emerge in the meeting')]",No
PCOS is due to a combination of genetic and environmental factors .,medcaus.csv,11951,1,[],['due to'],implicit,"[('a combination of genetic and environmental factors', 'PCOS')]",No
The frequencies of the impulses decrease quickly and soon stop due to the relaxation of the inner layers of connective tissue that cover the nerve ending .,medcaus.csv,6664,1,[],['due to'],implicit,"[('the relaxation of the inner layers of connective tissue', 'The frequencies of the impulses decrease quickly and stop')]",No
Specific events leading to the formation of the periodontal ligament vary between deciduous ( baby ) and permanent teeth and among various species of animals .,medcaus.csv,1875,1,[],['leading to'],implicit,"[('Specific events', 'the formation of the periodontal ligament vary between deciduous baby and permanent teeth and among various species of animals')]",No
"""PTH increases bone resorption , leading to bone loss .""",medcaus.csv,2617,1,[],['leading to'],implicit,"[('`` PTH increases bone', 'to bone')]",No
"""Among these , the Aeras Global TB Vaccine Foundation received a gift of more than $ 280 million ( US ) from the Bill and Melinda Gates Foundation to develop and license an improved vaccine against tuberculosis for use in high burden countries .""",medcaus.csv,2461,1,[],[],implicit,"[('to develop and license an improved vaccine against tuberculosis for use in high burden', ', the Aeras Global TB Vaccine Foundation received a gift of more than $ 280 -LRB- -RRB- from the Bill and Melinda Gates')]",No
Fecal peritonitis results from the presence of faeces in the peritoneal cavity .,medcaus.csv,6061,1,[],[],implicit,"[('the presence of faeces in the peritoneal cavity', 'Fecal peritonitis')]",No
"""Autochromes failed to sustain the initial interest of more serious """" artistic """" practitioners , largely due to their inflexibility .""",medcaus.csv,191,1,[],['due to'],implicit,"[('largely due', ""`` Autochromes failed to sustain the initial interest of more '' artistic"")]",No
"""If excessive hydrostatic pressure develops within the lymph vessels , though , some fluid can leak back into the interstitial spaces and contribute to formation of oedema .""",medcaus.csv,7016,1,[],[],implicit,"[('`` If excessive hydrostatic pressure develops within the lymph', ', some fluid can leak back into the interstitial')]",No
"""Dapsone and rebamipide have been shown , in small studies , to have beneficial results for mucocutaneous lesions .""",medcaus.csv,9629,1,[],[],implicit,"[('`` Dapsone and rebamipide have been , to', 'for mucocutaneous')]",No
"""Sodium depletion , however , does not affect cortisol levels so cortisol can not be used to regulate serum sodium .""",medcaus.csv,502,1,[],[],implicit,"[('`` Sodium , does not affect cortisol', 'so cortisol can not be used to regulate serum')]",No
Treatment of gastritis that leads to pernicious anemia consists of parenteral vitamin B-12 injection .,medcaus.csv,11815,1,[],['leads to'],implicit,"[('gastritis', 'pernicious anemia')]",No
Few heavily used microform collections suffer major losses due to theft .,medcaus.csv,321,1,[],['due to'],implicit,"[('theft', 'Few heavily used microform collections suffer major losses')]",No
"""In this closed system , energy can not be created or destroyed ; therefore , the initial energy and the final energy will be equal to each other .""",medcaus.csv,5626,1,[],['therefore'],implicit,"[('`` In this closed system , energy can not be created or', ', the initial energy and the final energy will be equal to each')]",No
The eight cell stage cleavage is latitudinal ; so that each cell from the four cell stage goes on to make two cells .,medcaus.csv,10030,1,[],[],implicit,"[('The eight cell stage cleavage is latitudinal', 'each cell from the four cell stage goes on to make two cells')]",No
"""Although the initial rate is low , the rate of increase is very rapid ; for every packet acknowledged , the congestion window increases by 1 MSS so that the congestion window effectively doubles for every round - trip time ( RTT ) .""",medcaus.csv,3861,1,[],[],implicit,"[('`` Although the initial rate is , the rate of increase is very ; for every packet , the congestion window increases by 1', 'that the congestion window effectively doubles for every round - trip -LRB-')]",No
"""It should be remembered that the test strip only measures cation concentration , it is therefore possible that urine with a high concentration of non - ionic solutes ( such as glucose or urea ) or with high molecular weight compounds ( such as the media used to provide radiographic contrast ) will yield a result that will be erroneously lower than that measured by densitometry .""",medcaus.csv,1806,1,[],['therefore'],implicit,"[('`` It should be remembered that the test strip only measures cation', ', it therefore possible that urine with a high concentration of - ionic -RRB- or with high molecular weight -RRB- will yield a result that will be erroneously lower than that measured by')]",No
"""If the cyst breaks open , pain may increase , and there may be swelling of the calf .""",medcaus.csv,5,1,[],[],implicit,"[('the cyst breaks', ', increase , and there may be')]",No
"In response to the administration 's family separation policy , Harris visited one of the detention facilities near the border in June 2018.In the September and October 2018 Brett Kavanaugh Supreme Court confirmation hearings , Harris participated in questioning the FBI Director 's limited scope of the investigation on Kavanaugh .",medcaus.csv,10080,1,[],[],implicit,"[(""the administration 's family separation policy"", 'Harris visited one of the detention facilities near the border in June 2018')]",No
"""The field lines are the paths that a point positive charge would seek to make as it was forced to move within the field ; they are however an imaginary concept with no physical existence , and the field permeates all the intervening space between the lines .""",medcaus.csv,4408,1,[],[],implicit,"[('as it was forced to move within the', '`` The field lines are the paths that a point positive charge would seek to')]",No
Job openings will increase in the next 5 years due to retirements of the baby boomer generation .,medcaus.csv,13189,1,[],['due to'],implicit,"[('retirements of the baby boomer generation', 'Job openings will increase in the next 5 years')]",No
"""By reducing herbivory , they play a part in increasing the growth of plants and are thus part of a delicately balanced ecosystem .""",medcaus.csv,6540,1,[],['thus'],implicit,"[(', they play a part in increasing the growth of', 'thus part of a delicately balanced')]",No
"""It is notable that unlike estriol , estrone can be metabolized into estradiol , and most of its potency in vivo is in fact actually due to conversion into estradiol .""",medcaus.csv,2414,1,[],['due to'],implicit,"[('to conversion into', ', estrone can be metabolized into , and most of its potency in vivo is in fact')]",No
"Multiple human trials using HMG - CoA reductase inhibitors , known as statins , have repeatedly confirmed that changing lipoprotein transport patterns from unhealthy to healthier patterns significantly lowers cardiovascular disease event rates , even for people with cholesterol values currently considered low for adults .",medcaus.csv,10256,1,[],[],implicit,"[('changing lipoprotein transport patterns from unhealthy to healthier patterns', 'cardiovascular disease event rates , even for people with cholesterol values currently considered low for adults')]",No
This enzyme is essential for normal functioning of cells and mutations in its subunits lead to wide range of inherited neuromuscular and metabolic disorders .,medcaus.csv,13341,1,[],['lead to'],implicit,"[('mutations in its subunits', 'wide range of inherited neuromuscular and metabolic disorders')]",No
"One 2017 study claimed that 66 % of cancer - causing mutations are random , 29 % are due to the environment ( the studied population spanned 69 countries ) , and 5 % are inherited .",medcaus.csv,14202,1,['claimed'],['due to'],implicit,"[('mutations', 'cancer')]",No
"""Infection triggers an acute leukocytic reaction in subcutaneous tissues , which gradually becomes highly inflammatory and leads to hair loss , in the case of tinea capitis .""",medcaus.csv,5253,1,[],['leads to'],implicit,"[('`` Infection triggers an acute leukocytic reaction in subcutaneous tissues , which gradually becomes highly inflammatory', 'to hair loss , in the case of tinea')]",No
"""The core is therefore shrinking , allowing the outer layers of the Sun to move closer to the centre and experience a stronger gravitational force , according to the inverse - square law .""",medcaus.csv,3101,1,[],['therefore'],implicit,"[('`` The core therefore', ', allowing the outer layers of the Sun to move closer to the centre and experience a stronger gravitational')]",No
Injury to hepatocyte and bile duct cells lead to accumulation of bile acid inside the liver .,medcaus.csv,14902,1,[],['lead to'],implicit,"[('Injury to hepatocyte and bile duct cells', 'accumulation of bile acid inside the liver')]",No
This leads to an expression very similar to the Arrhenius equation .,medcaus.csv,6269,1,[],['leads to'],implicit,"[('This', 'an expression very similar to the Arrhenius equation')]",No
"""Neurohormonal activation , causing sympathetic activation and release of vasoconstrictors such as endothelin and angiotensin II which counteract the vasodilation induced by ISDN""",medcaus.csv,4959,1,[],[],implicit,"[('`` Neurohormonal', 'causing sympathetic activation and release of vasoconstrictors such as endothelin and angiotensin II which counteract the vasodilation induced by')]",No
"Megatron slyly offers Optimus a truce , but Optimus sees it as a ruse for Megatron to merely resume control of the Decepticons and regroup his forces instead of a genuine offer leading to the end of the war .",medcaus.csv,10784,1,[],['leading to'],implicit,"[('a genuine offer', 'the end of the war')]",No
( Excessive vomiting leads to dental erosion ) .,medcaus.csv,8522,1,[],['leads to'],implicit,"[('Excessive vomiting', 'dental erosion')]",No
Stukov is later mysteriously revived by a Zerg cerebrate to make use of him for its own deeds .,medcaus.csv,9811,1,[],[],implicit,"[('Stukov is later mysteriously revived by a Zerg cerebrate', 'make use of him for its own deeds')]",No
"""In addition , increased glycosylation of hemoglobin increases its affinity for oxygen , therefore preventing its release at the tissue and inducing a level of hypoxia in extreme cases .""",medcaus.csv,3978,1,[],['therefore'],implicit,"[(', increased glycosylation of hemoglobin increases its affinity for', 'therefore preventing its release at the and inducing a level of hypoxia in extreme')]",No
"This type of injury also commonly affects orchestra conductors , choral conductors , and drummers ( due , again ,   to swinging motions ) .",medcaus.csv,11719,1,[],[],implicit,"[('swinging motions', 'This type of injury')]",No
"""With Homo habilis , an advanced grasping - capable hand was accompanied by facultative bipedalism , possibly implying , assuming a co - opted evolutionary relationship exists , that the latter resulted from the former as obligate bipedalism was yet to follow .""",medcaus.csv,5450,1,[],[],implicit,"[('from the former as obligate bipedalism was yet to', '`` With Homo habilis , an advanced grasping - capable hand was accompanied by facultative bipedalism , possibly implying , assuming a co - opted evolutionary relationship exists , that the')]",No
"His method let him produce steel in large quantities cheaply , thus mild steel came to be used for most purposes for which wrought iron was formerly used .",medcaus.csv,14511,1,[],['thus'],implicit,"[('His method let him produce steel in large quantities cheaply', 'mild steel came to be used for most purposes for which wrought iron was formerly used')]",No
"""For this crime , Apollo was then forced into the servitude of Admetus for one year .""",medcaus.csv,6657,1,[],[],implicit,"[('`` For this', ', Apollo was then forced into the servitude of Admetus for one')]",No
"""Additionally , healthy elderly people show a greater pharmacodynamic response to atorvastatin at any dose ; therefore , this population may have lower effective doses .""",medcaus.csv,379,1,[],['therefore'],implicit,"[(', healthy elderly people show a greater pharmacodynamic response to atorvastatin at any', ', this population may have lower effective')]",No
"""Borges uses the recurring image of """" a labyrinth that folds back upon itself in infinite regression """" so we """" become aware of all the possible choices we might make . """"""",medcaus.csv,1538,1,[],[],implicit,"[(""`` Borges uses the recurring image '' '' a labyrinth that folds back upon itself in"", ""'' so we '' '' become aware of all the possible"")]",No
"""The kantharos vase and vine refer to the eucharist , the symbol of the sacrifice of Christ leading to salvation .""",medcaus.csv,643,1,[],['leading to'],implicit,"[('`` The kantharos vase and vine refer to the , the symbol of the sacrifice of', 'to')]",No
The QTKit allows multiplexing between QuickTime X and QuickTime 7 behind the scenes so that the user need not worry about which version of QuickTime they need to use .,medcaus.csv,540,1,[],[],implicit,"[('The QTKit allows multiplexing between QuickTime X and QuickTime 7 behind the scenes', 'the user need not worry about which version of QuickTime they need to use')]",No
"""There are situations , however , when such an emissivity test is not possible due to dangerous or inaccessible conditions .""",medcaus.csv,4552,1,[],['due to'],implicit,"[('to dangerous or inaccessible', 'are , when such an emissivity test is not')]",No
"In an emergency , or when tracheal intubation is deemed impossible , a tracheotomy is often performed to insert a tube for ventilation , usually when needed for particular types of surgery to be carried out so that the airway can be kept open .",medcaus.csv,14099,1,[],[],implicit,"[('a tracheotomy is often performed to insert a tube for ventilation , usually when needed for particular types of surgery to be carried out', 'the airway can be kept open')]",No
This condition results from bilateral destruction of the amygdaloid bodies of the limbic system .,medcaus.csv,7839,1,[],[],implicit,"[('bilateral destruction of the amygdaloid bodies of the limbic system', 'This condition')]",No
"""Oaks produce more acorns when they are not too close to other oaks and thus competing with them for sunlight , water and soil nutrients .""",medcaus.csv,6406,1,[],['thus'],implicit,"[('`` Oaks produce more acorns when they are not too close to other oaks', 'thus competing with them for sunlight , water and soil')]",No
"""CSI acts , at least in some species , at the stage of pollen tube elongation , and leads to faster elongation of cross pollen tubes , relative to self pollen tubes .""",medcaus.csv,4740,1,[],['leads to'],implicit,"[('`` CSI , at the stage of pollen tube', 'to faster elongation of cross pollen tubes , relative to self pollen')]",No
"As the sclerotome develops , it condenses further eventually developing into the vertebral body .",medcaus.csv,12467,1,[],[],implicit,"[('the sclerotome develops', 'it condenses further eventually developing into the vertebral body')]",No
"Transgender women trying to feminize their voice represent the largest group seeking speech therapy services , therefore , most studies regarding transgender voice have focused on voice feminization , as opposed to voice masculinization .",medcaus.csv,10632,1,[],['therefore'],implicit,"[('Transgender women trying to feminize their voice represent the largest group seeking speech therapy services', 'most studies regarding transgender voice have focused on voice feminization , as opposed to voice masculinization')]",No
"As the pressure of the gases within the body increases , fluids are forced to escape from natural orifices , such as the nose , mouth , and anus , and enter the surrounding environment .",medcaus.csv,11845,1,[],[],implicit,"[('the pressure of the gases within the body increases', 'fluids are forced to escape from natural orifices')]",No
"Attempts by some of the Greek city - states of Asia Minor to overthrow Persian rule failed , and Persia invaded the states of mainland Greece in 492 BC , but was forced to withdraw after a defeat at the Battle of Marathon in 490 BC .",medcaus.csv,10266,1,[],[],implicit,"[('a defeat at the Battle of Marathon in 490 BC', 'was forced to withdraw')]",No
"""Amoebae are unicellular protists that separated from the tree leading to metazoa shortly after the divergence of plants , and they share many specific functions with mammalian phagocytic cells .""",medcaus.csv,3859,1,[],['leading to'],implicit,"[('`` Amoebae are unicellular protists that separated from the', 'to metazoa shortly after the divergence of')]",No
"Excitation of the ARAS did not depend on further signal propagation through the cerebellar circuits , as the same results were obtained following decerebellation and decortication .",medcaus.csv,11304,1,[],[],implicit,"[('the same results were obtained following decerebellation and decortication', 'Excitation of the ARAS did not depend on further signal propagation through the cerebellar circuits')]",No
These antigens allow the immune system to detect the presence of a foreign organism in the body and trigger an immune response to clear infection .,medcaus.csv,8268,1,[],[],implicit,"[('These antigens', 'the immune system to detect the presence of a foreign organism in the body')]",No
Palladium does not react with oxygen at standard temperature ( and thus does not tarnish in air ) .,medcaus.csv,11458,1,[],['thus'],implicit,"[('Palladium does not react with oxygen at standard temperature', 'does not tarnish in air')]",No
"""After passing by many trials together , Gon and his friends end up passing the exam except for Killua , who fails after killing another applicant due to being controlled by his brother , Illumi , and runs away to his family 's estate in shame .""",medcaus.csv,2501,1,[],['due to'],implicit,"[('to being controlled by his ,', 'for , who fails after killing another')]",No
"""However , in response to the growing number of Wiccan temples and churches , several denominations of the religion have begun to develop a core group of ordained priestesses and priests serving a larger laity .""",medcaus.csv,7663,1,[],[],implicit,"[('to the growing number of Wiccan temples and', ', several denominations of the religion have begun to develop a core group of ordained priestesses and priests serving a larger')]",No
"""There are strict regulations on aircraft emissions of pollutants like carbon dioxide and nitrogen oxides , so combustors need to be designed to minimize those emissions .""",medcaus.csv,3508,1,[],[],implicit,"[('`` There are strict regulations on aircraft emissions of pollutants like carbon dioxide and nitrogen', 'so combustors need to be designed to minimize those')]",No
In the end the kids are rescued and a final stand off with Megatron occurs leading to the battle with Thunderwing to determine the fate of earth itself .,medcaus.csv,10790,1,[],['leading to'],implicit,"[('a final stand off with Megatron', 'the battle with Thunderwing to determine the fate of earth itself')]",No
Poor systemic circulation also results due to improper positioning of the aorta .,medcaus.csv,7123,1,[],['due to'],implicit,"[('improper positioning of the aorta', 'Poor systemic circulation results')]",No
"""The commercialization of the genre stripped it of its earlier political nature and the politics and marketing plans of major record labels have forced rappers to craft their music and images to appeal to white , affluent and suburban audiences .""",medcaus.csv,9871,1,[],[],implicit,"[('and the politics and marketing plans of major record', 'forced rappers to craft their music and images to appeal to white , affluent and suburban')]",No
"Aromatization of ring C leads to loss of activity , possibly from ring E no longer being placed on the axial position .",medcaus.csv,12738,1,[],['leads to'],implicit,"[('Aromatization of ring C', 'loss of activity')]",No
"Hagfishes lack a true vertebral column , and are therefore not properly considered vertebrates , but a few tiny neural arches are present in the tail .",medcaus.csv,12479,1,[],['therefore'],implicit,"[('Hagfishes lack a true vertebral column', 'are not properly considered vertebrates')]",No
In response to injury starfish can autotomize damaged appendages .,medcaus.csv,7034,1,[],[],implicit,"[('injury', 'starfish can autotomize damaged appendages')]",No
Healthy People 2010 reported that more than 75 % of the $ 2 trillion spent annually in US medical care are due to chronic conditions ; spending are even higher in proportion for Medicare beneficiaries ( aged 65 years and older ) .,medcaus.csv,10231,1,[],['due to'],implicit,"[('chronic conditions', 'more than 75 % of the $ 2 trillion spent annually in US medical care')]",No
"""In the extreme , complete blindness in one eye generally leads to the blind eye reverting to an anatomical position of rest .""",medcaus.csv,5285,1,[],['leads to'],implicit,"[(', complete blindness in one eye', 'to the blind eye reverting to an anatomical position of')]",No
"""The computer - controlled machines significantly reduce the down time associated with changing punched paper designs , thus allowing smaller batch sizes .""",medcaus.csv,9071,1,[],['thus'],implicit,"[('`` The computer - controlled machines significantly reduce the down time associated with changing punched paper', 'thus allowing smaller batch')]",No
Evidence points to the oligomers generated in the process of amyloidogenicity   leading to the observed proteotoxicity .,medcaus.csv,3453,1,[],['leading to'],implicit,"[('Evidence points to the oligomers generated in the process of amyloidogenicity', 'the observed proteotoxicity')]",No
"According to studies performed on animals ( which are not always applicable to humans ) , large numbers of neurons can die during this period in response to slight , normally innocuous changes in blood flow .",medcaus.csv,12772,1,[],[],implicit,"[('slight , normally innocuous changes in blood flow', 'large numbers of neurons can die during this period')]",No
"This difference may be due to the anti - estrogenic effect which clomifene citrate has on the endometrium , cervical mucus , uterine blood flow , as well as the resulting decrease in the motility of the fallopian tubes and the maturation of the oocytes .",medcaus.csv,13002,1,[],['due to'],implicit,"[('the anti - estrogenic effect which clomifene citrate has on the endometrium , cervical mucus , uterine blood flow', 'This difference')]",No
"""Many , but not all , cases of Wilms 's tumor develop from nephrogenic rests , which are fragments of tissue in or around the kidney that develop before birth and become cancerous after birth .""",medcaus.csv,7327,1,[],[],implicit,"[('from nephrogenic', ""`` Many , but not all , cases of Wilms 's"")]",No
"""New studies have shown that the use of smaller , more user friendly bio - assays are available to researchers so they can be used in the field for faster identification of chemical compounds .""",medcaus.csv,3179,1,[],[],implicit,"[('that the use of , more user friendly bio - assays are available to', 'so they can be used in the field for faster identification of chemical')]",No
Further changes in blood flow can lead to decline in lung function .,medcaus.csv,12534,1,[],['lead to'],implicit,"[('Further changes in blood flow', 'decline in lung function')]",No
"Females have two X chromosomes , so some of them can have copies of two different alleles .",medcaus.csv,10443,1,[],[],implicit,"[('Females have two X chromosomes', 'some of them can have copies of two different alleles')]",No
"""This fungus exists in two forms , one of them causing visible spots .""",medcaus.csv,1313,1,[],[],implicit,"[('`` This fungus exists in two , one of', 'causing visible')]",No
Maintenance therapy with the drug ( versus intermittent or sporadic therapy ) lessens the likelihood of developing antibodies to infliximab which are known to reduce the efficacy of the drug .,medcaus.csv,741,1,[],[],implicit,"[('Maintenance therapy with the drug', 'lessens the likelihood of developing antibodies to infliximab which are known to reduce the efficacy of the drug')]",No
"""If FGFs are misexpressed in different areas of the developing cortex , cortical patterning is disrupted .""",medcaus.csv,9692,1,[],[],implicit,"[('`` If FGFs are misexpressed in different areas of the developing', ', cortical patterning is')]",No
"""Congenital dyserythropoietic anemias , causing ineffective erythropoiesis""",medcaus.csv,989,1,[],[],implicit,"[('`` Congenital dyserythropoietic', 'causing ineffective')]",No
"Additionally , some socioeconomic factors may be considered as a chronic condition as they lead to disability in daily life .",medcaus.csv,10220,1,[],['lead to'],implicit,"[('some socioeconomic factors', 'disability in daily life')]",No
"While some adrenal adenomas do not secrete hormones at all , often some secrete cortisol , causing Cushing 's syndrome , aldosterone causing Conn 's syndrome , or androgens causing hyperandrogenism .",medcaus.csv,10654,1,[],[],implicit,"[('some secrete cortisol aldosterone androgens', ""Cushing 's syndrome Conn 's syndrome hyperandrogenism"")]",No
Investor protection includes accurate financial reporting by public companies so the investors can make an informed decision .,medcaus.csv,9151,1,[],[],implicit,"[('Investor protection includes accurate financial reporting by public companies', 'the investors can make an informed decision')]",No
"""At high doses , statins have anti - inflammatory effects , incite reduction of the necrotic plaque core , and improve endothelial function , leading to plaque stabilization and , sometimes , plaque regression .""",medcaus.csv,376,1,[],['leading to'],implicit,"[('`` At high , statins have - inflammatory , incite reduction of the necrotic plaque , and improve endothelial', 'to plaque stabilization , , plaque')]",No
"""In most reptilian species , there appears to be little , if any , mixing between the bloodstreams , so the aorta receives , essentially , only oxygenated blood .""",medcaus.csv,9211,1,[],[],implicit,"[(', there appears to be , mixing between the', 'so the aorta , only oxygenated')]",No
"""Phototaxis is the movement of an organism in response to light : that is , the response to variation in light intensity and direction .""",medcaus.csv,5867,1,[],[],implicit,"[('to light : that is , the response to variation in light intensity and', '`` Phototaxis is the movement of an')]",No
"A nonsynonymous substitution replaces a codon with another codon that codes for a different amino acid , so that the produced amino acid sequence is modified .",medcaus.csv,14235,1,[],[],implicit,"[('A nonsynonymous substitution replaces a codon with another codon that codes for a different amino acid', 'the produced amino acid sequence is modified')]",No
"""Domoic acid is a low - molecular weight amino acid that is able to destroy brain cells causing memory loss , gastroenteritis , long - term neurological problems or death .""",medcaus.csv,627,1,[],[],implicit,"[('`` Domoic acid is a - molecular weight amino acid that is able to destroy brain', 'causing memory , gastroenteritis , - term neurological problems or')]",No
American rootstocks had trouble adapting to the high soil pH value of some regions in France so the final solution to the pandemic was to hybridize the American and French variants .,medcaus.csv,1644,1,[],[],implicit,"[('American rootstocks had trouble adapting to the high soil pH value of some regions in France', 'the final solution to the pandemic was to hybridize the American and French variants')]",No
"In humans vestibular evoked myogenic potentials occur in response to loud , low - frequency acoustic stimulation in patients with the sensorineural hearing loss .",medcaus.csv,14913,1,[],[],implicit,"[('loud , low - frequency acoustic stimulation in patients with the sensorineural hearing loss', 'In humans vestibular evoked myogenic potentials occur')]",No
An experimental procedure to treat type 1 diabetes is the transplantation of pancreatic islet cells from a donor into the patient 's liver so that the cells can produce the deficient insulin .,medcaus.csv,7349,1,[],[],implicit,"[(""An experimental procedure to treat type 1 diabetes is the transplantation of pancreatic islet cells from a donor into the patient 's liver"", 'that the cells can produce the deficient insulin')]",No
"""But these are no more than expressions and can never be facts , resulting from a tendency of the mind and not the heart or the will """" .""",medcaus.csv,12976,1,[],[],implicit,"[('from a tendency of the mind and not the heart or the', 'But these are no more than expressions and can never be')]",No
"""Increases or decreases in the prey population can also lead to increases or decreases in the number of predators , for example , through an increase in the number of young they bear .""",medcaus.csv,4321,1,[],['lead to'],implicit,"[('`` Increases or decreases in the prey', 'to increases or decreases in the number of')]",No
He famously had his appendicitis originally misdiagnosed due to his reversed organs .,medcaus.csv,3473,1,[],['due to'],implicit,"[('his reversed organs', 'He famously had his appendicitis originally misdiagnosed')]",No
"""Doctor Lars Perner of the University of Southern California claims that there are also physical factors that influence consumer behavior , for example if a consumer is hungry , then this physical feeling of hunger will influence them so that they go and purchase a sandwich to satisfy the hunger ( Perner , 2008 ) .""",medcaus.csv,7607,1,['claims'],[],implicit,"[('example if a consumer is hungry , then this physical feeling of hunger will influence', 'that they go and purchase a sandwich to satisfy the')]",No
"""All this has been broadly disproven , though ; rather , the prominence of modern bivalves over brachiopods seems due to chance disparities in their response to extinction events .""",medcaus.csv,608,1,[],['due to'],implicit,"[('to chance disparities in their response to extinction', ', the prominence of modern bivalves over')]",No
"""Defecography studies demonstrated that degrees of internal intussusception are present in 40 % of asymptomatic subjects , raising the possibility that it represents a normal variant in some , and may predispose patients to develop symptoms , or exacerbate other problems .""",medcaus.csv,5649,1,[],[],implicit,"[('and may predispose', 'to develop')]",No
"""This reflex is initiated by sensory information from the vestibular , visual , and the somatosensory systems and is therefore not only a vestibulospinal reflex .""",medcaus.csv,6744,1,[],['therefore'],implicit,"[('by sensory information from the vestibular , visual , and the somatosensory', '`` This')]",No
"""This procedure was deemed """" uncontrollable """" due to its high morbidity and mortality rate , but it demonstrated that the endovascular approach was feasible for many aneurysms .""",medcaus.csv,8867,1,[],['due to'],implicit,"[(""'' due to its high morbidity"", ""`` This procedure was deemed '' ''"")]",No
An allostatic load can lead to various physical modifications in the body 's regulatory networks .,medcaus.csv,3324,1,[],['lead to'],implicit,"[('An allostatic load', ""various physical modifications in the body 's regulatory networks"")]",No
"""Amiloride 's pKa is 8.67 , which is due to the guanidinium group .""",medcaus.csv,3558,1,[],['due to'],implicit,"[('to the guanidinium', ""`` Amiloride 's pKa is"")]",No
"""It deposits pigment into upper region of the dermis , so it fades more rapidly than traditional tattooing techniques , which deposit pigment deeper .""",medcaus.csv,1728,1,[],[],implicit,"[('`` It deposits pigment into upper region of the', 'so it fades more rapidly than traditional tattooing , which deposit pigment')]",No
This treatment risks injuring the person and thus is not recommended .,medcaus.csv,2225,1,[],['thus'],implicit,"[('This treatment risks injuring the person and', 'is not recommended')]",No
"""As the sclerotome develops , it condenses further eventually developing into the vertebral body .""",medcaus.csv,9567,1,[],[],implicit,"[('As the sclerotome', ', it condenses further eventually developing into the vertebral')]",No
"""This decision was one of the reasons that led to a schism in the church , which prompted the formation of the independent Restoration Branches movement from which other denominations have sprung , including the Remnant Church of Jesus Christ of Latter Day Saints .""",medcaus.csv,7660,1,[],['led to'],implicit,"[('`` This decision was one of the', 'to a schism in the')]",No
Some psychologists were concerned that the individuals who were hungry had an increase in the left frontal - central due to frustration .,medcaus.csv,13516,1,[],['due to'],implicit,"[('frustration', 'the individuals who were hungry had an increase in the left frontal - central')]",No
"""These cells respond by increasing production of nitric oxide , which signals the surrounding smooth muscle to relax , leading to vasodilation .""",medcaus.csv,921,1,[],['leading to'],implicit,"[('`` These cells respond by increasing production of nitric', 'to')]",No
Side effects from cosmetic use generally result from unintended paralysis of facial muscles .,medcaus.csv,3895,1,[],[],implicit,"[('unintended paralysis of facial muscles', 'Side effects from cosmetic use')]",No
"""In response to this defeat , reformers such as Stein and Hardenberg set about modernising the Prussian state .""",medcaus.csv,8637,1,[],[],implicit,"[('to this', ', reformers such as Stein and Hardenberg set about modernising the Prussian')]",No
Rehabilitation services may also aid the patient so that patients may use their vision in a more effective manner .,medcaus.csv,1752,1,[],[],implicit,"[('Rehabilitation services may also aid the patient', 'patients may use their vision in a more effective manner')]",No
"""The flameless lighter uses an enclosed heating element which glows , so that the device does not produce an open flame .""",medcaus.csv,7166,1,[],[],implicit,"[('`` The flameless lighter uses an enclosed heating element which', 'that the device does not produce an open')]",No
"""Landsteiner described the regular patterns in which reactions occurred when serum was mixed with red blood cells , thus identifying compatible and conflicting combinations between these blood groups .""",medcaus.csv,6437,1,[],['thus'],implicit,"[('`` Landsteiner described the regular patterns in which reactions occurred when serum was mixed with red blood', 'thus identifying compatible and conflicting combinations between these blood')]",No
"""Among communicable diseases , both viral and bacterial , AIDS / HIV , tuberculosis , and malaria are the most common , causing millions of deaths every year ( Shah , 2014 ) .""",medcaus.csv,5540,1,[],[],implicit,"[('`` Among communicable diseases , both viral and bacterial , AIDS / HIV , tuberculosis , and malaria are the most', 'causing millions of deaths every year -LRB- Shah , 2014')]",No
"""The ring canal has several small stone canals , located between the arms of the animal , but these open into the body cavity , and thus are only indirectly connected to the outside .""",medcaus.csv,3754,1,[],['thus'],implicit,"[('`` The ring canal has several small stone , located between the arms of the , but these open into the body', 'thus are only indirectly connected to the')]",No
"Bread baking began in Ancient Greece around 600 BC , leading to the invention of enclosed ovens .",medcaus.csv,13264,1,[],['leading to'],implicit,"[('Bread baking began in Ancient Greece around 600 BC', 'the invention of enclosed ovens')]",No
"HSCs lack expression of mature blood cell markers and are thus , called Lin- .",medcaus.csv,11893,1,[],['thus'],implicit,"[('HSCs lack expression of mature blood cell markers', 'are called Lin')]",No
"""It is regarded by many as an enjoyable and positive experience , so it would be reasonable to assume that it humour might have some positive physiological effects on the body .""",medcaus.csv,9039,1,['assume'],[],implicit,"[('`` It is regarded by many as an enjoyable and positive', 'so it would be reasonable to assume that it humour might have some positive physiological effects on the')]",No
"""The pull cannula then draws liquid from the extracellular medium , thus measuring the cellular response to the chemical of interest .""",medcaus.csv,872,1,[],['thus'],implicit,"[('`` The pull cannula then draws liquid from the extracellular', 'thus measuring the cellular response to the chemical of')]",No
"GHA was formed in 2002 with the merger of two of Glasgow 's leading clubs at the time , Glasgow Southern RFC and Hutchesons Aloysians RFC .",medcaus.csv,11286,1,[],[],implicit,"[(""the merger of two of Glasgow 's leading clubs at the time , Glasgow Southern RFC and Hutchesons Aloysians RFC"", 'GHA was formed in 2002')]",No
"""According to Charles Darwin in The Voyage Of the Beagle ( 1845 ) , Darwin was told by a Doctor Allen of Forres , UK that the Diodon actually had been found """" floating alive and distended , in the stomach of the shark """" and had been known to chew its way out of shark bodies after being swallowed , causing the death of its attacker .""",medcaus.csv,11078,1,[],[],implicit,"[(""the '' '' and had been known to chew its way out of shark bodies"", 'swallowed , causing the death')]",No
Cysts that were compressing one or more nerves and causing bone erosions have been reported to occur near the shoulder joint .,medcaus.csv,2221,1,[],[],implicit,"[('Cysts that were compressing one or more nerves and', 'bone erosions have been reported to occur near the shoulder joint')]",No
Zeuterin was approved by the United States Food & Drug Administration for permanent sterilization of male dogs ages three months and older by causing necrosis of the testicle .,medcaus.csv,14045,1,[],[],implicit,"[('Zeuterin', 'necrosis of the testicle')]",No
"""Their purpose in the game is expanded to a greater level of detail if the player is able to attain an """" A """" as his final score .""",medcaus.csv,6398,1,[],[],implicit,"[(""if the player is able to attain an '' '' A '' '' as"", '`` Their purpose in the game is expanded to a greater level of')]",No
"""It begins when an animal reservoir defecates into the soil , leaving feces infested with eggs that develop into rhabitiform larvae .""",medcaus.csv,9603,1,[],[],implicit,"[('when an animal reservoir defecates into the', ', leaving feces infested with eggs that develop into rhabitiform')]",No
They can outgrow and thus outcompete corals on bare surfaces .,medcaus.csv,12992,1,[],['thus'],implicit,"[('They can outgrow', 'outcompete corals on bare surfaces')]",No
"""However , a higher rim weight , if thrown correctly , can lead to a farther throw .""",medcaus.csv,5506,1,[],['lead to'],implicit,"[(', a higher rim', 'to a farther')]",No
"""Subsequent work by John Ioannidis and others has shown that for treatments with no prior plausibility , the chances of a positive result being a false positive are much higher , and that any result not consistent with the null hypothesis should be assumed to be a false positive .""",medcaus.csv,5712,1,['assumed'],[],implicit,"[(', the chances of a positive result being a false positive are much higher , and that', 'result not consistent with the null hypothesis should be assumed to be a false')]",No
"Breast reduction surgery more frequently leads to decreased sensation in the nipple - areola complex , and to low milk supply in women who choose to breastfeed .",medcaus.csv,10842,1,[],['leads to'],implicit,"[('Breast reduction surgery', 'decreased sensation in the nipple - areola complex , and to low milk supply in women who choose to breastfeed')]",No
"""Various constituents of a gene , such as its control elements and its gene product , may be mutated so that the functioning of a gene or protein can be examined in detail .""",medcaus.csv,3647,1,[],[],implicit,"[('`` Various constituents of a , such as its control elements and its gene , may be', 'that the functioning of a gene or protein can be examined in')]",No
"""The windproof capabilities are not achieved from higher pressure fuel ; windproof lighters use the same fuel ( butane ) as standard lighters , and therefore develop the same vapour pressure .""",medcaus.csv,7163,1,[],['therefore'],implicit,"[('; windproof lighters use the same fuel -LRB- butane -RRB- as standard', 'therefore develop the same vapour')]",No
"""In materials engineering , the phenomenon of hydrogen embrittlement results from the formation of interstitial hydrides .""",medcaus.csv,3430,1,[],[],implicit,"[('from the formation of interstitial', ', the phenomenon of hydrogen')]",No
"""All oxyacids have the acidic hydrogen bound to an oxygen atom , so bond strength ( length ) is not a factor , as it is with binary nonmetal hydrides .""",medcaus.csv,8605,1,[],[],implicit,"[('`` All oxyacids have the acidic hydrogen bound to an oxygen', 'so bond strength -LRB- length -RRB- is not a')]",No
"There may also be symmetric flow from both loop foot points , causing a build - up of mass in the loop structure .",medcaus.csv,11421,1,[],[],implicit,"[('symmetric flow from both loop foot points', 'a build - up of mass in the loop structure')]",No
"Against the backdrop of the HIV / AIDS epidemic in South Africa , there remains high demand for greater numbers of practicing dietitians , along with other health care staff , in order to expand public sector health care services .",medcaus.csv,11347,1,[],[],implicit,"[('expand public sector health care services', 'there remains high demand for greater numbers of practicing dietitians , along with other health care staff')]",No
"Initially those who held land directly from the king by military service , from earls downwards , all bore alike the title of baron , which was thus the factor uniting all members of the ancient baronage as peers one of another .",medcaus.csv,12337,1,[],['thus'],implicit,"[('all bore alike the title of baron', 'was the factor uniting all members of the ancient baronage as peers one of another')]",No
"""All forms of coronary heart disease are much less - common in the Third World , as its risk factors are much more common in Western and Westernized countries ; it could , therefore , be termed a disease of affluence .""",medcaus.csv,7325,1,[],['therefore'],implicit,"[('`` All forms of coronary heart disease are much less - common in the Third World , as its risk factors are much more common in Western and Westernized', 'it , be termed a disease of')]",No
"""Anatolia was one of the first places where Christianity spread , so that by the 4th century AD , western and central Anatolia were overwhelmingly Christian and Greek - speaking .""",medcaus.csv,4763,1,[],[],implicit,"[('`` the first places where Christianity', ', western and central Anatolia were overwhelmingly Christian and Greek -')]",No
"With this biofuel production generation , food crops are thus explicitly grown for fuel production , and not anything else .",medcaus.csv,14528,1,[],['thus'],implicit,"[('With this biofuel production generation', 'food crops are explicitly grown for fuel production , and not anything else')]",No
"""Ivermectin is thought to irreversibly activate these channel receptors in the worm , eventually causing an inhibitory postsynaptic potential .""",medcaus.csv,3011,1,[],[],implicit,"[('`` to irreversibly activate these channel receptors in the', 'causing an inhibitory postsynaptic')]",No
"Body lice are an indicator of clothes - wearing , since most humans have sparse body hair , and lice thus require human clothing to survive .",medcaus.csv,11032,1,[],"['since', 'thus']",implicit,"[('most humans have sparse body hair', 'lice require human clothing to survive')]",No
"When interpreting the results of a test , it is important to consider the cocaine usage history of the individual , since a chronic user can develop tolerance to doses that would incapacitate a cocaine - naive individual , and the chronic user often has high baseline values of the metabolites in his system .",medcaus.csv,14730,1,[],['since'],implicit,"[('a chronic user can develop tolerance to doses that would incapacitate a cocaine - naive individual , and the chronic user often has high baseline values of the metabolites in his system', 'When interpreting the results of a test , it is important to consider the cocaine usage history of the individual')]",No
"Perforation at the anterior surface of the stomach leads to acute peritonitis , initially chemical and later bacterial peritonitis .",medcaus.csv,13703,1,[],['leads to'],implicit,"[('Perforation at the anterior surface of the stomach', 'acute peritonitis , initially chemical and later bacterial peritonitis')]",No
"""If this does not occur , a follicular cyst of more than 2.5 cm diameter may result .""",medcaus.csv,9749,1,[],[],implicit,"[('`` If this does not', ', a follicular cyst of more than 2.5 cm diameter may')]",No
"""Red adaptation goggles were developed by Wilhelm Trendelenburg in 1916 to address the problem of dark adaptation of the eyes , previously studied by Antoine Beclere .""",medcaus.csv,9525,1,[],[],implicit,"[('`` Red adaptation goggles were developed by Wilhelm Trendelenburg in', 'to address the problem of dark adaptation of the')]",No
"The depth to which sunlight or artificial light can penetrate into water , so that photosynthesis may occur , is known as the photic zone .",medcaus.csv,11524,1,[],[],implicit,"[('sunlight or artificial light can penetrate into water', 'photosynthesis may occur')]",No
"""In severe , chronic cases , bruxism can lead to myofascial pain and arthritis of the temporomandibular joints .""",medcaus.csv,6898,1,[],['lead to'],implicit,"[(',', 'to myofascial pain and arthritis of the temporomandibular')]",No
"""Although cardiac problems are more common than in the general population , most people with situs inversus have no medical symptoms or complications resulting from the condition , and until the advent of modern medicine it was usually undiagnosed .""",medcaus.csv,3465,1,[],[],implicit,"[('from the', ', most people with situs inversus have no medical symptoms or')]",No
"""Acne is fairly common among AAS users , mostly due to stimulation of the sebaceous glands by increased testosterone levels .""",medcaus.csv,1101,1,[],['due to'],implicit,"[('to stimulation of the sebaceous glands by increased testosterone', '`` Acne is fairly common among AAS')]",No
Many regulators have an adjustment to change the ease of inhaling so that breathing is effortless .,medcaus.csv,10725,1,[],[],implicit,"[('an adjustment to change the ease of inhaling', 'breathing is effortless')]",No
"""Driving an avalanche is the component of the avalanche 's weight parallel to the slope ; as the avalanche progresses any unstable snow in its path will tend to become incorporated , so increasing the overall weight .""",medcaus.csv,5156,1,[],[],implicit,"[('; as the avalanche progresses any unstable snow in its path will tend to become incorporated', 'so increasing the overall')]",No
"Physostigmine also has a miotic function , causing pupillary constriction .",medcaus.csv,13672,1,[],[],implicit,"[('Physostigmine', 'pupillary constriction')]",No
"""Maggie is bitten , causing Paul to swerve and crash .""",medcaus.csv,7109,1,[],[],implicit,"[('`` Maggie is', 'causing Paul to swerve and')]",No
"This is related to different conceptions in the two communities , one focusing more on the Communities and the other more on the Regions , causing an asymmetrical federalism .",medcaus.csv,10005,1,[],[],implicit,"[('different conceptions in the two communities', 'an asymmetrical federalism')]",No
"""Hyperglycemia due to increased gluconeogenesis , insulin resistance , and impaired glucose tolerance ( """" steroid diabetes """" ) ; caution in those with diabetes mellitus""",medcaus.csv,12956,1,[],['due to'],implicit,"[(""to increased gluconeogenesis , insulin resistance , and impaired glucose tolerance -LRB- '' '' steroid diabetes"", '``')]",No
"""The second principle , the retrieval structure principle states that experts develop memory mechanisms called retrieval structures to facilitate the retrieval of information stored in long term memory .""",medcaus.csv,4386,1,[],[],implicit,"[('that experts develop memory', 'to facilitate the retrieval of information stored in long term')]",No
"""While taste nerves are activated when consuming foods like chili peppers , the sensation commonly interpreted as """" hot """" results from the stimulation of somatosensory fibers in the mouth .""",medcaus.csv,3993,1,[],[],implicit,"[(""'' results from the stimulation of somatosensory fibers"", "", the sensation commonly interpreted ''"")]",No
"While taking desmopressin , a patient should drink fluids or water only when thirsty and not at other times , as this can lead to sudden fluid accumulation in the central nervous system .",medcaus.csv,10873,1,[],['lead to'],implicit,"[('drink fluids or water at other times', 'sudden fluid accumulation in the central nervous system')]",No
"Neonatal hyperbilirubinaemia , where the newborn 's liver is not able to properly process the bilirubin causing jaundice",medcaus.csv,12368,1,[],[],implicit,"[(""the newborn 's liver is not able to properly process the bilirubin"", 'jaundice')]",No
Genus Deltaretrovirus ; type species : Bovine leukemia virus ; others include the cancer - causing Human T - lymphotropic virus,medcaus.csv,13796,1,[],[],implicit,"[('Human T - lymphotropic virus', 'cancer')]",No
"""Furthermore , ablation of the endothelial progenitor cells in the bone marrow can lead to a significant decrease in tumor growth and vasculature development .""",medcaus.csv,348,1,[],['lead to'],implicit,"[(', ablation of the endothelial progenitor cells in the bone', 'to a significant decrease in tumor growth and vasculature')]",No
"""This earned him the enmity of the wealthy Greeks who had endowed the chair , and in 1924 he was forced to resign the position .""",medcaus.csv,7240,1,[],[],implicit,"[('``', 'This earned him the enmity of the wealthy')]",No
Erythropoietin is released in response to hypoxia ( low levels of oxygen at tissue level ) in the renal circulation .,medcaus.csv,13741,1,[],[],implicit,"[('hypoxia -LRB- low levels of oxygen at tissue level -RRB-', 'Erythropoietin is released')]",No
Snowstorms organize and develop by feeding on sources of atmospheric moisture and cold air .,medcaus.csv,2137,1,[],[],implicit,"[('feeding on sources of atmospheric moisture and cold air', 'Snowstorms')]",No
"""After six months of detachment , this layer is likely to prevent the adhesion of any new nail tissue , possibly leading to permanent deformity .""",medcaus.csv,846,1,[],['leading to'],implicit,"[('`` After six months of , this layer is likely to prevent the adhesion of any new nail', 'to permanent')]",No
Renal insufficiency can lead to renal osteodystrophy .,medcaus.csv,2633,1,[],['lead to'],implicit,"[('Renal insufficiency', 'renal osteodystrophy')]",No
Lung cancer is a common form of cancer causing the uncontrolled growth of cells in the lung tissue .,medcaus.csv,12531,1,[],[],implicit,"[('Lung cancer', 'the uncontrolled growth of cells in the lung tissue')]",No
"""Applied to the alchemist himself , the twin goal symbolized his evolution from ignorance to enlightenment , and the stone represented a hidden spiritual truth or power that would lead to that goal .""",medcaus.csv,3226,1,[],['lead to'],implicit,"[('and the stone represented a hidden spiritual truth or', 'to that')]",No
"""In placental mammals , the egg itself is void of yolk , but develops an umbilical cord from structures that in reptiles would form the yolk sac .""",medcaus.csv,7094,1,[],[],implicit,"[('cord from structures that in reptiles would form the yolk', 'but develops an umbilical')]",No
Chronic stimulation of this receptor leads to chronic hives .,medcaus.csv,2004,1,[],['leads to'],implicit,"[('Chronic stimulation of this receptor', 'chronic hives')]",No
"""This is when malware runs at certain times or following certain actions taken by the user , so it executes during certain vulnerable periods , such as during the boot process , while remaining dormant the rest of the time .""",medcaus.csv,942,1,[],[],implicit,"[('`` This is when malware runs at certain times or following certain actions taken by the', 'so it executes during certain vulnerable')]",No
"""Epithelial layers contain no blood vessels , so they must receive nourishment via diffusion of substances from the underlying connective tissue , through the basement membrane .""",medcaus.csv,8698,1,[],[],implicit,"[('`` Epithelial layers contain no blood', 'so they must receive nourishment via diffusion of substances from the underlying connective')]",No
The centella fruit - bearing structures are discarded from the gotu kola malluma due to their intense bitter taste .,medcaus.csv,14753,1,[],['due to'],implicit,"[('their intense bitter taste', 'The centella fruit - bearing structures are discarded from the gotu kola malluma')]",No
"Plants can not survive without this protein , and reduced VIPP1 levels lead to slower growth and paler plants with reduced ability to photosynthesize .",medcaus.csv,13140,1,[],['lead to'],implicit,"[('reduced VIPP1 levels', 'slower growth and paler plants with reduced ability to photosynthesize')]",No
"""In 1930 floods ruined the banana industry , broke bridges and closed railroads , causing whole plantations to cease operations .""",medcaus.csv,4546,1,[],[],implicit,"[('1930', 'causing whole plantations to cease')]",No
"""Ulrezaj traces Ramsey to Ehlna , breaking through the defenses of both the Protoss and the Dominion .""",medcaus.csv,9828,1,[],[],implicit,"[(', breaking through the defenses of both the Protoss and the', '`` Ulrezaj traces Ramsey to')]",No
"Compared to the inner membranes of mitochondria , which have a significantly higher membrane potential due to charge separation , thylakoid membranes lack a charge gradient .",medcaus.csv,13146,1,[],['due to'],implicit,"[('charge separation', 'a significantly higher membrane potential')]",No
"""One example is the """" bloom """" or great increase of phytoplankton in a water body as a response to increased levels of nutrients .""",medcaus.csv,822,1,[],[],implicit,"[('a response to increased', ""`` One example is '' bloom '' '' or great increase of phytoplankton in"")]",No
"""In either case , the infection can lead to encephalitis or meningitis .""",medcaus.csv,5019,1,[],['lead to'],implicit,"[(', the infection', 'to encephalitis or')]",No
"Then , a matching antibody is applied over the surface so it can bind to the antigen .",medcaus.csv,14814,1,[],[],implicit,"[('a matching antibody is applied over the surface', 'it can bind to the antigen')]",No
"Deficiency can lead to weakness , weight loss and general aches and pains .",medcaus.csv,13383,1,[],['lead to'],implicit,"[('Deficiency', 'weakness , weight loss and general aches and pains')]",No
"""This ultimately leads to hyperreflexia , an exaggerated deep tendon reflex .""",medcaus.csv,1546,1,[],['leads to'],implicit,"[('`` This', 'to')]",No
"""The unique , tubular microscopic appearance of dentin is a result of the formation of dentin around these extensions .""",medcaus.csv,1868,1,[],[],implicit,"[('of the formation of dentin around these', ', tubular microscopic appearance of dentin is')]",No
"""Malnutrition , parenteral nutrition and malabsorption can lead to osteoporosis .""",medcaus.csv,2627,1,[],['lead to'],implicit,"[('`` , parenteral nutrition and', 'to')]",No
The extra factor of two is due to the logarithm of the quadratic relationship between power and amplitude in most systems .,medcaus.csv,12541,1,[],['due to'],implicit,"[('the logarithm of the quadratic relationship between power and amplitude in most systems', 'The extra factor of two')]",No
"""In general the IRCL is much more intense for reactions with an attractive surface , indicating that this type of surface leads to energy deposition in vibrational excitation .""",medcaus.csv,3486,1,[],['leads to'],implicit,"[('general the IRCL is much more intense for reactions with an attractive , indicating that this type of', 'to energy deposition in vibrational')]",No
"""They make it finally possible , after all these years , to give Borges his due and to add North Americans to his wide public . """"""",medcaus.csv,6051,1,[],[],implicit,"[('to add North Americans to his wide', 'They make it finally possible , after all these years , to give Borges')]",No
"""Physiological responses to even small quantities include the extrusion of liquid into the lungs ( pulmonary edema ) over the following hours , but this reduces the ability to exchange air and can lead to a person """" drowning in their own body fluid """" .""",medcaus.csv,5495,1,[],['lead to'],implicit,"[(', but this reduces the ability to exchange', ""to a person '' '' drowning in their own body"")]",No
"""To the west , E. University Boulevard leads to the Fourth Avenue Shopping District .""",medcaus.csv,3390,1,[],['leads to'],implicit,"[('`` To the , E. University', 'to the Fourth Avenue Shopping')]",No
"""If there are symptoms of anemia but both the reticulocyte count and the haptoglobin level are normal , the anemia is most likely not due to hemolysis , but instead some other error in cellular production , such as aplastic anemia""",medcaus.csv,8124,1,[],['due to'],implicit,"[('instead some other error in cellular', '`` If there are symptoms of anemia but both the reticulocyte count and the haptoglobin level are normal , the anemia')]",No
The low speed of travel is due to the friction between the sliding surface of the track and the water saturated flow .,medcaus.csv,5038,1,[],['due to'],implicit,"[('the friction between the sliding surface of the track and the water saturated flow', 'The low speed of travel is')]",No
Complete or partial dislocation from the orbit is also possible from trauma or swelling of surrounding tissue resulting from trauma .,medcaus.csv,9084,1,[],[],implicit,"[('trauma', 'swelling of surrounding tissue')]",No
"""Given that homeopathy 's effects in humans appear to be mainly due to the placebo effect and the counseling aspects of the consultation , it is unlikely that homeopathic treatments would be effective in animals .""",medcaus.csv,5698,1,[],['due to'],implicit,"[('to the placebo effect and the counseling aspects of the', ""`` Given that homeopathy 's effects in humans appear to be"")]",No
"""However , please note that Yoga is not recommended by most medical professionals for people with Joint Hypermobility Syndrome , due to the likelihood of damage to the joints .""",medcaus.csv,6301,1,[],['due to'],implicit,"[('to the likelihood of damage to the', ', please note that Yoga is not recommended by most medical professionals for people with Joint Hypermobility')]",No
"""In explosive breeders , mature adult frogs arrive at breeding sites in response to certain trigger factors such as rainfall occurring in an arid area .""",medcaus.csv,6528,1,[],[],implicit,"[('to certain trigger factors such as rainfall occurring in an arid', ', mature adult frogs arrive at breeding')]",No
This leads to elevated or irritable mood with increased energy and decreased need for sleep while in a manic state .,medcaus.csv,8999,1,[],['leads to'],implicit,"[('This', 'elevated or irritable mood with increased energy and decreased need for sleep while in a manic state')]",No
"Epidemiologists have found interest in chronic conditions due to the fact they contribute to disease , disability , and diminished physical and/or mental capacity .",medcaus.csv,10219,1,[],['due to'],implicit,"[('the fact they contribute to disease , disability , and diminished physical and/or mental capacity', 'Epidemiologists have found interest in chronic conditions')]",No
"With the variety of phenotypes , clinical suspicion of ALD can result from a variety of different presentations .",medcaus.csv,10373,1,[],[],implicit,"[('a variety of different presentations', 'clinical suspicion of ALD')]",No
"""A prolonged stimulation either through foreplay ( kissing , petting and direct stimulation of erogenous zones before penetration during intercourse ) or stroking ( during masturbation ) leads to an adequate amount of arousal and production of pre - ejaculatory fluid .""",medcaus.csv,7554,1,[],['leads to'],implicit,"[('`` A prolonged stimulation either through', 'to an adequate amount of arousal and production of pre - ejaculatory')]",No
"Vector Sigma , the Allspark , chooses which Autobot is to be granted the Matrix and thus the position of commander - in - chief .",medcaus.csv,10775,1,[],['thus'],implicit,"[('to be granted the Matrix', 'the position of commander - in - chief')]",No
"""Many interactions familiar at the macroscopic level , such as touch , friction or chemical bonding , are due to interactions between electric fields on the atomic scale .""",medcaus.csv,4435,1,[],['due to'],implicit,"[('to interactions between electric fields on the atomic', '`` Many interactions familiar at the macroscopic')]",No
PNH increases the risk of venous thrombosis but is also associated with hemolytic anemia ( anemia resulting from destruction of red blood cells ) .,medcaus.csv,1168,1,[],[],implicit,"[('destruction of red blood cells', 'anemia')]",No
Proteins modify the bacterial RNA polymerase so it preferentially transcribes viral mRNA .,medcaus.csv,7677,1,[],[],implicit,"[('Proteins modify the bacterial RNA polymerase', 'it preferentially transcribes viral mRNA')]",No
translocation events that lead to a fusion between a proto - oncogene and a 2nd gene ( this creates a fusion protein with increased cancerous / oncogenic activity ),medcaus.csv,3532,1,[],['lead to'],implicit,"[('translocation events', 'a fusion between a proto - oncogene and a 2nd gene')]",No
In polycythemia vera the increased number of red blood cells results from an abnormality in the bone marrow .,medcaus.csv,6435,1,[],[],implicit,"[('an abnormality in the bone marrow', 'In polycythemia vera the increased number of red blood cells')]",No
The body 's normal response to dehydration is to conserve water by concentrating the urine .,medcaus.csv,10872,1,[],[],implicit,"[('dehydration', 'to conserve water by concentrating the urine')]",No
The tenderloin is the most tender cut of beef and is also arguably the most desirable and therefore the most expensive .,medcaus.csv,7888,1,[],['therefore'],implicit,"[('The tenderloin is the most tender cut of beef and is also arguably the most desirable', 'the most expensive')]",No
FUMP becomes incorporated into RNA and fdUMP inhibits the enzyme thymidylate synthase ; both of which lead to cell death .,medcaus.csv,14962,1,[],['lead to'],implicit,"[('FUMP becomes incorporated into RNA and fdUMP inhibits the enzyme thymidylate synthase ; both of which', 'cell death')]",No
This binding will lead to the engulfing of the bacteria by the phagocyte .,medcaus.csv,3834,1,[],['lead to'],implicit,"[('This binding', 'the engulfing of the bacteria by the phagocyte')]",No
"""Known as """" shadowbanning """" , the effort hides applicable accounts from appearing in search results and in the app 's Explore section .""",medcaus.csv,7749,1,[],[],implicit,"[(""`` Known as '' ''"", ""'' '' , the effort hides applicable accounts from appearing in search results and in the app"")]",No
"""This biliary atresia can lead to acute problems such as nutrient malabsorption , pale stools , dark urine , and abdominal swelling .""",medcaus.csv,7127,1,[],['lead to'],implicit,"[('`` This biliary', 'to acute problems such as nutrient malabsorption , pale stools , dark urine , and abdominal')]",No
"""In humans , there are two forms of twinning that can lead to two heads being supported by a single torso .""",medcaus.csv,261,1,[],['lead to'],implicit,"[(', there are two forms of twinning', 'to two heads being supported by a single')]",No
"""Hip fractures can lead to decreased mobility and additional risks of numerous complications ( such as deep venous thrombosis and/or pulmonary embolism , and pneumonia ) .""",medcaus.csv,2655,1,[],['lead to'],implicit,"[('`` Hip', 'to decreased mobility and additional risks of numerous')]",No
"""This is a result of the positive susceptibility of many species of rabbit 's cells , but negative permissibility of all but one of the rabbit species ' cells .""",medcaus.csv,6844,1,[],[],implicit,"[(""of the positive susceptibility of many species of rabbit 's"", '``')]",No
"""This rate varies somewhat with size , gender and age but is typically between 45 W and 85 W. Total energy expenditure ( TEE ) due to muscular expended energy is much higher and depends upon the average level of physical work and exercise done during a day .""",medcaus.csv,2742,1,[],['due to'],implicit,"[('to muscular expended', 'W. Total energy -LRB-')]",No
This may be due to the ability to damage the genome or to the disruption of cellular metabolic processes .,medcaus.csv,1969,1,[],['due to'],implicit,"[('This', 'the ability to damage the genome or to the disruption of cellular metabolic processes')]",No
"""The ancient Cynics rejected conventional social values , and would criticise the types of behaviours , such as greed , which they viewed as causing suffering .""",medcaus.csv,6736,1,[],[],implicit,"[('as which they viewed', 'causing')]",No
"""In feeding , the tongue is dipped into the nectar or honey , which adheres to the hairs , and then is retracted so the adhering liquid is carried into the space between the galeae and labial palps .""",medcaus.csv,6354,1,[],[],implicit,"[('`` In feeding , the tongue is dipped into the nectar or honey , which adheres to the hairs , and then is', 'so the adhering liquid is carried into the space between the galeae and labial')]",No
"""A number of targets they set were not achieved by 2015 , mostly due to the increase in HIV - associated tuberculosis and the emergence of multiple drug - resistant tuberculosis .""",medcaus.csv,2438,1,[],['due to'],implicit,"[('to the increase in - associated tuberculosis and the emergence of multiple - resistant', '`` A number of targets they set were not achieved by')]",No
"""While in graduate school , she uncovered the mechanism by which the anti - convulsant aminoglutethemide interferes with the production of adrenal steroids , leading to clinical use of the drug in hormone - dependent cancers .""",medcaus.csv,4141,1,[],['leading to'],implicit,"[(', she uncovered the mechanism by which the anti - convulsant aminoglutethemide interferes with the production of adrenal', 'to clinical use of the drug in hormone - dependent')]",No
"In addition to estrogen , calcium metabolism plays a significant role in bone turnover , and deficiency of calcium and vitamin D leads to impaired bone deposition ; in addition , the parathyroid glands react to low calcium levels by secreting parathyroid hormone ( parathormone , PTH ) , which increases bone resorption to ensure sufficient calcium in the blood .",medcaus.csv,12831,1,[],['leads to'],implicit,"[('deficiency of calcium and vitamin D', 'impaired bone deposition')]",No
"""The umpires also change positions so that the one who was at """" square leg """" now stands behind the wicket at the non - striker 's end and vice - versa .""",medcaus.csv,13081,1,[],[],implicit,"[(""that the one who was at '' '' square leg '' '' now stands behind the wicket at the non - striker 's end and"", '`` The umpires also change')]",No
"According to the Greek history , King Mithridates did this in order to protect himself against attempts of poisoning , therefore this procedure is often called mithridatism .",medcaus.csv,13130,1,[],['therefore'],implicit,"[('protect himself against attempts of poisoning', 'King Mithridates did this')]",No
"""Backed by a 40-piece orchestra and a troupe of dancers , Ross ' edition of the concert series sold out within hours , causing a third concert to be scheduled for October 18 .""",medcaus.csv,7722,1,[],[],implicit,"[("", Ross ' edition of the concert series sold out within"", 'causing a third concert to be scheduled for October')]",No
"""Today , inositol nitrate is used to gelatinize nitrocellulose , thus can be found in many modern explosives and solid rocket propellants .""",medcaus.csv,3673,1,[],['thus'],implicit,"[(', inositol nitrate is used to gelatinize', 'thus can be found in many modern explosives and solid rocket')]",No
"""Despite the high - level coordination and planning , the coup initially failed , causing the Shah to flee to Baghdad , and then to Rome .""",medcaus.csv,4073,1,[],[],implicit,"[(', the coup initially', 'causing the to flee to and then to')]",No
"""The recent rises in energy prices may lead to greater use of insulation - grade fiberglass , with consequent growth in the boron consumption .""",medcaus.csv,3204,1,[],['lead to'],implicit,"[('`` The recent rises in energy', 'to greater use of insulation - grade , with consequent growth in the boron')]",No
"""Though it was formerly believed that this was due to severe dehydration , more recent research suggests it was the combined effects upon the brain of hyperthermia , hypertonic hypernatraemia associated with dehydration , and possibly hypoglycaemia .""",medcaus.csv,2763,1,['believed'],['due to'],implicit,"[('to severe', 'that')]",No
"""A great range of styles and manufacturing centres were in use by the start of the 19th century , and as Japan opened to trade in the second half , exports expanded hugely and quality generally declined .""",medcaus.csv,2381,1,[],[],implicit,"[('as Japan opened to trade in the second', ', exports expanded hugely and quality generally')]",No
"The fibronectin protein is produced from a single gene , but alternative splicing of its pre - mRNA leads to the creation of several isoforms .",medcaus.csv,13523,1,[],['leads to'],implicit,"[('alternative splicing of its pre - mRNA', 'the creation of several isoforms')]",No
The blood types of humans are due to variations in surface glycoproteins of red blood cells .,medcaus.csv,6418,1,[],['due to'],implicit,"[('variations in surface glycoproteins of red blood cells', 'The blood types of humans are')]",No
This inadequate perfusion of blood and the resulting reduced delivery of oxygen and nutrients are directly correlated to blocked or narrowed blood vessels .,medcaus.csv,7311,1,[],[],implicit,"[('inadequate perfusion of blood', 'reduced delivery of oxygen and nutrients')]",No
"""A photoabsorbed photon transfers all its energy to the electron with which it interacts , thus ionizing the atom to which the electron was bound and producing a photoelectron that is likely to ionize more atoms in its path .""",medcaus.csv,792,1,[],['thus'],implicit,"[('`` A photoabsorbed photon transfers all its energy to the electron with which it', 'thus ionizing the')]",No
"As the pilot exits the turn , the semicircular canals are stimulated to make the pilot think that they are now turning in the opposite direction rather than flying straight and level .",medcaus.csv,12396,1,[],[],implicit,"[('the pilot exits the turn', 'the semicircular canals are stimulated to make the pilot think that they are now turning in the opposite direction rather than flying straight and level')]",No
"""As it is an intrinsic property of the nervous system , it can not be changed through voluntary control , exercise , or diet .""",medcaus.csv,2286,1,[],[],implicit,"[('As it is an intrinsic property of the nervous', ', it can not be changed through voluntary , , or')]",No
"""After his father 's death , Asparuh would have acknowledged the rule of his older brother Bat Bayan , but the state disintegrated under Khazar attack in 668 , and he and his brothers parted ways , leading their people to seek a more secure home in other lands .""",medcaus.csv,2840,1,[],[],implicit,"[('but the state disintegrated under Khazar attack in and he and his brothers parted', 'leading their to seek a more secure home in other')]",No
"Atrophy , fibrosis and vascular changes produce malabsorption , diarrhea , steatorrhea and bleeding with bile acid diarrhea and vitamin B12 malabsorption commonly found due to ileal involvement .",medcaus.csv,12425,1,[],['due to'],implicit,"[('ileal involvement', 'vitamin B12 malabsorption commonly found')]",No
"""Aromatic amines , such as aniline , have their lone pair electrons conjugated into the benzene ring , thus their tendency to engage in hydrogen bonding is diminished .""",medcaus.csv,1792,1,[],['thus'],implicit,"[('`` Aromatic , such as , have their lone pair electrons conjugated into the benzene', 'thus their tendency to engage in hydrogen bonding is')]",No
This can improve their CTG monitoring so that the mother does not have to be monitored for as long .,medcaus.csv,1226,1,[],[],implicit,"[('This can improve their CTG monitoring', 'the mother does not have to be monitored for as long')]",No
Some believe it may be due to an immune reaction to a trigger such as an infection or chemicals in those who are genetically predisposed .,medcaus.csv,2510,1,['believe'],['due to'],implicit,"[('an immune reaction to a trigger such as an infection or chemicals in those who are genetically predisposed', 'it')]",No
"""It is suggested that colchicine inhibit chemotactic activity of leukocytes , which leads to reduction of pachydermia .""",medcaus.csv,4370,1,[],['leads to'],implicit,"[('that colchicine inhibit chemotactic activity of', 'to reduction of')]",No
"The bilirubin results from the breakup of the hemoglobin of dead red blood cells ; normally , the liver removes bilirubin from the blood and excretes it through bile .",medcaus.csv,14639,1,[],[],implicit,"[('the breakup of the hemoglobin of dead red blood cells', 'The bilirubin')]",No
"""Legal efforts at stopping homemade copies of broadcast television largely ended , however , when the United States Supreme Court ruled that such copying constituted fair use .""",medcaus.csv,8981,1,[],[],implicit,"[('when the United States Supreme Court ruled that such copying constituted fair', '`` Legal efforts at stopping homemade copies of broadcast television largely')]",No
The macula densa 's position enables it to rapidly alter afferent arteriolar resistance in response to changes in the flow rate through the distal nephron .,medcaus.csv,14107,1,[],[],implicit,"[('changes in the flow rate through the distal nephron', ""The macula densa 's position enables it to rapidly alter afferent arteriolar resistance"")]",No
"In recent years , many attempts have been made to develop new drugs against anthrax , but existing drugs are effective if treatment is started soon enough .",medcaus.csv,13429,1,[],[],implicit,"[('treatment is started soon enough', 'existing drugs are effective')]",No
"Like neutral mutations , weakly selected advantageous mutations can be lost due to random genetic drift , but strongly selected advantageous mutations are more likely to be fixed .",medcaus.csv,14226,1,[],['due to'],implicit,"[('random genetic drift', 'weakly selected advantageous mutations can be lost')]",No
"""Idiopathic thrombocytopenic purpura , a decrease in numbers of platelets due to an immune problem , responds to 40 mg daily for four days ; it may be administered in 14-day cycles .""",medcaus.csv,2204,1,[],['due to'],implicit,"[('to an immune', '`` Idiopathic thrombocytopenic , a decrease in numbers of')]",No
