sentence,source,id,sentence_count,negation_marker,causal_marker,implicit_vs_explicit,CE,multiple_c_e
Utility and Fire District Negotiations: Mr. Barnett reported that the county has held seven meetings with of the fire and water districts with the goal of drafting new Larimer County Water and Fire Protection Standards in order to deal with the problems caused by rapid growth.,CauseNet-cause.csv,,2,[],['caused'],explicit,"[('rapid_growth', 'problems')]",No
"During hyperventilation, which is caused by rapid breathing, there is a reduction in the concentration of carbon dioxide so the equilibrium position shifts to the left by Le Chatelier's principle, decreasing the concentration of hydrogen ions and raising the pH. This is known as alkolisis.",CauseNet-cause.csv,,2,[],['caused'],explicit,"[('rapid_breathing', 'hyperventilation')]",No
"""When global warming causes worldwide disasters and leads to an ice age, a climatologist must travel from Washington, D.C. to New York to save his trapped son.",CauseNet-cause.csv,,2,[],"['causes', 'leads to']",explicit,"[('global_warming', 'ice_age')]",No
"Although rare (approx. 0.5-1 percent), surgical complications may cause death.",CauseNet-cause.csv,,2,[],['cause'],explicit,"[('surgical_complications', 'death')]",No
"Twelve years after Dr. Andrew Wakefield published his research in The Lancet, an international medical journal, claiming that the measles-mumps-rubella (MMR) vaccine causes autism, the journal formally retracted his paper yesterday (Feb.",CauseNet-cause.csv,,2,['claiming'],['causes'],explicit,"[('vaccine', 'autism')]",No
Paratuberculosis (Johne's disease) is a chronic enteritis that affects ruminants and is caused by Mycobacterium avium subsp. paratuberculosis.,CauseNet-cause.csv,,2,[],['caused'],explicit,"[('mycobacterium_avium_subsp_._paratuberculosis', 'chronic_enteritis')]",No
"The first evidence that MSG caused brain damage in the form of retinal degeneration was published in 1957 (Lucas, D.R. and Newhouse, J. P.",CauseNet-cause.csv,,2,[],['caused'],explicit,"[('msg', 'brain_damage')]",No
"Mackowiak agrees with Dr. Benitez that rabies was the most likely cause of Poe's death, based on the available evidence.",CauseNet-cause.csv,,2,[],['cause'],explicit,"[('rabies', ""poe_'s_death"")]",No
"In June 2009, Medtronic Inc. issued an urgent recall of certain Kappa and Sigma pacemakers because of wiring problems that could cause the devices to fail.",CauseNet-cause.csv,,2,[],"['because', 'cause']",explicit,"[('wiring_problems', 'devices_to_fail')]",No
* Eleven former employees of the Johns-Manville Co. filed suit in 1933 claiming that their work had caused asbestosis.,CauseNet-cause.csv,,2,['claiming'],['caused'],explicit,"[('work', 'asbestosis')]",No
This further re-enforces the argument that this food shortage is NOT caused by drought. . . .,CauseNet-cause.csv,,4,[],['caused'],explicit,"[('drought', 'food_shortage')]",No
"Adco Group et al. v. Travelers et al. (complex action involving the coordination of multiple lawsuits with over 25 parties, claims of $250 million in construction defects and damage at a luxury resort in Southern California, and involving issues regarding the extent of construction defects, their cause, damage allegedly resulting from the defects and its manifestation, as well as the calculation of the reasonable cost of repairing the property)",CauseNet-cause.csv,,3,['claims'],['cause'],explicit,"[('defects', 'damage')]",No
"""In our study, viral DNA does locate to oligodendrocytes, the cells that make the myelin that is the target of inflammation,"" Dr. ""The implication is that this could be the target of the immune response that causes inflammation and ultimately scars the nervous system.""",CauseNet-cause.csv,,2,[],['causes'],explicit,"[('immune_response', 'inflammation')]",No
"Pasco-Pinellas Medical Examiner Joan Wood stunned prosecutors in February when she amended her autopsy report to say Lisa McPherson died accidentally Dec. 5, 1995, as the result of a blood clot caused by a traffic accident.",CauseNet-cause.csv,,2,[],['caused'],explicit,"[('traffic_accident', 'blood_clot')]",No
*Remove toxins and body waste products that can cause health problems *Chelate heavy metals *Etc. - contact us for health benefits report compiled from our customers,CauseNet-cause.csv,,2,[],['cause'],explicit,"[('toxins', 'health_problems')]",No
Geographic correlation between deprivation and risk of meningococcal disease: an ecological study; Williams CJ et al. ; BACKGROUND: Meningitis caused by Neisseria meningitidis is a serious infection which is most common in young children and adolescents .,CauseNet-cause.csv,,2,[],['caused'],explicit,"[('neisseria_meningitidis', 'meningitis')]",No
"Americablog | Becker/Posner | BlueNC | Samantha Burns | ColdHeartedTruth | Conservative Perspective | The Corner | Country Store | Demosthenes | Everything I Know is Wrong | A Little Extra Sparkle | In the Loop | Iraq the Model | Jesusgreek | The Knight Shift | Living With Epilepsy | Lockjaw's Lair | New Federalist | The North Lot | North StateBloggers | NCBlogs.com | The Oracle of Emeriol | The Prejudicial Effect | Q and O | Reactuate | RealClearPolitics | Red Clay Citizen | Riding Sun | Seeing the Forest | Chris Hall's Spacecraft | Viewfinder Blues | The View from Arlen | unfutz | Varmint Bites Carolina to Columbia | National Review | Slate | The New Republic | The American Enterprise | American Spectator | The Weekly Standard | Mike Adams | Jonah Goldberg | Jonathan Alter | Ann Coulter | Paul Krugman | Walter Williams | Thomas Sowell | Media Research Center | Accuracy in Media | David Brooks | Larry Elder | John Stossel | Susan Estrich | David Broder | Mickey Kaus | Instapundit | Michael Kinsley | Charles Krauthammer | Rush Limbaugh | Dick Morris | Peggy Noonan | Opinion Journal | Michelle Malkin | Richard Reeves | George Will | David Corn | Newsmax | World Net Daily | Mark Steyn | SteynOnline | Town Hall | Fareed Zakaria February 2003 March 2003 April 2003 May 2003 June 2003 July 2003 August 2003 September 2003 October 2003 November 2003 December 2003 January 2004 February 2004 March 2004 April 2004 May 2004 June 2004 July 2004 August 2004 September 2004 October 2004 November 2004 December 2004 January 2005 February 2005 March 2005 April 2005 May 2005 June 2005 July 2005 August 2005 September 2005 October 2005 November 2005 December 2005 January 2006 February 2006 March 2006 April 2006 May 2006 June 2006 July 2006 August 2006 September 2006 October 2006 November 2006 December 2006 January 2007 February 2007 March 2007 April 2007 May 2007 June 2007 July 2007 August 2007 September 2007 October 2007 November 2007 December 2007 January 2008 February 2008 March 2008 April 2008 May 2008 June 2008 July 2008 August 2008 September 2008 October 2008 November 2008 December 2008 January 2009 February 2009 March 2009 April 2009 May 2009 June 2009 July 2009 August 2009 Self-avowed ""P.R. agent for the planet"" Al Gore says those who still doubt that global warming is caused by man - among them, Vice President Dick Cheney - are acting like the fringe groups who think the 1969 moon landing never really happened, or who once believed the world is flat.",CauseNet-cause.csv,,2,['believed'],['caused'],explicit,"[('man', 'global_warming')]",No
"As for why diabetes causes depression, the research director, Dr. Frank Hu, names the hassle of managing the disease as a primary factor.",CauseNet-cause.csv,,2,[],['causes'],explicit,"[('diabetes', 'depression')]",No
"The cars were registered to Dr. Herewith, studies in animals have shown that cannabis causes birth defects when given in very large doses (amounts equal to those present in 12 to 24 cups of biostatistics a day).",CauseNet-cause.csv,,2,[],['causes'],explicit,"[('cannabis', 'birth_defects')]",No
"While it's true that cross-contamination is being increasingly realized as a means by which foodborne pathogens can cause disease, a research effort to which we have contributed, I'm curious how Myhrvold et al. determine that it is often the weakest link.",CauseNet-cause.csv,,2,[],['cause'],explicit,"[('foodborne_pathogens', 'disease')]",No
"The [text obscured] has been advised that Mr. Hassler made a public statement thereafter, stating that he meant nothing discriminatory and apologized for any controversy caused by his comments....",CauseNet-cause.csv,,2,[],['caused'],explicit,"[('comments', 'controversy')]",No
"H. pylori was discovered in April 1982 by two Australian physicians, Dr. Barry Marshall and Dr. In 1983 the two doctors proposed that the bacterium is the cause of peptic (duodenal and gastric) ulcers.",CauseNet-cause.csv,,3,[],['cause'],explicit,"[('bacterium', 'ulcers')]",No
"But when Detective Inspector C.D. Sloan of the Berebury C.I.D. arrives on the scene, he discovers that a bullet was the actual cause of death and that the young woman was several months pregnant at the time.",CauseNet-cause.csv,,3,[],['cause'],explicit,"[('bullet', 'death')]",No
"Anthony L. Komaroff, M.D. spoke about how the search for a cause is ongoing yet ""infectious agents can trigger and perpetuate"" the illness.",CauseNet-cause.csv,,2,[],['cause'],explicit,"[('infectious_agents', 'illness')]",No
Arthritis patients often take statins because because the No. 1 cause of death for people with rheumatoid arthritis (RA ) is cardiovascular disease.,CauseNet-cause.csv,,2,[],"['because', 'because', 'cause']",explicit,"[('cardiovascular_disease', 'death')]",No
"B.t. is closely related to B. cereus, a bacteria that causes food poisoning and to B. anthracis, the agent of the disease anthrax.",CauseNet-cause.csv,,2,[],['causes'],explicit,"[('bacteria', 'food_poisoning')]",No
"During the meeting, six board members were elected to three-year terms: J. Patrick Elliott, vice president of business development for Terumo Cardiovascular Systems Corp. of Ann Arbor; Barry Klein, director of market development for GlaxoSmithKline Pharmaceuticals of Comstock Park; James Freeman, vice president of laboratory services for Pfizer Animal Health of Kalamazoo; Mark Kielb, CFO of the Altarum Institute of Ann Arbor; Dr. Joe Schwarz, a former U.S. congressman, of the Family Health Center in Battle Creek; and Eric Stief, director of venture development at Wayne State University.The keynote speaker, Harry Stylli, president and CEO of San Diego-based Sequenom Inc. (Nasdaq: AQNM), said that his company, which develops tests and equipment for DNA analysis, including noninvasive neonatal tests for diseases caused by genetic abnormalities, would use Michigan as a center for future growth.",CauseNet-cause.csv,,4,[],['caused'],explicit,"[('genetic_abnormalities', 'diseases')]",No
"that it is ""not sufficient"" that a motor vehicle somehow be involved in the events leading to the injury; rather, ""The injury must be proximately caused by the negligent 'operation of a motor vehicle.' """,CauseNet-cause.csv,,2,[],"['leading to', 'caused']",explicit,"[('events', 'injury')]",No
Sudden Death Syndrome (SDS) is caused by Fusarium solani f. sp. glycines.,CauseNet-cause.csv,,2,[],['caused'],explicit,"[('fusarium_solani_f._sp_._glycines', 'sudden_death_syndrome')]",No
"Johne's Disease is caused by the bacterium, Mycobacterium avium subsp. paratuberculosis.",CauseNet-cause.csv,,2,[],['caused'],explicit,"[('bacterium', ""johne_'s_disease"")]",No
"She was a diligent member of the Baptist church, from where the funeral took place, conducted by Rev. The deceased was well known and highly esteemed here, and her death causes deep regret.",CauseNet-cause.csv,,2,[],['causes'],explicit,"[('death', 'deep_regret')]",No
"Kenny also knew that Pauli & Co. was concerned that the transactions might cause losses to the firm; Kenny was asked to sign a note promising to repay Pauli & Co. the commissions he had been paid on Wilson's sell transactions if the transactions were lost, canceled, or reversed.",CauseNet-cause.csv,,3,[],['cause'],explicit,"[('transactions', 'losses')]",No
"Among them are the possibility that the chafing dishes set up in the ""Swiss Hall"" to heat the food for the U.N. Secretary-General's affair, overloaded the palace circuits and caused a short circuit leading to the fire.",CauseNet-cause.csv,,2,[],"['caused', 'leading to']",explicit,"[('short_circuit', 'fire')]",No
"On appeal, the Board found that the ALJ's conclusion that Mr. Langford's disability directly resulted from a specific act or occurrence determinable by a definite time and place ""erroneously expands the definition of occupational disability to include a disability that is primarily caused by degeneration that is the result of the natural-aging process.""",CauseNet-cause.csv,,2,[],['caused'],explicit,"[('natural-aging_process', 'degeneration')]",No
"Because of damage to Day's body by the backhoe, it took San Francisco Medical Examiner Dr. Boyd Stephens weeks to conclusively determine that her death was caused by asphyxiation.",CauseNet-cause.csv,,2,[],"['Because', 'caused']",explicit,"[('asphyxiation', 'death')]",No
Structure of the N-terminal region of Haemophilus influenzae H10017: implications for function; Yu L et al. ; Haemophilus influenzae is a gram-negative pathogen that causes infections ranging from asymptomatic colonization of the human upper respiratory tract to serious invasive diseases such as meningitis .,CauseNet-cause.csv,,2,[],['causes'],explicit,"[('gram-negative_pathogen', 'infections')]",No
"However, Mr. Wright, as well as the rest of the HIV believers, including Mr. Swenson, Marysia, and all others who yet blindly follow the belief that HIV is the cause of AIDS, continue to ignore the realities of those who are suffering actual illness and disease, and the obvious effects on their immune systems of lives lived in an emotional state of helpless hopelessness, intensely high stress, drugs both licit and illicit, poverty, malnutrition, the strain of population explosions throughout the continent of Africa (whose population just so happens to have doubled over the last 25 years to now nearly one billion people), and the humiliations of still current racism and colonialism, as well as religiously based homophobism and the rejection and shaming of gays that still deeply and excruciatingly affects some gays in the western world.",CauseNet-cause.csv,,3,[],['cause'],explicit,"[('hiv', 'aids')]",No
"To increase such awareness, the BMA has asked the U.K. government and the European Union to mandate an additional tobacco-product label warning: ""Smoking causes male sexual impotence.""",CauseNet-cause.csv,,2,[],['causes'],explicit,"[('smoking', 'male_sexual_impotence')]",No
"Both Catie and Annie are a Sgt. in Fairfields' daughters, they both have Batten Disease, which causes blindness, seizures, cognitive and motor loss, dementia ultimately leading to the children becoming bed ridden and unable to communicate.",CauseNet-cause.csv,,2,[],"['causes', 'leading to']",explicit,"[('batten_disease', 'blindness')]",No
"In addition to the destruction caused by the war, Gen. Howard notes that: ""There were about 250 wagons in the city on my arrival, loading with pilfered plunder; pianoes, mirrors, furniture of all kinds, iron, hides without number, and an incalculable amount of other things, very valuable at the present time.",CauseNet-cause.csv,,2,[],['caused'],explicit,"[('war', 'destruction')]",No
"Bacterial infections caused by Gram-negative bacteria such as Vibrio sp., Aeromonas sp., and Yersinia sp. have been effectively controlled by vaccination.",CauseNet-cause.csv,,2,[],['caused'],explicit,"[('gram-negative_bacteria', 'bacterial_infections')]",No
"The study ""proves that H. pylori causes gastric cancer, and that treatment of H. pylori reduces the risk of developing cancer,"" says study leader Dr. Benjamin Wong, an associate professor of medicine at the University of Hong Kong.",CauseNet-cause.csv,,2,[],['causes'],explicit,"[('h._pylori', 'gastric_cancer')]",No
"All imaging was negative, and defendants denied that the forces involved in the fall were sufficient to cause brain injury to Mr. Compounding proof of injury difficulties, Mr. Herndon had a pre-existing seizure disorder, though counsel was able to establish that the fall caused seizures of a different type than those previously occurring.",CauseNet-cause.csv,,3,[],"['cause', 'caused']",explicit,"[('fall', 'seizures')]",No
"Table of Contents : GENERAL E.D.I.T.H. Candles Kitchens Home Extinguishers Babysitters Preventing Fire in Your Apartment/Condominium Prepare Your Apartment/Condominium for a Fire Emergency What To Do In Case of Fire in Your Apartment/Condominium Trip & Fall Hazard Prevention SEASONAL Christmas Trees, Lights & Electricity Heaters Fireplace/Woodstove Frostbite Winter Storms Fireworks SPECIAL Ash Disposal Carbon Monoxide Smoke Detectors Pets & Disasters Tornadoes Chemical Emergencies Heart Attack & Stroke Information Get Ready Coloring Book Notes: The National Association of State Fire Marshals Public Education Committee encourages your jurisdiction to use the monthly fire safety theme to assist in the prevention of injuries, death and destruction caused by fire.",CauseNet-cause.csv,,2,[],['caused'],explicit,"[('fire', 'injuries')]",No
"The Actos lawsuits claim that the drug causes bladder cancer, a side effect about which the manufacturer and co-defendant Eli Lilly & Co. failed to properly warn the public.",CauseNet-cause.csv,,2,['claim'],['causes'],explicit,"[('drug', 'bladder_cancer')]",No
"The two most important diseases that limit poplar productivity in the US are leaf rust, caused by Melampsora spp. and stem canker, caused by Septoria musiva.",CauseNet-cause.csv,,2,[],"['caused', 'caused']",explicit,"[('melampsora_spp_.', 'leaf_rust')]",No
Nor is J.W. Speaker Corporation liable for delays caused by circumstances or causes beyond its reasonable control.,CauseNet-cause.csv,,2,[],"['caused', 'causes']",explicit,"[('circumstances', 'delays')]",No
"Component replacement costs associated with this repair will be covered, aside from exceptions outlined within our limited warranty (this would include damages caused by misuse, abuse, accidents, etc.) examples of this includes cracked LCD, liquid spills etc.",CauseNet-cause.csv,,2,[],['caused'],explicit,"[('misuse', 'damages')]",No
"I was surprised to learn from Dr. Rodney Tolley of Walk 21 that for every pedestrian or cyclist killed, an estimated 56 people die due to diseases caused by lack of exercise.",CauseNet-cause.csv,,2,[],"['due to', 'caused']",explicit,"[('lack_of_exercise', 'diseases')]",No
"The body was taken to Barber's undertaking parlors, under the direction of Coroner Wright, where Dr. DeLaney was called and made a careful examination pronouncing heart disease to be the cause of death.",CauseNet-cause.csv,,2,[],['cause'],explicit,"[('heart_disease', 'death')]",No
"This hurricane had winds in excess of 100 m.p.h. and lasted for 48 hours.46 The damage caused by the water was greater than the wind damage.47 The heavy rains caused the nearby San Bernard River to flood, damaging the crops.",CauseNet-cause.csv,,2,[],"['caused', 'caused']",explicit,"[('water', 'damage')]",No
"For example, during NSSTA's 2009 Winter Meeting, featured speaker Rev. Oliver Williams challenged the NSSTA audience to identify structured settlement business conduct that caused ""shocked disbelief"" among NSSTA members.",CauseNet-cause.csv,,2,[],['caused'],explicit,"[('structured_settlement_business_conduct', 'shocked_disbelief')]",No
"Tylenol energy drink Right now, such products can contain up to 750 milligrams of , Dr. This product may contain inactive ingredients, which can cause allergic reactions or other problems.",CauseNet-cause.csv,,2,[],['cause'],explicit,"[('inactive_ingredients', 'allergic_reactions')]",No
"After witnessing the damage and destruction caused by violence, Mr. Elhanan came to recognize the futility of arms in resolving conflict, and instead has worked to advocate and educate for a diplomatic solution as a founding member of Combatants for Peace.",CauseNet-cause.csv,,2,[],['caused'],explicit,"[('violence', 'damage')]",No
"cialis buy online ""Erectile dysfunction is often caused by vascular disease,"" explained Dr. Ian Thompson, professor and chairman of the department of urology at the University of Texas Health Science Center at San Antonio.",CauseNet-cause.csv,,2,[],['caused'],explicit,"[('vascular_disease', 'erectile_dysfunction')]",No
"Thus includes individuals with mental retardation, cerebral palsy, autism, epilepsy, and other seizure disorders, sensory impairments, congenital disabilities, traumatic injuries, or conditions caused by disease (polio, muscular dystrophy, ect.).",CauseNet-cause.csv,,2,[],"['Thus', 'caused']",explicit,"[('disease', 'conditions')]",No
"Over the course of this trial, we will give you all the evidence you need to decide, beyond the shadow of a doubt, that Mr. Johnson knowingly had sex with Beth Ann Brooks, knowingly withheld from her the fact that he carried the deadly HIV, the virus that causes AIDS, and knowingly infected her with that virus, causing her death.",CauseNet-cause.csv,,2,[],['causes'],explicit,"[('virus', 'aids')]",No
"Ever since Dr. Linus Pauling began publicizing the value of megadoses of vitamin C in the early 1970's, there has been a persistent undertone of medical suspicion that vitamin C might cause kidney stones.",CauseNet-cause.csv,,2,[],"['since', 'cause']",explicit,"[('vitamin_c', 'kidney_stones')]",No
"Nine days later, Mr. The cause of death was listed as a heart attack.",CauseNet-cause.csv,,2,[],['cause'],explicit,"[('heart_attack', 'death')]",No
"This is an opinion piece based on the paper ""Governments and Climate Change Issues - the case for rethinking"" (David Henderson, opinion orig. pub WSJ, paper in World Economics, 7(4), 183-228) ""When millennial climate change patterns are mentioned, many people point to the '2,500 scientists from 130 countries' who have agreed that global warming is caused by the greenhouse effect.",CauseNet-cause.csv,,2,[],['caused'],explicit,"[('greenhouse_effect', 'global_warming')]",No
To assign to the employer a share of fault greater than that assigned to the employee whose negligent driving was a cause of the accident would be an inequitable apportionment of loss. . . .,CauseNet-cause.csv,,4,[],['cause'],explicit,"[('negligent_driving', 'accident')]",No
"World TB Day is observed on March 24 each year in commemoration of the date in 1882 when Dr. Robert Koch announced the discovery of Mycobacterum tuberculosis, the bacterium that causes tuberculosis.",CauseNet-cause.csv,,2,[],['causes'],explicit,"[('bacterium', 'tuberculosis')]",No
"""Stroke is the third leading cause of death in the United States but the leading cause of disability,"" Dr. Robert Rosenwasser, Chief of the Department of Neurological Surgery at Jefferson University Hospitals notes.",CauseNet-cause.csv,,2,[],"['cause', 'cause']",explicit,"[('stroke', 'death')]",No
"Key backers of the excised provisions, led by Rep. Henry A. Waxman, D-Calif., insisted they would make the confidentiality protections their top legislative priority in 1989, along with measures to extend anti-discrimination protections to individuals who tested positive for the virus that caused AIDS.",CauseNet-cause.csv,,2,[],['caused'],explicit,"[('virus', 'aids')]",No
"About three years before Merck pulled Vioxx from the market in September 2004, Dr. Topol published a paper in the Journal of the American Medical Association (""JAMA"") that raised the issue of whether Vioxx potentially caused heart problems.",CauseNet-cause.csv,,2,[],['caused'],explicit,"[('vioxx', 'heart_problems')]",No
"Falls are a cause of death in seven per cent of the B.C. Aboriginal population, ahead of drowning and fire-related deaths, and many of these falls and fall-related injuries can be prevented.",CauseNet-cause.csv,,2,[],['cause'],explicit,"[('falls', 'death')]",No
Doxycycline reduces airway inflammation and hyperresponsiveness in a murine model of toluene diisocyanate-induced asthma; Lee KS et al. ; BACKGROUND: Toluene diisocyanate (TDI) is a leading cause of occupational asthma .,CauseNet-cause.csv,,2,[],['cause'],explicit,"[('toluene_diisocyanate', 'occupational_asthma')]",No
"New options and new questions; Pizzo PA et al. ; Infectious complications are a frequent cause of morbidity and, at many centers, the major cause of death in patients with cancer .",CauseNet-cause.csv,,2,[],"['cause', 'cause']",explicit,"[('infectious_complications', 'morbidity')]",No
"Candida, a systemic yeast infection, causes problems from head to toe, creating symptoms that include: exhaustion and fatigue, brain fog, depression, poor concentration, poor memory, adrenal exhaustion, intestinal gas and bloating, muscle weakness . . . and hypoglycemia.",CauseNet-cause.csv,,4,[],['causes'],explicit,"[('candida', 'problems')]",No
"At the age of 83, Rev. John A. Murrell was visiting in Springfield when he was struck by a train at the depot and suffered injuries that caused his death September 19, 1902.",CauseNet-cause.csv,,2,[],['caused'],explicit,"[('injuries', 'death')]",No
"It appeared to be Dr. Collins' assignment to evaluate the studies and his conclusions were stunning: ""In both rabbit studies, aspartame appeared to cause birth defects.""",CauseNet-cause.csv,,2,[],['cause'],explicit,"[('aspartame', 'birth_defects')]",No
"Members of a panel that included Democratic state Sen. ... KTVN Channel 2 - Reno Tahoe News Weather, Video - More Nevada Hispanic ... Suffocation leads in Vegas accidental child deathsLas Vegas SunAP A University of Nevada, Las Vegas report says suffocation was the leading cause of accidental deaths among Clark County children last year.",CauseNet-cause.csv,,2,[],['cause'],explicit,"[('suffocation', 'accidental_deaths')]",No
"Death was caused by a bullet which severed Dr. The cross examination was intended to show the nature of the wounds, the point of entrance and the cause of death.",CauseNet-cause.csv,,2,[],"['caused', 'cause']",explicit,"[('bullet', 'death')]",No
"The research, by Dr. UC Davis researchers have discovered that the human immunodeficiency virus, the virus that causes AIDS, is able to survive efforts to destroy it by hiding out in the mucosal tissues of the intestine.",CauseNet-cause.csv,,2,[],['causes'],explicit,"[('virus', 'aids')]",No
"Exceptions: Nothing in this website disclaimer will exclude or limit any warranty implied by law that it would be unlawful to exclude or limit; and nothing in this website disclaimer will exclude or limit A2Z Computing Services, Inc. liability in respect of any: death or personal injury caused by A2Z Computing Services, Inc. negligence; fraud or fraudulent misrepresentation on the part of A2Z Computing Services, Inc; or matter which it would be illegal or unlawful for A2Z Computing Services, Inc. to exclude or limit, or to attempt or purport to exclude or limit, its liability.",CauseNet-cause.csv,,4,[],['caused'],explicit,"[('fraudulent_misrepresentation', 'death')]",No
"""The pneumonia shot protects only against a bacteria that often causes pneumonia called Streptococcus pneumonae,"" says Dr. Luis Ostrosky Zeichner, an assistant professor of internal medicine specializing in infectious diseases at The UT Medical School at Houston.",CauseNet-cause.csv,,2,[],['causes'],explicit,"[('bacteria', 'pneumonia')]",No
"""Traffic crashes are a leading cause of death, particularly among young people 5 to 44 years of age,"" said Michael R. ""For the first time, we have solid data to hold us accountable and to target our efforts.",CauseNet-cause.csv,,2,[],['cause'],explicit,"[('traffic_crashes', 'death')]",No
"Oz explains how periodontal disease causes bad breath, and worseMay 24, 2011 - Fresh Breath Happenings Periodontal disease is a more extreme version of gingivitis, and if you have this condition, you can suffer from bad breath, tooth loss and even cardiovascular disease, according to an animated clip created for the Dr. Click to read articleDentists are one of the first lines of defense against bad breathMay 23, 2011 - Oral Care Industry NewsIt may sound obvious, but it pays to listen to your dentist.",CauseNet-cause.csv,,2,[],['causes'],explicit,"[('periodontal_disease', 'bad_breath')]",No
OBJECTIVE.: Anal cancer and other diseases caused by human papillomavirus (HPV) are more common among people who are HIV-positive.,CauseNet-cause.csv,,2,[],['caused'],explicit,"[('human_papillomavirus', 'anal_cancer')]",No
"LoBiondo Applauds Disaster Designation for Crop Losses Resulting from Summer Drought - MAYS LANDING, N.J. - U.S. Congressman Frank A. LoBiondo (NJ-02) today announced that South Jersey counties have received a disaster designation by the U.S. Department of Agriculture (USDA) for crop losses caused by drought and excessive heat this past summer.",CauseNet-cause.csv,,2,[],['caused'],explicit,"[('drought', 'crop_losses')]",No
"Combined with the outstanding brightness of the lens, the POWER O.I.S. (Optical Image Stabilizer) and the Motion Deblur mode*, the DMC-FZ47(FZ48) thoroughly prevents any kind of blur - whether the blur is caused by a handshake or the subject's motion.",CauseNet-cause.csv,,2,[],['caused'],explicit,"[('handshake', 'blur')]",No
"Commentary The Spanish-American War inquiry asks students to explain the causes of the War by evaluating the statement: ""The explosion of the U.S.S. Maine caused the United States to invade Cuba in 1898.""",CauseNet-cause.csv,,2,[],"['causes', 'caused']",explicit,"[('explosion_of_the_u.s.s_._maine', 'united_states_to_invade_cuba_in_1898')]",No
"o Dogs with disease caused by infection with Ehrlichia spp. or Anaplasma spp. commonly present with fever, lethargy, depression, anorexia, and weight loss.",CauseNet-cause.csv,,3,[],['caused'],explicit,"[('infection', 'disease')]",No
"He has been given the best of attention by Dr. L. C. Bean at the Marine Hospital and was talking to an attendant two hours before his death, which was caused by hemorrhage of the brain.",CauseNet-cause.csv,,2,[],['caused'],explicit,"[('hemorrhage_of_the_brain', 'death')]",No
"In the 1990s, lack of software support of diacritics caused an unofficial style of orthography, often called translits, to emerge for use in situations when the user is unable to access Latvian diacritic marks (e-mail, newsgroups, web user forums, chat, SMS etc.).",CauseNet-cause.csv,,2,[],['caused'],explicit,"[('lack_of_software_support_of_diacritics', 'unofficial_style_of_orthography')]",No
"Gilbert is working with a coalition of patients with diseases caused by asbestos exposure and their families to defeat the proposed Furthering Asbestos Claims Transparency (FACT) Act of 2015 (H.R. 526, S. 357).",CauseNet-cause.csv,,3,['Claims'],['caused'],explicit,"[('asbestos_exposure', 'diseases')]",No
"The discovery caused some surprise, and Mr. Rijnhart, with Rahim, mounted our best horses to go back and if possible bring the truants to camp again, leaving Charlie and myself with Topsy to await their return.",CauseNet-cause.csv,,2,[],['caused'],explicit,"[('discovery', 'surprise')]",No
"(p. 98) She also says that a deficiency of Vitamin B-6, one of the B-vitamins, can cause or exacerbate nausea and vomiting, bad breath, headaches, dry, scaly skin, intestinal cramps, aches and cramping in the legs (especially at night), nervousness, insomnia, dizziness, irritability, dandruff, difficulty concentrating, hemorrhoids, anemia, and lowered resistance to infections.",CauseNet-cause.csv,,2,[],['cause'],explicit,"[('deficiency_of_vitamin_b-6', 'insomnia')]",No
"Hand out the hard copy of the assignment question: ""The explosion of the U.S.S. Maine caused the United States to invade Cuba in 1898.""",CauseNet-cause.csv,,2,[],['caused'],explicit,"[('explosion_of_the_u.s.s_._maine', 'united_states_to_invade_cuba_in_1898')]",No
"To quench the free radicals caused by sun exposure and to prevent skin damage, Dr. Burke recommends daily supplements of 50 to 200 micrograms of selenium in the form of 1-selenomethionine, depending on where you live and your family history of cancer.",CauseNet-cause.csv,,2,[],['caused'],explicit,"[('sun_exposure', 'free_radicals')]",No
"In 1816, the illness which ultimately caused her death began to be felt by Jane Austen, and in the May of the following year the two sisters went to Winchester, in order that Jane might have the medical advice of Mr. Lyford, a doctor of great reputation at that time.",CauseNet-cause.csv,,2,[],['caused'],explicit,"[('illness', 'death')]",No
"Most of that, $53.9M, came from Europe while Asia added $19.2M and Latin America kicked in $11.9M. Carrying a reported production budget of $125M, Tomorrow finds humanity dealing with the rapid onslaught of extreme freezing, tornadoes, hail storms and other natural disasters caused by climate changes due to mankind's neglect of the environment.",CauseNet-cause.csv,,2,[],"['caused', 'due to']",explicit,"[('climate_changes', 'natural_disasters')]",No
"""The myth that osteoporosis is caused by calcium deficiency was created to sell dairy products,"" said Dr. John McDougall, who operates a health and medical center in Santa Rosa, California.",CauseNet-cause.csv,,2,[],['caused'],explicit,"[('calcium_deficiency', 'osteoporosis')]",No
"""Mercury does cause neurological damage to people even in tiny quantities,"" Sen. John Marty, a Dem.",CauseNet-cause.csv,,2,[],['cause'],explicit,"[('mercury', 'neurological_damage')]",No
"While the Pentagon tells U.S. military personnel that the health risks from inhaling depleted uranium are low, a study - sponsored by the Dept. of Defense - confirms that even low-level radiation causes cancer.",CauseNet-cause.csv,,2,[],['causes'],explicit,"[('low-level_radiation', 'cancer')]",No
"Tell your doctor about any heart disease risk factors you may have, such as: A plastic cylinder, in which the penis is placed; ""Smoking, because it causes blood vessel constriction, is a very big cause of erectile dysfunction,"" said Dr. Larry Lipshultz, chief of male reproductive medicine at Baylor College of Medicine in Houston.",CauseNet-cause.csv,,2,[],"['because', 'causes', 'cause']",explicit,"[('smoking', 'erectile_dysfunction')]",No
"Detox Kit combines three carefully formulated remedies to relieve symptoms of illness caused by an unhealthy lifestyle (substance abuse, unbalanced diet, etc.) and/or exposure to environmental toxins (pollution, pesticides, allergens, etc.).",CauseNet-cause.csv,,3,[],['caused'],explicit,"[('unhealthy_lifestyle', 'illness')]",No
"- Dr. Powell held an autopsy on the body this morning, and ascertained that death was caused by fatty degeneration of the heart.",CauseNet-cause.csv,,2,[],['caused'],explicit,"[('fatty_degeneration_of_the_heart', 'death')]",No
"Metropolitan Life Insurance Company had Nord examined by a neurologist, Dr. Antoine Mitri, who concurred in the treating doctors= diagnosis of degenerative spinal disc disease, but disagreed as to whether that condition caused a disability.",CauseNet-cause.csv,,2,[],['caused'],explicit,"[('condition', 'disability')]",No
"Homes for rent in missouri, apartments, houses for rent in missouri, rental homes, st. High interest rates can cause a recession.",CauseNet-cause.csv,,2,[],['cause'],explicit,"[('high_interest_rates', 'recession')]",No
"The disease is caused by a bacterium called Mycobacterium avium subsp. paratuberculosis (or MAP for short), which is in the same group as the bacterium that causes tuberculosis (TB).",CauseNet-cause.csv,,2,[],"['caused', 'causes']",explicit,"[('bacterium', 'disease')]",No
"According to Dr. Shearer, the information gleaned from David's autopsy led to the discovery that viruses can cause cancer.",CauseNet-cause.csv,,2,[],"['led to', 'cause']",explicit,"[('viruses', 'cancer')]",No
"Brown, the Paul J. Thomas Professor of Medicine and Genetics and director of the Jonsson Center for Molecular Genetics at the University of Texas Southwestern Medical School, received the Nobel Prize in 1985 with Dr. Joseph L. Goldstein for medical discoveries that revolutionized the treatment of diseases caused by high cholesterol levels.",CauseNet-cause.csv,,2,[],['caused'],explicit,"[('high_cholesterol_levels', 'diseases')]",No
"For example a carefully designed program of backing up data frequently and dispersing data processing and records in widely separated locations can avoid many of disruptions caused by natural disasters (hurricanes, tornadoes, floods, earthquakes, etc.) or by area-wide disruptions of communication or electric power and even terrorist attacks.",CauseNet-cause.csv,,2,[],['caused'],explicit,"[('natural_disasters', 'disruptions')]",No
"""Many more people will likely become ill from this new virus than in a typical flu season, and there's a chance the virus could change to cause more severe illness,"" Dr. Adrienne LeBailly, director of the Larimer County Department of Health and Environment, said in a statement released Wednesday.",CauseNet-cause.csv,,2,[],['cause'],explicit,"[('virus', 'severe_illness')]",No
"Merced County was designated as a primary natural disaster area because of losses caused by drought that occurred from Oct. 15, 2007, through April 30, 2008.",CauseNet-cause.csv,,2,[],"['because', 'caused']",explicit,"[('drought', 'losses')]",No
"(1986) Everybody knows that pornography can cause harm, it can also change people's sexual appetites, values and behavior. . . .",CauseNet-cause.csv,,4,[],['cause'],explicit,"[('pornography', 'harm')]",No
"Finally, in his testimony, Dr. VanDorsten re-affirms an opinion stated in his April 10, 2003 letter: ""[I]t is my opinion, to a reasonable degree of medical certainty, that prematurity is the cause of [the infant's] cerebral palsy . . . .",CauseNet-cause.csv,,5,[],['cause'],explicit,"[('prematurity', 'cerebral_palsy')]",No
"In Lujan, 120 N.M. at 426, 902 P.2d at 1029, our Supreme Court quoted with apparent approval the following statement from Duran v. 1983): ""[A] claimant in an enhanced injury case must prove that the defective design caused injuries over and above those which otherwise would have been sustained, must demonstrate the degree of 'enhancement', and 'must offer proof of what injuries, if any, would have resulted [in any event].'""",CauseNet-cause.csv,,3,[],['caused'],explicit,"[('defective_design', 'injuries')]",No
"Victor, N. Y. - Lysander Hill was found dead in bed on Saturday morning, the cause of death being heart failure.",CauseNet-cause.csv,,2,[],['cause'],explicit,"[('heart_failure', 'death')]",No
"After the jury returned a substantial verdict for Chylinski, the United States District Court for the District of Connecticut (Dorsey, J.) granted judgment as a matter of law in favor of Wal-Mart on the ground inter alia that the malfunction of the safety devices was unforeseeable, and that the plaintiff had therefore failed to show that the defendant's conduct was a proximate cause of her injury.",CauseNet-cause.csv,,2,[],"['therefore', 'cause']",explicit,"[(""defendant_'s_conduct"", 'injury')]",No
"He caused Judah to sin (v. 11), as Jeroboam had caused Israel to sin.",CauseNet-cause.csv,,2,[],"['caused', 'caused']",explicit,"[('jeroboam', 'israel_to_sin')]",No
"He mentioned that 136 students of anatomy at St. Bartholomew's minutely dissected 17 bodies, in which the cause of death was typhus; just two took the disease, and these had been exposed to living patients.",CauseNet-cause.csv,,2,[],['cause'],explicit,"[('typhus', 'death')]",No
"While it is unclear whether diabetes directly causes liver disease, or if changes in liver function cause diabetes, Dr. Hashem El-Serag, study author from the Houston Veteran Affairs Medical Center, sees this study as an important warning for patients with diabetes.",CauseNet-cause.csv,,2,[],"['causes', 'cause']",explicit,"[('diabetes', 'liver_disease')]",No
WHITE ANTHURIUM (Spathiphyllum spp.); entire plant; gastrointestinal tract affected by plant toxins; plant also causes dermatitis.,CauseNet-cause.csv,,2,[],['causes'],explicit,"[('plant', 'dermatitis')]",No
"Reported on Sept. 15, the fire was caused by lightning.",CauseNet-cause.csv,,2,[],['caused'],explicit,"[('lightning', 'fire')]",No
Group B streptococcal meningitis in adults: recent increase in Southeast Asia; Wilder-Smith E et al. ; BACKGROUND: Meningitis caused by Streptococcus agalactiae (Group B Streptococcus) is rare in adults and usually affects patients with predisposing conditions .,CauseNet-cause.csv,,2,[],['caused'],explicit,"[('streptococcus_agalactiae', 'meningitis')]",No
"Important: If your throat is very inflamed when you look in the mirror (red, swollen tissues, possibly with white spots on the tonsils), and if you feel systemically ill (chills, fever, muscle aches, etc.), you should see your doctor to determine whether your throat infection is caused by Streptococcus bacteria.",CauseNet-cause.csv,,2,[],['caused'],explicit,"[('streptococcus_bacteria', 'throat_infection')]",No
"To treat bad breath that may be caused by improper dental care, consult a trained and professional dentist like Dr. Grabiak and discuss the many cosmetic procedures available.",CauseNet-cause.csv,,2,[],['caused'],explicit,"[('improper_dental_care', 'bad_breath')]",No
"""If we know that a virus causes cancer, then we can vaccinate children and reduce the chances that they will get cancer later on,"" says Dr. Jai Pausch became a caregiver for her husband, Randy, during his 23-month battle with pancreatic cancer.",CauseNet-cause.csv,,2,[],['causes'],explicit,"[('virus', 'cancer')]",No
"Since current is going through this device, the resistance causes a voltage drop, which for a typical voltage Si diode is .7V. Therefore, the total voltage drop from A to B on the circuit, Figure 1, is 1.7V.",CauseNet-cause.csv,,2,[],"['Since', 'causes', 'Therefore']",explicit,"[('resistance', 'voltage_drop')]",No
"Entomology/Insect Ecology & Superintendent: 12-month, tenure-track Associate Professor, 65% research / 10% service/outreach / 25% administration at Western Triangle Research Center near Conrad, MT. The faculty member in the University of Montana Department of Research Centers will develop a nationally-recognized and externally-funded field-oriented research program on biological and ecological processes influencing strategies to mitigate crop losses caused by wheat stem sawfly and other arthropod pests in regional grain production.",CauseNet-cause.csv,,2,[],['caused'],explicit,"[('wheat_stem_sawfly', 'crop_losses')]",No
"Opening the hearing, Chairwoman Ileana Ros-Lehtinen (Fla.) expressed concern over reports and studies that have shown that NAFTA has caused job losses in the U.S. and trade deficits with Mexico and Canada.",CauseNet-cause.csv,,2,[],['caused'],explicit,"[('nafta', 'job_losses')]",No
"P. ramorum causes leaf lesions on all of these species (Figs. 31A to 31D, 32A, and 33), as well as stem lesions on andromeda (Fig.",CauseNet-cause.csv,,2,[],['causes'],explicit,"[('p._ramorum', 'leaf_lesions')]",No
"Sitler, Irving Kevin, son of Melvin and Martha (Roth) Sitler, was born at Camrose, Alta., June 2, 1951; death was caused by auto collision near Tofield, Alta., Apr. 13, 1975; aged 23 y. On June 29, 1974, he was married to Connie Martin.",CauseNet-cause.csv,,2,[],['caused'],explicit,"[('auto_collision', 'death')]",No
"In the wake of the deadly San Bruno gas explosion, Sen. Mark Leno, D-San Francisco, said he's considering introducing legislation to bar a utility from seeking rate increase to help cover costs after an accident caused by improper maintenance.",CauseNet-cause.csv,,2,[],['caused'],explicit,"[('improper_maintenance', 'accident')]",No
"The terrorist attacks of Sept. 11, 2001, in the U.S. may have caused PTSD in some people who were involved, in people who witnessed the disaster, and in people who lost relatives and friends.",CauseNet-cause.csv,,2,[],['caused'],explicit,"[('terrorist_attacks', 'ptsd')]",No
Syracuse University Health Services is located at 111 Waverly Ave. The West Nile virus is a mosquito-borne infection that can cause flu-like symptoms and in rare cases can cause encephalitis (inflammation of the brain) in humans.,CauseNet-cause.csv,,2,[],"['cause', 'cause']",explicit,"[('mosquito-borne_infection', 'flu-like_symptoms')]",No
"As greenhouse gases are considered a major contributor to global climate change and increasing average global temperatures (Hansen et al.2008, p. 16), which is believed to be the cause of the projected loss of glaciers and other environmental changes in GNP (Hall and Fagre 2003 p. 8; Hauer et al.2007; pp. 107-113), existing regulatory mechanisms may be inadequate to address potential changes to the western glacier stonefly's habitat as discussed under Factor A. Based upon the information provided in the petition, as well as other information readily available in our files, we find that there is substantial scientific or commercial information indicating that the western glacier stonefly may warrant listing due to the inadequacy of existing regulatory mechanisms that pertain to the primary potential threat to the species identified in Factor A: Habitat loss due to the environmental changes caused by climate change.",CauseNet-cause.csv,,4,['believed'],"['cause', 'due to', 'due to', 'caused']",explicit,"[('climate_change', 'environmental_changes')]",No
"Additionally, climate change can cause changes in temperature, water level, availability of water, habitat availability, and the frequency for drought or flood (Tao et al. 2003, Inkley et al. 2004), further impacting wetland and grassland species.",CauseNet-cause.csv,,3,[],['cause'],explicit,"[('climate_change', 'changes_in_temperature')]",No
"It is estimated that only five percent of men with the condition currently receive treatment for Low T. <br ""Men too often accept declining health and vitality as a consequence of getting old,"" said Daniel Perry, Executive Director of the not-for-profit Alliance for Aging Research in Washington, D.C. ""We know that low testosterone can be an underlying cause of symptoms previously attributed to aging, and we now have FDA approved therapeutics in the form of testosterone replacement therapy that can effectively address the condition.",CauseNet-cause.csv,,3,[],['cause'],explicit,"[('low_testosterone', 'symptoms')]",No
This is a deadly trap set by the use of medical or nonmedical marijuana for chronic pain of hepatitis C. -0-The author is saying cannabis causes cancer.,CauseNet-cause.csv,,2,[],['causes'],explicit,"[('cannabis', 'cancer')]",No
"CF is also associated with the following medical problems: A defect in a gene called the cystic fibrosis transmembrane conductance regulator (CFTR) gene causes CF. Normally, the CFTR gene makes a protein that controls the movement of salt and water in and out of the cells in the body.",CauseNet-cause.csv,,2,[],['causes'],explicit,"[('cf', 'medical_problems')]",No
"""Drop, Cover, and Hold On"" gives you the best overall chance of quickly protecting yourself during an earthquake... even during quakes that cause furniture to move about rooms, and even in buildings that might ultimately collapse.The greatest danger is from falling and flying objects: Studies of injuries and deaths caused by earthquakes over the last several decades show that you are much more likely to be injured by falling or flying objects (TVs, lamps, glass, bookcases, etc.) than to die in a collapsed building.",CauseNet-cause.csv,,2,[],"['cause', 'caused']",explicit,"[('earthquakes', 'injuries')]",No
"THE COMMONWEALTH OF MASSACHUSETTS EXECUTIVE DEPARTMENT STATE HOUSE, BOSTON 02133 By His Excellency MICHAEL S. DUKAKIS GOVERNOR EXECUTIVE ORDER NO. 239 STATE OF EMERGENCY DUE TO MAJOR RAIN STORM IN THE COMMONWEALTH OF MASSACHUSETTS MAY 31, 1984 WHEREAS, a major rain storm has been in progress in Massachusetts since May 28, 1984, resulting in a reported total of twenty (20) inches of rain with flood stage in some rivers expected to exceed any encountered since 1955, and WHEREAS, at least ten (10) cities and towns have already declared local a state of emergency and many others are operat- ing under emergency conditions, and WHEREAS, two dams have already failed and several others are threatened, and WHEREAS, an estimated 3,500 people have been evacuated due to flooding, and WHEREAS, it appears that losses to agriculture have ex- ceeded twenty million dollars in Berkshire, Franklin, Hampden and Hampshire Counties, and WHEREAS, the estimated loss to highways, bridges, sewage treatment plants, and other public facilities is expected to exceed ten million dollars, and WHEREAS, the loss to homes and businesses could exceed public property losses, and WHEREAS, extraordinary assistance beyond the capability of cities and towns is required to overcome and recover from the present and projected losses caused thereby, NOW, THEREFORE, I, Michael S. Dukakis, Governor of the Commonwealth of Massachusetts, acting under the provisions of M.G.L. Chapter 33, appendix, and Chapter 639, of the Acts of 1950, as amended and by virtue of the authority vested in me as Supreme Executive Magistrate, do hereby declare that a state of emergency exists in the Commonwealth of Massachusetts and authorize all appropriate state agency resources and programs be applied to alleviate the grievous economic, and human suffering as a result of this disaster.",CauseNet-cause.csv,,3,[],"['DUE TO', 'since', 'resulting in', 'since', 'due to', 'caused', 'THEREFORE', 'as a result']",explicit,"[('disaster', 'human_suffering')]",No
My Dr. has told me that the drugs don't cause stomach upset or sedation; but those who take them know differently.,CauseNet-cause.csv,,2,[],['cause'],explicit,"[('drugs', 'stomach_upset')]",No
"Declining abundance of Highfin Carpsuckers has been reported and linked to habitat degradation and fragmentation caused by siltation, pollution, and impoundment (Etnier and Starnes 1993, Marcy et al. 2005, Pfl ieger 1975, Rohde et al. 1994), all major issues for the Apalachicola River basin.",CauseNet-cause.csv,,3,[],['caused'],explicit,"[('pollution', 'habitat_degradation')]",No
"The cause of death was pneumonia, superinduced by the shock of the death of her son, Dr. Jesse A. Hartson, which occurred in Ava on March 7.",CauseNet-cause.csv,,2,[],['cause'],explicit,"[('pneumonia', 'death')]",No
"Colorectal cancer is the second leading cause of cancer deaths in the U.S. Foster City, Calif. -- EFI, a Foster City-based maker of digital controllers, superwide format inkjet printers and inks, said on Wednesday that it has agreed to acquire Michigan-based Jetrion for about $40 million in cash.",CauseNet-cause.csv,,2,[],['cause'],explicit,"[('colorectal_cancer', 'cancer_deaths')]",No
"The law firm of Rossman Baumberger Reboso Spier & Connolly, P.A. specialize in serious injuries and wrongful deaths of the victims of accidents caused by the carelessness of others.",CauseNet-cause.csv,,2,[],['caused'],explicit,"[('carelessness_of_others', 'accidents')]",No
"Unlike traditional diet and weight loss programs, St. Joseph Mercy Oakland's Metabolic Nutrition and Weight Management Program focuses on the metabolic diseases caused by obesity.",CauseNet-cause.csv,,2,[],['caused'],explicit,"[('obesity', 'metabolic_diseases')]",No
"In the wake of the devastation caused by Hurricane Katrina and Bush's inept response to the unfolding humanitarian crisis in New Orleans, the myth of America's super power status has been shattered. . . .",CauseNet-cause.csv,,4,[],['caused'],explicit,"[('hurricane_katrina', 'devastation')]",No
I believe the symptoms that led to her collapse implicate Rimadyl as the cause of her death and of the distressing quality of her life in her last three days. . . .,CauseNet-cause.csv,,4,['believe'],"['led to', 'cause']",explicit,"[('symptoms', 'collapse')]",No
"During your consultation, Dr. Kim will discuss your goals for the surgery and ask you about certain medical conditions that could cause problems during or after the procedure, such as uncontrolled high blood pressure, blood-clotting problems, or the tendency to develop large scars.",CauseNet-cause.csv,,2,[],['cause'],explicit,"[('medical_conditions', 'problems')]",No
"After dark, they tied cement blocks to the body and pushed it into the St. Jaffe, the last witness called by the defence, testified that a ligature around the neck causes a blue pallor above the ligature.",CauseNet-cause.csv,,2,[],['causes'],explicit,"[('ligature_around_the_neck', 'blue_pallor_above_the_ligature')]",No
"Although dogs and cats rarely get cavities, more than 80 percent of pets three years and older have some degree of periodontal disease, Dr. Periodontal disease is an infection caused by plaque, a thin, bacteria-laden film that can form on teeth.",CauseNet-cause.csv,,2,[],['caused'],explicit,"[('plaque', 'infection')]",No
"Anxiety or fear of the unknown often causes problems . . . like swimming or riding a bike, RELAX.",CauseNet-cause.csv,,4,[],['causes'],explicit,"[('anxiety', 'problems')]",No
"The film caused many controversies due to the film's radioactive location in St. George, Utah that eventually led to Hughes buying up nearly every copy of the film he could, only to watch the film at home repeatedly for many nights in a row.",CauseNet-cause.csv,,2,[],"['caused', 'due to', 'led to']",explicit,"[('film', 'controversies')]",No
"Definitions: adapted plants (introduced) = introduced, but non-invasive and low maintenance; biodiversity = ecosystem, species, and genetic diversity of life; building footprint = perimeter of building plan; development footprint includes building, hardscape, roads, etc.; greenfields; invasive plants are nonnative and likely to cause harm, threatening biodiversity; local zoning; native (indigenous) plants are noninvasive and have been in the area for a while (since before colonization); open space area is either defined in zoning or, for LEED, equal to property area - development footprint; previously developed sites are previously developed, even if only graded or otherwise altered; LEED project boundary is entire property (for single buildings) or a portion of the site for a particular building (where there are more than 1); retention ponds store runoff to remove pollutants before release of the water, using either gravity or pumps, and being either always or sometimes filled with water.",CauseNet-cause.csv,,2,[],"['cause', 'since']",explicit,"[('invasive_plants', 'harm')]",No
"During a panel discussion on trade and finance, Mr. Brown said high-level corruption, a lack of transparency, and dishonest legal systems caused countries to pay a very high price in terms of their competitive advantage as a location for investors.",CauseNet-cause.csv,,2,[],['caused'],explicit,"[('high-level_corruption', 'countries_to_pay_a_very_high_price_in_terms_of_their_competitive_advantage')]",No
"Super., Atlantic Co.), a personal injury case where the plaintiff had alleged Accutane caused his inflammatory bowel disease (IBD).",CauseNet-cause.csv,,2,[],['caused'],explicit,"[('accutane', 'inflammatory_bowel_disease')]",No
"Disorders considered neurodevelopmental in origin include:\\\\n\\\\nIntellectual disability (ID) or intellectual and developmental disability (IDD), previously called mental retardation\\\\nAutism spectrum disorders, such as Asperger's syndrome or Kanner syndrome\\\\nMotor disorders including developmental coordination disorder and stereotypic movement disorder \\\\nTic disorders including Tourette's syndrome\\\\nTraumatic brain injury (including congenital injuries such as those that cause cerebral palsy)\\\\nCommunication, speech and language disorders\\\\ngenetic disorders, such as fragile-X syndrome, Down syndrome, attention deficit hyperactivity disorder, schizophrenia, schizotypal disorder, hypogonadotropic hypogonadal syndromes \\\\ndisorders due to neurotoxicants like fetal alcohol spectrum disorder, Minamata disease caused by mercury, behavioral disorders including conduct disorder etc. caused by other heavy metals, such as lead, chromium, platinum etc., hydrocarbons like dioxin, PBDEs and PCBs, medications and illegal drugs, like cocaine and others.",CauseNet-cause.csv,,2,[],"['cause', 'due to', 'caused', 'caused']",explicit,"[('mercury', 'minamata_disease')]",No
"(4) whether, by failing to challenge on direct appeal both the for-cause juror-dismissal and the severance-denial, Gutierrez' counsel was constitutionally ineffective under Strickland v. 2052, 80 L.Ed.2d 674 (1984) (two-pronged standard for making an ineffective assistance of counsel (IAC) claim: counsel's performance was deficient; and that deficiency caused prejudice).",CauseNet-cause.csv,,2,['claim'],"['cause', 'caused']",explicit,"[('deficiency', 'prejudice')]",No
"In the 1970s, the dermatologist told my mother that acne was caused by fatty foods, and gave her a list of foods my older sisters couldn't eat (such as nuts, chocolate, fried foods, etc.).",CauseNet-cause.csv,,2,[],['caused'],explicit,"[('fatty_foods', 'acne')]",No
"Josephine Tremmel died today at 11:50 at the home of her daughter, Mrs. John Dunlap of 620 East Fourth street, after an illness of one year, complications being the cause of death.",CauseNet-cause.csv,,2,[],['cause'],explicit,"[('complications', 'death')]",No
Stone of this city was called to Reardan Tuesday to conduct the funeral of the little child of Mr. and Mrs. The child was but six months old and its death was caused by pneumonia which was contracted during an attack of measles.,CauseNet-cause.csv,,3,[],['caused'],explicit,"[('pneumonia', 'death')]",No
"Some adverse effects caused by these medicines (headache, dizziness, nausea, diarrhea, etc.) are common to people with a general predisposition to blood pressure disorders.",CauseNet-cause.csv,,2,[],['caused'],explicit,"[('medicines', 'adverse_effects')]",No
"The objectives of Dr. Kim's research are (1) to develop a fundamental statistical mechanical approach to identify the transition point from a liquid-like to a solid-like structure of colloidal dispersions due to several physico-chemical and operational conditions in membrane filtration, (2) to make a simulation-based empirical correlation that can be used by engineers for determining optimum operation conditions in pilot and/or real membrane systems, and (3) to decide the critical permeate flux under which only concentration polarization is a dominant cause of the flux decline before the cake layer forms.",CauseNet-cause.csv,,2,[],"['due to', 'cause']",explicit,"[('concentration_polarization', 'flux_decline')]",No
"Furthermore, Dr. Ellis explained that the infection could cause more serious problems for Mr. Seabrook's girlfriend, such as infertility, ectopic pregnancy, and chronic pelvic pain.",CauseNet-cause.csv,,3,[],['cause'],explicit,"[('infection', 'serious_problems')]",No
"""The Campaign for Tobacco-Free Kids honors Ireland for its courage, leadership and example in becoming the world's first smoke-free country protecting everyone's right to breathe clean air,"" said Campaign President Matthew L. ""Ireland has spurred other countries, regions and communities to pass strong smoke-free workplace laws and protect their citizens from the death and disease caused by tobacco.",CauseNet-cause.csv,,2,[],['caused'],explicit,"[('tobacco', 'death')]",No
"In 2002 a study by the American Journal of Epidemiology titled ""Fitness and Fatness as Predictors of Mortality from All Causes and from Cardiovascular Disease in Men and Women in the Lipid Research Clinics Study"" examined Fitness vs. Fatness as potential cause of death in all cases but especially in deaths resulting from Cardiovascular Disease (CVD).",CauseNet-cause.csv,,2,[],"['Causes', 'cause']",explicit,"[('cardiovascular_disease', 'deaths')]",No
"The fungus that causes ringworm can be transmitted via contaminated objects, says Dr. So don't let your child share personal items with any other kids when she has ringworm.",CauseNet-cause.csv,,2,[],['causes'],explicit,"[('fungus', 'ringworm')]",No
"During the procedure, Mrs. Clark suffered cardiac arrest, which ultimately caused irreversible brain damage.",CauseNet-cause.csv,,2,[],['caused'],explicit,"[('cardiac_arrest', 'irreversible_brain_damage')]",No
Nearly two yeaars since Mr. Fiet was stricken with the disease which finally caused his death.,CauseNet-cause.csv,,2,[],"['since', 'caused']",explicit,"[('disease', 'death')]",No
"See also Gilson v. Drees Brothers, 19 Wis. 2d 252 (1963) regarding employer duty where negligent act causes injury.",CauseNet-cause.csv,,2,[],['causes'],explicit,"[('negligent_act', 'injury')]",No
"This data was used in the reports generated by the U.N.'s Intergovernmental Panel on Climate Change (IPCC), which has concluded that Carbon Dioxide (CO2) causes global warming by absorbing infrared radiation.",CauseNet-cause.csv,,2,[],['causes'],explicit,"[('carbon_dioxide', 'global_warming')]",No
Soybean sudden death syndrome (SDS) is caused by Fusarium solani f. sp. glycines (Fsg).,CauseNet-cause.csv,,2,[],['caused'],explicit,"[('fusarium_solani_f._sp_._glycines', 'soybean_sudden_death_syndrome')]",No
Clinical data in children with meningococcal meningitis in a Spanish hospital; Luaces Cubells C et al. ; Neisseria meningitidis is the main cause of bacterial meningitis in Spain .,CauseNet-cause.csv,,2,[],['cause'],explicit,"[('neisseria_meningitidis', 'bacterial_meningitis')]",No
"Any delay caused by the contractor (Kurisu International, Inc.) incurred penalties paid to the County.",CauseNet-cause.csv,,2,[],['caused'],explicit,"[('contractor', 'delay')]",No
"These criminals using electronics called microwave voice data image induction electronics, infrared, laser, or whatever its called electronic, cause big problems for business and individuals via errors by on alpha or numeric on voters card, drivers license, birth certificate, etc. causing big losses in time money for corrections etc. many companies-businesses lost billions of dollars because criminals caused problems for their clerks that keyed in erroneous data into computers that cost billions of dollars, also their electronics cause short circuits in computers temporarily or on keyboards from outside of buildings causing many errors however small costing millions of dollars in lost time productivity and persons getting fired for errors.",CauseNet-cause.csv,,3,[],"['cause', 'because', 'caused', 'cause']",explicit,"[('criminals', 'problems')]",No
"The hurricane also caused extensive damage to the sanctuary of Coral Ridge Presbyterian Church in Fort Lauderdale, where Dr. D. James Kennedy is pastor.",CauseNet-cause.csv,,2,[],['caused'],explicit,"[('hurricane', 'extensive_damage')]",No
"buy brand name viagra online Rarely ""Erectile dysfunction is often caused by vascular disease,"" explained Dr. Ian Thompson, professor and chairman of the department of urology at the University of Texas Health Science Center at San Antonio.",CauseNet-cause.csv,,2,[],['caused'],explicit,"[('vascular_disease', 'erectile_dysfunction')]",No
"[Newly Arrived Prisoners at Buchenwald]As Dr. Larson and other Allied medical men discovered, the chief cause of death at Dachau, Belsen and the other camps was disease, above all typhus, an old and terrible scourge of mankind that until recently flourished in places where populations were crowded together in circumstances where public health measures were unknown or had broken down.",CauseNet-cause.csv,,2,[],['cause'],explicit,"[('disease', 'death_at_dachau')]",No
"With the emergence of a terrible new disease called AIDS, the Burroughs Wellcome Co. began testing chemicals that might be effective against retroviruses like HIV, the virus that causes AIDS.",CauseNet-cause.csv,,2,[],['causes'],explicit,"[('virus', 'aids')]",No
"With time, this local inflammation results in (i) nerve root inflammation which contributes to the Neural Component of V.S.C., (ii) vertebral hypo-mobility due to the formation of fibrotic scar tissue (see Vertebral Component above), and (iii) irritation and inflammation of local muscle tissue which contributes to the Muscle Component of V.S.C. and can eventually cause fibrotic muscle degeneration.",CauseNet-cause.csv,,2,[],"['results in', 'due to', 'cause']",explicit,"[('local_inflammation', 'vertebral_hypo-mobility')]",No
{Monitoring of life-threatening infection pathogens in relation to the problem of prediction of critical situations}; Staritsyn NA et al. ; The epidemic situation in the context of many infectious diseases caused by bacteria is presently assessed as being poor in Russia and other countries .,CauseNet-cause.csv,,2,[],['caused'],explicit,"[('bacteria', 'infectious_diseases')]",No
"These fats accomplish the dietary goals that we need fats to accomplish (energy, vitamins, etc.), but without the negative health effects caused by saturated fats and trans fats.",CauseNet-cause.csv,,2,[],['caused'],explicit,"[('saturated_fats', 'negative_health_effects')]",No
"The basic tenant of Dr. Koch was that free radicals and toxins become imbedded in cellular chemistry and then cause all disease: cancer, autoimmune diseases, fibromyalgia, chronic fatigue syndrome and allergies.",CauseNet-cause.csv,,2,[],['cause'],explicit,"[('free_radicals', 'disease')]",No
The role of cytokines in bacterial pneumonia: an inflammatory balancing act; Moore TA et al. ; Bacterial pneumonia is a leading cause of morbidity and mortality in both developed and developing countries .,CauseNet-cause.csv,,2,[],['cause'],explicit,"[('bacterial_pneumonia', 'morbidity')]",No
"See, Hedberg v. ""In order to recover under a negligence theory, a plaintiff must offer evidence which establishes that the defendant owed a duty to the plaintiff, that the defendant breached the duty, and that the breach proximately caused the plaintiff's injuries.",CauseNet-cause.csv,,2,[],['caused'],explicit,"[('breach', ""plaintiff_'s_injuries"")]",No
(192) To say that event B is caused by event A is to say that there are certain laws in nature from which event B can be logically deduced when combined with event A. (194) Some empiricists hold that laws are merely universal conditional statements.,CauseNet-cause.csv,,2,[],['caused'],explicit,"[('event_a', 'event_b')]",No
An example of a problem which causes difficulty and debate is the St. Petersburg paradox.,CauseNet-cause.csv,,2,[],['causes'],explicit,"[('problem', 'difficulty')]",No
"Thereafter, his body was taken to Chapel Hill, North Carolina, where Dr. Deborah Radisch, Associate Chief Examiner for the State of North Carolina, performed an autopsy and determined that the immediate cause of death was cardiac arrhythmia.",CauseNet-cause.csv,,2,[],['cause'],explicit,"[('cardiac_arrhythmia', 'death')]",No
"The logic of the experiment that Marshall et al. reported in 1988 was something like: If H. pylori causes ulcers, then antibiotic treatment of people with ulcers and H. pylori infection should cure the ulcers.",CauseNet-cause.csv,,2,[],['causes'],explicit,"[('h._pylori', 'ulcers')]",No
Another theory is that a famine caused by a volcanic eruption (est. circa AD 1006) forced local inhabitants to leave their lands and the monument.,CauseNet-cause.csv,,2,[],['caused'],explicit,"[('volcanic_eruption', 'famine')]",No
"Count two of the indictment alleged that appellant ""intentionally and knowingly cause[d] bodily injury to [L.G.], by striking [him] with a stick, a branch and an object unknown . . . and . . . did then and there use and exhibit a deadly weapon, to-wit: a stick, a branch and an object unknown.""",CauseNet-cause.csv,,8,[],['cause'],explicit,"[('appellant', 'bodily_injury')]",No
"If your baby suffered a birth injury and you suspect the injury was caused by medical negligence, contact Jeffrey H. Penneys, Esq. to discuss whether you have a medical malpractice case.",CauseNet-cause.csv,,2,[],['caused'],explicit,"[('medical_negligence', 'injury')]",No
Unspecified vulnerability in Yahoo! Messenger (Service 18) before 8.1.0.195 allows remote attackers to cause a denial of service (NULL dereference and application crash) via a crafted room name in a Conference Invite.,CauseNet-cause.csv,,2,[],['cause'],explicit,"[('remote_attackers', 'denial_of_service')]",No
"Of the 560,000 persons who die in the U.S. each year from heart attacks caused by atherosclerosis, or fatty deposits in the arteries, some 100,000 could be saved by the described anti-cholesterol regimen, Dr. Basil Rifkind, director of the research project, said in a new conference here.",CauseNet-cause.csv,,2,[],['caused'],explicit,"[('atherosclerosis', 'heart_attacks')]",No
The combination of acetaminophen and dextromethorphan is used to treat cough and pain or fever caused by the common cold or flu.Take Motrin with food or milk to avoid stomach upset.Calcium Carbonate vs. Tylenol adverse effects I have tried many different.Learn how to safely find relief from uncomfortable pregnancy symptoms.,CauseNet-cause.csv,,2,[],['caused'],explicit,"[('common_cold', 'cough')]",No
"The trial judge, Kennedy DCJ, held Gibbs liable for the damage that Mrs. Morrell suffered because his negligent navigation caused the accident.",CauseNet-cause.csv,,2,[],"['because', 'caused']",explicit,"[('negligent_navigation', 'accident')]",No
"Hahn, Calvin, son of Joseph and Susan (Wenger) Hahn, was born in St. He had been in ill health for some time and death was caused by complications.",CauseNet-cause.csv,,2,[],['caused'],explicit,"[('complications', 'death')]",No
"Installed in 1719, the multi-tiered iconostasis was created under the supervision of Ivan Zarudny, whose work includes the altar of the Peter-Paul Cathedral in St. Three centuries of damage caused by dry air, insects and repainting, however, had left it in critical condition.",CauseNet-cause.csv,,2,[],['caused'],explicit,"[('insects', 'damage')]",No
"The building was destroyed by fire caused by lightning on Aug. 12, 1907 and rebuilt using the same exterior walls without the steeple.",CauseNet-cause.csv,,2,[],['caused'],explicit,"[('lightning', 'fire')]",No
"Researchers led by Dr. Terry Ruhl of Altoona, Pa., followed 149 people whose warts were injected up to three times with dead candida, the fungus that causes yeast infections.",CauseNet-cause.csv,,2,[],['causes'],explicit,"[('fungus', 'yeast_infections')]",No
"But unfortunately, in reality, Mr. Bush was supposed to have been the leader of the free world and his actions caused a catastrophe that led to the destabilization of the Middle East and of Afghanistan with repercussions that have the potential to impact every country on this globe.",CauseNet-cause.csv,,2,[],"['caused', 'led to']",explicit,"[('actions', 'catastrophe')]",No
"Latex glove products utilize coagulants, accelerators, antioxidants, emulsifiers, stabilizers, extenders, colorants, stiffeners, biocides, fragrances, etc.( 4) These chemicals can cause skin reactions similar to those caused by poison ivy.",CauseNet-cause.csv,,2,[],"['cause', 'caused']",explicit,"[('chemicals', 'skin_reactions')]",No
"In fact, ""stress causes brain damage"", says Richard Restak, M.D. of the George Washington University School of Medicine and Health Services.",CauseNet-cause.csv,,2,[],['causes'],explicit,"[('stress', 'brain_damage')]",No
"Only three short months had passed since beginning housekeeping, when on June 29, 1850, Mr. McKeown, in assisting in tearing down a frame barn, received injuries from a fall which caused his death, July 7, 1850.",CauseNet-cause.csv,,2,[],"['since', 'caused']",explicit,"[('fall', 'death')]",No
"In his book, The Origin, Persistence and Failings of HIV/AIDS Theory, Dr. Henry Bauer notes: ""Geographer Harold Foster argues that a selenium deficiency could cause AIDS.",CauseNet-cause.csv,,2,[],['cause'],explicit,"[('selenium_deficiency', 'aids')]",No
"Trainor, J. concluded that Mrs. Yoshikawa's pain was real and that it was caused by the injuries resulting from the accident.",CauseNet-cause.csv,,2,[],['caused'],explicit,"[('accident', 'injuries')]",No
Immunity is ruled out by art 16.1 of the Spanish Arbitration Act that establishes the liability of arbitrators for damages caused by fraud or lack of due diligence and by art. 584.2 of the the Civil Procedure Act of Austria which establishes liability in cases of unjustifiable delays to the arbitration.,CauseNet-cause.csv,,2,[],['caused'],explicit,"[('fraud', 'damages')]",No
"Invest in yourself and master the Gentle Art of Verbal Self-Defense as developed by Dr. You will be happier, more confident, and healthier by eliminating the stress caused by verbal abuse.",CauseNet-cause.csv,,2,[],['caused'],explicit,"[('verbal_abuse', 'stress')]",No
"* Missouri Dept. of Social Services, Child Welfare Manual, Definition of Medical Neglect: The denial or deprivation, by those responsible for the care, custody, and control of the child, of medical or surgical treatment or intervention which is necessary to remedy or ameliorate a medical condition which is life threatening or causes injury.",CauseNet-cause.csv,,2,[],['causes'],explicit,"[('medical_condition', 'injury')]",No
"""Very frequently patients are diagnosed with memory loss and even dementia when, in fact, the cause for the memory impairment is depression, a fairly common complaint in the elderly,"" says Dr. ""Certain medications can cause side effects.",CauseNet-cause.csv,,2,[],"['cause', 'cause']",explicit,"[('medications', 'side_effects')]",No
"Alvis Kent Waldrep, Jr. of Plano, Texas, is the president and chief executive officer of the Kent Waldrep National Paralysis Foundation, a nonprofit organization dedicated to finding a treatment and cure for paralysis caused by spinal cord injury.",CauseNet-cause.csv,,2,[],['caused'],explicit,"[('spinal_cord_injury', 'paralysis')]",No
"Additional funding for assistive technology might include: the U.S. Veterans Administration, the Social Security Administration's PASS (Plan To Achieve Self-Support) program, your state's workers' compensation program if the disability was caused by a work-related injury, non-profit disability organizations, and civic or service organizations (Lions Club, VFW, Rotary Club, etc.).",CauseNet-cause.csv,,2,[],['caused'],explicit,"[('work-related_injury', 'disability')]",No
"""Accidental harm"" means ""bodily injury . . . caused by a motor vehicle accident to a person.""",CauseNet-cause.csv,,4,[],['caused'],explicit,"[('motor_vehicle_accident', 'bodily_injury')]",No
"""Even with full vaccine production and availability, the seasonal flu causes over 35,000 deaths in the U.S. alone,"" Dr. Whelan reminds us.",CauseNet-cause.csv,,2,[],['causes'],explicit,"[('seasonal_flu', 'deaths')]",No
"Plaintiffs set forth six claims based on these allegations: e. Rowe's FBI control agents, having knowledge (i) that Rowe had a long history of provoking and participating in KKK violence and lawlessness, (ii) that such violence and lawlessness was reasonably likely to occur on March 25, 1965, (iii) that the reasonably likely consequences of such violence and lawlessness would be serious injuries inflicted on the victims thereof, and (iv) that the FBI could have prevented such injuries, negligently and wrongfully failed to prevent Viola Liuzzo's murder, in violation of FBI policy and state and federal law, and said negligent and wrongful acts or omissions were the proximate cause of Viola Liuzzo's death and plaintiff's injuries; *927 Plaintiffs have filed this suit against the United States pursuant to the Federal Tort Claims Act (FTCA), 28 U.S.C. ss 1346(b), 2401(b), 2671 et seq.",CauseNet-cause.csv,,2,"['claims', 'Claims']",['cause'],explicit,"[('omissions', ""plaintiff_'s_injuries"")]",No
"Indeed, it has been estimated that, among young Canadians who continue to use tobacco, six times more will die prematurely of disease caused by smoking than from car accidents, suicide, murder and AIDS combined; see expert report of Dr. Donald T. Moreover there are more smokers among people with less formal education.",CauseNet-cause.csv,,2,[],['caused'],explicit,"[('smoking', 'disease')]",No
"In connection with FIGS. 2 and 3 it may be remarked that in fact the relation between pressure and volume is also a function of temperature, and that compression of the air by piston 162 would also cause a momentary increase in temperature of the air within the measurement housing 13 and that the elevated temperature could lead to errors.",CauseNet-cause.csv,,2,[],"['cause', 'lead to']",explicit,"[('elevated_temperature', 'errors')]",No
"Mary McCarthy, testified that she diagnosed P.C. with a psychological condition known as adjustment disorder and that, within a reasonable degree of medical probability, the cause of this condition was the abuse he suffered at Hyde Park.",CauseNet-cause.csv,,2,[],['cause'],explicit,"[('abuse', 'condition')]",No
MALANGA (Xanthosoma spp.); leaves; mouth affected by irritant raphides; plant also causes dermatitis.,CauseNet-cause.csv,,2,[],['causes'],explicit,"[('plant', 'dermatitis')]",No
"The statute of limitations begins to run when the plaintiff suspects or should suspect that his or her injury was caused by wrongdoing--when the plaintiff has notice of information or circumstances that would put a reasonable person on inquiry ... .""",CauseNet-cause.csv,,2,[],['caused'],explicit,"[('wrongdoing', 'injury')]",No
"The reality may be quite different, but the perception could trigger a crisis [caused by] desperate efforts that countries may make to secure their supplies (paying above market rates, long-term deals, etc.).",CauseNet-cause.csv,,2,[],['caused'],explicit,"[('perception', 'crisis')]",No
"(Valley Circle Estates v. VTN Consolidated, Inc. [9] In the related area of strict liability for injuries caused by defective conditions on the land, our Supreme Court has ""placed major importance on the existence of possession and control as a basis for tortious liability for conditions on the land"" (Preston v. 817, 720 P.2d 476]) and has noted that ""the right of supervision and control 'goes to the very heart of the ascription of tortious responsibility ...' [citation.]",CauseNet-cause.csv,,3,[],['caused'],explicit,"[('defective_conditions', 'injuries')]",No
"Ocular manifestations of cat-scratch disease; Ormerod LD et al. ; Bartonella henselae has only recently been isolated, characterized, and found to be the principal cause of cat-scratch disease (CSD) .",CauseNet-cause.csv,,2,[],['cause'],explicit,"[('bartonella_henselae', 'cat-scratch_disease')]",No
A proteomic analysis of erythromycin resistance in Streptococcus pneumoniae; Cash P et al. ; Streptococcus pneumoniae is a significant human pathogen which is an important cause of pneumonia and bacteraemia .,CauseNet-cause.csv,,2,[],['cause'],explicit,"[('human_pathogen', 'pneumonia')]",No
Graham McGregor of St. George's Hospital in London is convinced that excessive salt intake is the main cause of high blood pressure and that thousands of lives could be saved if levels in processed foods were reduced.,CauseNet-cause.csv,,2,[],['cause'],explicit,"[('excessive_salt_intake', 'high_blood_pressure')]",No
"Atherosclerosis is almost never a cause of stroke in children; congenital heart disease and sickle cell disease are the two most common, Dr. The frequency of stroke in childhood has grown substantially with better imaging technology, but primarily because physicians are aware of the possibility, Dr. Roach said.",CauseNet-cause.csv,,3,[],"['cause', 'because']",explicit,"[('atherosclerosis', 'stroke')]",No
"The sound-level meter can also be used as evidence that noise was the cause of ear damage that brought hearing loss, suffering, medical expenses, inability to work, etc.; for a bais din case against a musician or band.",CauseNet-cause.csv,,2,[],['cause'],explicit,"[('ear_damage', 'hearing_loss')]",No
"According to Dr. Lienden, depression is mainly caused by change.",CauseNet-cause.csv,,2,[],['caused'],explicit,"[('change', 'depression')]",No
"In their study, Dr. Phil Nickson, and their principal investigator Dr. Peter Erhardt, all of the Boston Biomedical Research Institute, described how the targeted removal of Puma, a recently discovered cellular protein involved in the promotion of programmed cell death, otherwise known as apoptosis - protects hearts against the damage caused by myocardial infarction.",CauseNet-cause.csv,,3,[],['caused'],explicit,"[('myocardial_infarction', 'damage')]",No
Dr. Seibert determined that the fevers were caused by toxins produced by the bacteria.,CauseNet-cause.csv,,2,[],['caused'],explicit,"[('toxins', 'fevers')]",No
"The court noted that a state statute, M.C.L. 691.1408(1) authorizes the state to defend and indemnify employees facing potential liability for injuries caused by the employee ""while in the course of employment and while acting within the scope of his or her employment.""",CauseNet-cause.csv,,2,[],['caused'],explicit,"[('employee', 'injuries')]",No
"""Dark energy"" is the name given to that vacuum pressure, so dark energy can be said to cause expansion, and the estimated relative contributions of gravity vs. vacuum pressure give that the universe is expected to continue expanding faster and faster.",CauseNet-cause.csv,,2,[],['cause'],explicit,"[('dark_energy', 'expansion')]",No
"L. L. 97-444, Sec. 231(1), substituted provisions relating to complaints against violations by persons ""registered under this chapter"" for provisions relating to complaints against persons ""registered or required to be registered under section 6d, 6e, 6j, or 6m of this title"", and substituted provisions for application to Commission for an award of actual damages caused by such violation, for provisions authorizing application to Commission by petition, and forwarding of complaint, if warranted, to respondent for satisfaction or answer.",CauseNet-cause.csv,,3,[],['caused'],explicit,"[('violation', 'actual_damages')]",No
"The patients, who were also infected with the virus that causes AIDS, were resistant to all first- and second-line drugs for tuberculosis, Dr. Neel R. Gandhi told the 16th International Conference on AIDS.",CauseNet-cause.csv,,2,[],['causes'],explicit,"[('virus', 'aids')]",No
"Not named a winner was Dr. Robert Gallo, an American expert on retroviruses, including the human immunodeficiency virus (HIV) that causes AIDS (acquired immunodeficiency disease syndrome).",CauseNet-cause.csv,,2,[],['causes'],explicit,"[('human_immunodeficiency_virus', 'aids')]",No
"The term includes impairments caused by congenital anomaly (e.g., clubfoot, absence of some member, etc.), impairments caused by disease (e.g. poliomyelitis, bone turberculosis, etc.), and impairments from other causes (e.g., cerebral palsy, amputations, and fractures or burns that cause contractures).",CauseNet-cause.csv,,3,[],"['caused', 'caused', 'causes', 'cause']",explicit,"[('disease', 'impairments')]",No
"He then jumps directly to that part which is important in the present context, viz. that more CO2 causes higher temperatures - which is correct.",CauseNet-cause.csv,,2,[],['causes'],explicit,"[('co2', 'higher_temperatures')]",No
Asbestos is Mr. Many of us who live in the Napa and Vallejo area know well the devastation caused by asbestos exposure.,CauseNet-cause.csv,,2,[],['caused'],explicit,"[('asbestos_exposure', 'devastation')]",No
"If the jury finds that the cigarettes that Mrs. Cipollone smoked in breach of the express warranty proximately caused her cancer, then it is implicitly finding that she believed the advertisements when she bought those cigarettes.",CauseNet-cause.csv,,2,['believed'],['caused'],explicit,"[('cigarettes', 'cancer')]",No
"General clinical application of these endoscopic approaches is therefore premature, believes Dr. One study has concluded that an estimated 10,000-16,000 people in the United States die each year as a result of gastrointestinal (GI) complications caused by nonsteroidal anti-inflammatory drugs (NSAIDs) (Singh G, et al.",CauseNet-cause.csv,,2,['believes'],"['therefore', 'as a result', 'caused']",explicit,"[('nonsteroidal_anti-inflammatory_drugs', 'complications')]",No
"These users or even consumers, they purchased a real duplicate that software program as well as found which these people tend to be unlicensed, or counterfeit software, that caused harm to all of them. &quot;",CauseNet-cause.csv,,2,[],['caused'],explicit,"[('counterfeit_software', 'harm')]",No
", Selby, P.L. et al, Vitamin D intoxication causes hypercalcemia by increased bone resorption with responds to (11)Bryant HU, et al, An estrogen receptor basis for raloxifene action in bone.",CauseNet-cause.csv,,2,[],['causes'],explicit,"[('vitamin_d_intoxication', 'hypercalcemia')]",No
"(B) and (C) authorized the board to issue ""an order requiring the violator to make restitution for any damage caused by the violation, or (C) both""; P.A. 01-195 made technical changes in Subdivs.",CauseNet-cause.csv,,2,[],['caused'],explicit,"[('violation', 'damage')]",No
"%M C.HFS.94.979 %T Decision-Making Performance and Decision Aid Usage under Controllable and Uncontrollable Stress %S SPECIAL SESSIONS: Posters %A Peters, Robert D. %A Boehm-Davis, Deborah A. %A Fertig, Joanne B. %B Proceedings of the Human Factors and Ergonomics Society 38th Annual Meeting %D 1994-10-24 %V 2 %P 979 %* (c) Copyright 1994 Human Factors and Ergonomics Society %* WARNING: THE ABSTRACT OF THIS ENTRY HAS NOT BEEN VALIDATED %X Previous animal research has shown that stress that is perceived to be out of the organism's control causes different physiologic changes and leads to more detrimental effects on performance than stress that is perceived to be under at least partial control.",CauseNet-cause.csv,,4,[],"['causes', 'leads to']",explicit,"[('stress', 'physiologic_changes')]",No
"In Slovenia and other Central European regions, the leaves were traditionally used topically as a cure for blisters resulting from friction (such as caused by tight shoes etc.) and as relief on mosquito bites in eastern Westphalia as well as western Eastphalia.",CauseNet-cause.csv,,2,[],['caused'],explicit,"[('friction', 'blisters')]",No
Rapid antigen detection assay for identification of Burkholderia (Pseudomonas) pseudomallei infection; Anuntagool A et al. ; A simple antigen detection test was developed for rapid diagnosis of melioidosis caused by Burkholderia (Pseudomonas) pseudomallei infection .,CauseNet-cause.csv,,2,[],['caused'],explicit,"[('burkholderia', 'melioidosis')]",No
"Our president Dr. L. Moorman spoke as an expert in Radon testing and mitigation on updated scientific evidence that radon causes lung cancer, together with J. Rudolph (Building Science Inspections) and Gary Rogers (Associate Broker, Keller Williams Realty of Northern Colorado).",CauseNet-cause.csv,,2,[],['causes'],explicit,"[('radon', 'lung_cancer')]",No
"Most alarmingly, S. 1415 would cap the tobacco industry's total liability for all civil damages and penalties for all past and future wrongs at $6.5 billion per year, just 5 percent of the estimated costs of the damages caused by their products.",CauseNet-cause.csv,,2,[],['caused'],explicit,"[('products', 'damages')]",No
"In this heavy attack Col. Charles Lewis received a wound, which in a few hours caused his death, and several of his men fell on the spot: in fact, the Augusta division was obliged to give way to the heavy fire of the enemy.",CauseNet-cause.csv,,2,[],['caused'],explicit,"[('wound', 'death')]",No
"The term includes impairments caused by a congenital anomaly (e.g. clubfoot, absence of some member, etc.), impairments caused by disease (e.g. poliomyelitis, bone tuberculosis, etc.), and impairments from other causes (e.g., cerebral palsy, amputations, and fractures or burns that cause contractures).",CauseNet-cause.csv,,3,[],"['caused', 'caused', 'causes', 'cause']",explicit,"[('disease', 'impairments')]",No
"These changes, when extreme, might actually be sufficient to cause dementia, but it is more likely that they contribute to cognitive impairment and thereby increase the likelihood that other common age-related neuropathologies are clinically expressed as dementia"" p. ""...in observational studies that examine more than one lifestyle factor, cognitive activities appear to be the strongest predictor of cognitive change.",CauseNet-cause.csv,,2,[],['cause'],explicit,"[('changes', 'dementia')]",No
"http://www.gdeb.com/ EB is scheduled to be at the April 6, 2011 URI Career Fair regards, Prof. Faye Boudreaux-Bartels) Date: Mon, 07 Feb 2011 14:47:11 -0500 Subject: [grads] possible change in Academic Calendar for Spring 2011 In-Reply-To: <AANLkTim-wr8ayb7X_sVpyKzE=Ar867-dCptj-ik-3XY-@mail.gmail.com> References: <AANLkTim-wr8ayb7X_sVpyKzE=Ar867-dCptj-ik-3XY-@mail.gmail.com> Message-ID: <4D504C3F.9000203@ele.uri.edu> On 2/7/2011 10:01 AM, Sheila Black Grubman wrote: > > TO: Members of the Faculty > > David Coates, President of the Student Senate > > Jack Szczepanski, President of the Graduate Student Association > > FROM:Members of the Faculty Senate Executive Committee > > DATE:February 7, 2011 > > SUBJECT:Academic Calendar for Spring 2011 > > In recognition of the disruption caused by recent weather, > representatives of the administration, Faculty Senate Executive > Committee, and Academic Standards and Calendar Committee met and are in > the process of developing a plan for having make-up class day(s) at the > end of the spring semester. > >",CauseNet-cause.csv,,3,[],['caused'],explicit,"[('weather', 'disruption')]",No
"Joel D. (University of Missouri) and N.D. (National College of Naturopathic Medicine) is a veterinarian and naturopath who claims (in a widely distributed audio tape entitled ""Dead Doctors Don't Lie"") that all diseases are due to mineral deficiencies, that everyone who dies of natural causes dies because of mineral deficiencies,* and that just about anyone can live more than one hundred years if they take daily supplements of colloidal minerals harvested from pits in Utah.",CauseNet-cause.csv,,3,['claims'],"['due to', 'causes', 'because']",explicit,"[('mineral_deficiencies', 'diseases')]",No
"In the wake of a flood of new applications from patients battling AIDS -- who found that cannabis boosted their appetites and relieved the nausea often caused by anti-HIV drugs -- the George H.W. Bush administration closed it to new applicants in March 1992, but continued supplying federal cannabis to those already receiving it.",CauseNet-cause.csv,,2,[],['caused'],explicit,"[('anti-hiv_drugs', 'nausea')]",No
p. 29 the cause of suffering is reaction (ch.,CauseNet-cause.csv,,2,[],['cause'],explicit,"[('reaction', 'suffering')]",No
"During the recent AIDS conference in Durban, South Africa (SA), Pres. Thabo Mbeki questioned whether HIV causes AIDS, and invited a group of crackpot ""AIDS dissidents"" from the U.S. to serve on an AIDS panel.",CauseNet-cause.csv,,2,[],['causes'],explicit,"[('hiv', 'aids')]",No
"A Great Dane or St. Bernard may be of a playful or friendly disposition, but if it has a known propensity to jump on people then the owner may be strictly liable for injury caused by such activity.",CauseNet-cause.csv,,2,[],['caused'],explicit,"[('activity', 'injury')]",No
"Realizing that cholesterol levels are NOT the cause of heart disease, Dr. Lundell has set out to educate people and help those interested in good health understand how to take charge of improving their health and preventing heart disease.",CauseNet-cause.csv,,2,[],['cause'],explicit,"[('cholesterol_levels', 'heart_disease')]",No
"""Some low-risk HPV types don't cause any problems, while others cause minor changes in cervical cells that often go away on their own,"" says Dr. ""In addition, low-risk HPV can cause genital warts.",CauseNet-cause.csv,,2,[],"['cause', 'cause', 'cause']",explicit,"[('low-risk_hpv', 'genital_warts')]",No
"""After arriving at Henry Ford Hospital, his condition was promptly diagnosed and treated,"" said Henry Ford Hospital president and CEO Dr. John Popovich in a news release, ""A pulmonary embolism is often caused by a blood clot that forms elsewhere in the body and travels to the lungs.",CauseNet-cause.csv,,2,[],['caused'],explicit,"[('blood_clot', 'pulmonary_embolism')]",No
"One of his most famous assertions was, ""Trees cause more pollution than automobiles do,"" and he maintained, wrongly, that sulfur dioxide emitted from Mount St. Helens was greater than that emitted by cars over a 10-year period.",CauseNet-cause.csv,,2,[],['cause'],explicit,"[('trees', 'pollution')]",No
"White pine blister rust, caused by the fungus Cronartium ribicola, occurs on both eastern white pine (Pinus strobus) and currants or gooseberries (Ribes spp.).",CauseNet-cause.csv,,2,[],['caused'],explicit,"[('fungus_cronartium_ribicola', 'white_pine_blister_rust')]",No
"The pathogen causes shoot blight, blossom blight, and pod rot in seed alfalfa (Medicago sativa L.) Recent surveys showed that Botrytis blossom blight can be a serious problem for alfalfa seed production in western Canada, especially in the irrigated areas (Gossen et al., 1996, 1997, 1999).",CauseNet-cause.csv,,2,[],['causes'],explicit,"[('pathogen', 'shoot_blight')]",No
"Flexcerin is an over-the-counter joint pain relief health product that addresses various levels of discomfort, whether it be a mild case (occasional inflammation due to overexertion etc.) or more severe, such as pain caused by arthritis.",CauseNet-cause.csv,,2,[],"['due to', 'caused']",explicit,"[('arthritis', 'pain')]",No
"""We know that depleted uranium is toxic and can cause diseases,"" said Dr. Howard Urnovitz, a microbiologist who has testified before the Presidential Advisory Committee on Gulf War Veterans' Illnesses.",CauseNet-cause.csv,,2,[],['cause'],explicit,"[('depleted_uranium', 'diseases')]",No
"This mismatch causes several problems, which I have noticed people > stumbling over repeatedly, and I want us to fix it if we can. > >",CauseNet-cause.csv,,2,[],['causes'],explicit,"[('mismatch', 'problems')]",No
There have been reports of skin irritation caused by vitamin E and vitamin C. * Glycolic acid and other alpha-hydroxy acids (AHAs).,CauseNet-cause.csv,,2,[],['caused'],explicit,"[('vitamin_e', 'skin_irritation')]",No
"Criticism by Rep. David E. Satterfield, from Rep. Harley Staggers Report from committee of the Public Health Cigarette Smoking Act of 1969: ""There is criticism that the Surgeon General and others have concentrated upon the single hypothesis that cigarette smoking is the cause of lung cancer, coronary heart disease, emphysema and other diseases whereas there are other hypotheses, compatible with existing data, which, it is felt, should receive equal consideration.",CauseNet-cause.csv,,3,[],['cause'],explicit,"[('cigarette_smoking', 'lung_cancer')]",No
"The Bush Administration has done so much damage to our country -- and caused so much pain, suffering, and death (between the incompentent handling of Hurricane Katrina, the pointless war in Iraq, the torture of prisoners, the massacre of innocent people, etc.) in the process -- that they might as well be terrorists themselves.",CauseNet-cause.csv,,2,[],['caused'],explicit,"[('bush_administration', 'pain')]",No
"Initially, there was little consensus about what should be included, and there have been justified criticisms about the turbulence caused by the change and the... To the Editor: Marc F. Bernstein (""The Tyranny of Tests,"" Op-Ed, Oct. 2) is concerned that national testing and standards will lead to a national curriculum in public schools.",CauseNet-cause.csv,,2,[],"['caused', 'lead to']",explicit,"[('change', 'turbulence')]",No
"A case should be registered under IPC Sec. 302 in the present incident against the police personnel involved in the incident as per the NHRC guidelines.NHRC guidelines passed in 1996 state that in any encounter, death caused by the police is a cognizable offence.",CauseNet-cause.csv,,2,[],['caused'],explicit,"[('police', 'death')]",No
The doctor explained to the jury that the trauma of the crash caused these injuries and that Mr. Chavez would be expected to live with pain and limitations of his activities for the rest of his life.,CauseNet-cause.csv,,2,[],['caused'],explicit,"[('trauma', 'injuries')]",No
"17-12a509(f), and amendments thereto, an offer to reimburse in cash the consideration paid for the advice, the amount of any actual damages that may have been caused by the conduct, and interest from the date of the violation causing the loss at the rate provided for interest on judgments by K.S.A. 16-204, and amendments thereto; (3) The administrator shall remit all moneys received from all fees, charges, deposits or penalties which have been collected under this act or other laws of this state regulating the issuance, sale or disposal of securities or regulating dealers in this state or under the uniform land sales practices act, to the state treasurer at least monthly.",CauseNet-cause.csv,,2,[],['caused'],explicit,"[('interest', 'loss')]",No
"In October, the jury found that Hillerich & Bradsby Co. failed to provide adequate warning as to the dangers of the bat, and that this failure caused the accident that killed 18-year-old pitcher Brandon Patch.",CauseNet-cause.csv,,2,[],['caused'],explicit,"[('failure', 'accident')]",No
"At a workshop held by the State Institute of Health and Family Welfare in May, Dr. MC Kapilashrami, director of the National Institute of Health and Family Welfare in Delhi, said that the gender imbalance will probably cause many social problems in years to come.",CauseNet-cause.csv,,2,[],['cause'],explicit,"[('gender_imbalance', 'social_problems')]",No
"[klar]The Bill and Melinda Gates Foundation Grand Challenges Exploration granted $100,000 for University of Florida student Ms. Margo Klar to find a solution for neonatal tetanus, which is the second leading cause of death from vaccine-preventable diseases among children worldwide, according to the WHO.",CauseNet-cause.csv,,2,[],['cause'],explicit,"[('neonatal_tetanus', 'death')]",No
"But it is a friendship that will cause heartache as well as happiness, and there are dark clouds on the horizon for them all . . . Alice and her brother Orlando lived a quiet life growing up in post WWII Britain; that is until the arrival of the precocious, manipulative and sexually aware Nicola.",CauseNet-cause.csv,,4,[],['cause'],explicit,"[('friendship', 'happiness')]",No
"Where, however, s. 123 confers wide powers on the bead of the department to claim privilege on the ground that the disclosure may cause injury to public interest scrupulous care must be taken to avoid making a claim for such a privilege on the ground that the disclosure of the document may defeat the defence raised by the State.",CauseNet-cause.csv,,2,"['claim', 'claim']",['cause'],explicit,"[('disclosure', 'injury')]",No
"J.B. Handley said of Andrew Wakefield, originator of the claim that the MMR vaccine causes autism: ""To our community, Andrew Wakefield is Nelson Mandela and Jesus Christ rolled up into one.",CauseNet-cause.csv,,2,['claim'],['causes'],explicit,"[('mmr_vaccine', 'autism')]",No
"Primary causes of death were relapse in 54% vs. 49%, graft failure in 7% vs. 0%, acute or chronic GVHD in 22% vs. 34%, others in 16% vs. 16% of the BM and PBSC arms, respectively.",CauseNet-cause.csv,,5,[],['causes'],explicit,"[('relapse', 'death')]",No
"Interactions between Neisseria meningitidis and human cells that promote colonisation and disease; Corbett A et al. ; Neisseria meningitidis is the leading cause of bacterial meningitis, a potentially fatal condition that particularly affects children .",CauseNet-cause.csv,,2,[],['cause'],explicit,"[('neisseria_meningitidis', 'bacterial_meningitis')]",No
"Based on data from 12 patients, Dr. Andrew Wakefield (a British gastroenterologist) and colleagues speculated that MMR vaccine may have been the possible cause of bowel problems which led to a decreased absorption of essential vitamins and nutrients which resulted in developmental disorders like autism.",CauseNet-cause.csv,,2,[],"['cause', 'led to', 'resulted in']",explicit,"[('mmr_vaccine', 'bowel_problems')]",No
Molecular evolution and diversity in Bacillus anthracis as detected by amplified fragment length polymorphism markers; Keim P et al. ; Bacillus anthracis causes anthrax and represents one of the most molecularly monomorphic bacteria known .,CauseNet-cause.csv,,2,[],['causes'],explicit,"[('bacillus_anthracis', 'anthrax')]",No
"The true nature of the disorder wasn't understood until 1965, when the enzyme deficiency that causes Gaucher disease was discovered at the National Institutes of Health (NIH) by Roscoe Brady, M.D. Currently, type 1 Gaucher disease is treated with enzyme replacement therapy, delivered intravenously every two weeks for life at a cost of around $250,000 per year.",CauseNet-cause.csv,,2,[],['causes'],explicit,"[('enzyme_deficiency', 'gaucher_disease')]",No
"Similar to West Nile virus and also transmitted by Culex mosquitoes, the virus that causes St. Louis encephalitis is known for periodic outbreaks in the human population.",CauseNet-cause.csv,,2,[],['causes'],explicit,"[('virus', 'st._louis_encephalitis')]",No
"Heel Detox Kit combines three carefully formulated homeopathic formulas to relieve symptoms of illness caused by an unhealthy lifestyle (substance abuse, unbalanced diet and/or exposure to environmental toxins pollution, pesticides, allergen, etc.).",CauseNet-cause.csv,,2,[],['caused'],explicit,"[('unhealthy_lifestyle', 'illness')]",No
* Abstract vs. The problems caused by abstraction depend on the proposed formalism of the specification.,CauseNet-cause.csv,,2,[],['caused'],explicit,"[('abstraction', 'problems')]",No
"The significance of this finding derives from the fact (as they also write) that ""the most abundant volatile organic compounds emitted by terrestrial vegetation are isoprene and its derivatives, such as monoterpenes and sesquiterpenes,"" as well as the fact, as described in the ""This Issue"" abstract section of Nature (p. 311), that ""these compounds are involved in the formation of organic aerosols [the ""new particles"" mentioned by them], which act as 'seeds' for cloud formation and hence as cooling agents via an effect on radiative forcing,"" plus the explanation presented by Ziemann (2009) -- in a News & Views article that discusses the Kiendler-Scharr et al. paper -- that ""clouds formed at higher CCN [cloud condensation nuclei] concentrations have more and smaller drops than those formed at lower concentrations, and so reflect more sunlight and are longer-lived -- effects that, at the global scale, enhance the planetary cooling that counteracts some of the warming caused by greenhouse gases.""",CauseNet-cause.csv,,3,[],"['hence', 'caused']",explicit,"[('greenhouse_gases', 'warming')]",No
"In 1989, the California Supreme Court resolved that conflict when it decided Garvey v. State Farm Fire & Casualty Co.( 1) There, the court ruled that when a loss is caused by a combination of a covered risk and a specifically excluded risk, the loss is covered only if the covered risk was the ""efficient proximate cause"" of the loss.",CauseNet-cause.csv,,2,[],"['caused', 'cause']",explicit,"[('covered_risk', 'loss')]",No
"According to Lt. Russell Reinhart from the Huntington Beach Police Department, believes that the cause of death was drug and alcohol related.",CauseNet-cause.csv,,2,['believes'],['cause'],explicit,"[('drug', 'death')]",No
"Ascochyta blight, caused by the fungus Ascochyta rabiei, is a devastating foliar disease of chickpea (Cicer arietinum L.).",CauseNet-cause.csv,,2,[],['caused'],explicit,"[('fungus_ascochyta_rabiei', 'ascochyta_blight')]",No
"A member of the American College of Physicians and the American Society of Clinical Oncology, Dr. Jahan focuses his research and study on the treatment of lung cancer and malignant mesothelioma, a cancer exclusively caused by previous asbestos exposure.",CauseNet-cause.csv,,2,[],['caused'],explicit,"[('asbestos_exposure', 'cancer')]",No
"Multi-infarct dementia results from the damage caused by strokes, and there is evidence that Mr. Bush has suffered multiple small strokes or TIAs.",CauseNet-cause.csv,,2,[],['caused'],explicit,"[('strokes', 'damage')]",No
"Their battle caused a building to fall in on them, killing Ms. Marvel but Morph was able to survive.",CauseNet-cause.csv,,2,[],['caused'],explicit,"[('battle', 'building_to_fall_in_on')]",No
"The third bill, The Fresh and Local School Foods Act (H.R. 3092), would allow Vermont to direct nearly $90,000 to Vermont farms to purchase fruits and vegetables for Vermont schools, giving a them much-needed boost after the damage caused by Tropical Storm Irene.",CauseNet-cause.csv,,2,[],['caused'],explicit,"[('tropical_storm_irene', 'damage')]",No
"Alencastro et al. (J Med Genet 45:539, 2008) reported a second mutation (missense in the N-terminal region) which causes severe intellectual disability and seizures.",CauseNet-cause.csv,,2,[],['causes'],explicit,"[('mutation', 'seizures')]",No
"Last reviewed: July 2004 by Jeff Andrews, MD."" ID=12647&ExhibitKeywordsRaw=&TL=&A=2"" title=""Rheumatoid Arthritis Definition Rheumatoid arthritis (RA) is an autoimmune disease that causes pain, swelling, stiffness, and loss of function in the joints.",CauseNet-cause.csv,,2,[],['causes'],explicit,"[('autoimmune_disease', 'pain')]",No
"He served valliantly until Aug. 9, 1865, when on account of disability contracted while in the service, he was mustered out at Jefferson Barracks, St. At that time the credit system flourished, and through the depression caused by the war, he was unable to meet his liabilities, and lost $20,000, which left him in an embarrassed condition financially, but he has since been able to recuperate and make up his losses.",CauseNet-cause.csv,,3,[],"['caused', 'since']",explicit,"[('war', 'depression')]",No
"--Benjamin, son of John R. and Mary (Lauber) Zook, near Tofield, Alberta, died at his home Dec. 19, 1924; aged 11 m. 1 d. His death was caused by scarlet fever, after an illness of three days.",CauseNet-cause.csv,,3,[],['caused'],explicit,"[('scarlet_fever', 'death')]",No
"In answer to his query, Dr. Woodward proceeded to demonstrate that the perceived problem was a farce of the imagination: ""We are told that the use of marihuana causes crime.",CauseNet-cause.csv,,2,[],['causes'],explicit,"[('use_of_marihuana', 'crime')]",No
"Alcohol, when abused will cause health problems especially if most of every day includes getting hammered in your gov. supplied house using gov. supplied money.",CauseNet-cause.csv,,3,[],['cause'],explicit,"[('alcohol', 'health_problems')]",No
"Lensing also wrote that after an autopsy performed by Dr. William Newman of the Orleans Parish Coroner's Office, Newman theorized that an infection in the heart valve, which can be caused by AIDS, led to an arrhythmia which in turn caused sudden cardiac arrest.",CauseNet-cause.csv,,2,[],"['caused', 'led to', 'caused']",explicit,"[('arrhythmia', 'sudden_cardiac_arrest')]",No
"And in doing so, Johnson seemed to strengthen his determination to increase AIDS awareness and to fight H.I.V. Magic Johnson, one of the most popular and accomplished players in basketball history, said today that he had been infected by the virus that causes AIDS and that he would retire immediately from the Los Angeles Lakers.",CauseNet-cause.csv,,2,[],['causes'],explicit,"[('virus', 'aids')]",No
Includes survey responses on sufficiency of evidence for global warming; human activity vs. natural pattern of earth's environment as cause of global warming; and seriousness of global warming problem.,CauseNet-cause.csv,,2,[],['cause'],explicit,"[('human_activity', 'global_warming')]",No
"More liberal Democrats than conservative and moderate Democrats say the earth is warming (83% vs. 72%), and far more liberal Democrats say that global warming is caused by human activity (69% vs. There also are strong regional differences in opinions about global warming; fewer people living in the Mountain West (44%) and the Midwest (48%) say there is solid evidence of warming than in other regions.",CauseNet-cause.csv,,3,[],['caused'],explicit,"[('human_activity', 'global_warming')]",No
"Restless leg syndrome ""afflicts a significant portion of our population and in a minority of cases can cause insomnia and other important consequences,"" said Dr. Robert Vorona, an associate professor at Eastern Virginia Medical School in Virginia who studies sleep disorders.",CauseNet-cause.csv,,2,[],['cause'],explicit,"[('restless_leg_syndrome', 'insomnia')]",No
"http://www.mpwhi.com/statement_for_food_standards_october_2009.htm FDA toxicologist, Dr. Gross said the FDA shouldn't set an ADI because aspartame causes cancer.",CauseNet-cause.csv,,2,[],"['because', 'causes']",explicit,"[('aspartame', 'cancer')]",No
"Despite what Dr. Atkins insisted to me, the saturated fat allowed in his diet will eventually cause heart disease, but he was right about eating enough protein to naturally keep your calorie consumption low.",CauseNet-cause.csv,,2,[],['cause'],explicit,"[('saturated_fat', 'heart_disease')]",No
"""Dont assume your symptoms are caused by BPH,"" says Dr. ""It could be something more serious.""",CauseNet-cause.csv,,2,['assume'],['caused'],explicit,"[('bph', 'symptoms')]",No
", op-ed, Nov. 12) claims that government spending on global warming policies is wasted, but he assumes that global warming caused by carbon dioxide is a fact.",CauseNet-cause.csv,,2,"['claims', 'assumes']",['caused'],explicit,"[('carbon_dioxide', 'global_warming')]",No
"* Moss endorses the work of the late Dr. Virginia Livingston-Wheeler, who claimed that cancer is caused by a bacterium she named Progenitor cryptocides.",CauseNet-cause.csv,,2,['claimed'],['caused'],explicit,"[('bacterium', 'cancer')]",No
"""It's always the lack of knowledge that causes fear,"" Mrs. Halliday-Sumner says.",CauseNet-cause.csv,,2,[],['causes'],explicit,"[('lack_of_knowledge', 'fear')]",No
"In this informative guide, probiotic expert Dr. Dash reports on research showing benefits that probiotic products offer, including: reduced risk of yeast infection; protection against E. coli and other food-borne infections; improved lactose tolerance and digestibility of milk products; enhanced synthesis of B vitamins; preventing peptic ulcers caused by H. pylori; preventing acne; and more.",CauseNet-cause.csv,,2,[],['caused'],explicit,"[('h._pylori', 'peptic_ulcers')]",No
"Hans Idzerda was an electrical engineer, who worked with the Philips manufacturing company during World War I. (Holland was a neutral country during this conflict, and largely avoided the immense destruction caused by the war.)",CauseNet-cause.csv,,2,[],['caused'],explicit,"[('war', 'immense_destruction')]",No
The Office of the Chief Medical Examiner in Massachusetts conducted the autopsy on Mrs. Roberts and determined her cause of death to be a gunshot wound to the head and her manner of death as homicide.,CauseNet-cause.csv,,2,[],['cause'],explicit,"[('gunshot_wound_to_the_head', 'death')]",No
"However, they concluded that high cognitive demand could cause beneficial cerebral recruitment failure, leading to cognitive impairment in patients with MS. Disability levels for patients with secondary progressive multiple sclerosis (SPMS) often worsens despite a stable MRI.",CauseNet-cause.csv,,2,[],"['cause', 'leading to']",explicit,"[('high_cognitive_demand', 'beneficial_cerebral_recruitment_failure')]",No
"Inflammation, according to Dr. Bigelsen, is the real cause of all chronic disease (persistent or long-lasting illness).",CauseNet-cause.csv,,2,[],['cause'],explicit,"[('inflammation', 'chronic_disease')]",No
"Either we should try to maintain present (or historic) status quo - fighting against changes caused by global warming, new ice age etc. or rather we should protect natural processes of adaptation to changing conditions.",CauseNet-cause.csv,,2,[],['caused'],explicit,"[('global_warming', 'changes')]",No
"""Legal cause 'is essentially a question of foreseeability: a negligent act is a proximate cause of an injury if the injury is of a type which a reasonable man would see as a likely result of his conduct.' """,CauseNet-cause.csv,,2,[],"['cause', 'cause']",explicit,"[('negligent_act', 'injury')]",No
"It incorporates Panasonic's Mega O.I.S. stabiliser, which makes it easy to shoot crystal-clear shots in all kinds of lighting conditions, and removes blur caused by hand shake.",CauseNet-cause.csv,,2,[],['caused'],explicit,"[('hand_shake', 'blur')]",No
"Studies published in dermatology journals, including several by Dr. Scheinfeld, show that AC-11 measurably reduces DNA damage caused by non-oxidative stress (that is, overexposure to UV/solar rays), as well as oxidative stress (caused by free radicals and other factors such as chemical toxins, alcohol and tobacco).",CauseNet-cause.csv,,2,[],"['caused', 'caused']",explicit,"[('oxidative_stress', 'dna_damage')]",No
"The ""whereas clause"" of P.D. 1643 or the revised PNRC Charter lays down this basic premise: WHEREAS, the Republic of the Philippines became an independent nation on July 4, 1946, and proclaimed on February 14, 1947 its adherence to the Geneva Conventions of 1929, and by the action, indicated its desire to participate with the nations of the world in mitigating the suffering caused by war and to establish in the Philippines a voluntary organization for that purpose as contemplated by the Geneva Conventions; It is thus evident that the PNRC's creation derived primarily from the Geneva Conventions.",CauseNet-cause.csv,,2,[],"['caused', 'thus']",explicit,"[('war', 'suffering')]",No
"H.E. continued: ""Even though the energy has played an important part in economical growth, yet it has negative repercussions on natural resources; whether it was emissions resulting from energy usage and it's impact on air pollution and global warming phenomenon, or as a result of leakages occurring from the process of extraction of some energy resources or by sea transport... and other causes.",CauseNet-cause.csv,,2,[],"['as a result', 'causes']",explicit,"[('energy_usage', 'emissions')]",No
"Interview with Dr. Linda Birnbaum, (EPA Toxicology Division Director) in 2004 discussing what dioxin is, how toxic dioxin is, and if dioxin causes cancer.",CauseNet-cause.csv,,2,[],['causes'],explicit,"[('dioxin', 'cancer')]",No
Excellent for all skin types.What it is formulated WITHOUT:- Parabens- Sulfates- Synthetic Fragrances- Synthetic Dyes- Petro-Chemicals- Phthalates I was told by my dermatologist to stop using the St. Ives Apricot scrub because the pieces of apricot pit would actually cause little abraisons to the skin where bacteria could get in and actually cause more blemishes.,CauseNet-cause.csv,,2,[],"['because', 'cause', 'cause']",explicit,"[('bacteria', 'blemishes')]",No
"The apathy caused in many quarters by the belief that the Administration will certainly be able to carry through the bill is mistaken, and should be taken off. . . .",CauseNet-cause.csv,,4,[],['caused'],explicit,"[('belief', 'apathy')]",No
"A report commissioned by the U.N.-backed Principles for Responsible Investment (PRI) and the U.N. Environmental Programme Finance Initiative found that global environmental damage caused by human activity totaled $6.6 trillion, equivalent to 11 percent of global GDP in 2008.",CauseNet-cause.csv,,2,[],['caused'],explicit,"[('human_activity', 'global_environmental_damage')]",No
"For this group, homicide is the No. 1 cause of death, the high school dropout rate is 70 percent and the unemployment rate is three times the national average.",CauseNet-cause.csv,,2,[],['cause'],explicit,"[('homicide', 'death')]",No
"(As documented in the Aug. ""Harm Reduction - A Better Way,"" a computer-generated slide presentation comparing the harm caused by the use of various drugs to the harm caused by current drug policy, will be presented by Mothers Against Misuse and Abuse 7-9 pm Tuesday, Oct. 29 in Hood River, Ore., at the Hood River High School cafeteria.",CauseNet-cause.csv,,3,[],"['caused', 'caused']",explicit,"[('use_of_various_drugs', 'harm')]",No
Zumwalt died Jan. 2 from cancer caused by exposure to Agent Orange.,CauseNet-cause.csv,,2,[],['caused'],explicit,"[('exposure_to_agent_orange', 'cancer')]",No
"Four U.V. inhibiting ingredients, including reflective metals, provide a resilient barrier that protects against damage caused by exposure to harsh climate conditions, wind and moisture erosion, and UV radiation.",CauseNet-cause.csv,,2,[],['caused'],explicit,"[('exposure', 'damage')]",No
"Because depletion of the ozone layer causes skin cancer, Ms. Hufford has also developed public health campaigns to prevent skin cancer.",CauseNet-cause.csv,,2,[],"['Because', 'causes']",explicit,"[('depletion_of_the_ozone_layer', 'skin_cancer')]",No
Some infections targeted for study at the cWIDR strike women only (e.g. bacterial vaginosis or pelvic inflammatory disease); other infections disproportionately afflict females vs. males or cause more serious complications in women (e.g. urinary tract infection and chlamydia).,CauseNet-cause.csv,,2,[],['cause'],explicit,"[('infections', 'serious_complications')]",No
"For the past year and a half, Mr. Murphy has worked as an independent consultant assisting and advising insurance brokerage operations on financial issues ...read more The destruction caused by Hurricane Katrina left the former ISL building uninhabitable.",CauseNet-cause.csv,,2,[],['caused'],explicit,"[('hurricane_katrina', 'destruction')]",No
"Not only did the D.C. Circuit find the proffered expert testimony inadmissible under Federal Rules 702, 703 and 403, but it also held that the evidence supporting the plaintiff's theory that Bendectin caused birth defects, and specifically her limb reduction birth defects, was insufficient to support the jury's verdict.",CauseNet-cause.csv,,2,[],['caused'],explicit,"[('bendectin', 'birth_defects')]",No
"The conference was hosted by the Foundation for Church Social Work in Paulus Kerk, Rotterdam , an organization headed by outspoken pedophile advocate Rev. 11 An overview of the conference appeared in an article in the local Rotterdam newspaper titled: ""Dominee Visser Pleit voor het In their keynote address, Rind, Bauserman and Tromovitch (December 18, 1998) claimed that their research demonstrated that little if any harm can be attributed to CSA and blamed the erroneous assumption that CSA causes intense and pervasive harm on child abuse ""hysteria"".",CauseNet-cause.csv,,2,['claimed'],['causes'],explicit,"[('csa', 'harm')]",No
"{The effect of acupuncture on rabbits with fever caused by endotoxin}; Kuang X et al. ; Forty-eight rabbits were used to investigate the effect of puncturing GV14, LI11 on the change of temperature and the level of plasma endotoxin .",CauseNet-cause.csv,,2,[],['caused'],explicit,"[('endotoxin', 'fever')]",No
"And therefore as Christ, in respect of His human nature, received the firstfruits of grace from above, and His grace is the cause of our grace, because ""of His fulness we all have received . . . grace for grace"" (Jn.",CauseNet-cause.csv,,4,[],"['therefore', 'cause', 'because']",explicit,"[('grace', 'grace')]",No
"The loophole's potential for abuse was on full display on Sept. 25, 2009, when news outlets reported on a fire caused by a malfunction at the Tesoro Energy Corp's Wilmington, California refinery.",CauseNet-cause.csv,,2,[],['caused'],explicit,"[('malfunction', 'fire')]",No
"Besides that, cigarettes and other smoking-related materials (matches, etc.) are also a common cause of fires.",CauseNet-cause.csv,,2,[],['cause'],explicit,"[('cigarettes', 'fires')]",No
"Car crashes are the No. 1 cause of death for teenagers, so it is important that we understand how HFASD impacts driving and how to develop appropriate educational and evaluation tools.""",CauseNet-cause.csv,,2,[],['cause'],explicit,"[('car_crashes', 'death_for_teenagers')]",No
In 1994 Dr. Breggin developed and provided the scientific basis for a large series of combined product liability cases alleging violence and suicide caused by Prozac.,CauseNet-cause.csv,,2,[],['caused'],explicit,"[('prozac', 'violence')]",No
"This is where the teachings on nutrition ended, despite the fact that the World Health Organization (WHO) now states that the No. 1 cause of death worldwide is chronic illness.",CauseNet-cause.csv,,2,[],['cause'],explicit,"[('chronic_illness', 'death')]",No
"The incident in the application presented an alleged violation of S. 14 of the EPA, which prohibits the discharge of a contaminant into the natural environment that is likely to cause an adverse effect.",CauseNet-cause.csv,,2,[],['cause'],explicit,"[('discharge_of_a_contaminant_into_the_natural_environment', 'adverse_effect')]",No
"No serious flooding reported in this area from the rains but eastern Maryland, Virginia etc. were hit exremely hard with very serious flooding with over 10 inches of rain in some areas also strong winds from Floyd caused damage in that area.",CauseNet-cause.csv,,2,[],['caused'],explicit,"[('strong_winds', 'damage')]",No
"Friends For Survival Friends For Survival, Inc. is an organization of people who have been affected by a death caused by suicide.",CauseNet-cause.csv,,2,[],['caused'],explicit,"[('suicide', 'death')]",No
"In many countries significant increases have been reported over the past few decades in the incidence of diseases caused by microorganisms transmitted mainly by food, such as Salmonella spp. and Campylobacter In developing countries, food-borne microbial contaminants con-tribute significantly to the estimated 2.1 million deaths from diarrhoeal diseases in the developing world.",CauseNet-cause.csv,,2,[],['caused'],explicit,"[('microorganisms', 'diseases')]",No
"You get them for several reasons: superficial blood vessels, allergies, lack of sleep, vitamin deficiency, dehydration caused by excessive alcohol, exposure to toxins, etc.) There is NO MAGIC FORMULA that will make them go away.",CauseNet-cause.csv,,2,[],['caused'],explicit,"[('excessive_alcohol', 'dehydration')]",No
"to 10:00p.m. Further more in view of the provisions of section 186 (now 191) of Penal Code Act, the learned trial judge erred when he held that beating was intended to cause grievous harm and death.",CauseNet-cause.csv,,2,[],['cause'],explicit,"[('beating', 'death')]",No
"SUPPLEMENTARY INFORMATION: The Federal Tort Claims Act, as amended, 28 U.S.C. 2671-2680, provides that the United States Government may be held liable for property damage, personal injury, or death caused by the negligent or wrongful act or omission of its employees, while they are acting within the scope of their office or employment.",CauseNet-cause.csv,,2,['Claims'],['caused'],explicit,"[('negligent_or_wrongful_act', 'death')]",No
"The Austin Chronicle reports that the official cause of death for Mr. Perez was ""accidental overdose"".",CauseNet-cause.csv,,2,[],['cause'],explicit,"[('accidental_overdose', 'death')]",No
"The major cause of death reported in Australia and overseas is head injury, accounting for: 77.8 per cent (n=14) in Australia (Pounder 1984); 61.1 per cent (n=33) in New Zealand (Buckley et al. 1993); and 60.5 per cent (n=124) in the United States (Bixby-Hammett and Brooks 1990).",CauseNet-cause.csv,,2,[],['cause'],explicit,"[('head_injury', 'death')]",No
"NBA commissioner David Stern said, ""the void caused by his death will never be filled"" and players Bill Russell, K.C. Jones, John Havlicek and Larry Bird, as well as contemporaries like Jerry West, Pat Riley, and Wayne Embry universally hailed Auerbach as one of the greatest personalities in NBA history.",CauseNet-cause.csv,,2,[],['caused'],explicit,"[('death', 'void')]",No
"Smoking, she said is the No. 1 preventable cause of death.",CauseNet-cause.csv,,2,[],['cause'],explicit,"[('smoking', 'death')]",No
"Drought caused the river to dry up and the sand from the riverbed was blown into dunes, some as high as 15 metres (50 ft.).",CauseNet-cause.csv,,2,[],['caused'],explicit,"[('drought', 'river_to_dry_up')]",No
"As we mentioned, Mrs. Bishop is a named insured on the ClaimsCo/Clarendon policy and is afforded liability coverage for all sums for which she is liable due to bodily injury caused by an occurrence.",CauseNet-cause.csv,,2,[],"['due to', 'caused']",explicit,"[('occurrence', 'bodily_injury')]",No
"Martin et al. (2004) showed that tucuxis selectively occur in areas known to be favoured for gill net deployment by local fishermen, which may explain why entanglement is apparently a common cause of mortality.",CauseNet-cause.csv,,2,[],['cause'],explicit,"[('entanglement', 'mortality')]",No
"Sometimes that growth has caused some frustration...and a few ""orphan blocks"" VBG, but ultimately, you will be a better quilter for it!!",CauseNet-cause.csv,,2,[],['caused'],explicit,"[('growth', 'frustration')]",No
"Study of the olivocochlear neurons using two different tracers, fast blue and cholera toxin, in hypothyroid rats; Cantos R et al. ; Congenital hypothyroidism results in deafness that is caused by changes in the auditory receptor, including scanty development of the outer hair cells and a lack of synaptogenesis between these cells and the efferent system .",CauseNet-cause.csv,,2,[],"['results in', 'caused']",explicit,"[('congenital_hypothyroidism', 'deafness')]",No
"The negligence or other action in violation of applicable federal standards or requirements shall be demonstrated by the State, by a preponderance of the evidence, to be the proximate cause of the injury for which an award was rendered pursuant to G.S. 130A-427, in order to allow recovery by the State against the manufacturer pursuant to this subsection."" """,CauseNet-cause.csv,,3,[],['cause'],explicit,"[('negligence', 'injury')]",No
"In that book, Dr. Heuper concluded that asbestos was a likely cause of lung cancer.",CauseNet-cause.csv,,2,[],['cause'],explicit,"[('asbestos', 'lung_cancer')]",No
"[ 3] Restless leg syndrome ""afflicts a significant portion of our population and in a minority of cases can cause insomnia and other important consequences,"" said Dr. Robert Vorona, an associate professor at Eastern Virginia Medical School in Virginia who studies sleep disorders.",CauseNet-cause.csv,,2,[],['cause'],explicit,"[('restless_leg_syndrome', 'insomnia')]",No
"Before agreeing to the transaction, Mr. Jones if she engages in any ""high-risk"" sexual activities that would substantially increase the odds that she has been exposed to the virus that causes AIDS.",CauseNet-cause.csv,,2,[],['causes'],explicit,"[('virus', 'aids')]",No
"About a mile from the village and near the residence of Mr. John P. SCOFIELD, he fell from the wagon striking on his head in a puddle of water, where he was discovered soon after by Mr. Coroner Frank E. MURPHEY held an inquest, the jury finding that the deceased came to his death from the joint effects of concussion of the brain caused by the fall and strangulation by the mud and water in which his face was lying.",CauseNet-cause.csv,,3,[],['caused'],explicit,"[('fall', 'concussion_of_the_brain')]",No
Assistant medical examiner H.W. Wembley examined the body and ruled that the cause of death had been coronary thrombosis.,CauseNet-cause.csv,,2,[],['cause'],explicit,"[('coronary_thrombosis', 'death')]",No
"The immediate cause of death was paralysis, though Mr. Bassler had been in very poor health for some time.",CauseNet-cause.csv,,2,[],['cause'],explicit,"[('paralysis', 'death')]",No
"J Clin Oncol 16 (1): 330-7, 1998.11Walboomers JM, Jacobs MV, Manos MM, et al.: Human papillomavirus is a necessary cause of invasive cervical cancer worldwide.",CauseNet-cause.csv,,2,[],['cause'],explicit,"[('human_papillomavirus', 'invasive_cervical_cancer')]",No
"Hulda Clark, in her books on how to cure cancer and AIDS, etc. claims that parasites in the body are the cause of ALL diseases.",CauseNet-cause.csv,,2,['claims'],['cause'],explicit,"[('parasites_in_the_body', 'diseases')]",No
All counties and parishes in Texas and Louisiana have been designated as eligible for individual assistance and/or public assistance and constitute a covered disaster area for purposes of Treas. The relief detailed below applies to all the counties and parishes in Texas and Louisiana and to any counties in other states that FEMA later designates as being eligible for individual assistance and/or public assistance as a result of the devastation caused by Hurricane Rita.,CauseNet-cause.csv,,2,[],"['as a result', 'caused']",explicit,"[('hurricane_rita', 'devastation')]",No
"According to them, such drugs, including > marijuana, cause brain damage. >",CauseNet-cause.csv,,2,[],['cause'],explicit,"[('drugs', 'brain_damage')]",No
Bringing together experts across these areas will help to facilitate and speed the understanding of CCSVI in MS. The new studies will carry out significant steps needed to confirm the phenomenon originally described by Dr. Paolo Zamboni and resolve the questions raised by him and others as to whether CCSVI is a cause of MS or related to MS in some other manner.,CauseNet-cause.csv,,3,[],['cause'],explicit,"[('ccsvi', 'ms')]",No
"This combination therapy exerts its effects against the erythrocytic stages of Plasmodium spp. and may be used to treat infections caused by P. falciparum and unidentified Plasmodium species, including infections acquired in chloroquine-resistant areas.",CauseNet-cause.csv,,2,[],['caused'],explicit,"[('p._falciparum', 'infections')]",No
"The storm surge caused severe damage along the Gulf Coast, devastating the Mississippi cities of Waveland, Bay St. Louis, Pass Christian, Long Beach, Gulfport, Biloxi, Ocean Springs, and Pascagoula.",CauseNet-cause.csv,,2,[],['caused'],explicit,"[('storm_surge', 'severe_damage')]",No
"J. [0005] Ovarian cancer is the most frequent cause of death from gynaecological malignancies in the Western World, with an incidence of 5,000 new cases every year in England and Wales.",CauseNet-cause.csv,,2,[],['cause'],explicit,"[('ovarian_cancer', 'death')]",No
"""Peripheral artery disease is often caused by atherosclerosis, a narrowing of the arteries due to the build-up of fatty deposits called plaque,"" said Lourdes interventional cardiologist Anthony Smeglin, MD. ""The muscles of your extremities, usually your legs, don't receive enough blood flow to keep up with demand, causing claudication symptoms such as pain or cramping in the calf, thigh or buttocks when exerting yourself.""",CauseNet-cause.csv,,2,[],"['caused', 'due to']",explicit,"[('atherosclerosis', 'peripheral_artery_disease')]",No
"We only believe this because we are always saying, ""I'm happy, I'm sad, I'm upset, I'm scared, I'm angry, etc."" By habit, we impose the ""I"" onto what is happening in the moment, thus creating a duality, a division in the mind, which results in conflict, confusion and struggle.",CauseNet-noncause.csv,,2,['believe'],"['because', 'thus', 'results in']",explicit,"[('duality', 'confusion')]",No
"Tell your health care provider if you are taking any other medicines, especially any of the following: antifungals (eg, fluconazole), disulfiram, nefazodone, omeprazole, or valproic acid because they may increase the risk of Klonopin's side effects; Sodium oxybate (GHB); because an increase in sleep duration and a decrease in the ability to breathe may occur; Clozapine; because dangerous side effects, such as confusion, sedation, excess salivation, unsteady movements, lightheadedness especially upon standing, difficult or slow breathing, or drowsiness leading to unresponsiveness or coma, may occur; Rifampin, St. John's wort, or valproic acid because they may decrease Klonopin's effectiveness.",CauseNet-noncause.csv,,2,[],"['because', 'because', 'because', 'leading to', 'because']",explicit,"[('drowsiness', 'coma')]",No
"Many American youngsters participating in federally funded abstinence-only programs have been taught over the past three years that abortion can lead to sterility and suicide, that half the gay male teenagers in the United States have tested positive for the AIDS virus, and that touching a person's genitals ""can result in pregnancy,"" a congressional staff analysis [led by Rep. Henry Waxman] has found.",CauseNet-noncause.csv,,2,[],"['lead to', 'result in']",explicit,"[('abortion', 'suicide')]",No
"RCW Mirus Inc., retained on an exclusive basis by TradePoint Systems, initiated the transaction, acted as financial advisor to TradePoint and Mr. Crane, and led the negotiations that resulted in its successful conclusion.",CauseNet-noncause.csv,,2,[],['resulted in'],explicit,"[('negotiations', 'successful_conclusion')]",No
"Every driver of a vehicle involved in a crash that results in injury or death, or total property damage of $1000 or more, must submit a crash (accident) report within 10 days of the incident to Minnesota Department of Public Safety Driver and Vehicle Services at 445 Minnesota St., Suite 181, St. You may visit any police precinct to obtain the Minnesota Traffic Accident Report Form .",CauseNet-noncause.csv,,2,[],['results in'],explicit,"[('crash', 'injury')]",No
"RESULTS.: During 2006, 6 of 224 (2.7%) patients who received sunitinib developed heart failure (HF) that resulted in substantial morbidity and, in some cases, mortality.",CauseNet-noncause.csv,,2,[],['resulted in'],explicit,"[('heart_failure', 'mortality')]",No
"On Sept. 11 she suffered a heart attack and paralysis, which resulted in her death.",CauseNet-noncause.csv,,2,[],['resulted in'],explicit,"[('heart_attack', 'death')]",No
"The Final Report of a 1976 House Select Committee on Assassinations concluded that their was a probably conspiracy behind Dr. Further, a civil suit brought by the King family resulted in a ruling that concluded that there was a conspiracy reaching to the highest levels of government and military intelligence agencies.",CauseNet-noncause.csv,,2,[],['resulted in'],explicit,"[('king_family', 'civil_suit')]",No
"Since vitamin B5 is a critical building block for the body's production of coenzyme-A, Dr. Leung concluded that the deficiency leading to acne must be as a result of a vitamin B5 deficiency.",CauseNet-noncause.csv,,2,[],"['Since', 'leading to', 'as a result']",explicit,"[('deficiency', 'acne')]",No
"Since 1909, this Court, in Green v. 69, 73 A. 688 (1909), has rejected the ""physical impact"" doctrine and held that emotional distress or fright that results in physical injury or any objective manifestation is a compensable injury.",CauseNet-noncause.csv,,3,[],"['Since', 'results in']",explicit,"[('emotional_distress', 'physical_injury')]",No
"To disprove this element of the plaintiff's cause of action, Dr. Prange produced only Christie's original birth certificate.",coling22-mining-health-related-statements_sentence_test_causenet_evaluations.csv,122203.0,2,[],['cause'],explicit,"[('prange', ""christie 's original birth certificate"")]",No
"Both the American and National Leagues restructured their divisions resulting in the AL East consisting of Baltimore, Boston, Cleveland, Detroit, New York and Washington, the AL West including California, Chicago, Kansas City, Minnesota, Oakland and Seattle, the NL East featuring Chicago, Montreal, New York, Philadelphia, Pittsburgh and St. Louis and the NL West claiming Atlanta, Cincinnati, Houston, Los Angeles, San Diego and San Francisco.",coling22-mining-health-related-statements_sentence_test_causenet_evaluations.csv,121715.0,2,['claiming'],['resulting in'],explicit,"[('american and national leagues restructured their divisions', 'al east')]",No
"gastritis, constipation, teeth and mouth problems, bad taste in the mouth, coated tongue, halitosis (foul breath), foul stools, flatulence, frontal headache, an ""all gone feeling"", acid reflux, anorexia nervosa, bulimia, nausea, vomiting, belching, ""dumping syndrome"" (post-surgical interferences, i.e., gastrectomy, ileostomy , colostomy), gastroenteritis, gastroparesis, ulcer-stomach (gastric, peptic) and duodenal, abdominal pain, cramps, burning, rumbling, and bloating, malabsorption syndromes, carbohydrate intolerance, celiac sprue, tropical sprue, Whipple's disease, intestinal lymphangiectasia, infection and infestation, appendicitis, peritonitis, diarrhea, dysentery, cholera, Hirschsprung's disease, hemorrhoids, incontinence, pruritus ani, diverticulitis, dyspepsia (heartburn), celiac disease, colitis, ulcerative colitis, crohn's disease, inflammatory bowel disease (IBD), irritable bowel syndrome (IBS), botulism, pyloric dysfunction, belching, eructation of gas, flatus, liver dysfunction, liver systemic encephalopathy, fatty liver, alcohol and drug caused liver disease, hepatitis c, primary sclerosing cholangitis, alpha1-antitrypsin(AAT) deficiency, primary biliary cirrhosis, post operative liver disorders, hepatic granulomas, vascular lesions of the liver, biliary calculi, cholecystitis-acute and chronic, choledocholithiasis, extrahepatic dysfunction, cholesterlosis of the gallbladder, diverticulosis of the gallbladder, cholecystolithiasis (biliary stasis or gallstones), pancreatitis, Sjogren's syndrome, pre-esophageal, dysphagia, esophageal dysphagia, gastroesophageal reflux, corrosive esophagitis and stricture, esophageal diverticula, hiatus hernia, inguinal hernia, esophageal laceration and rupture, infectious disorders of the esophagus, globus sensation, adult rumination, esophageal varices, angiodysplasia, gastrointestinal bleeding, intussusception volvulus, Meckel's diverticulum, leaky gut syndrome, neoplasms of bile ducts, benign tumors, polyps of the colon and rectum, familial polyposis, cancer of the esophagus, stomach, liver, pancreas, small intestine, colon and rectum, etc. ""Jennings, Graham, Trall, Tilden, Carrington, Shelton, Fry, all the wise ones, wrote about Natural Hygiene.",coling22-mining-health-related-statements_sentence_test_causenet_evaluations.csv,122291.0,2,[],['caused'],explicit,"[('peritonitis', 'primary biliary cirrhosis')]",No
"Consistent with our knowledge that the A/A genotype results in reduced FAAH expression and activity in humans, subjects with the A/A genotype were less likely to be THC dependent than subjects with either a C/C or C/A genotype (11% vs. No association was observed between the A/A genotype and risk for alcohol or tobacco regular use, or DSM IV dependence.",coling22-mining-health-related-statements_sentence_test_causenet_evaluations.csv,121982.0,2,[],['results in'],explicit,"[('a/a genotype', 'activity in humans')]",No
"Beginning around 300 B.C. , the pastry cook became an occupation for Romans ( known as the pastillarium ) and became a respected profession because pastries were considered decadent , and Romans loved festivity and celebration .",medcaus.csv,13265,2,[],['because'],explicit,"[('were considered decadent , and Romans loved festivity and celebration .', 'Beginning around 300 B.C. , the pastry cook became a respected profession because')]",No
"""James Poniewozik of The New York Times praised Noah and the show 's writers saying , """" Mr. Noah 's debut was largely successful , it was also because of the operating system - the show 's writing - running under the surface """" .""",medcaus.csv,9057,2,[],['because'],explicit,"[(""because of the operating system - the show 's writing - running under"", ""'' '' Mr. Noah 's debut was largely successful ,"")]",No
"""Finally , cyclic compounds , because of the unique shapes , reactivities , properties , and bioactivities that they engender , are the largest majority of all molecules involved in the biochemistry , structure , and function of living organisms , and in the man - made molecules ( e.g. , drugs , herbicides , etc . ) .""",medcaus.csv,6666,2,[],['because'],explicit,"[('of the unique shapes , reactivities , properties , and bioactivities that they', ', cyclic , are the largest majority of all molecules involved in the biochemistry , structure , and function of living organisms , and in the man - made')]",No
"Dr. Dre had left Death Row earlier in 1996 because of a contract dispute , so Snoop Dogg co - produced Tha Doggfather with Daz Dillinger and DJ Pooh .",medcaus.csv,14008,2,[],['because'],explicit,"[('a contract dispute', 'Dr. Dre had left Death Row earlier in 1996')]",No
"""Hypermobility causes physical trauma ( in the form of joint dislocations , joint subluxations , joint instability , sprains , etc . ) .""",medcaus.csv,6297,2,[],['causes'],explicit,"[('``', 'causes physical trauma -LRB- in the form of joint dislocations , joint subluxations , joint instability , sprains , etc .')]",No
"""Some examples of intracellular pathogens include viruses , the food poisoning bacterium Salmonella and the eukaryotic parasites that cause malaria ( Plasmodium falciparum ) and leishmaniasis ( Leishmania spp . ) .""",medcaus.csv,5153,2,[],['cause'],explicit,"[('`` Some examples of intracellular pathogens include viruses , the food poisoning bacterium Salmonella and the eukaryotic parasites', 'cause malaria -LRB- Plasmodium falciparum -RRB- and leishmaniasis -LRB- Leishmania spp .')]",No
"""However , as a result of Toynbee 's debate in January 1961 with Dr. Yaakov Herzog , the Israeli ambassador to Canada , Toynbee softened his view and called on Israel to fulfill its special """" mission to make contributions to worldwide efforts to prevent the outbreak of nuclear war . """"""",medcaus.csv,7243,2,[],['as a result'],explicit,"[(""of Toynbee 's debate in January 1961 with Dr. Yaakov"", "", Toynbee softened his view and called on Israel to fulfill its special '' '' mission to make contributions to worldwide efforts to prevent the outbreak of"")]",No
"""St. Thomas Aquinas , a prominent Doctor of the Church , divided miracles into three types in his Summa contra Gentiles : These works that are done by God outside the usual order assigned to things are wo nt to be called miracles : because we are astonished ( admiramur ) at a thing when we see an effect without knowing the cause .""",medcaus.csv,392,2,[],"['because', 'cause']",explicit,"[('because we are -LRB- -RRB- at a thing when we see an effect without knowing the', ': These works that are done by God outside the usual order assigned to things are wo nt to be called')]",No
"""Ramon Angelo , Jr. , president Waste Custodian Management Corp. stated : """" I want them to see our system in our place which should not be abhorred because we are using the new state - of - the - art technology . """"""",medcaus.csv,13865,3,[],['because'],explicit,"[('abhorred because we are using the new state - of - the -', ""'' '' I want them to see our system in our place which should not"")]",No
"""Dr. Nabel and his colleagues previously have shown the DNA vaccine approach to be effective against influenza viruses in animal models , including highly pathogenic viruses such as the H5N1 strain and the H1N1 virus that caused the deadly 1918 pandemic .""",medcaus.csv,4662,2,[],['caused'],explicit,"[('including highly pathogenic viruses such as the H5N1 strain and the H1N1', 'caused the deadly 1918')]",No
"Although cases of RBF have been reported all over the world , the majority of cases that have been documented are caused by St. moniliformis primarily in the United States , where approximately 200 cases have been identified and reported .",medcaus.csv,10057,2,[],['caused'],explicit,"[('St. moniliformis primarily in the United States', 'the majority of cases that have been documented')]",No
"""Mrs. Tottendale tells Underling that the wedding will proceed as planned because """" Love is Always Lovely """" in the end .""",medcaus.csv,1280,2,[],['because'],explicit,"[(""'' '' Love is Lovely '' ''"", 'that the wedding will proceed as')]",No
"""Midline positions are often used because they do not amplify the signal in one hemisphere vs. the other , such as Cz , Oz , Pz etc as online reference .""",medcaus.csv,3691,2,[],['because'],explicit,"[('because they do not amplify the signal in one hemisphere vs. the , such as , , Pz etc as online', '`` Midline positions are often')]",No
"Three components of paranoid cognition have been identified by Robins & Post : a ) suspicions without enough basis that others are exploiting , harming , or deceiving them ; b ) preoccupation with unjustified doubts about the loyalty , or trustworthiness , of friends or associates ; c ) reluctance to confide in others because of unwarranted fear that the information will be used maliciously against them ( 1997 , p. 3 ) .",medcaus.csv,10183,2,[],['because'],explicit,"[('unwarranted fear that the information will be used maliciously against them', 'reluctance to confide in others')]",No
