sentence,source,id,sentence_count,negation_marker,causal_marker,implicit_vs_explicit,CE,multiple_c_e
"In addition, a soon-to-be-published study by the National Cooperative Highway Research Program found that the installation of roundabouts led to a 35-percent reduction in total crashes and a 76-percent reduction in crashes causing injuries or fatalities.",CauseNet-cause.csv,,1,[],['led to'],implicit,"[('crashes', 'injuries'), ('crashes', 'fatalities')]",Yes
Drugs causing hepatotoxicity or hemolysis.,CauseNet-cause.csv,,1,[],[],implicit,"[('drugs', 'hemolysis'), ('drugs', 'hepatotoxicity')]",Yes
"Symptoms are due to pressure of the tumor around the stomach and the actual abdomen, causing abdominal pain, swelling, loss of desire for food, vomiting, breathing problems, anemia and a number of other indicators.",CauseNet-cause.csv,,1,[],['due to'],implicit,"[('actual_abdomen', 'symptoms'), ('pressure_of_the_tumor_around_the_stomach', 'symptoms')]",Yes
An allergic reaction causing weakness and collapse may occur in sensitive individuals.,CauseNet-cause.csv,,1,[],[],implicit,"[('allergic_reaction', 'weakness'), ('allergic_reaction', 'collapse')]",Yes
"This historic achievement was the result of water plant operators mixing in chlorine, a spectacularly powerful killing agent, which eliminated disease causing bacteria, viruses, and other microbes.",CauseNet-cause.csv,,1,[],[],implicit,"[('disease', 'bacteria'), ('disease', 'viruses')]",Yes
Consider that it is an abortifacient as well as a teratogen causing birth defects and mental retardation.,CauseNet-cause.csv,,1,[],[],implicit,"[('teratogen', 'birth_defects'), ('teratogen', 'mental_retardation')]",Yes
"Issues include the destruction of peatlands, large-scale illegal deforestation and related wildfires causing heavy smog over parts of western Indonesia, Malaysia and Singapore; over-exploitation of marine resources; and environmental problems associated with rapid urbanisation and industrial development, including air pollution, traffic congestion, garbage management, and reliable water and waste water services.",CauseNet-cause.csv,,1,[],[],implicit,"[('industrial_development', 'environmental_problems'), ('rapid_urbanisation', 'environmental_problems')]",Yes
Towns and villages along the eastern coast of Sicily were assaulted by high waves causing deaths and damage to boats and property.,CauseNet-cause.csv,,1,[],[],implicit,"[('high_waves', 'damage_to_boats'), ('high_waves', 'deaths')]",Yes
"Bribery, criminal negligence causing death and injury, flagrant violations of the law, accounting fraud, price-fixing, human-rights violations, intimidation and abuse of workers, environmental degradation, false advertising, and tax evasion are examples of how some corporate leaders and organizations break the law.",CauseNet-cause.csv,,1,[],[],implicit,"[('criminal_negligence', 'death'), ('criminal_negligence', 'injury')]",Yes
"We are at a crucial juncture in American agriculture where the issues causing the litigation and uncertainty must be addressed, so that the potential contributions of all sectors of agriculture can be fully realized.",CauseNet-cause.csv,,1,[],[],implicit,"[('issues', 'uncertainty'), ('issues', 'litigation')]",Yes
Researchers wanted to determine whether the high leptin levels were a result of obesity or whether the higher levels could be causing obesity.,CauseNet-cause.csv,,1,[],[],implicit,"[('obesity', 'high_leptin_levels'), ('higher_levels', 'obesity')]",Yes
"Meanwhile, the changes brought on by the economic downturn and regulatory environment have pushed ordinary accounting systems well past their limits, causing financial managers to rely more heavily on manual workarounds and elaborate spreadsheets.",CauseNet-cause.csv,,1,[],[],implicit,"[('economic_downturn', 'changes'), ('regulatory_environment', 'changes')]",Yes
"Article 20 only applies if there has been an accident causing death or injury, an occurrence causing damage to baggage or cargo or damage occasioned by delay within, respectively, articles 17, 18 or 19.",CauseNet-cause.csv,,1,[],[],implicit,"[('accident', 'death'), ('accident', 'injury')]",Yes
"Petro-chemicals produce xeno-estrogens which can affect our reproductive areas, causing long term effects for women, such as hormonal imbalances leading to PMT, acne, fertility problems, pigmentation and osteoporosis.",CauseNet-cause.csv,,1,[],['leading to'],implicit,"[('hormonal_imbalances', 'acne'), ('hormonal_imbalances', 'fertility_problems'), ('hormonal_imbalances', 'osteoporosis')]",Yes
Significant heat and air loss and water infiltration were causing the problems noted by the tenants and owners.,CauseNet-cause.csv,,1,[],[],implicit,"[('heat', 'problems'), ('water_infiltration', 'problems')]",Yes
"The primary purpose of the Fire Investigation Unit is the investigation of fires that are intentionally set, suspicious fires, unlawful fires, attempted arson, fires causing a serious injury or death, and possession or use of fireworks, incendiary devices, and explosives.",CauseNet-cause.csv,,1,[],[],implicit,"[('fires', 'death'), ('fires', 'serious_injury')]",Yes
"One of the byproducts it is metabolised to is carcinogenic and the other metabolites affect the brain chemistry with reports of aspartame causing seizures, mania, dizziness, brain fog, muscle cramps, tingling, numbness, insomnia, skin rashes, anxiety and depression.",CauseNet-cause.csv,,1,[],[],implicit,"[('aspartame', 'seizures'), ('aspartame', 'dizziness'), ('aspartame', 'depression'), ('aspartame', 'anxiety'), ('aspartame', 'insomnia')]",Yes
My sister is now constantly afraid of demons causing anxiety and illness (despite the fact that I told her that she has a poor diet).,CauseNet-cause.csv,,1,[],[],implicit,"[('demons', 'illness'), ('demons', 'anxiety')]",Yes
"Some of these precautions include the safety of taking the drug when pregnant or breastfeeding, the risk of the drug causing kidney damage or liver problems in some people, and potential drug interactions.",CauseNet-cause.csv,,1,[],[],implicit,"[('drug', 'liver_problems'), ('drug', 'kidney_damage')]",Yes
"Apart from the illness itself causing anaemia and weakness, she would have been deemed unclean and excluded from temple worship.",CauseNet-cause.csv,,1,[],[],implicit,"[('illness', 'weakness'), ('illness', 'anaemia')]",Yes
"After ripping down tile and drywall, we quickly realized there was years of moisture causing rot, mold, and termite damage.",CauseNet-cause.csv,,1,[],[],implicit,"[('moisture', 'mold'), ('moisture', 'rot')]",Yes
The claims are few in number given the number of negligent acts and omissions causing injury and death and the results modest compared with other states.,CauseNet-cause.csv,,1,['claims'],[],implicit,"[('negligent_acts', 'injury'), ('negligent_acts', 'death')]",Yes
"Hookworms and whipworms, hook to the inside of the intestine and sucks blood from the dog, causing anemia and possibly death.",CauseNet-cause.csv,,1,[],[],implicit,"[('hookworms', 'anemia'), ('hookworms', 'death')]",Yes
"Planning a war of aggression, high treason, treason, illegal disclosure of secrets, engaging in relations that endanger peace, child abuse causing death, sexual assault causing death, robbery causing death, arson causing death, abduction for the purpose of blackmailing causing death, taking hostages causing death, effecting a nuclear explosion causing death, effecting an explosion causing death, misuse of ionizing radiation causing death, attacking a driver for the purpose of committing a robbery causing death, and attacking air or sea traffic causing death.",CauseNet-cause.csv,,1,[],[],implicit,"[('explosion', 'death'), ('child_abuse', 'death'), ('arson', 'death'), ('robbery', 'death'), ('sexual_assault', 'death')]",Yes
"Male infertility is due to low sperm production,misshapen or immobile sperm, varicocele or blockages that prevent the delivery of sperm.Illnesses,injuries,chronic health problems,problems with erection and ejaculation,hormonal problems,genetic problem,lifestyle choices and other factors like environmental toxins and radiation can play a role in causing male infertility.",CauseNet-cause.csv,,1,[],['due to'],implicit,"[('varicocele', 'male_infertility'), ('immobile_sperm', 'male_infertility')]",Yes
Alzheimer's disease is a severe degenerative disorder causing memory loss and other cognitive deficits in roughly 10 percent of the elderly.,CauseNet-cause.csv,,1,[],[],implicit,"[('severe_degenerative_disorder', 'cognitive_deficits'), ('severe_degenerative_disorder', 'memory_loss')]",Yes
"These are mainly human papilloma virus (HPV) causing cervical carcinoma, and Epstein-Barr virus causing B cell lymphomas and nasopharyngeal carcinomas.",CauseNet-cause.csv,,1,[],[],implicit,"[('human_papilloma_virus', 'cervical_carcinoma'), ('epstein-barr_virus', 'nasopharyngeal_carcinomas'), ('epstein-barr_virus', 'b_cell_lymphomas')]",Yes
"All around Kenya, deforestation is causing biodiversity loss, soil erosion, deteriorating water quality, loss of fuel wood for home fires, and a variety of other environmental and social problems.",CauseNet-cause.csv,,1,[],[],implicit,"[('deforestation', 'soil_erosion'), ('deforestation', 'biodiversity_loss')]",Yes
"The most common vectors used in genetic engineering biotechnology are a chimaeric recombination of natural genetic parasites from different sources, including viruses causing cancers and other diseases in animals and plants, with their pathogenic functions 'crippled', and tagged with one or more antibiotic resistance 'marker' genes, so that cells transformed with the vector can be selected.",CauseNet-cause.csv,,1,[],[],implicit,"[('viruses', 'cancers'), ('viruses', 'diseases_in_animals')]",Yes
"Other spirits quickly learned this, too and used this ability to make mischief, causing computer crashes and errors which were attributed to viruses or programming errors.",CauseNet-cause.csv,,1,[],[],implicit,"[('viruses', 'computer_crashes'), ('viruses', 'errors'), ('programming_errors', 'errors')]",Yes
Equinyl Combo may help ease pain and inflammation associated with training and competition without causing gastrointestinal side effects.,CauseNet-cause.csv,,1,[],[],implicit,"[('training', 'pain'), ('competition', 'pain')]",Yes
"Organisms causing urinary tract infections and diarrhea such as Escherichia coli, Salmonella and Shigella have plasmids which produce a new dihydrofolate reductase that has a low affinity for trimethoprim and sulfonamides.",CauseNet-cause.csv,,1,[],[],implicit,"[('organisms', 'diarrhea'), ('organisms', 'urinary_tract_infections')]",Yes
"Secure outdoor objects such as lawn furniture that could blow away, causing damage or injury.",CauseNet-cause.csv,,1,[],[],implicit,"[('secure_outdoor_objects', 'damage'), ('secure_outdoor_objects', 'injury')]",Yes
"However, excess use and inefficient practices leads to nutrient over-enrichment, causing soil acidification and groundwater pollution, harmful algal blooms and dead zones in the sea, and loss of coral and sea grass cover.",CauseNet-cause.csv,,1,[],['leads to'],implicit,"[('excess_use', 'nutrient_over-enrichment'), ('inefficient_practices', 'nutrient_over-enrichment')]",Yes
"In order to take that step, scientists, doctors, and the government would have to be REALLY REALLY REALLY sure that the vaccines were causing ""autism, asthma, diabetes, allergies , cancer and so on.""",CauseNet-cause.csv,,1,[],[],implicit,"[('vaccines', 'autism'), ('vaccines', 'diabetes'), ('vaccines', 'cancer'), ('vaccines', 'asthma'), ('vaccines', 'allergies')]",Yes
"A classification that relates to the type of damage or related pathophysiology causing a painful neuropathy includes neuropathies associated with mechanical nerve injury such as carpal tunnel syndrome, vertebral disk herniation, entrapment neuropathies, ulnar neuropathy, and neurogenetic thoracic outlet syndrome; metabolic disease associated neuropathies such as diabetic polyneuropathy; neuropathies associated with neurotropic viral disease such as herpes zoster and human immunodeficiency virus (HIV) disease; neuropathies associated with neurotoxicity such as chemotherapy of cancer or tuberculosis, radiation therapy, drug-induced neuropathy, and alcoholic neuropathy; neuropathies associated with inflammatory and/or immunologic mechanisms such as multiple sclerosis, anti-sulfatide antibody neuropathies, neuropathy associated with monoclonal gammopathy, Sjogren's disease, lupus, vasculitic neuropathy, polyclonal inflammatory neuropathies, Guillain-Barre syndrome, chronic inflammatory demyelinating neuropathy, multifocal motor neuropathy, paraneoplastic autonomic neuropathy, ganlinoic acetylcholine receptor antibody autonomic neuropathy, Lambert-Eaton myasthenic syndrome and myasthenia gravis; neuropathies associated with nervous system focal ischemia such as thalamic syndrome (anesthesia dolorosa); neuropathies associated with multiple neurotransmitter system dysfunction such as complex regional pain syndrome (CRPS); neuropathies associated with chronic/neuropathic pain such as osteoarthritis, lower back pain, fibromyalgia, cancer bone pain, chronic stump pain, phantom limb pain, and paraneoplastic neuropathies; neuropathies associated with neuropathic pain including peripheral neuropathies such as postherpetic neuralgia, toxic neuropathies (e.g., exposure to chemicals such as exposure to acrylamide, 3-chlorophene, carbamates, carbon disulfide, ethylene oxide, n-hexane, methyl n-butylketone, methyl bromide, organophosphates, polychlorinated biphenyls, pyriminil, trichlorethylene, or dichloroacetylene), focal traumatic neuropathies, phantom and stump pain, monoradiculopathy, and trigeminal neuralgia; and central neuropathies including ischemic cerebrovascular injury (stroke), multiple sclerosis, spinal cord injury, Parkinson's disease, amyotrophic lateral sclerosis, syringomyelia, neoplasms, arachnoiditis, and post-operative pain; mixed neuropathies such as diabetic neuropathies (including symmetric polyneuropathies such as sensory or sensorimotor polyneuropathy, selective small-fiber polyneuropathy, and autonomic neuropathy; focal and multifocal neuropathies such as cranial neuropathy, limb mononeuropathy, trunk mononeuro-pathy, mononeuropathy multiplex, and asymmetric lower limb motor neuropathy) and sympathetically maintained pain.",CauseNet-cause.csv,,1,[],[],implicit,"[('disease', 'neuropathy'), ('neuropathic_pain', 'neuropathies')]",Yes
Many people have allergic reactions to these preservatives causing skin rashes and irritation.,CauseNet-cause.csv,,1,[],[],implicit,"[('allergic_reactions', 'skin_rashes'), ('allergic_reactions', 'irritation')]",Yes
"The course presents the concept of pathogenicity and virulence as they relate to disease causing bacteria, viruses, and fungi.",CauseNet-cause.csv,,1,[],[],implicit,"[('disease', 'bacteria'), ('disease', 'viruses'), ('disease', 'fungi')]",Yes
"""These bulges, called aneurysms, can burst or rupture causing severe internal bleeding, which can lead to shock and even death.",CauseNet-cause.csv,,1,[],['lead to'],implicit,"[('severe_internal_bleeding', 'death'), ('severe_internal_bleeding', 'shock')]",Yes
"As mentioned above the Crime (Sentences) Act 1997, implemented on October 1, 1997, required an automatic life sentence (unless there were exceptional circumstances) for a person age 18 or older convicted for the second time for a serious violent or sexual offense (including homicide, rape, assault causing grievous bodily harm and robbery involving the use of real or imitation firearms).",CauseNet-cause.csv,,1,[],[],implicit,"[('assault', 'grievous_bodily_harm'), ('assault', 'robbery')]",Yes
"This includes history of any episodes of important physical injury or trauma; sexual and reproductive history; and any history of neurologic disorders, allergies, drug sensitivities, and conditions causing pain and discomfort.",CauseNet-cause.csv,,1,[],[],implicit,"[('conditions', 'pain'), ('conditions', 'discomfort')]",Yes
These tests can help determine whether an infection or some other disorder might be causing the symptoms.,CauseNet-cause.csv,,1,[],[],implicit,"[('infection', 'symptoms'), ('disorder', 'symptoms')]",Yes
"In addition to the usual lies about abortion causing breast cancer, infertility or giving you AIDS (yes, I have actually heard people say that!)",CauseNet-cause.csv,,1,[],[],implicit,"[('abortion', 'breast_cancer'), ('abortion', 'infertility')]",Yes
"Increasing blood flow to the reproductive organs is the most important aspect of treating infertility when it comes to estrogen dominance causing blocked fallopian tubes, ovarian cysts, fibroids and endometriosis.",CauseNet-cause.csv,,1,[],[],implicit,"[('estrogen_dominance', 'ovarian_cysts'), ('estrogen_dominance', 'endometriosis'), ('estrogen_dominance', 'fibroids')]",Yes
"But really, the premise behind homeopathic remedies is that using a minimum dose of the medication, the body's on natural regulation and self-healing properties will fight off the disease or infection that is causing symptoms.",CauseNet-cause.csv,,1,[],[],implicit,"[('disease', 'symptoms'), ('infection', 'symptoms')]",Yes
"Bacteria can live in our mouth in the form of plaque, causing cavities and gingivitis, which can lead to periodontal (gum) disease.",CauseNet-cause.csv,,1,[],['lead to'],implicit,"[('gingivitis', 'disease'), ('cavities', 'disease')]",Yes
"That's what 2387A had become--an illness, a condition causing her considerable discomfort and worry.",CauseNet-cause.csv,,1,[],[],implicit,"[('condition', 'considerable_discomfort'), ('condition', 'worry')]",Yes
These areas are used to classify pain into two broad groups: conditions causing pain with extension and conditions causing pain with flexion.,CauseNet-cause.csv,,1,[],[],implicit,"[('conditions', 'pain'), ('extension', 'pain')]",Yes
"It's these other metabolic processes that are causing the weight loss, and the weight gain.""",CauseNet-cause.csv,,1,[],[],implicit,"[('metabolic_processes', 'weight_loss'), ('weight_gain', 'weight_loss')]",Yes
Resveratrol kills the acne causing bacteria and also does away with the redness generally associated with acne.,CauseNet-cause.csv,,1,[],[],implicit,"[('acne', 'bacteria'), ('acne', 'redness')]",Yes
"A syndrome due to the dengue virus that tends to affect children under 10, causing abdominal pain, hemorrhage (bleeding) and circulatory collapse (shock).",CauseNet-cause.csv,,1,[],['due to'],implicit,"[('syndrome', 'hemorrhage'), ('syndrome', 'abdominal_pain')]",Yes
"You'll hear from long-term survivors about such very real issues as quality of life, fear of relapse [5]Recurrence of the disease following treatment., physical health, fatigue, cognitive changes, sexuality, re-vaccination, emotional wellbeing; hepatitis [6]Disease of the liver causing inflammation which can lead to scarring of the liver.",CauseNet-cause.csv,,1,[],['lead to'],implicit,"[('inflammation', 'scarring_of_the_liver'), ('disease_of_the_liver', 'inflammation')]",Yes
His digestive tract was overgrown with disease causing bacteria and yeast.,CauseNet-cause.csv,,1,[],[],implicit,"[('disease', 'bacteria'), ('disease', 'yeast')]",Yes
"Droughts, floods and hurricanes are causing enormous damage and destruction of properties, and landscapes as well as poverty, despair and death to hundreds of thousands of people around the world.",CauseNet-cause.csv,,1,[],[],implicit,"[('floods', 'enormous_damage'), ('hurricanes', 'enormous_damage')]",Yes
"Unresolved emotional issues are also addressed during a Yoga Nidra session, by bringing up images and feelings that are causing pain, confusion, and anxiety, while letting these feelings, images, and experiences go.",CauseNet-cause.csv,,1,[],[],implicit,"[('feelings', 'anxiety'), ('feelings', 'pain'), ('feelings', 'confusion'), ('images', 'anxiety'), ('images', 'confusion')]",Yes
"(The Office of Child Abuse and Neglect, in the Children's Bureau, will participate pending the reauthorization of the Child Abuse Prevention and Treatment Act and the variety of diseases and conditions (e.g., through elevated exposure to toxins causing anemia, cancer, heart disease, poor immune functioning, and asthma; through inadequate health promoting behaviors--medical checkups, proper diet, etc.--needed to prevent disease or manage chronic disorder).",CauseNet-cause.csv,,1,[],[],implicit,"[('toxins', 'cancer'), ('toxins', 'asthma'), ('toxins', 'heart_disease'), ('toxins', 'anemia'), ('toxins', 'poor_immune_functioning')]",Yes
"Antiseptic and anti-plaque mouth rinse claims to kill the bacterial plaque causing caries, gingivitis, and bad breath.",CauseNet-cause.csv,,1,['claims'],[],implicit,"[('bacterial_plaque', 'gingivitis'), ('bacterial_plaque', 'bad_breath'), ('bacterial_plaque', 'caries')]",Yes
Initially trespass was any wrongful conduct directly causing injury or loss; in modern law trespass is an unauthorized entry upon land.,CauseNet-cause.csv,,1,[],[],implicit,"[('wrongful_conduct', 'loss'), ('wrongful_conduct', 'injury')]",Yes
Forgiving road conditions reduce the likelihood of collisions causing injury or death.,CauseNet-cause.csv,,1,[],[],implicit,"[('collisions', 'death'), ('collisions', 'injury')]",Yes
"When it is most severe, depression can lead to self-harm or even suicide, causing the death of your baby.",CauseNet-cause.csv,,1,[],['lead to'],implicit,"[('depression', 'suicide'), ('depression', 'self-harm')]",Yes
"In general we think of allergies causing congestion, asthma, skin rashes and such.",CauseNet-cause.csv,,1,[],[],implicit,"[('allergies', 'asthma'), ('allergies', 'congestion'), ('allergies', 'skin_rashes')]",Yes
"Unemployment, underemployment and difficulties obtaining professional work are causing depression, boredom, isolation and cynicism.",CauseNet-cause.csv,,1,[],[],implicit,"[('unemployment', 'depression'), ('unemployment', 'isolation'), ('underemployment', 'boredom')]",Yes
"The status of the Tibetan antelope meets all of the criteria under the Endangered Species Act required for an Endangered listing: 1) poaching of the antelope is causing critical overutilization of the species for commercial purposes; 2) existing national and international regulatory mechanisms are inadequate to protect the species, as demonstrated by increasing chiru poaching and international trade in shahtoosh; 3) Increased resource extraction, rangeland use, settlement and human-chiru conflict in Tibetan antelope habitat may lead to the adverse modification, curtailment and destruction of the chiru's range if present trends continue; 4) As populations decline, natural processes, such as disease, will begin to have a greater impact on smaller, more fragmented populations of chiru, and; 5) while Tibetan antelope populations are vulnerable to periodic snowstorms of catastrophic proportions, and have been for millennia, such catastrophic mortality may reduce the long-term persistence of a species that is in such precipitous decline.",CauseNet-cause.csv,,1,[],['lead to'],implicit,"[('rangeland_use', 'adverse_modification'), ('rangeland_use', 'curtailment'), ('rangeland_use', ""destruction_of_the_chiru_'s_range""), ('increased_resource_extraction', 'adverse_modification'), ('increased_resource_extraction', 'curtailment'), ('increased_resource_extraction', ""destruction_of_the_chiru_'s_range""), ('settlement', 'adverse_modification'), ('settlement', 'curtailment'), ('settlement', ""destruction_of_the_chiru_'s_range""), ('human-chiru_conflict_in_tibetan_antelope_habitat', 'adverse_modification'), ('human-chiru_conflict_in_tibetan_antelope_habitat', 'curtailment'), ('human-chiru_conflict_in_tibetan_antelope_habitat', ""destruction_of_the_chiru_'s_range"")]",Yes
"Weather has been causing flight delays and cancellations for as long as planes have been in the air, and when weather strikes the airlines have always been left scrambling, trying to alert passengers and help them make other arrangements.",CauseNet-cause.csv,,1,[],[],implicit,"[('weather', 'flight_delays'), ('weather', 'cancellations')]",Yes
"However, the Iraqi Kurds' political autonomy, demands, and ambitions are causing friction with Christian and other minorities in the north, with Prime Minister Nuri al-Maliki and other Arab leaders of Iraq, and with neighboring Turkey, and Iran.",CauseNet-cause.csv,,1,[],[],implicit,"[(""iraqi_kurds_'_political_autonomy"", 'friction_with_christian_and_other_minorities_in_the_north'), ('demands', 'friction_with_christian_and_other_minorities_in_the_north'), ('ambitions', 'friction_with_christian_and_other_minorities_in_the_north')]",Yes
"No optional startup software will load, helpful when a virus, spyware, or corrupted software program or hardware driver is causing problems in a normal startup mode.",CauseNet-cause.csv,,1,[],[],implicit,"[('virus', 'problems'), ('spyware', 'problems')]",Yes
Serious cases of E. coli can lead to Hemolytic Uremic Syndrome causing kidney failure and possibly death.,CauseNet-cause.csv,,1,[],['lead to'],implicit,"[('hemolytic_uremic_syndrome', 'kidney_failure'), ('hemolytic_uremic_syndrome', 'death')]",Yes
"Lyme disease can also affect the nervous system causing stiffness, headache, loss of muscle tone, and even paralysis.",CauseNet-cause.csv,,1,[],[],implicit,"[('nervous_system', 'paralysis'), ('nervous_system', 'headache')]",Yes
"Product liability cases can involve products such as toys, automobile design, household products, industrial machinery and equipment, farm machinery, products causing explosions or burns, aviation products, and medical devices to name just a few.",CauseNet-cause.csv,,1,[],[],implicit,"[('products', 'burns'), ('products', 'explosions')]",Yes
Subjects were asked to confirm symptoms of hypoglycemia with SMBG and were asked about episodes of severe hypoglycemia causing coma or seizure at each review.,CauseNet-cause.csv,,1,[],[],implicit,"[('severe_hypoglycemia', 'coma'), ('severe_hypoglycemia', 'seizure')]",Yes
"The verynature of the family structure is in a state of change causing confusion and insecurity (Duncan, 1992; Lewis, 1992; Wanat, 1992).",CauseNet-cause.csv,,1,[],[],implicit,"[('change', 'confusion'), ('change', 'insecurity')]",Yes
"Earth is warming up, global temperatures are climbing, pollution is causing global warming, violent weather, floods, earthquakes and storms.",CauseNet-cause.csv,,1,[],[],implicit,"[('pollution', 'global_warming'), ('pollution', 'storms')]",Yes
"Unlike healthy human cells that love oxygen, the disease causing viruses, bacteria, fungi, and parasites - including HIV & cancer virons, arthritis microbes, and others - like most primitive lower life forms, are almost all anaerobic .",CauseNet-cause.csv,,1,[],[],implicit,"[('disease', 'bacteria'), ('disease', 'viruses'), ('disease', 'fungi'), ('disease', 'parasites')]",Yes
Some industries are highly cyclical with an economic boom causing huge expansion and recession causing bankruptcy.,CauseNet-cause.csv,,1,[],[],implicit,"[('economic_boom', 'recession'), ('recession', 'bankruptcy')]",Yes
"It is important to remember that some disease causing viruses and bacteria are transmitted in the air and by you (clothing, equipment).",CauseNet-cause.csv,,1,[],[],implicit,"[('disease', 'bacteria'), ('disease', 'viruses')]",Yes
"Link to New York Statewide Transportation Plan The Oregon Transportation Plan (OTP) recognizes the impact of transportation on climate change in its trends and challenges: ""Transportation is causing global warming and other environmental degradation.""",CauseNet-cause.csv,,1,[],[],implicit,"[('transportation', 'global_warming'), ('transportation', 'environmental_degradation')]",Yes
Saccharin has been getting a bad rep for years as an artificial product potentially causing different health problems and other issues.,CauseNet-cause.csv,,1,[],[],implicit,"[('artificial_product', 'issues'), ('artificial_product', 'different_health_problems')]",Yes
"The greenhouse effect, causing global warming or climate change, is a phenomenon which affects us all.",CauseNet-cause.csv,,1,[],[],implicit,"[('greenhouse_effect', 'global_warming'), ('greenhouse_effect', 'climate_change')]",Yes
By August her pregnancy as well as her personality were causing more difficulties; Byron agreed to support the child but became more and more determined to have nothing to do with its mother.,CauseNet-cause.csv,,1,[],[],implicit,"[('pregnancy', 'difficulties'), ('personality', 'difficulties')]",Yes
"Herniated discs can sometimes put pressure on the sciatic nerve, causing a condition called sciatica, which leads to numbness, pain, or a tingling sensation in the legs.",CauseNet-cause.csv,,1,[],['leads to'],implicit,"[('condition', 'pain'), ('condition', 'numbness')]",Yes
ANNCR: A severe storm watch means there is an immediate possibility of high winds and torrential rain causing extensive damage and flooding.,CauseNet-cause.csv,,1,[],[],implicit,"[('high_winds', 'flooding'), ('high_winds', 'extensive_damage')]",Yes
"Serious cases of E. coli can lead to hemolytic uremic syndrome (HUS) causing kidney failure, hypertension, brain damage, heart problems, blindness and possibly death.",CauseNet-cause.csv,,1,[],['lead to'],implicit,"[('hemolytic_uremic_syndrome', 'kidney_failure'), ('hemolytic_uremic_syndrome', 'death'), ('hemolytic_uremic_syndrome', 'blindness'), ('hemolytic_uremic_syndrome', 'brain_damage'), ('hemolytic_uremic_syndrome', 'heart_problems')]",Yes
"The Cities for Climate Protection (CCP) (http://www.iclei.org/co2/co2.htm) is a campaign of the International Council for Local Environmental Initiatives (ICLEI), which encourages cities to reduce the pollution causing Global Warming and Climate Change, and related air pollutants.",CauseNet-cause.csv,,1,[],[],implicit,"[('pollution', 'global_warming'), ('pollution', 'climate_change')]",Yes
"Financially, the stress was causing anxiety attacks and migraines so severe I stayed in bed.",CauseNet-cause.csv,,1,[],[],implicit,"[('stress', 'migraines'), ('stress', 'anxiety_attacks')]",Yes
"However, the risk of a vaccine causing serious harm or death is extremely small.",CauseNet-cause.csv,,1,[],[],implicit,"[('vaccine', 'death'), ('vaccine', 'serious_harm')]",Yes
"Platelets in the blood can clump around the procedure site, causing clots that can lead to heart attack, stroke, and death.",CauseNet-cause.csv,,1,[],['lead to'],implicit,"[('clots', 'stroke'), ('clots', 'heart_attack'), ('clots', 'death')]",Yes
"Symptoms are due to the pressure of the tumor around the stomach and the actual abdomen, causing abdominal soreness, swelling, loss of desire for food, vomiting, breathing problems, anemia and tons of other symptoms.",CauseNet-cause.csv,,1,[],['due to'],implicit,"[('actual_abdomen', 'symptoms'), ('pressure_of_the_tumor_around_the_stomach', 'symptoms')]",Yes
"[ 2] Other toxins can be associated with tuberculosis, syphilis or other diseases due to microbes; excess hormone secretions; constipation: producing toxins in the gut; pathogenic bacteria: causing food to putrefy and produce toxins in the gut;[3] and emotional stress can be a large contributor of toxins in the body.",CauseNet-cause.csv,,1,[],['due to'],implicit,"[('toxins', 'diseases'), ('microbes', 'diseases')]",Yes
"Earthquakes and destructive storms, often causing injury and loss of life, are common.",CauseNet-cause.csv,,1,[],[],implicit,"[('earthquakes', 'loss_of_life'), ('earthquakes', 'injury')]",Yes
"The bacteria can travel throughout your body, causing inflammation or infections that may lead to heart disease, stroke, diabetes, or pneumonia.",CauseNet-cause.csv,,1,[],['lead to'],implicit,"[('inflammation', 'heart_disease'), ('inflammation', 'diabetes'), ('infections', 'pneumonia'), ('infections', 'heart_disease'), ('infections', 'diabetes'), ('infections', 'stroke'), ('inflammation', 'stroke'), ('inflammation', 'pneumonia')]",Yes
"As to vaccines causing death, again there are so few deaths that could plausibly be attributed to vaccines that it is hard to assess the risk statistically.",CauseNet-cause.csv,,1,[],[],implicit,"[('vaccines', 'death'), ('vaccines', 'deaths')]",Yes
"But, the above stated 'will become' is misleading: Climate change is already causing violence, conflict, and wars around the globe.",CauseNet-cause.csv,,1,[],[],implicit,"[('climate_change', 'conflict'), ('climate_change', 'violence')]",Yes
"Tobacco smoke is also an important source of indoor air pollution, contributing to a noxious environment, and causing eye irritation, sore throat, cough, and headache (http://tobacco.who.int/en/advocacy/wntd2001a.html).",CauseNet-cause.csv,,1,[],[],implicit,"[('tobacco_smoke', 'sore_throat'), ('tobacco_smoke', 'cough'), ('tobacco_smoke', 'eye_irritation'), ('tobacco_smoke', 'headache')]",Yes
Higher protaglandin levels increase uterine contractions causing cramps and pain.,CauseNet-cause.csv,,1,[],[],implicit,"[('uterine_contractions', 'pain'), ('uterine_contractions', 'cramps')]",Yes
"While conventional medicine focuses on treatments and diagnosis of pathogens causing any pain or illness, the health animal alternative medicine physical therapy aims attention to the diagnosis of the body itself and certain disparities that give rise to the disease.",CauseNet-cause.csv,,1,[],[],implicit,"[('pathogens', 'illness'), ('pathogens', 'pain')]",Yes
"These concepts present an excellent analogy of how all components of reality, including actions causing actions and reactions among other aspects within reality, are finite yet, as a whole, compose the infinite.",CauseNet-cause.csv,,1,[],[],implicit,"[('actions', 'reactions'), ('actions', 'actions')]",Yes
"Ear infections leads to various complications causing pain, infections, ear pressure etc.",CauseNet-cause.csv,,1,[],['leads to'],implicit,"[('complications', 'pain'), ('ear_infections', 'complications')]",Yes
"This is an opportunistic pathogen, a disease-producing microorganism and initiates infections causing urinary tract infections, dermatitis, bacteremia, soft tissue infections, respiratory system infections, and gastrointestinal infections.",CauseNet-cause.csv,,1,[],[],implicit,"[('infections', 'bacteremia'), ('infections', 'urinary_tract_infections'), ('infections', 'soft_tissue_infections')]",Yes
Your doctor may want you to have a urinalysis to make sure that a urinary tract infection or a kidney stone isn't causing your pain.,CauseNet-cause.csv,,1,[],[],implicit,"[('kidney_stone', 'pain'), ('urinary_tract_infection', 'pain')]",Yes
"Users can be subject to headache, blurred vision, palpitations, loss of coordination, dry mouth, low blood pressure causing dizziness and weakness, and ringing in the ears.",CauseNet-cause.csv,,1,[],[],implicit,"[('low_blood_pressure', 'dizziness'), ('low_blood_pressure', 'weakness')]",Yes
Nothing in this agreement limits or excludes either party's liability for fraud or for negligence causing death or personal injury.,CauseNet-cause.csv,,1,[],[],implicit,"[('negligence', 'death'), ('negligence', 'personal_injury')]",Yes
"leaving the scene of an accident causing death or injury, or a statutory summary suspension, that person shall be sentenced to a minimum fine of $1000 and a mandatory term of imprisonment of between 180 and 364 days or 120 days of community service.",CauseNet-cause.csv,,1,[],[],implicit,"[('accident', 'death'), ('accident', 'injury')]",Yes
"Obviously, one is there due to illness or surgery and therefore may have lingering symptoms, pain, and medications causing drowsiness or dizziness.",CauseNet-cause.csv,,1,[],"['due to', 'therefore']",implicit,"[('medications', 'drowsiness'), ('medications', 'dizziness')]",Yes
"By virtue of the Act, a business cannot use a contract term or a notice to exclude or restrict its liability for negligence causing death or personal injury.",CauseNet-cause.csv,,1,[],[],implicit,"[('negligence', 'death'), ('negligence', 'personal_injury')]",Yes
; questions[14]='Risk is~the chance of the hazard actually causing an injury or a disease.,CauseNet-cause.csv,,1,[],[],implicit,"[('hazard', 'injury'), ('hazard', 'disease')]",Yes
"A downturn in the economy and a rise in interest rates usually lead to a decline in demand for credit and loans, particularly mortgage loans, possibly causing layoffs.",CauseNet-cause.csv,,1,[],['lead to'],implicit,"[('downturn_in_the_economy', 'decline_in_demand_for_credit'), ('rise_in_interest_rates', 'decline_in_demand_for_credit')]",Yes
"Symptoms associated with milk allergy can affect the skin, causing rashes or hives; the digestive tract, causing bloating and diarrhea, and the respiratory system, causing runny nose and asthma.",CauseNet-cause.csv,,1,[],[],implicit,"[('milk_allergy', 'symptoms'), ('digestive_tract', 'diarrhea')]",Yes
"The storm brought high winds and heavy rains to much of Bangladesh, causing extensive damage.",CauseNet-cause.csv,,1,[],[],implicit,"[('storm', 'heavy_rains'), ('storm', 'high_winds')]",Yes
"In addition, plaque can rupture, causing blood clots that may lead to heart attack, stroke, or sudden death.",CauseNet-cause.csv,,1,[],['lead to'],implicit,"[('blood_clots', 'stroke'), ('blood_clots', 'heart_attack'), ('blood_clots', 'sudden_death')]",Yes
"This complicated world is filled with spirits and ghosts causing disease and depression, marked with elaborate rituals for important events, punctuated by crude justice, and entirely enmeshed in a web of human relationships quite unlike those of any other place.",CauseNet-cause.csv,,1,[],[],implicit,"[('spirits', 'disease'), ('spirits', 'depression')]",Yes
"Rabies is a fatal disease transmitted from animals to humans by a virus that attacks the central nervous system, causing convulsions, paralysis and finally death.",CauseNet-cause.csv,,1,[],[],implicit,"[('fatal_disease', 'death'), ('fatal_disease', 'convulsions')]",Yes
"[8] The storm, with 135 mph winds, hit Cuba on Sunday, November 4th, causing tremendous damage and 5 deaths.",CauseNet-cause.csv,,1,[],[],implicit,"[('storm', 'tremendous_damage'), ('storm', '5_deaths')]",Yes
The opposite is ischemia or lack of oxygen causing spasm and pain from restricted blood flow.,CauseNet-cause.csv,,1,[],[],implicit,"[('lack_of_oxygen', 'pain'), ('lack_of_oxygen', 'spasm')]",Yes
"In the treatment of anxiety, it is very important to determine whether some medical condition or substance abuse is causing the anxiety.",CauseNet-cause.csv,,1,[],[],implicit,"[('substance_abuse', 'anxiety'), ('medical_condition', 'anxiety')]",Yes
An accident causing injury or death is very common with this type of ATV.,CauseNet-cause.csv,,1,[],[],implicit,"[('accident', 'death'), ('accident', 'injury')]",Yes
"New arrivals to the primary aquarium should be isolated in a quarantine tank to help them recover from stress associated with transport and relocation; stress lowers the immune response of fish and allows disease causing organisms, which may be present in the main aquarium, to take advantage of their vulnerable condition.",CauseNet-cause.csv,,1,[],[],implicit,"[('relocation', 'stress'), ('transport', 'stress'), ('disease', 'organisms')]",Yes
"Fascial mobilization allows therapists to locate and address restrictions in the fascial system that are causing asymmetries, postural malalignment, abnormal tensions, and pressures that can lead to pain and dysfunction.",CauseNet-cause.csv,,1,[],['lead to'],implicit,"[('pressures', 'pain'), ('pressures', 'dysfunction')]",Yes
"The status of the Tibetan antelope meets all of the criteria under the Endangered Species Act required for an ""endangered"" listing: 1) Increased resource extraction, rangeland use, settlement and human-chiru conflict in Tibetan antelope habitat have led to the adverse modification, curtailment and destruction of the chiru's range; 2) poaching of the antelope is causing critical overutilization of the species for commercial purposes; 3) Tibetan antelope also face depletion though disease and predation; 4) existing national and international regulatory mechanisms are inadequate to protect the species, as demonstrated by increasing chiru poaching and international trade in shahtoosh, and; 5) Tibetan antelope populations are also vulnerable to periodically catastrophic snowstorms.",CauseNet-cause.csv,,1,[],['led to'],implicit,"[('rangeland_use', 'adverse_modification'), ('rangeland_use', 'curtailment'), ('rangeland_use', ""destruction_of_the_chiru_'s_range""), ('increased_resource_extraction', 'adverse_modification'), ('increased_resource_extraction', 'curtailment'), ('increased_resource_extraction', ""destruction_of_the_chiru_'s_range""), ('settlement', 'adverse_modification'), ('settlement', 'curtailment'), ('settlement', ""destruction_of_the_chiru_'s_range""), ('human-chiru_conflict_in_tibetan_antelope_habitat', 'adverse_modification'), ('human-chiru_conflict_in_tibetan_antelope_habitat', 'curtailment'), ('human-chiru_conflict_in_tibetan_antelope_habitat', ""destruction_of_the_chiru_'s_range"")]",Yes
"Contact dermatitis is due to irritants like soap, detergents, cosmetic products, along with allergy causing items like nickel and rubber.",CauseNet-cause.csv,,1,[],['due to'],implicit,"[('irritants', 'contact_dermatitis'), ('allergy', 'items')]",Yes
"In a little-heeded warning issued at a 2009 conference on the subject, experts outlined a range of mechanisms by which climate change could already be causing more earthquakes, tsunamis, and volcanic activity.",CauseNet-cause.csv,,1,[],[],implicit,"[('climate_change', 'tsunamis'), ('climate_change', 'earthquakes')]",Yes
"The organisms involved include pathogenic bacteria, causing diseases such as plague, tuberculosis and anthrax; protozoan parasites, causing diseases such as malaria, sleeping sickness, dysentery and toxoplasmosis; and also fungi causing diseases such as ringworm, candidiasis or histoplasmosis.",CauseNet-cause.csv,,1,[],[],implicit,"[('fungi', 'diseases'), ('protozoan_parasites', 'diseases')]",Yes
"The fact that this is possible suggests that it might be the body's response to HIV that is causing the damage, rather than the virus itself, Apparently the animal species that have been infected for some time have evolved to manage this kind of virus by learning to live with it rather than by eradicating it.",CauseNet-cause.csv,,1,[],[],implicit,"[('virus', 'damage'), ('hiv', 'damage')]",Yes
Pests come in two distinct categories: Animals that are really causing a problem and animals for which someone simply has a psychological distaste.,CauseNet-cause.csv,,1,[],[],implicit,"[('animals', 'problem'), ('animals', 'animals')]",Yes
Hazards commonly found in older homes are increasingly causing fires and fatalities in the US.,CauseNet-cause.csv,,1,[],[],implicit,"[('hazards', 'fatalities'), ('hazards', 'fires')]",Yes
You can also be charged with aggravated fleeing and eluding if you leave the scene of an accident causing serious injury or death having knowledge that you have been ordered to stop by a law enforcement officer.,CauseNet-cause.csv,,1,[],[],implicit,"[('accident', 'death'), ('accident', 'serious_injury')]",Yes
"He said that climate change is the greatest threat being faced by the planet today, with rising temperatures causing more droughts and floods.",CauseNet-cause.csv,,1,[],[],implicit,"[('rising_temperatures', 'droughts'), ('rising_temperatures', 'floods')]",Yes
"In most cases, the bacteria and viruses that are causing pneumonia cannot be identified.",CauseNet-cause.csv,,1,[],[],implicit,"[('bacteria', 'pneumonia'), ('viruses', 'pneumonia')]",Yes
"The grate protects the pavement from cracking when the temperature changes, causing expansion and contraction.",CauseNet-cause.csv,,1,[],[],implicit,"[('temperature_changes', 'expansion'), ('temperature_changes', 'contraction')]",Yes
Strangling is compression of the neck that leads to unconsciousness or death by causing an increasingly hypoxic state in the brain.,CauseNet-cause.csv,,1,[],['leads to'],implicit,"[('compression_of_the_neck', 'death'), ('compression_of_the_neck', 'unconsciousness')]",Yes
"Pressures, expectations and relationships in your life may be causing stress which is causing you to feel angry and frustrated.",CauseNet-cause.csv,,1,[],[],implicit,"[('expectations', 'stress'), ('pressures', 'stress')]",Yes
"While the availability of nutrients has been a driving force behind the green revolution and is a key part of delivering food security and sustainable development, excess use and inefficient practices can lead to nutrient over-enrichment, causing soil acidification, groundwater pollution, harmful algal blooms, aquatic hypoxia and the loss of key coastal ecosystems, such as coral and seagrass.",CauseNet-cause.csv,,1,[],['lead to'],implicit,"[('excess_use', 'nutrient_over-enrichment'), ('inefficient_practices', 'nutrient_over-enrichment')]",Yes
"Turtles around Florida and Hawaii are particularly afflicted by the tumors which can grow as large as a small bucket, destroying lungs, and kidneys, causing blindness and death.",CauseNet-cause.csv,,1,[],[],implicit,"[('kidneys', 'death'), ('kidneys', 'blindness')]",Yes
"This kills and eliminates disease causing viruses, bacteria, yeast and fungus, while oxygenating the blood.",CauseNet-cause.csv,,1,[],[],implicit,"[('disease', 'bacteria'), ('disease', 'viruses'), ('disease', 'fungus'), ('disease', 'yeast')]",Yes
There are also a substantial number of drivers who carry only minimum liability insurance and that have insufficient coverage to fully pay an accident claim where the driver is involved in an accident causing catastrophic injuries or death.,CauseNet-cause.csv,,1,['claim'],[],implicit,"[('accident', 'death'), ('accident', 'catastrophic_injuries')]",Yes
It corrects metabolic imbalances that were causing poor digestion and weight gain.,CauseNet-cause.csv,,1,[],[],implicit,"[('metabolic_imbalances', 'weight_gain'), ('metabolic_imbalances', 'poor_digestion')]",Yes
The immune system can't tell cat dander apart from disease causing bacteria and viruses.,CauseNet-cause.csv,,1,[],[],implicit,"[('disease', 'bacteria'), ('disease', 'viruses')]",Yes
"In test tube studies, the flavonoids of the licorice plant have been shown to kill Helicobacter pylori, the bacteria causing most ulcers and stomach inflammation.",CauseNet-cause.csv,,1,[],[],implicit,"[('bacteria', 'ulcers'), ('bacteria', 'stomach_inflammation')]",Yes
"The assault would be launched, at the government's discretion, after a big suicide bomb attack in Israel, causing widespread deaths and injuries, citing the bloodshed as justification.",CauseNet-cause.csv,,1,[],[],implicit,"[('big_suicide_bomb_attack_in_israel', 'injuries'), ('big_suicide_bomb_attack_in_israel', 'widespread_deaths')]",Yes
"In the heart attack situation, the heart is still pumping blood through the system, subject to blockage that may be causing chest pain, shortness of breath, or one of a whole array of symptoms.",CauseNet-cause.csv,,1,[],[],implicit,"[('blockage', 'chest_pain'), ('blockage', 'shortness_of_breath')]",Yes
"Primary dysmenorrhoea results from uterine contractions that occur normally during periods, whereas secondary dysmenorrhoea may be related to a medical condition, such as endometriosis (a condition in which the endometrium or the lining of the uterus, grows in areas outside the uterus) causing pain and infertility.",CauseNet-cause.csv,,1,[],[],implicit,"[('endometriosis', 'infertility'), ('endometriosis', 'pain')]",Yes
Household energy use contributes to the greenhouse gas emissions that are causing global warming and climate change.,CauseNet-cause.csv,,1,[],[],implicit,"[('greenhouse_gas_emissions', 'global_warming'), ('greenhouse_gas_emissions', 'climate_change')]",Yes
"She realized that Prohibition was causing corruption, hypocrisy, crime, violence and destroying the cherished principles of personal liberty and local self-government.",CauseNet-cause.csv,,1,[],[],implicit,"[('prohibition', 'crime'), ('prohibition', 'violence'), ('prohibition', 'corruption')]",Yes
Disease causing bacteria and viruses are eliminated.,CauseNet-cause.csv,,1,[],[],implicit,"[('disease', 'bacteria'), ('disease', 'viruses')]",Yes
"The rainfall led to flooding and mudslides, causing damage to thousands of houses.",CauseNet-cause.csv,,1,[],['led to'],implicit,"[('rainfall', 'flooding'), ('rainfall', 'mudslides')]",Yes
Magnolia bark also helps to reduce allergic and asthmatic reactions and inhibits bacteria causing caries and periodontitis.,CauseNet-cause.csv,,1,[],[],implicit,"[('bacteria', 'caries'), ('bacteria', 'periodontitis')]",Yes
"Landmines and unexploded ordnance litter the countryside in many areas, occasionally causing injuries and deaths.",CauseNet-cause.csv,,1,[],[],implicit,"[('landmines', 'deaths'), ('landmines', 'injuries')]",Yes
"This substance has been shown to be a highly effective immune stimulant, with activity against the viruses causing the flu, measles, and early stages of AIDS.",CauseNet-cause.csv,,1,[],[],implicit,"[('viruses', 'flu'), ('viruses', 'measles')]",Yes
"Before it gets to that stage, however, a course of antibiotics will often help to kill off the bacteria causing the infection and blockage so that they cannot multiply any more.",CauseNet-cause.csv,,1,[],[],implicit,"[('bacteria', 'infection'), ('bacteria', 'blockage')]",Yes
"Another form of child abuse involving babies is shaken baby syndrome, in which a frustrated caregiver shakes a baby roughly to make the baby stop crying, causing brain damage that often leads to severe neurological problems and even death.",CauseNet-cause.csv,,1,[],['leads to'],implicit,"[('brain_damage', 'death'), ('shaken_baby_syndrome', 'brain_damage')]",Yes
"Itaborts babies and is a teratogen causing birth defects and mental retardation: http://www.wnho.net/aspartame_murders_infants.htm It violates Title 18, of the domestic genocide law.",CauseNet-cause.csv,,1,[],[],implicit,"[('teratogen', 'birth_defects'), ('teratogen', 'mental_retardation')]",Yes
"People suffering with pain associated with joints and arthritis, lower or upper back, leg aches, muscles, necks, migraines and other chronic afflictions are willing to try almost anything to help ease their soreness, causing doctors, patients, therapists and scientists to invent new ways to treat their symptoms.",CauseNet-cause.csv,,1,[],[],implicit,"[('arthritis', 'pain'), ('joints', 'pain'), ('muscles', 'pain'), ('migraines', 'pain')]",Yes
Merchant said it is probably the body's response to the bacteria that is causing the damage that leads to ulcers and stomach cancer.,CauseNet-cause.csv,,1,[],['leads to'],implicit,"[('bacteria', 'damage'), ('damage', 'ulcers')]",Yes
"Not only are they filled with mercury causing a cleanup nightmare but they also emit cancer causing chemicals and toxins when turned on, including phenol, naphthalene and styrene a group of German scientists are reporting.",CauseNet-cause.csv,,1,[],[],implicit,"[('cancer', 'toxins'), ('cancer', 'chemicals')]",Yes
"This blood then cannot escape from the body so it bleeds directly onto the surface of the surrounding organs, causing irritation which leads to inflammation, scarring and, sometimes, the development of adhesions.",CauseNet-cause.csv,,1,[],['leads to'],implicit,"[('irritation', 'inflammation'), ('irritation', 'scarring')]",Yes
"The twisters within the counties of Allendale and Abbeville, rated EF2, and Aiken County, rated EF3, causing substantial damage and property loss.",CauseNet-cause.csv,,1,[],[],implicit,"[('twisters_within_the_counties_of_allendale', 'property_loss'), ('twisters_within_the_counties_of_allendale', 'substantial_damage')]",Yes
"Clinical syndromes associated with Listeria infection include febrile gastroenteritis, sepsis, meningitis, encephalitis, and infections causing spontaneous abortions, stillbirth, and neonatal disease.",CauseNet-cause.csv,,1,[],[],implicit,"[('infections', 'stillbirth'), ('infections', 'spontaneous_abortions')]",Yes
The most commonly used term is sexually transmitted disease (STD) specifically refers only to infections that are causing symptoms or problems.,CauseNet-cause.csv,,1,[],[],implicit,"[('infections', 'symptoms'), ('infections', 'problems')]",Yes
"These are all perversions, problems causing disaster and violence, aberrations causing calamity and chaos.",CauseNet-cause.csv,,1,[],[],implicit,"[('problems', 'violence'), ('problems', 'disaster')]",Yes
"For many of us, this debt is insurmountable and is causing family problems and feelings of hopelessness and even suicide.",CauseNet-cause.csv,,1,[],[],implicit,"[('debt', 'family_problems'), ('debt', 'feelings_of_hopelessness')]",Yes
Anxiety is causing insomnia and depression.,CauseNet-cause.csv,,1,[],[],implicit,"[('anxiety', 'insomnia'), ('anxiety', 'depression')]",Yes
HPV is a sexually transmitted disease (STD) causing genital warts and cancers.,CauseNet-cause.csv,,1,[],[],implicit,"[('sexually_transmitted_disease', 'genital_warts'), ('sexually_transmitted_disease', 'cancers')]",Yes
"Brake failures, unintended acceleration and numerous other faults causing damage, injury and deaths have plagued the various Toyota brands in the US, Europe as well as in other countries.",CauseNet-cause.csv,,1,[],[],implicit,"[('unintended_acceleration', 'deaths'), ('unintended_acceleration', 'injury')]",Yes
"It also controls & inhibits odor causing water-born bacteria, mold & other odor causing organisms on a variety of porous and semi-porous materials including: wood studding, sub floors, trim, lumber, tack strips, concrete and paneling.",CauseNet-cause.csv,,1,[],[],implicit,"[('odor', 'odor'), ('odor', 'mold')]",Yes
"May affect the brain or nervous system causing dizziness, headache, or nausea.",CauseNet-cause.csv,,1,[],[],implicit,"[('nervous_system', 'nausea'), ('nervous_system', 'headache')]",Yes
Individuals or family members should have access to information about a preventable medical error causing serious injury or death.,CauseNet-cause.csv,,1,[],[],implicit,"[('preventable_medical_error', 'serious_injury'), ('preventable_medical_error', 'death')]",Yes
"But regardless of whether you are right or wrong, our pollution is still causing respiratory problems, cancers, irritation and death.",CauseNet-cause.csv,,1,[],[],implicit,"[('pollution', 'death'), ('pollution', 'respiratory_problems'), ('pollution', 'cancers')]",Yes
"Cancer control strategies noted at the forum include improved nutrition; increased exercise; optional vaccination against Hepatitis B, a disease that often leads to liver cancer; optional vaccination against HPV, a virus causing cervical cancer; and appropriate and timely screenings for breast, cervical, colorectal and prostate cancers.",CauseNet-cause.csv,,1,[],['leads to'],implicit,"[('virus', 'cervical_cancer'), ('disease', 'liver_cancer')]",Yes
"In addition, the genetic material of the hepatitis B virus can insert itself into normal liver cells, causing mutations and excessive cell growth that can lead to cancer.",CauseNet-cause.csv,,1,[],['lead to'],implicit,"[('mutations', 'cancer'), ('excessive_cell_growth', 'cancer')]",Yes
As early as 1909 a German scientist suspected that the viruses causing chickenpox and shingles were one and the same.,CauseNet-cause.csv,,1,[],[],implicit,"[('viruses', 'chickenpox'), ('viruses', 'shingles')]",Yes
"These serious side effects are a result of the pill affecting coagulation, increasing the risk of blood clots causing DVTs (deep venous thrombosis), stroke and heart attacks.",CauseNet-cause.csv,,1,[],[],implicit,"[('blood_clots', 'stroke'), ('blood_clots', 'heart_attacks'), ('pill', 'serious_side_effects')]",Yes
"Exposure to MEK can affect the nervous system causing headaches, dizziness, fatigue, nausea and vomiting.",CauseNet-cause.csv,,1,[],[],implicit,"[('nervous_system', 'headaches'), ('nervous_system', 'nausea')]",Yes
"This means that indirect effects of a focal condition on disability mediated by a comorbid condition (eg, an effect of cancer on disability due to cancer causing depression and depression causing disability) are excluded from the simulation.",CauseNet-cause.csv,,1,[],['due to'],implicit,"[('depression', 'disability'), ('cancer', 'depression')]",Yes
"Unlike alcohol, marijuana is incapable of causing a fatal overdose, and its use is inversely associated with aggression and injury.",CauseNet-cause.csv,,1,[],[],implicit,"[('use', 'injury'), ('use', 'aggression')]",Yes
"The testosterone is causing the acne and facial hair, it's also notorious at causing an increase in visceral fat, see here and here.",CauseNet-cause.csv,,1,[],[],implicit,"[('testosterone', 'acne'), ('testosterone', 'facial_hair')]",Yes
"In 1997, approximately 74% of spousal assault incidents were classified as common assault, 14% of incidents were classified as either assault causing bodily harm or aggravated assault (Statistics Canada, 1999).",CauseNet-cause.csv,,1,[],[],implicit,"[('assault', 'bodily_harm'), ('assault', 'aggravated_assault')]",Yes
"We have addressed this issue and show that HSV-1, causing cold sores and encephalitis and HSV-2, causing urogenital tract infections, interact with chemokines.",CauseNet-cause.csv,,1,[],[],implicit,"[('hsv-1', 'cold_sores'), ('hsv-1', 'encephalitis')]",Yes
This procedure is performed when there are stones or inflammation in the gallbladder that is causing pain.,CauseNet-cause.csv,,1,[],[],implicit,"[('stones', 'pain'), ('inflammation_in_the_gallbladder', 'pain')]",Yes
"The therapy helps to relieve distress by discussing and expressing feelings, to help change attitudes, behaviours and habits that may be causing the depression.",CauseNet-cause.csv,,1,[],[],implicit,"[('behaviours', 'depression'), ('habits', 'depression')]",Yes
"Fascial mobilization allows therapists to locate and address restrictions in the fascial system which are causing asymmetries, postural malalignment, abnormal tensions, and pressures that can lead to pain and dysfunction.",CauseNet-cause.csv,,1,[],['lead to'],implicit,"[('pressures', 'pain'), ('pressures', 'dysfunction')]",Yes
It all started nearly four years ago from Glandular Fever; a viral infection causing a sore throat and fever.,CauseNet-cause.csv,,1,[],[],implicit,"[('viral_infection', 'fever'), ('viral_infection', 'sore_throat')]",Yes
"A number of factors are causing the fires in Southern California to rage: the region has received nine inches less rain than normal, and climate change has led to warmer days and longer fire seasons.",CauseNet-cause.csv,,1,[],['led to'],implicit,"[('climate_change', 'longer_fire_seasons'), ('climate_change', 'warmer_days')]",Yes
"Then the medication is causing more problems and symptoms, which again are treated with chemicals; until maybe one day somebody opens one's eyes and starts to quest this kind of 'help'.",CauseNet-cause.csv,,1,[],[],implicit,"[('medication', 'symptoms'), ('medication', 'problems')]",Yes
"These insects are causing damage and death to the Fraser fir, the mainstay of the Christmas tree industry, and hemlock, an important tree to the ornamental industry.",CauseNet-cause.csv,,1,[],[],implicit,"[('insects', 'damage'), ('insects', 'death')]",Yes
and these price controls have been causing shortages and hoarding.,CauseNet-cause.csv,,1,[],[],implicit,"[('price_controls', 'shortages'), ('price_controls', 'hoarding')]",Yes
What about cell phones causing brain cancer or tumors.,CauseNet-cause.csv,,1,[],[],implicit,"[('cell_phones', 'brain_cancer'), ('cell_phones', 'tumors')]",Yes
"Aspirin causing stomach bleeds, ulcers, and Reyes, has become accepted wisdom.",CauseNet-cause.csv,,1,[],[],implicit,"[('aspirin', 'ulcers'), ('aspirin', 'stomach_bleeds'), ('aspirin', 'reyes')]",Yes
"Then the medication is causing more problems and symptoms, that again are treated with chemicals; until maybe one day somebody who has suffered long enough, opens one's eyes and starts to quest this kind of 'help'.",CauseNet-cause.csv,,1,[],[],implicit,"[('medication', 'symptoms'), ('medication', 'problems')]",Yes
You may need other tests if an injury or disease may be causing your impotence .,CauseNet-cause.csv,,1,[],[],implicit,"[('disease', 'impotence'), ('injury', 'impotence')]",Yes
Climate change and other contributing human activities are now causing species extinction estimated to be about a thousand times the natural rate.,CauseNet-cause.csv,,1,[],[],implicit,"[('climate_change', 'species_extinction'), ('human_activities', 'species_extinction')]",Yes
"EMDR Eye Movement Desensitization and Reprocessing (Francine Shapiro) needs to be applied by an experienced EMDR practitioner who will enable us to come into contact with the traumatic event which is causing our fear, pain, guilt, self-rejection or other negative emotion.",CauseNet-cause.csv,,1,[],[],implicit,"[('traumatic_event', 'pain'), ('traumatic_event', 'fear')]",Yes
"As a diagnosis of exclusion, a diagnosis of primary polydipsia may be the result of elimination of the possibility of diseases causing similar signs and symptoms, such as diabetes insipidus.",CauseNet-cause.csv,,1,[],[],implicit,"[('diseases', 'symptoms'), ('diseases', 'similar_signs')]",Yes
"In addition, myelosuppression causing neutropenia and thrombocytopenia can also occur and be dose-limiting.",CauseNet-cause.csv,,1,[],[],implicit,"[('myelosuppression', 'neutropenia'), ('myelosuppression', 'thrombocytopenia')]",Yes
"Aloe vera is also known to produce about six different types of antiseptics that help kill many viruses causing diseases, molds, bacteria and funguses.",CauseNet-cause.csv,,1,[],[],implicit,"[('viruses', 'diseases'), ('viruses', 'bacteria')]",Yes
"Corn which we know is GMO'd - is causing allergies, disease and threatening the immune system of our pets.",CauseNet-cause.csv,,1,[],[],implicit,"[('corn', 'allergies'), ('corn', 'disease')]",Yes
Infections causing diarrhea and associated high mortality are among the most significant and well-described diseases of the Syrian hamster.,CauseNet-cause.csv,,1,[],[],implicit,"[('infections', 'diarrhea'), ('infections', 'high_mortality')]",Yes
"The fluid is then checked for bacteria, viruses and fungi that could be causing an infection.",CauseNet-cause.csv,,1,[],[],implicit,"[('bacteria', 'infection'), ('viruses', 'infection'), ('fungi', 'infection')]",Yes
"You can subscribed using the small form to the right ----> Inflammatory process is vital for protection against foreign pathogens; it helps protect body cells from being invaded by disease causing bacteria, virus, fungi or protozoa by activating killer cells and antibody producing cells.",CauseNet-cause.csv,,1,[],[],implicit,"[('disease', 'bacteria'), ('disease', 'virus'), ('disease', 'fungi')]",Yes
It is also effective in relieving inflammation causing joint aches and pains.,CauseNet-cause.csv,,1,[],[],implicit,"[('inflammation', 'pains'), ('inflammation', 'joint_aches')]",Yes
"Symptoms may include sadness loss of interest in activities you once enjoyed loss of energy, difficulty concentrating or making decisions, feelings of worthlessness or excessive guilt, insomnia or excessive sleep, a change in appetite causing weight loss or gain, or thoughts of death or suicide.",CauseNet-cause.csv,,1,[],[],implicit,"[('change_in_appetite', 'gain'), ('change_in_appetite', 'weight_loss')]",Yes
"One of his arguments is that public policy is heavily skewed by a form of ambulance-chasing, i.e. only taking action on road danger when there is evidence in the form of collisions causing death and serious injuries.",CauseNet-cause.csv,,1,[],[],implicit,"[('collisions', 'death'), ('collisions', 'serious_injuries')]",Yes
"A building's duct system can be a hiding place and incubator for common microorganisms such a odor causing bacteria, fungi, mold and mildew.",CauseNet-cause.csv,,1,[],[],implicit,"[('odor', 'bacteria'), ('odor', 'mold'), ('odor', 'mildew')]",Yes
"Today, worms and viruses are causing damage more quickly than those created in the past and are spreading to the most vulnerable of all systems - The computer systems of home users.",CauseNet-cause.csv,,1,[],[],implicit,"[('viruses', 'damage'), ('worms', 'damage')]",Yes
Actions causing death or victory could sometimes make LibraryMessages replacement go wrong: this is fixed.,CauseNet-cause.csv,,1,[],[],implicit,"[('actions', 'death'), ('actions', 'victory')]",Yes
"Certain poisons, medicines, and genetic diseases may lead to injury or loss of the Purkinje cells, causing symptoms that may simultaneously affect many functions of the cerebellum.",CauseNet-cause.csv,,1,[],['lead to'],implicit,"[('poisons', 'injury'), ('medicines', 'injury')]",Yes
"Certain foods and beverages, including chocolate, peppermint, fried or fatty foods, coffee, or alcoholic beverages, may weaken the lower esophageal sphincter (LES) causing reflux and heartburn.",CauseNet-cause.csv,,1,[],[],implicit,"[('lower_esophageal_sphincter', 'heartburn'), ('lower_esophageal_sphincter', 'reflux')]",Yes
"It compromises the lining of the mouth, stomach, and intestines, causing nausea, diarrhea, and lack of appetite, which lead to fatigue.",CauseNet-cause.csv,,1,[],['lead to'],implicit,"[('nausea', 'fatigue'), ('diarrhea', 'fatigue')]",Yes
Global warming is causing ocean warming and acidification.,CauseNet-cause.csv,,1,[],[],implicit,"[('global_warming', 'acidification'), ('global_warming', 'ocean_warming')]",Yes
"If your child is battling a chronic, pain causing condition or disease like cancer, muscular dystrophy or fibromyalgia the answer is a resounding yes for massage releases endorphins that reduce pain and heal the body.",CauseNet-cause.csv,,1,[],[],implicit,"[('pain', 'disease'), ('pain', 'condition')]",Yes
"In 5 to 15 percent of reported E. coli O157:H7 infections, the Shiga toxins enter the bloodstream, causing hemolytic uremic syndrome (HUS), which often leads to kidney failure and also can lead to anemia, internal bleeding, central nervous system disruption and stroke.",CauseNet-cause.csv,,1,[],"['leads to', 'lead to']",implicit,"[('hemolytic_uremic_syndrome', 'kidney_failure'), ('hemolytic_uremic_syndrome', 'stroke')]",Yes
"This creates lactic acid, which diffuses into the blood, causing muscle fatigue, soreness and loss of endurance.",CauseNet-cause.csv,,1,[],[],implicit,"[('lactic_acid', 'muscle_fatigue'), ('lactic_acid', 'soreness')]",Yes
"Free radicals can injure biological molecules, such as DNA, proteins and lipids, causing cell and tissue damage leading to aging and disease.",CauseNet-cause.csv,,1,[],['leading to'],implicit,"[('tissue_damage', 'disease'), ('tissue_damage', 'aging')]",Yes
"Man made contaminates include chemicals from industry, both urban and rural human and animal waste along with disease causing bacteria and viruses.",CauseNet-cause.csv,,1,[],[],implicit,"[('disease', 'bacteria'), ('disease', 'viruses')]",Yes
"We have alternatives to fossil fuel, and can stop the global warming that is causing hurricanes and tsunamis, but a lot of very wealthy, powerful people make a lot of money off fossil fuel.",CauseNet-cause.csv,,1,[],[],implicit,"[('global_warming', 'hurricanes'), ('global_warming', 'tsunamis')]",Yes
"The problems and pain experienced by women who have contracted a sexually transmitted disease (STD) often last for a long time, causing problems and pain for many years.",CauseNet-cause.csv,,1,[],[],implicit,"[('problems', 'problems'), ('problems', 'pain')]",Yes
"Infections of the urinary tract are also the most common source of bacteria causing sepsis, or infection of the bloodstream.",CauseNet-cause.csv,,1,[],[],implicit,"[('bacteria', 'sepsis'), ('bacteria', 'infection_of_the_bloodstream')]",Yes
"Hepatitis C virus (HCV) is an enveloped, positive-strand RNA virus that chronically infects over 170 million people, causing progressive liver disease that can lead to cirrhosis and hepatocellular carcinoma.",CauseNet-cause.csv,,1,[],['lead to'],implicit,"[('progressive_liver_disease', 'cirrhosis'), ('progressive_liver_disease', 'hepatocellular_carcinoma')]",Yes
Acne causing infections can be the result of a diet that includes junk food and other unhealthy foods.,CauseNet-cause.csv,,1,[],[],implicit,"[('diet', 'acne'), ('acne', 'infections')]",Yes
Research shows that cell phones and electronics harbor more infection causing germs and bacteria than commonly found in a public restroom or the bottom of your shoe.,CauseNet-cause.csv,,1,[],[],implicit,"[('infection', 'bacteria'), ('infection', 'germs')]",Yes
"Earthquakes, landslides, volcanic eruptions, and the impact of extraterrestrial bodies such as meteorites, can generate tsunamis which can rapidly and violently inundate coastlines, causing devastating property damage, injuries, and loss of life.",CauseNet-cause.csv,,1,[],[],implicit,"[('earthquakes', 'tsunamis'), ('volcanic_eruptions', 'tsunamis'), ('landslides', 'tsunamis')]",Yes
The Cowboys have admitted that one of the things that is killing their season is the penalties they are taking and the mental mistakes that are causing turnovers and big plays against them.,CauseNet-cause.csv,,1,[],[],implicit,"[('mental_mistakes', 'turnovers'), ('mental_mistakes', 'big_plays')]",Yes
"Cystic fibrosis (CF) is a common hereditary disease that affects the entire body, causing progressive disability and early death.",CauseNet-cause.csv,,1,[],[],implicit,"[('hereditary_disease', 'progressive_disability'), ('hereditary_disease', 'early_death')]",Yes
"Marietta has experience conducting trials involving allegations of drug trafficking, drug possession, property related offences such as theft and various forms of assault including sexual assault, assault causing bodily harm and aggravated assault.",CauseNet-cause.csv,,1,[],[],implicit,"[('assault', 'bodily_harm'), ('assault', 'aggravated_assault')]",Yes
"There have been very few case reports of infection by this microbe causing IE, bacteremia, meningitis, arthritis, localized abscesses, endovascular infections and septic shock (3).",CauseNet-cause.csv,,1,[],[],implicit,"[('infection', 'meningitis'), ('infection', 'septic_shock'), ('infection', 'arthritis'), ('infection', 'bacteremia')]",Yes
"The trypanosomes infect the blood of the vertebrate host, causing fever, weakness, and lethargy, which lead to weight loss and anemia; in some animals the disease is fatal unless treated.",CauseNet-cause.csv,,1,[],['lead to'],implicit,"[('weakness', 'anemia'), ('weakness', 'weight_loss')]",Yes
"At this point, he creates a hypothesis, such as: the CO2 increase is causing the warming and, further, the CO2 increase is the result of human activity and, therefore, human activity is causing the warming.",CauseNet-cause.csv,,1,[],['therefore'],implicit,"[('human_activity', 'warming'), ('co2_increase', 'warming')]",Yes
"If large breasts are causing you physical pain or discomfort, call Mercy Medical Group today to schedule a personal consultation with one of our specialized plastic surgeons.",CauseNet-cause.csv,,1,[],[],implicit,"[('large_breasts', 'discomfort'), ('large_breasts', 'physical_pain')]",Yes
An injury such as a car accident causing sudden movement can also trigger TMJ disorder.,CauseNet-cause.csv,,1,[],[],implicit,"[('car_accident', 'sudden_movement'), ('injury', 'tmj_disorder')]",Yes
"Then, the mother needs to spend one-on-one time with the daughter to understand her pain and fear that is causing her anger and cruelty.",CauseNet-cause.csv,,1,[],[],implicit,"[('fear', 'anger'), ('fear', 'cruelty')]",Yes
the toxins causing fatigue and depression is why this happens of course....,CauseNet-cause.csv,,1,[],[],implicit,"[('toxins', 'fatigue'), ('toxins', 'depression')]",Yes
"Carbon tetrachloride has anaesthetic properties affecting the central nervous system causing dizziness, vertigo, headache, depression, mental confusion and poor coordination.",CauseNet-cause.csv,,1,[],[],implicit,"[('central_nervous_system', 'dizziness'), ('central_nervous_system', 'headache'), ('central_nervous_system', 'vertigo')]",Yes
"&#65532; Typhoid: Bacterial disease causing fever, diarrhea, headache, enlargement of the spleen, and extreme physical exhaustion and collapse.",CauseNet-cause.csv,,1,[],[],implicit,"[('bacterial_disease', 'diarrhea'), ('bacterial_disease', 'fever'), ('bacterial_disease', 'headache')]",Yes
Fungal disease causing plant death and large damage occurring in Hokkaido and Kanto Dist.,CauseNet-cause.csv,,1,[],[],implicit,"[('fungal_disease', 'large_damage'), ('fungal_disease', 'plant_death')]",Yes
"Due to dryness, the vagina loses its acidic nature and this exposes vagina to many infections causing irritation and pain.",CauseNet-cause.csv,,1,[],['Due to'],implicit,"[('infections', 'pain'), ('infections', 'irritation')]",Yes
The best - and proven - bacteria fighter that combats the bacteria causing cavities and plaque - is Listerine.,CauseNet-cause.csv,,1,[],[],implicit,"[('bacteria', 'plaque'), ('bacteria', 'cavities')]",Yes
"In humans, cholinesterase inhibition can over stimulate the nervous system causing nausea, dizziness, confusion, and, at very high levels (e.g. accidents, major spills), respiratory paralysis and death.",CauseNet-cause.csv,,1,[],[],implicit,"[('nervous_system', 'death'), ('nervous_system', 'confusion'), ('nervous_system', 'nausea')]",Yes
"Parasites are in there absorbing the very nutrients you need, draining your energy, and possibly causing itching around the eyes, ears or anus, unexplained gas, sudden blurred vision, a burning sensation in the stomach, digestion difficulties, diarrhea, unexplained menstrual problems, sexual dysfunction, slower reflexes, heart pain, chronic fatigue and loss of appetite or overeating.",CauseNet-cause.csv,,1,[],[],implicit,"[('parasites', 'diarrhea'), ('parasites', 'loss_of_appetite'), ('parasites', 'chronic_fatigue')]",Yes
"Alcoholism, drug taking, unemployment may all be causing them problems.",CauseNet-cause.csv,,1,[],[],implicit,"[('alcoholism', 'problems'), ('unemployment', 'problems')]",Yes
This pair of investigative teams has developed a model that is based on infection causing inflammation and oxidative stress that alters blood flow and increases brain lactate.,CauseNet-cause.csv,,1,[],[],implicit,"[('infection', 'inflammation'), ('infection', 'oxidative_stress')]",Yes
"There are, however, good reasons to consider seeking a diagnosis, particularly if you feel that Asperger syndrome may be causing problems or distress.",CauseNet-cause.csv,,1,[],[],implicit,"[('asperger_syndrome', 'problems'), ('asperger_syndrome', 'distress')]",Yes
"Where the rainfall from those six days wasn't causing floods or mudslides, the majority of it was squandered.",CauseNet-cause.csv,,1,[],[],implicit,"[('rainfall', 'floods'), ('rainfall', 'mudslides')]",Yes
"Vitamin A deficiency, frequently causing night blindness and xerophthalmia, is a common occurrence among children in Kiribati.",CauseNet-cause.csv,,1,[],[],implicit,"[('vitamin_a_deficiency', 'night_blindness'), ('vitamin_a_deficiency', 'xerophthalmia')]",Yes
Alcohol was involved in 10% of all MVCs causing injury or death in 2004.,CauseNet-cause.csv,,1,[],[],implicit,"[('mvcs', 'death'), ('mvcs', 'injury')]",Yes
"Bacteremia may lead to sepsis or shock, causing a systemic illness with high fever, blood coagulation (thickening) and eventually organ failure.",CauseNet-cause.csv,,1,[],['lead to'],implicit,"[('bacteremia', 'sepsis'), ('bacteremia', 'shock')]",Yes
"The curb-side bus companies' low-cost focus may contribute to the high risk of crashes causing serious injury or death, especially in regard to their bus drivers.",CauseNet-cause.csv,,1,[],[],implicit,"[('crashes', 'death'), ('crashes', 'serious_injury')]",Yes
"If it is a vitamin B or iron deficiency that is causing the anemia, then oftentimes supplements can be taken which can, in turn, help alleviate the fatigue.",CauseNet-cause.csv,,1,[],[],implicit,"[('iron_deficiency', 'anemia'), ('vitamin_b', 'anemia')]",Yes
"Issues discussed include: uterine ruptures, unplanned transfers to intensive care units, unanticipated blood transfusions, other complications causing significant bleeding, hysterectomies, pulmonary emboli, seizures, primary infections and other complications.",CauseNet-cause.csv,,1,[],[],implicit,"[('complications', 'complications'), ('complications', 'seizures')]",Yes
"Glycolic acid is great for eliminating fine lines around the eyes, lip creases, Bacteria causing Acne, small to medium scars, sun spots, hyperpigmentation and many other blemishes associated with aged skin.",CauseNet-cause.csv,,1,[],[],implicit,"[('bacteria', 'acne'), ('bacteria', 'blemishes')]",Yes
"* Try to use the hours before bedtime for relaxation to help your mind and body to wind down * Have a warm bath just before you go to bed * If you are worried, anxious or depressed, talk about your feelings to someone you trust * If you have unresolved issues or problems that are causing stress, consult a counselor for help in making changes to your life.",CauseNet-cause.csv,,1,[],[],implicit,"[('problems', 'stress'), ('unresolved_issues', 'stress')]",Yes
I asked if she could have sinus problems and allergies that's causing the problems.,CauseNet-cause.csv,,1,[],[],implicit,"[('allergies', 'problems'), ('sinus_problems', 'problems')]",Yes
Your therapist may also slowly expose you to the situation that is causing the worry and tension.,CauseNet-cause.csv,,1,[],[],implicit,"[('situation', 'tension'), ('situation', 'worry')]",Yes
"My ankles, hips, and knees are causing me so much pain that I have to load up on anti-inflamatorys and vicodin just to get a 1 hour session in.",CauseNet-cause.csv,,1,[],[],implicit,"[('knees', 'pain'), ('hips', 'pain')]",Yes
"Most fruit, vegetables and cereals are sprayed with chemicals to prevent insects and micro-organisms causing rot and diseases, and with fertilizers to increase vegetable yields.",CauseNet-cause.csv,,1,[],[],implicit,"[('insects', 'diseases'), ('insects', 'rot')]",Yes
Control panels and web interfaces have been causing some controversy lately as Web.com claims that it holds patent rights to the hosting technology with its 19 patents.,CauseNet-cause.csv,,1,['claims'],[],implicit,"[('control_panels', 'controversy'), ('web_interfaces', 'controversy')]",Yes
"""It is a fact that motor insurance claims made by young male drivers cost more as they are more likely to be involved in serious accidents causing death and bodily injury.",CauseNet-cause.csv,,1,['claims'],[],implicit,"[('serious_accidents', 'death'), ('serious_accidents', 'bodily_injury')]",Yes
"Outside straw stacks were common and some made outside haystacks, but much feed would be lost due to rain causing mold and rot.",CauseNet-cause.csv,,1,[],['due to'],implicit,"[('rain', 'mold'), ('rain', 'rot')]",Yes
"For most people, psychotherapy is recommended to help resolve the psychological problems or stress that may be causing the insomnia.",CauseNet-cause.csv,,1,[],[],implicit,"[('stress', 'insomnia'), ('psychological_problems', 'insomnia')]",Yes
"Symptoms are a result of the pressure of the tumor on the stomach and the actual abdomen, causing abdominal soreness, swelling, loss of desire for foods, vomiting, breathing problems, anemia and a number of other signs or symptoms.",CauseNet-cause.csv,,1,[],[],implicit,"[('actual_abdomen', 'symptoms'), ('pressure_of_the_tumor_on_the_stomach', 'symptoms')]",Yes
"Improperly installed antennas may become unstable and fall, causing personal injury and property damage.",CauseNet-cause.csv,,1,[],[],implicit,"[('fall', 'personal_injury'), ('fall', 'property_damage')]",Yes
"Without this, small, island and least developed countries like Nepal would remain vulnerable to climate changes causing droughts, floods, rise of sea level causing coastal tragedies, fast melting Himalayan ice, fresh water shortage, shifting climate zones, ozone depletion and loss of rain forests and biodiversity.",CauseNet-cause.csv,,1,[],[],implicit,"[('climate_changes', 'floods'), ('climate_changes', 'droughts')]",Yes
"The clinical signs of CPV infection can mimic other diseases causing vomiting and diarrhea; consequently, the diagnosis of CPV is often a challenge for the veterinarian.",CauseNet-cause.csv,,1,[],['consequently'],implicit,"[('diseases', 'diarrhea'), ('diseases', 'vomiting')]",Yes
"Such animals may become obstacles for vehicles causing accidents, damage, fatalities, and most often the death of the animal.",CauseNet-cause.csv,,1,[],[],implicit,"[('vehicles', 'damage'), ('vehicles', 'accidents'), ('vehicles', 'fatalities')]",Yes
"After birth, brain damage causing cerebral palsy could occur from child abuse, pre-mature birth, viral infection or head injury.]",CauseNet-cause.csv,,1,[],[],implicit,"[('brain_damage', 'cerebral_palsy'), ('head_injury', 'brain_damage'), ('child_abuse', 'brain_damage')]",Yes
The elbow from time to time may experience trauma that leads to injury causing elbow pain.,CauseNet-cause.csv,,1,[],['leads to'],implicit,"[('trauma', 'injury'), ('injury', 'elbow_pain')]",Yes
"Thankfully, our doctor was able to alter her medications and reduce the inflammation that was causing her so much pain and discomfort, though a resection is still a possibility down the road.",CauseNet-cause.csv,,1,[],[],implicit,"[('inflammation', 'pain'), ('inflammation', 'discomfort')]",Yes
"Daily tongue scraping helps to decrease the amount of plaque-causing bacteria that can lead to bad breath, gum disease, and tooth decay.",CauseNet-cause.csv,,1,[],['lead to'],implicit,"[('plaque-causing_bacteria', 'gum_disease'), ('plaque-causing_bacteria', 'bad_breath')]",Yes
"Consequently, we have an obligation to develop treatments that will help those whose disease is causing suffering and disability and do so quickly.",CauseNet-cause.csv,,1,[],['Consequently'],implicit,"[('disease', 'disability'), ('disease', 'suffering')]",Yes
Accidents causing deaths or serious injuries fell by 36 percent.,CauseNet-cause.csv,,1,[],[],implicit,"[('accidents', 'deaths'), ('accidents', 'serious_injuries')]",Yes
"Their onboard computers could be programmed to seek out and destroy the plaque causing tooth decay, the virus causing AIDS, or the tumors associated with cancer.",CauseNet-cause.csv,,1,[],[],implicit,"[('virus', 'aids'), ('cancer', 'tumors')]",Yes
"Lyme disease can also affect the nervous system causing stiffness, headache, loss of muscle tone, and even paralysis....",CauseNet-cause.csv,,1,[],[],implicit,"[('nervous_system', 'paralysis'), ('nervous_system', 'headache')]",Yes
"CT blazed the trail in 1925 by its requirement that an owner of a vehicle involved in an accident causing death or personal injury, or property damages in excess of $100, had to prove ""financial responsibility to satisfy any claim for damages, by reason of personal injury, to, or death of, any person, of at least $10,000.""",CauseNet-cause.csv,,1,['claim'],[],implicit,"[('accident', 'death'), ('accident', 'personal_injury')]",Yes
This will assist the patient in understanding how the tumor is causing pain and complications.,CauseNet-cause.csv,,1,[],[],implicit,"[('tumor', 'pain'), ('tumor', 'complications')]",Yes
"If heavy metals are reduced, this will correct metabolic imbalances that were causing poor digestion and weight gain.",CauseNet-cause.csv,,1,[],[],implicit,"[('metabolic_imbalances', 'weight_gain'), ('metabolic_imbalances', 'poor_digestion')]",Yes
"Depression may lead to cognitive impairment and cardiovascular diseases, which in turn may lead to subtle brain impairment, thereby causing more depression and cognitive impairment.",CauseNet-cause.csv,,1,[],"['lead to', 'lead to']",implicit,"[('depression', 'cognitive_impairment'), ('depression', 'cardiovascular_diseases')]",Yes
"There has been an increase of nearly 150% in real-terms commodity prices, and each year 44 million people are driven into poverty by rising food prices, with food and water scarcity causing civil unrest and war.",CauseNet-cause.csv,,1,[],[],implicit,"[('food', 'war'), ('food', 'civil_unrest')]",Yes
"Once bacterial plaque penetrates into these pockets they become pathogenic (disease causing), and further inflammation and infection can lead to bone loss, tooth loosening, abscess formation and ultimately tooth loss.",CauseNet-cause.csv,,1,[],['lead to'],implicit,"[('infection', 'bone_loss'), ('inflammation', 'bone_loss'), ('infection', 'tooth_loss'), ('inflammation', 'tooth_loss'), ('infection', 'abscess_formation'), ('inflammation', 'abscess_formation')]",Yes
"Symptoms are due to the pressure of the tumor for the stomach and this abdomen, causing abdominal soreness, swelling, loss of appetite, vomiting, breathing problems, anemia and tons of other signs and symptoms.",CauseNet-cause.csv,,1,[],['due to'],implicit,"[('abdomen', 'symptoms'), ('pressure_of_the_tumor', 'symptoms')]",Yes
"Overall, the greatest benefit seems to come with a focus on positive thoughts and feelings about the situation causing pain, trauma or stress for individuals.",CauseNet-cause.csv,,1,[],[],implicit,"[('situation', 'stress'), ('situation', 'pain'), ('situation', 'trauma')]",Yes
An endoscopic discectomy is performed to remove a portion of a damaged disc that is causing pain and other symptoms.,CauseNet-cause.csv,,1,[],[],implicit,"[('damaged_disc', 'pain'), ('damaged_disc', 'symptoms')]",Yes
"After the accident/injury, if the injury is causing you pain or discomfort while you are at work, you can see a doctor to ask about a temporary leave of absence from work.",CauseNet-cause.csv,,1,[],[],implicit,"[('injury', 'pain'), ('injury', 'discomfort')]",Yes
"Rather it's written in a reader-friendly form by two people who frankly admit that technology is causing problems, headaches, worries, and fears for many people.",CauseNet-cause.csv,,1,[],[],implicit,"[('technology', 'problems'), ('technology', 'fears'), ('technology', 'headaches')]",Yes
"Tooth decay that is untreated can lead to pain and infection, causing difficulties in eating, speaking, and even learning and playing.",CauseNet-cause.csv,,1,[],['lead to'],implicit,"[('tooth_decay', 'pain'), ('tooth_decay', 'infection')]",Yes
"Neither of these should be confused with Benign Paroxysmal Positional Vertigo (BPPV), a disorder causing vertigo and dizziness due to crystals that become dislodged in the inner ear.",CauseNet-cause.csv,,1,[],['due to'],implicit,"[('disorder', 'dizziness'), ('disorder', 'vertigo')]",Yes
CONCLUSIONS: Continuous low-level heat wrap therapy was efficacious for the treatment of common conditions causing wrist pain and impairment.,CauseNet-cause.csv,,1,[],[],implicit,"[('conditions', 'impairment'), ('conditions', 'wrist_pain')]",Yes
I'd love feedback as this condition is causing me extreme anxiety and depression.,CauseNet-cause.csv,,1,[],[],implicit,"[('condition', 'depression'), ('condition', 'extreme_anxiety')]",Yes
Asthma is causing more hospitalization and deaths each year.,CauseNet-cause.csv,,1,[],[],implicit,"[('asthma', 'deaths'), ('asthma', 'hospitalization')]",Yes
"Using your BlackBerry smartphone while driving could put you and others at greater risk of an accident causing serious injury, death, or property loss.",CauseNet-cause.csv,,1,[],[],implicit,"[('accident', 'death'), ('accident', 'serious_injury'), ('accident', 'property_loss')]",Yes
"Whether it was someone's careless behavior or a defective product causing injuries or loss, our established and solid relationships with experts and specialists in accident reconstruction, medical care and life care planning help ensure that you receive the care and financial resources you need and deserve to move forward in life.",CauseNet-cause.csv,,1,[],[],implicit,"[('defective_product', 'injuries'), ('defective_product', 'loss')]",Yes
"The clinical signs of CPV infection can mimic other diseases causing vomiting and diarrhea; consequently, the diagnosis of CPV is sometimes a challenge for the veterinarian.",CauseNet-cause.csv,,1,[],['consequently'],implicit,"[('diseases', 'diarrhea'), ('diseases', 'vomiting')]",Yes
5) Rupture of the plaque causing a heart attack or sometimes death.,CauseNet-cause.csv,,1,[],[],implicit,"[('rupture_of_the_plaque', 'death'), ('rupture_of_the_plaque', 'heart_attack')]",Yes
There are two types of herpes: herpes simplex virus type 1 (HSV1) causing the cold sores or mouth sores and the herpes simplex type 2 (HSV2) causing the genital herpes.,CauseNet-cause.csv,,1,[],[],implicit,"[('herpes_simplex_virus_type_1', 'cold_sores'), ('cold_sores', 'genital_herpes')]",Yes
"They claimed that the water was causing cancer, miscarriages, deformities in babies, and asthma, and that the water had giardia.",CauseNet-cause.csv,,1,['claimed'],[],implicit,"[('water', 'cancer'), ('water', 'miscarriages')]",Yes
"The toxin, when ingested, affects the nervous system causing weakness and confusion.",CauseNet-cause.csv,,1,[],[],implicit,"[('nervous_system', 'confusion'), ('nervous_system', 'weakness')]",Yes
"In Question 6 of the draft, the term 'damage or disturbance causing harm or loss' is used; this phraseology would be useful in the body of the code.",CauseNet-cause.csv,,1,[],[],implicit,"[('disturbance', 'loss'), ('disturbance', 'harm')]",Yes
"Agriculture will also face consequences of climatic changes causing drought and spread of diseases to new areas of Europe and beyond, he said.",CauseNet-cause.csv,,1,[],[],implicit,"[('climatic_changes', 'drought'), ('climatic_changes', 'spread_of_diseases')]",Yes
"Symptoms are due to pressure of the tumor around the stomach and the actual abdomen, causing abdominal soreness, swelling, loss of appetite, vomiting, breathing problems, anemia and a bunch of other signs and symptoms.",CauseNet-cause.csv,,1,[],['due to'],implicit,"[('actual_abdomen', 'symptoms'), ('pressure_of_the_tumor_around_the_stomach', 'symptoms')]",Yes
It increases the heart rate causing chest pain and myocardial infarction.,CauseNet-cause.csv,,1,[],[],implicit,"[('heart_rate', 'myocardial_infarction'), ('heart_rate', 'chest_pain')]",Yes
"Amongst other things, my client was charged with domestic violence causing serious bodily injury, assault with a deadly weapon causing serious bodily injury, assault with a semiautomatic firearm, and grossly negligent discharge of a firearm.",CauseNet-cause.csv,,1,[],[],implicit,"[('deadly_weapon', 'serious_bodily_injury'), ('domestic_violence', 'serious_bodily_injury')]",Yes
The disease is causing the pain and the disease is doing the killing.,CauseNet-cause.csv,,1,[],[],implicit,"[('disease', 'pain'), ('disease', 'disease')]",Yes
"(Read about ""Dust Allergies"" ""Animal Dander"") The body forms antibodies in response to the allergen and this immune system reaction prompts inflammation causing airway narrowing and other symptoms.",CauseNet-cause.csv,,1,[],[],implicit,"[('inflammation', 'symptoms'), ('inflammation', 'airway_narrowing')]",Yes
"Other pathogens causing the outbreaks associated with these foods include Campylobacter, Scombrotoxin, Norovirus, and Vibrio.",CauseNet-cause.csv,,1,[],[],implicit,"[('pathogens', 'outbreaks'), ('foods', 'outbreaks')]",Yes
"A complete physical examination including x-rays will be performed to identify any inflammation, sensitivity, misalignments, or damage that may be causing the pain.",CauseNet-cause.csv,,1,[],[],implicit,"[('inflammation', 'pain'), ('damage', 'pain'), ('misalignments', 'pain'), ('sensitivity', 'pain')]",Yes
Any accident causing serious injury or death should be assessed by an experienced injury attorney.,CauseNet-cause.csv,,1,[],[],implicit,"[('accident', 'death'), ('accident', 'serious_injury')]",Yes
"Global warming is causing the increased frequency and severity of extreme weather events such as droughts, floods and hurricanes.",CauseNet-cause.csv,,1,[],[],implicit,"[('global_warming', 'increased_frequency'), ('global_warming', 'severity_of_extreme_weather_events')]",Yes
"They said the tumor was causing calcification that would spread to the eye, causing blindness, and then to the brain, and eventually causing death.",CauseNet-cause.csv,,1,[],[],implicit,"[('tumor', 'death'), ('tumor', 'blindness')]",Yes
"The law of averages dictates that where there is speeding, there is a greater potential for crashes causing fatality and serious injury.",CauseNet-cause.csv,,1,[],[],implicit,"[('crashes', 'serious_injury'), ('crashes', 'fatality')]",Yes
This bite was causing jaw problems and pain.,CauseNet-cause.csv,,1,[],[],implicit,"[('bite', 'pain'), ('bite', 'jaw_problems')]",Yes
"Antioxidants are thought to prevent free radicals, which are incomplete cells that attack healthy cells, causing damage that can lead to certain diseases, especially cancer and heart disease.",CauseNet-cause.csv,,1,[],['lead to'],implicit,"[('free_radicals', 'damage'), ('damage', 'diseases')]",Yes
"Their droppings can contain a variety of disease causing bacteria, fungi, and nematodes.",CauseNet-cause.csv,,1,[],[],implicit,"[('disease', 'bacteria'), ('disease', 'fungi')]",Yes
"If depression or anxiety is causing a problem, or if you seem overwhelmed with worries about one thing or another, take the advice above to heart.",CauseNet-cause.csv,,1,[],[],implicit,"[('anxiety', 'problem'), ('depression', 'problem')]",Yes
"They said, well, what they hit on, they said, we hit upon the idea of claiming that the people were destroying the planet, and that man was causing climate change and global warming, they said, that would fit the bill.",CauseNet-cause.csv,,1,['claiming'],[],implicit,"[('man', 'global_warming'), ('man', 'climate_change')]",Yes
"They are a result of four factors: overuse (also, under-recovery) causing breakdown and inflammation at the structure, joint immobility and compensation at other joints, poor movement patterns leading to improper stress on tissues, and muscular weakness.",CauseNet-cause.csv,,1,[],['leading to'],implicit,"[('overuse', 'inflammation'), ('overuse', 'breakdown')]",Yes
"The storms brought extensive hail, strong winds and heavy rain, causing extensive damage to vehicles, property and trees, and flash flooding.",CauseNet-cause.csv,,1,[],[],implicit,"[('storms', 'strong_winds'), ('storms', 'heavy_rain')]",Yes
"If you are into body building exercises, you might need heartburn relief from a prescription medication if you have heartburn associated with your esophagus or other medical problem that is causing heartburn.",CauseNet-cause.csv,,1,[],[],implicit,"[('esophagus', 'heartburn'), ('medical_problem', 'heartburn')]",Yes
Description Heidi Hollyhead offers a range of holistic therapies to relax the body and clear the mind removing any stress and tension that may be causing a condition or ailment.,CauseNet-cause.csv,,1,[],[],implicit,"[('stress', 'condition'), ('stress', 'ailment'), ('tension', 'condition')]",Yes
"First, we had to identify the unsafe acts and unsafe conditions that were causing accidents.",CauseNet-cause.csv,,1,[],[],implicit,"[('unsafe_acts', 'accidents'), ('unsafe_conditions', 'accidents')]",Yes
"The threat is due to escapes of germs, toxics and drugs that are causing many problems now including the setting by EPA of limits on several drugs now showing up in drinking water.",CauseNet-cause.csv,,1,[],['due to'],implicit,"[('drugs', 'problems'), ('toxics', 'problems')]",Yes
"NOT RECOMMENDED The job significantly overran, there were numerous mistakes causing flooding, delay and damage.",CauseNet-cause.csv,,1,[],[],implicit,"[('mistakes', 'damage'), ('mistakes', 'delay'), ('mistakes', 'flooding')]",Yes
"Covers your legal liability for accidents causing injury, loss or damage to members of the public and also usually to domestic employees.",CauseNet-cause.csv,,1,[],[],implicit,"[('accidents', 'injury'), ('accidents', 'loss')]",Yes
I don't recommend it unless the fibroids are causing pain or excessive bleeding.,CauseNet-cause.csv,,1,[],[],implicit,"[('fibroids', 'pain'), ('fibroids', 'excessive_bleeding')]",Yes
"Severe, painful eye infections causing vision loss or blindness can occur.",CauseNet-cause.csv,,1,[],[],implicit,"[('painful_eye_infections', 'blindness'), ('painful_eye_infections', 'vision_loss')]",Yes
If anxiety and stress is causing severe depression than antidepressants may be considered.,CauseNet-cause.csv,,1,[],[],implicit,"[('stress', 'severe_depression'), ('anxiety', 'severe_depression')]",Yes
"Microban protection inhibits the growth of microbes such as odor causing bacteria, mold and mildew.",CauseNet-cause.csv,,1,[],[],implicit,"[('odor', 'bacteria'), ('odor', 'mold'), ('odor', 'mildew')]",Yes
Poor decision-making and lack of planning during the restructuring of both departments had already been causing problems.,CauseNet-cause.csv,,1,[],[],implicit,"[('lack_of_planning', 'problems'), ('poor_decision-making', 'problems')]",Yes
Bacterial infections causing diarrhea and associated high mortality are among the most important and well-described diseases of the Syrian hamster.,CauseNet-cause.csv,,1,[],[],implicit,"[('bacterial_infections', 'diarrhea'), ('bacterial_infections', 'high_mortality')]",Yes
"For biofuels, it is becoming apparent that monocultures, pesticides and displacement mechanisms on the fields of poorer countries are causing more problems than technology is able to solve.",CauseNet-cause.csv,,1,[],[],implicit,"[('pesticides', 'problems'), ('monocultures', 'problems')]",Yes
"In Illinois, high winds and storms were causing delays and cancellations at airports.",CauseNet-cause.csv,,1,[],[],implicit,"[('storms', 'delays'), ('high_winds', 'delays')]",Yes
There is always swelling and redness in the anal area due to the hemorrhoids causing irritation and itching.,CauseNet-cause.csv,,1,[],['due to'],implicit,"[('hemorrhoids', 'irritation'), ('hemorrhoids', 'itching')]",Yes
"Disease causing viruses and bacteria are still circulating, either at low levels in the United States or elsewhere in the world.",CauseNet-cause.csv,,1,[],[],implicit,"[('disease', 'bacteria'), ('disease', 'viruses')]",Yes
"Additionally, residual effects of the disease may include nerve and vascular damage causing pain or numbness in the extremities and/or vision deterioration.",CauseNet-cause.csv,,1,[],[],implicit,"[('nerve', 'pain'), ('nerve', 'numbness')]",Yes
A common myth among local Utah residents is that one of these Wild Mouse coasters has had one or more severe accidents causing injury or death.,CauseNet-cause.csv,,1,[],[],implicit,"[('severe_accidents', 'death'), ('severe_accidents', 'injury')]",Yes
"There have been reports of accidents causing injury or loss of life, thereby supporting the point, to always be extremely careful when handling machinery.",CauseNet-cause.csv,,1,[],[],implicit,"[('accidents', 'injury'), ('accidents', 'loss_of_life')]",Yes
"Weather patterns are causing floods, droughts, and famine.",CauseNet-cause.csv,,1,[],[],implicit,"[('weather_patterns', 'floods'), ('weather_patterns', 'droughts')]",Yes
"Some scientists believe global warming is already causing death and disease across the world through flooding, environmental destruction, heat waves and other extreme weather events.",CauseNet-cause.csv,,1,['believe'],[],implicit,"[('global_warming', 'disease'), ('global_warming', 'death')]",Yes
"Following violent conflict, explosive remnants of war (ERW) contamination remains a threat to health causing death and injury.",CauseNet-cause.csv,,1,[],[],implicit,"[('health', 'injury'), ('health', 'death')]",Yes
"She was charged in a Kwun Tong court of grievous bodily harm, assault causing actual bodily harm, common assault, and four counts of criminal intimidation.",CauseNet-cause.csv,,1,[],[],implicit,"[('assault', 'actual_bodily_harm'), ('assault', 'common_assault')]",Yes
"Those related to vasculitis directly include things such as stroke, heart attacks, nerve damage causing weakness, lung damage causing shortness of breath and cough, and kidney damage that may lead to swelling of the legs and dialysis.",CauseNet-cause.csv,,1,[],['lead to'],implicit,"[('nerve_damage', 'weakness'), ('lung_damage', 'shortness_of_breath')]",Yes
"During the late 1960s when it came to light that the pill was causing blood clots leading to heart attack, stroke, pulmonary embolism, and death, Congress enacted laws requiring patient packet inserts for all drugs to ensure patients were informed about the risks that accompany medications.",CauseNet-cause.csv,,1,[],['leading to'],implicit,"[('blood_clots', 'stroke'), ('blood_clots', 'pulmonary_embolism'), ('blood_clots', 'death'), ('blood_clots', 'heart_attack')]",Yes
"To eliminate the problem, you have to apply something to treat the odor and help eliminate the odor causing bacteria and mold.",CauseNet-cause.csv,,1,[],[],implicit,"[('odor', 'bacteria'), ('odor', 'mold')]",Yes
They believed witches were causing death and destruction.,CauseNet-cause.csv,,1,['believed'],[],implicit,"[('witches', 'death'), ('witches', 'destruction')]",Yes
"Having represented thousands of personal injury claims in our over 20 years of practice, we help injured clients hurt in all types of accidents, including car accidents, motorcycle collisions, and other serious accidents causing personal injury or wrongful death.",CauseNet-cause.csv,,1,['claims'],[],implicit,"[('serious_accidents', 'wrongful_death'), ('serious_accidents', 'personal_injury')]",Yes
"They lie about abortion being unsafe, and about abortion causing breast cancer and depression.",CauseNet-cause.csv,,1,[],[],implicit,"[('abortion', 'depression'), ('abortion', 'breast_cancer')]",Yes
"In the course of these meetings, it has become obvious that we share common interests in endemic infections -- diseases that are already here, causing illness and death, and whose biology we already understand reasonably well.",CauseNet-cause.csv,,1,[],[],implicit,"[('diseases', 'death'), ('diseases', 'illness')]",Yes
Abstract: More than two decades of international negotiations have failed to stem emissions of greenhouse gases that are causing global warming and climate change.,CauseNet-cause.csv,,1,[],[],implicit,"[('emissions_of_greenhouse_gases', 'global_warming'), ('emissions_of_greenhouse_gases', 'climate_change')]",Yes
"KAI-9803 targets a specific PKC isozyme, delta-PKC, which has been found to activate a cascade of events causing cell injury and death during reperfusion injury.",CauseNet-cause.csv,,1,[],[],implicit,"[('cascade_of_events', 'death'), ('cascade_of_events', 'cell_injury')]",Yes
Many accidents causing injury and death occurred on the conventional side.,CauseNet-cause.csv,,1,[],[],implicit,"[('accidents', 'death'), ('accidents', 'injury')]",Yes
"We say it is poverty, crime, social ills and lack of evolutionary refinement that is causing all our problems.",CauseNet-cause.csv,,1,[],[],implicit,"[('poverty', 'problems'), ('crime', 'problems'), ('social_ills', 'problems')]",Yes
"Some 10 percent to 30 percent of patients with psoriasis develop psoriatic arthritis, which occurs when inflammation attacks the joints, causing pain and disability.",CauseNet-cause.csv,,1,[],[],implicit,"[('psoriatic_arthritis', 'pain'), ('psoriatic_arthritis', 'disability')]",Yes
"( There are countless stories of vaccinations causing death, seizures, and other permanent injuries.",CauseNet-cause.csv,,1,[],[],implicit,"[('vaccinations', 'death'), ('vaccinations', 'seizures'), ('vaccinations', 'permanent_injuries')]",Yes
"Osteoporotic vertebral fractures may be treated with rest, rigid back braces that support the spine, ice and heat, pain medications or surgeries such as kyphoplasty or vertebroplasty when the fracture is causing severe pain and deformity and has failed to respond to non-surgical care.",CauseNet-cause.csv,,1,[],[],implicit,"[('fracture', 'severe_pain'), ('fracture', 'deformity')]",Yes
"Similar to the flu, impurities stimulate an immune response causing muscle soreness, headache, weakness, and nausea.",CauseNet-cause.csv,,1,[],[],implicit,"[('immune_response', 'weakness'), ('immune_response', 'headache')]",Yes
"Sec., Medicare, unemployment, and Medicaid are causing deficits and losses of jobs.",CauseNet-cause.csv,,1,[],[],implicit,"[('medicare', 'deficits'), ('unemployment', 'deficits')]",Yes
"Focus includes disease causing bacteria, viruses, protozoa, and fungi.",CauseNet-cause.csv,,1,[],[],implicit,"[('disease', 'bacteria'), ('disease', 'viruses'), ('disease', 'fungi')]",Yes
"There may be a risk of a drop in blood pressure causing dizziness or fainting if this medicine is taken with any of the following, which also decrease blood pressure: - alcohol - medicines to treat high blood pressure (antihypertensives), eg beta-blockers, ACE inhibitors, alpha-blockers, diuretics, calcium-channel blockers - tricyclic antidepressants, eg amitriptyline - MAOI antidepressants, eg phenelzine - certain antipsychotic medicines - baclofen - sublingual apomorphine (Uprima).",CauseNet-cause.csv,,1,[],[],implicit,"[('drop_in_blood_pressure', 'dizziness'), ('drop_in_blood_pressure', 'fainting')]",Yes
"Dental research has shown that daily tongue cleaning decreases the amount of odor- and plaque-causing bacteria that can lead to bad breath, gum disease and tooth decay.",CauseNet-cause.csv,,1,[],['lead to'],implicit,"[('plaque-causing_bacteria', 'gum_disease'), ('plaque-causing_bacteria', 'bad_breath')]",Yes
"""I wish to live in the locations of my choice, in a physically healthy, uninjured, and apparently normal version of my current body containing my current mental state, a body which will heal from all injuries at a rate three sigmas faster than the average given the medical technology available to me, and which will be protected from any diseases, injuries or illnesses causing disability, pain, or degraded functionality or any sense, organ, or bodily function for more than ten days consecutively or fifteen days in any year..."" In Disguised Queries, I talked about a classification task of ""bleggs"" and ""rubes"".",CauseNet-cause.csv,,1,[],[],implicit,"[('illnesses', 'disability'), ('illnesses', 'pain')]",Yes
"Most doctors define fibromyalgia or FMS as a chronic condition causing pain, stiffness, and tenderness of the muscles, tendons, and joints of the neck, shoulders, chest, back, hips, knees and elbows.",CauseNet-cause.csv,,1,[],[],implicit,"[('chronic_condition', 'pain'), ('chronic_condition', 'stiffness'), ('chronic_condition', 'tenderness_of_the_muscles')]",Yes
"It may seem odd to talk of genera causing species, and premises causing conclusions to a syllogism.",CauseNet-cause.csv,,1,[],[],implicit,"[('genera', 'species'), ('premises', 'conclusions')]",Yes
"Similar impact was reported in Puerto Rico, with heavy precipitation causing flooding and mudslides.",CauseNet-cause.csv,,1,[],[],implicit,"[('heavy_precipitation', 'flooding'), ('heavy_precipitation', 'mudslides')]",Yes
"Harley Davidson is recalling the 2009/2010 Touring, CVO and Trike Motorcycles due to a hazard where fuel tanks may leak after a crash causing fire, injuries or fatalities.",CauseNet-cause.csv,,1,[],['due to'],implicit,"[('crash', 'injuries'), ('crash', 'fire'), ('crash', 'fatalities')]",Yes
"Free radicals and calcium spread, causing cell death and tissue damage.",CauseNet-cause.csv,,1,[],[],implicit,"[('free_radicals', 'tissue_damage'), ('free_radicals', 'cell_death')]",Yes
"If you have cystic acne or acne that is causing scars, you may be prescribed Accutane (isotretinoin).",CauseNet-cause.csv,,1,[],[],implicit,"[('acne', 'scars'), ('cystic_acne', 'scars')]",Yes
Incomplete digestion of insulin fragments may lead toward hyperinsulinemia and zinc deficiency causing insulin resistance and diabetes.,CauseNet-cause.csv,,1,[],[],implicit,"[('hyperinsulinemia', 'insulin_resistance'), ('hyperinsulinemia', 'diabetes')]",Yes
"The impacts of polluted water are far-reaching, causing the deaths of 25 million people each year, three-fifths of them children.22 Half of all people in developing countries suffer from diseases associated with poor water supply and sanitation.23 Diarrhea, a disease associated with polluted water, kills six million children each year in developing countries, and contributes to the deaths of up to 18 million people.24 At the beginning of the 21st century, one out of four people in the developing countries still lacked clean water, and two out of three lacked adequate sanitation.25 Proper sanitation is defined by the World Health Organization as any excreta disposal facility that interrupts the transmission of fecal contaminants to humans.26 This definition should be expanded to included excreta recycling facilities.",CauseNet-cause.csv,,1,[],[],implicit,"[('polluted_water', 'disease'), ('diarrhea', 'diseases')]",Yes
"Whenever you do these types of physical exercises, your blood flow, circulation, and muscle mass increases, ultimately causing the reduction and prevention of cellulite.",CauseNet-cause.csv,,1,[],[],implicit,"[('blood_flow', 'prevention_of_cellulite'), ('blood_flow', 'reduction')]",Yes
"Known effects include damage to the central nervous system, endocrine system, immune system, and chromosomes, causing abnormalities that lead to behavioral deficits, impaired fertility, or death.",CauseNet-cause.csv,,1,[],['lead to'],implicit,"[('abnormalities', 'death'), ('abnormalities', 'behavioral_deficits'), ('abnormalities', 'impaired_fertility')]",Yes
"The Ticketholder on entering into pit lane and/or pit paddock: is fully aware and recognises that pit lane and pit paddock are extremely dangerous and there is a real possibility of an accident causing injury, death, property damage or other losses in those areas; is fully aware that it is a condition of entry that they enter the pit lane and pit paddock and other high danger areas of the events ground at their own risk.",CauseNet-cause.csv,,1,[],[],implicit,"[('accident', 'death'), ('accident', 'injury'), ('accident', 'property_damage')]",Yes
"For example, you may be under a lot of emotional stress, which in turn is causing a hormonal imbalance leading to hair loss.",CauseNet-cause.csv,,1,[],['leading to'],implicit,"[('hormonal_imbalance', 'hair_loss'), ('emotional_stress', 'hormonal_imbalance')]",Yes
"Not only do the couples get into petty fights, but the inlaws add fuel to the fire causing the rejection, division and strife.",CauseNet-cause.csv,,1,[],[],implicit,"[('fire', 'strife'), ('fire', 'division')]",Yes
"They were potentially useful in killing the bacteria relating to the organisms causing malaria, typhoid, wound infection and even the one causing cystic fibrosis.",CauseNet-cause.csv,,1,[],[],implicit,"[('organisms', 'malaria'), ('organisms', 'typhoid')]",Yes
"Along with salmonella and E. coli, other pathogens causing outbreaks associated with these foods include Campylobacter, Scombrotoxin, Norovirus and Vibrio.",CauseNet-cause.csv,,1,[],[],implicit,"[('pathogens', 'outbreaks'), ('foods', 'outbreaks')]",Yes
"But he, too, echoes the familiar refrain that obedience will lead to a prosperous, pleasant life, and that disobedience will lead to tragedy and sorrow.",CauseNet-noncause.csv,,1,[],"['lead to', 'lead to']",implicit,"[('disobedience', 'sorrow'), ('disobedience', 'tragedy')]",Yes
"It works by blocking the production of cholesterol in the body, thus can help prevent conditions that can lead to heart attack, heart disease and hardening of the arteries, stroke, and vascular disease.",CauseNet-noncause.csv,,1,[],"['thus', 'lead to']",implicit,"[('conditions', 'heart_attack'), ('conditions', 'heart_disease')]",Yes
"Too little thyroid hormone, hypothyroidism, can lead to sluggishness, weight gain, fatigue, and depression.",CauseNet-noncause.csv,,1,[],['lead to'],implicit,"[('little_thyroid_hormone', 'fatigue'), ('little_thyroid_hormone', 'weight_gain')]",Yes
"Food shortages and famine (seal 3) lead to hunger, malnutrition, disease and death (seal 4).",CauseNet-noncause.csv,,1,[],['lead to'],implicit,"[('famine', 'disease'), ('food_shortages', 'malnutrition')]",Yes
"These injuries are almost never treated and can lead to serious infections, amputations and even death.",CauseNet-noncause.csv,,1,[],['lead to'],implicit,"[('injuries', 'death'), ('injuries', 'amputations')]",Yes
"Beginning with clips from educational films and exploitation pictures that show how marijuana can lead to crime, insanity, and harder drugs, Grass also documents the exploits of Harry Anslinger, who became America's first drug czar and waged a lifelong war against marijuana use in the United States.",CauseNet-noncause.csv,,1,[],['lead to'],implicit,"[('marijuana', 'insanity'), ('marijuana', 'crime')]",Yes
"Lowering your cholesterol can help prevent heart disease and hardening of the arteries, conditions that can lead to heart attack, stroke, and vascular disease.Increases rate at which body removes cholesterol from blood and reduces production of cholesterol in body by inhibiting enzyme that catalyzes early rate-limiting step in cholesterol synthesis; increases HDL; reduces LDL, VLDL, and triglycerides.",CauseNet-noncause.csv,,1,[],['lead to'],implicit,"[('conditions', 'stroke'), ('conditions', 'heart_attack')]",Yes
"The condition can lead to diarrhea, ulcers, bloat, liver disease and a general weakening of the immune system that leaves the animal vulnerable to everything from pneumonia to feedlot polio.",CauseNet-noncause.csv,,1,[],['lead to'],implicit,"[('condition', 'liver_disease'), ('condition', 'diarrhea')]",Yes
Inflammation and blood clotting can both lead to heart disease.,CauseNet-noncause.csv,,1,[],['lead to'],implicit,"[('blood_clotting', 'heart_disease'), ('inflammation', 'heart_disease')]",Yes
"In the study, researchers from the Manchester Royal Infirmary in Manchester, England, evaluated 47 nursing home residents who all had been diagnosed with Alzheimer's or other problems that lead to mental confusion, memory loss and dementia.",CauseNet-noncause.csv,,1,[],['lead to'],implicit,"[('problems', 'memory_loss'), ('problems', 'dementia')]",Yes
"These actions may reduce the risk of hardening of the arteries, which can lead to heart attacks, stroke, and peripheral vascular disease.",CauseNet-noncause.csv,,1,[],['lead to'],implicit,"[('hardening_of_the_arteries', 'heart_attacks'), ('hardening_of_the_arteries', 'stroke')]",Yes
"This exclusion leads to injury, crime, violence, and failure to practice the virtues associated with the fundamental social relations.",CauseNet-noncause.csv,,1,[],['leads to'],implicit,"[('exclusion', 'crime'), ('exclusion', 'violence')]",Yes
"Infections: listeriosis, toxoplasmosis, rubella, herpes simplex, measles, cytomegalo virus, coxsackie virus, Malaria, syphilis and brucellosis can all lead to miscarriage.",CauseNet-noncause.csv,,1,[],['lead to'],implicit,"[('malaria', 'miscarriage'), ('listeriosis', 'miscarriage')]",Yes
"Some medications, such as thiazide diuretics to control blood pressure, and foods that are rich in purines can lead to attacks.",CauseNet-noncause.csv,,1,[],['lead to'],implicit,"[('medications', 'attacks'), ('foods', 'attacks')]",Yes
"Prolonged sleep deprivation can lead to headaches, dry mouth or perhaps hallucinations.",CauseNet-noncause.csv,,1,[],['lead to'],implicit,"[('prolonged_sleep_deprivation', 'dry_mouth'), ('prolonged_sleep_deprivation', 'hallucinations')]",Yes
Free radicals will eventually lead to health problems and aging and herbs for liver detoxification will help eradicate them.,CauseNet-noncause.csv,,1,[],['lead to'],implicit,"[('free_radicals', 'health_problems'), ('free_radicals', 'aging')]",Yes
"In addition to those already mentioned above, they recommend acupuncture for sports injuries, sprains, strains, whiplash, neck pain, sciatica, nerve pain due to compression, overuse syndromes similar to carpal tunnel syndrome, pain resulting from spinal cord injuries, allergies, tinnitus (ringing in the ears), sore throat (called pharyngitis), high blood pressure, gastroesophageal reflux (felt as heartburn or indigestion), ulcers, chronic and recurrent bladder and kidney infections, premenstrual syndrome (PMS), infertility, endometriosis, memory problems, insomnia, multiple sclerosis, sensory disturbances, depression, anxiety, and other psychological disorders.",CauseNet-noncause.csv,,1,[],['due to'],implicit,"[('kidney_infections', 'pain'), ('spinal_cord_injuries', 'pain')]",Yes
"Unprotected sex today leads to pregnancy and STDs in the future; saving money today means more money tomorrow, but if you take on debt today, you must repay it in the future.",CauseNet-noncause.csv,,1,[],['leads to'],implicit,"[('unprotected_sex', 'pregnancy'), ('unprotected_sex', 'stds')]",Yes
"Lupus can lead to arthritis, kidney failure, heart and lung inflammation, central nervous system abnormalities, inflammation of the blood vessels and blood disorders.",CauseNet-noncause.csv,,1,[],['lead to'],implicit,"[('lupus', 'arthritis'), ('lupus', 'kidney_failure')]",Yes
Untreated DKA can lead to coma and death.,CauseNet-noncause.csv,,1,[],['lead to'],implicit,"[('untreated_dka', 'death'), ('untreated_dka', 'coma')]",Yes
"On the other hand, shoes that are too tight can lead to blisters and foot pain.",CauseNet-noncause.csv,,1,[],['lead to'],implicit,"[('shoes', 'blisters'), ('shoes', 'foot_pain')]",Yes
"HARDCORE CRE8tine is an advanced form of creatine that utilizes ethyl ester technology which can potentially lead to improved absorption, less bloat and minimal water retention.",CauseNet-noncause.csv,,1,[],['lead to'],implicit,"[('ethyl_ester_technology', 'less_bloat'), ('ethyl_ester_technology', 'minimal_water_retention')]",Yes
"As disease leads to destruction or death, death is one of the natural results of disease.",CauseNet-noncause.csv,,1,[],['leads to'],implicit,"[('disease', 'death'), ('disease', 'destruction')]",Yes
"Hepatitis B virus can lead to chronic hepatitis, cirrhosis, liver cancer, liver failure, and death.",CauseNet-noncause.csv,,1,[],['lead to'],implicit,"[('hepatitis_b_virus', 'liver_failure'), ('hepatitis_b_virus', 'death')]",Yes
Stress leads to emotional eating and weight gain.,CauseNet-noncause.csv,,1,[],['leads to'],implicit,"[('stress', 'emotional_eating'), ('stress', 'weight_gain')]",Yes
"Hearing loss can lead to depression, social isolation, stress, and functional problems, such as impaired balance.",CauseNet-noncause.csv,,1,[],['lead to'],implicit,"[('hearing_loss', 'social_isolation'), ('hearing_loss', 'functional_problems')]",Yes
"In some cases obesity, lack of physical activity and poor diet can lead to problems with learning and memory, very important for the young developing minds.",CauseNet-noncause.csv,,1,[],['lead to'],implicit,"[('poor_diet', 'problems'), ('lack_of_physical_activity', 'problems')]",Yes
"High blood pressure levels can damage your kidneys, and may lead to a stroke or heart failure.",CauseNet-noncause.csv,,1,[],['lead to'],implicit,"[('high_blood_pressure_levels', 'stroke'), ('high_blood_pressure_levels', 'heart_failure')]",Yes
"High plasma levels of insulin and glucose due to insulin resistance often lead to metabolic syndrome and type 2 diabetes, including its complications.",CauseNet-noncause.csv,,1,[],"['due to', 'lead to']",implicit,"[('high_plasma_levels_of_insulin', 'metabolic_syndrome'), ('high_plasma_levels_of_insulin', 'type_2_diabetes')]",Yes
"<\\\\/p>\\\\n[3] VDC, which should remain on when driving except when freeing the vehicle from mud or snow, cannot prevent accidents due to abrupt steering, carelessness, or dangerous driving techniques.",CauseNet-noncause.csv,,1,[],['due to'],implicit,"[('dangerous_driving_techniques', 'accidents'), ('carelessness', 'accidents')]",Yes
Censorship perpetuates nothing but ignorance and fear which often leads to prejudice.,CauseNet-noncause.csv,,1,[],['leads to'],implicit,"[('fear', 'prejudice'), ('ignorance', 'prejudice')]",Yes
"Since 1983, the war and war- and famine-related effects have led to more than 2 million deaths and over 4 million people displaced.",CauseNet-noncause.csv,,1,[],"['Since', 'led to']",implicit,"[('famine-related_effects', 'people_displaced'), ('war', 'deaths')]",Yes
Counselors want to help each patient understand the physical and mental consequences of substance abuse and teach patients ways to restore physical health while learning to recognize and stop behaviors and symptoms that can lead to relapse.,CauseNet-noncause.csv,,1,[],['lead to'],implicit,"[('symptoms', 'relapse'), ('stop_behaviors', 'relapse')]",Yes
"Nisim is also effective on cases where hair loss is due to pregnancy, menopause and chemotherapy.",CauseNet-noncause.csv,,1,[],['due to'],implicit,"[('chemotherapy', 'hair_loss'), ('pregnancy', 'hair_loss')]",Yes
Heat stress can lead to heat exhaustion or heat stroke and can eventually lead even to death.,CauseNet-noncause.csv,,1,[],['lead to'],implicit,"[('heat_stress', 'death'), ('heat_stress', 'heat_exhaustion')]",Yes
"27 Of all the dispositions and habits, which lead to political prosperity, Religion and Morality are indispensable supports.",CauseNet-noncause.csv,,1,[],['lead to'],implicit,"[('dispositions_and_habits', 'morality_are_indispensable_supports'), ('dispositions_and_habits', 'political_prosperity')]",Yes
"Patients treated with REMICADE are at increased risk for infections, including progression to serious infections leading to hospitalization or death (see WARNINGS and ADVERSE REACTIONS).",CauseNet-noncause.csv,,1,[],['leading to'],implicit,"[('serious_infections', 'hospitalization'), ('serious_infections', 'death')]",Yes
"During the most extreme situations, these laxatives can lead to fainting, dehydration and serious electrolyte disorders.",CauseNet-noncause.csv,,1,[],['lead to'],implicit,"[('laxatives', 'serious_electrolyte_disorders'), ('laxatives', 'dehydration')]",Yes
"Dronabinol is listed in Schedule I. Marinol was approved by the FDA in 1985 for the treatment of two medical conditions: nausea and vomiting associated with cancer chemotherapy in patients that had failed to respond adequately to conventional anti-emetic treatments, and for the treatment of anorexia associated with weight loss in patients with acquired immunodeficiency syndrome or AIDS.",CauseNet-noncause.csv,,1,[],[],implicit,"[('weight_loss', 'anorexia'), ('cancer_chemotherapy', 'nausea')]",Yes
"Mechanical stress leads to mental stress, and mental stress leads to more muscle tension and even pain.",CauseNet-noncause.csv,,1,[],"['leads to', 'leads to']",implicit,"[('mental_stress', 'muscle_tension'), ('mental_stress', 'pain')]",Yes
"It includes loss or damage due to fire, lightning, aircraft, explosion, earthquake, strike, riot, civil commotion, malicious damage, storm, tempest, flood, bursting and or overflowing of water tanks, pipes and apparatus (including sprinkler leakage), impact by own vehicles, theft or attempted theft (by violent and forcible entry to or exit from the premises) and accidental loss or damage.",CauseNet-noncause.csv,,1,[],['due to'],implicit,"[('lightning', 'loss'), ('storm', 'loss')]",Yes
"Chronic stress can lead to fatigue, depression, a weakened immune system, and a host of serious physical and psychological ailments.",CauseNet-noncause.csv,,1,[],['lead to'],implicit,"[('chronic_stress', 'fatigue'), ('chronic_stress', 'weakened_immune_system')]",Yes
"Kennedy told the committee members that low wages, fixed income, a lack of education and financial management skills, and limited access to child care and health care can lead to hunger.",CauseNet-noncause.csv,,1,[],['lead to'],implicit,"[('low_wages', 'hunger'), ('lack_of_education', 'hunger')]",Yes
"Furthermore, our diseases and conditions are primarily a result of stress, food, environment, attitude, emotions or beliefs that keep us in behaviors that lead to illness.",CauseNet-noncause.csv,,1,[],['lead to'],implicit,"[('environment', 'diseases'), ('environment', 'conditions'), ('beliefs', 'conditions'), ('stress', 'diseases'), ('emotions', 'diseases')]",Yes
Only your Physician can detect that whether these symptoms are due to anxiety or any other medical condition.,CauseNet-noncause.csv,,1,[],['due to'],implicit,"[('medical_condition', 'symptoms'), ('anxiety', 'symptoms')]",Yes
"Death is apparently due to oxygen depletion, secondary shock, increased vascular permeability, respiratory failure and cardiac failure.",CauseNet-noncause.csv,,1,[],['due to'],implicit,"[('oxygen_depletion', 'death'), ('secondary_shock', 'death')]",Yes
The HAPE can also lead to unconsciousness and death in short period of time.,CauseNet-noncause.csv,,1,[],['lead to'],implicit,"[('hape', 'unconsciousness'), ('hape', 'death')]",Yes
Kendall-Tackett goes on to outline how stress can lead to depression which can lead to preterm birth.,CauseNet-noncause.csv,,1,[],"['lead to', 'lead to']",implicit,"[('depression', 'preterm_birth'), ('stress', 'depression')]",Yes
"Too much thyroid hormone, hyperthyroidism, can lead to weight loss, sweating, and anxiety.",CauseNet-noncause.csv,,1,[],['lead to'],implicit,"[('thyroid_hormone', 'weight_loss'), ('thyroid_hormone', 'anxiety')]",Yes
"We have spoken often about releasing and healing the core issues that keep welling up from deep within: the guilt, shame, unworthiness, sense of failure, and abandonment, which lead to depression, anger, fear, and hopelessness.",CauseNet-noncause.csv,,1,[],['lead to'],implicit,"[('abandonment', 'anger'), ('shame', 'depression')]",Yes
"Of all the dispositions and habits which lead to political prosperity, religion and morality are indispensable supports.",CauseNet-noncause.csv,,1,[],['lead to'],implicit,"[('dispositions_and_habits', 'political_prosperity'), ('dispositions_and_habits', 'morality_are_indispensable_supports'), ('dispositions_and_habits', 'religion')]",Yes
"For this purpose, leukemia and malignant significant factors were determined based on the induction of malignant diseases including leukemia for the atomic bombs in Hiroshima and Nagasaki and the life expectancy of individuals subject to medical examinations or treatments as well as radiation workers, taking account of the possibility of their deaths due to other diseases or accidents during a latent period of malignant diseases.",CauseNet-noncause.csv,,1,[],['due to'],implicit,"[('diseases', 'deaths'), ('accidents', 'deaths')]",Yes
"When improvement team implement system wide changes, data is also used to trace whether the change has led to improvement and the problem has been solved.",CauseNet-noncause.csv,,1,[],['led to'],implicit,"[('change', 'improvement'), ('change', 'problem')]",Yes
"This condition can lead to heart attacks, strokes, kidney failure, and blindness.",CauseNet-noncause.csv,,1,[],['lead to'],implicit,"[('condition', 'heart_attacks'), ('condition', 'blindness')]",Yes
"For example, one district is offering a reward for information leading to the arrest and conviction of anyone suspected of illegal trail building, and is working to make it illegal to be in the possession of trail-building tools while on its land.",CauseNet-noncause.csv,,1,[],['leading to'],implicit,"[('reward_for_information', 'conviction'), ('reward_for_information', 'arrest')]",Yes
"However, infections during pregnancy can lead to miscarriage, stillbirth, premature delivery, or life-threatening infection of the newborn.",CauseNet-noncause.csv,,1,[],['lead to'],implicit,"[('infections_during_pregnancy', 'premature_delivery'), ('infections_during_pregnancy', 'stillbirth')]",Yes
"Age, food habits, medications and poor oral hygiene ultrasonic cleaner leads to stains and marks on the teeth.",CauseNet-noncause.csv,,1,[],['leads to'],implicit,"[('medications', 'stains'), ('age', 'stains')]",Yes
"The main symptoms of cholera are profuse watery diarrhea and vomiting, which in severe cases may lead to dehydration and death.",CauseNet-noncause.csv,,1,[],['lead to'],implicit,"[('vomiting', 'death'), ('vomiting', 'dehydration'), ('profuse_watery_diarrhea', 'dehydration')]",Yes
It is believed that excessive activity in the brain may lead to anxiety or other psychiatric disorders.,CauseNet-noncause.csv,,1,['believed'],['lead to'],implicit,"[('excessive_activity_in_the_brain', 'anxiety'), ('excessive_activity_in_the_brain', 'psychiatric_disorders')]",Yes
"For instance, climate change can lead to depletion of the ozone layer, loss of biodiversity, land degradation, desertification, and alteration of the global hydrological cycle.",CauseNet-noncause.csv,,1,[],['lead to'],implicit,"[('climate_change', 'desertification'), ('climate_change', 'land_degradation')]",Yes
Unnecessary use or overuse of any antibiotic can lead to its decreased effectiveness.,CauseNet-noncause.csv,,1,[],['lead to'],implicit,"[('unnecessary_use', 'decreased_effectiveness'), ('overuse_of_any_antibiotic', 'decreased_effectiveness')]",Yes
"Long-term use can lead to brain and kidney damage, as well as liver failure.",CauseNet-noncause.csv,,1,[],['lead to'],implicit,"[('long-term_use', 'kidney_damage'), ('long-term_use', 'liver_failure')]",Yes
"This type of insurance even protects materials, equipment and fixtures utilized in the construction process against damage due to fire, wind, lightning or vandalism.",CauseNet-noncause.csv,,1,[],['due to'],implicit,"[('vandalism', 'damage'), ('wind', 'damage')]",Yes
"In addition, people with atrial fibrillation often are given medications to prevent blood clots that can lead to stroke, pulmonary embolism and other complications.",CauseNet-noncause.csv,,1,[],['lead to'],implicit,"[('blood_clots', 'pulmonary_embolism'), ('blood_clots', 'complications')]",Yes
"-- Of all the dispositions and habits, which lead to political prosperity, Religion, and Morality are indispensable supports.",CauseNet-noncause.csv,,1,[],['lead to'],implicit,"[('dispositions_and_habits', 'religion'), ('dispositions_and_habits', 'morality_are_indispensable_supports')]",Yes
"In extreme cases, bullying has led to murder and suicide.",CauseNet-noncause.csv,,1,[],['led to'],implicit,"[('bullying', 'suicide'), ('bullying', 'murder')]",Yes
"Measles can lead to pneumonia, seizures, encephalitis (inflammation of the brain), permanent brain damage, and death.",CauseNet-noncause.csv,,1,[],['lead to'],implicit,"[('measles', 'death'), ('measles', 'seizures')]",Yes
"Left untreated, these diseases can eventually lead to blindness, huge swelling of the limbs, severe malnutrition and anemia.",CauseNet-noncause.csv,,1,[],['lead to'],implicit,"[('diseases', 'blindness'), ('diseases', 'anemia')]",Yes
"TMJ disorders can lead to headaches, tooth and jaw pain, neck aches, and many other problems.",CauseNet-noncause.csv,,1,[],['lead to'],implicit,"[('tmj_disorders', 'headaches'), ('tmj_disorders', 'jaw_pain')]",Yes
"""Vitamin C aids in the body 's ability to absorb iron , so taking oral iron supplements with orange juice is of benefit .""",medcaus.csv,7454,1,[],[],implicit,"[(""`` Vitamin C aids in the body 's"", 'to absorb'), (""`` Vitamin C aids in the body 's ability to absorb"", 'so taking oral iron supplements with orange juice is of')]",Yes
"""For example , emergent bacterial strains causing tuberculosis that are resistant to previously effective antibacterial treatments pose many therapeutic challenges .""",medcaus.csv,7641,1,[],[],implicit,"[(', emergent bacterial', 'causing tuberculosis that are resistant to previously effective antibacterial'), (', emergent bacterial', 'causing tuberculosis that are resistant to previously effective antibacterial treatments pose many therapeutic')]",Yes
One other consideration may be that diets today have much lower amounts of calcium than the diets of other primates or the tetrapedal ancestors to humans which may lead to higher likelihood to show signs of osteoporosis .,medcaus.csv,12828,1,[],['lead to'],implicit,"[('diets today have much lower amounts of calcium than the diets of other primates or the tetrapedal ancestors to humans which', 'higher likelihood to show signs of osteoporosis'), ('One other consideration may be that diets today have much lower amounts of calcium than the diets of other primates or the tetrapedal ancestors to humans', 'higher likelihood to show signs of osteoporosis')]",Yes
Continued use of lithium can lead to more serious kidney damage in an aggravated form of diabetes insipidus and chronic kidney failure .,medcaus.csv,7197,1,[],['lead to'],implicit,"[('Continued use of lithium', 'more serious kidney damage in an aggravated form of diabetes insipidus and chronic kidney failure'), ('Continued use of lithium', 'more serious kidney damage in an aggravated form of diabetes insipidus and chronic kidney failure .')]",Yes
Freeman wanted to simplify the procedure so that it could be carried out by psychiatrists in psychiatric hospitals .,medcaus.csv,6005,1,[],[],implicit,"[('Freeman wanted to simplify the procedure', 'that it could be carried out by psychiatrists in psychiatric hospitals'), ('Freeman wanted to simplify the procedure', 'it could be carried out by psychiatrists in psychiatric hospitals')]",Yes
"""The three main types of anemia are due to blood loss , decreased red blood cell production , and increased red blood cell breakdown .""",medcaus.csv,7403,1,[],['due to'],implicit,"[('to blood loss , decreased red blood cell production , and increased red blood cell', '`` The three main types of'), ('to blood , decreased red blood cell , and increased red blood cell', '`` The three main types of anemia')]",Yes
"In this view , such affective reactions as liking , disliking , evaluation , or the experience of pleasure or displeasure each result from a different prior cognitive process that makes a variety of content discriminations and identifies features , examines them to find value , and weighs them according to their contributions ( Brewin , 1989 ) .",medcaus.csv,13502,1,[],[],implicit,"[('a different prior cognitive process', 'such affective reactions as liking , disliking , evaluation , or the experience of pleasure or displeasure'), ('a different prior cognitive process', 'such affective reactions as liking , disliking , evaluation , or the experience of pleasure or displeasure each')]",Yes
Osteoporosis may be due to lower - than - normal maximum bone mass and greater - than - normal bone loss .,medcaus.csv,2609,1,[],['due to'],implicit,"[('lower than normal maximum bone mass and greater than normal bone loss', 'Osteoporosis'), ('lower - than - normal maximum bone mass and greater - than - normal bone loss', 'Osteoporosis')]",Yes
"""In some cases there is also a hardening of brain tissue in the medial temporal lobes , which can lead to epilepsy and neuropsychiatric abnormalities .""",medcaus.csv,8835,1,[],['lead to'],implicit,"[('`` In some cases there is also a hardening of brain tissue in the medial temporal', 'to epilepsy and neuropsychiatric'), ('a hardening of brain tissue in the medial temporal', 'to epilepsy and neuropsychiatric')]",Yes
"""Elevated levels of cortisol , if prolonged , can lead to proteolysis ( breakdown of proteins ) and muscle wasting .""",medcaus.csv,3317,1,[],['lead to'],implicit,"[('`` Elevated levels of , if', 'to -LRB- breakdown of and muscle'), ('`` Elevated levels of , if', 'to -LRB- breakdown of -RRB- and muscle')]",Yes
It is used to treat conditions resulting from overactivity of the B - cell - mediated antibody response .,medcaus.csv,3318,1,[],[],implicit,"[('overactivity of the B - cell - mediated antibody response', 'It is used to treat conditions'), ('It is', 'treat conditions resulting from overactivity of the B cell mediated antibody response')]",Yes
"""NSV is the most commonly performed type of minimally invasive vasectomy , and both describe the method of vasectomy that leads to access of the vas deferens .""",medcaus.csv,6231,1,[],['leads to'],implicit,"[('`` NSV is the most commonly performed type of minimally invasive vasectomy , and both describe the method of vasectomy', 'to access of the vas'), ('`` is the most commonly performed type of minimally invasive both describe the method of', 'to access of the vas')]",Yes
"""Types A and B are capable of causing disease in humans , and are also used commercially and medically .""",medcaus.csv,3030,1,[],[],implicit,"[('`` Types A and B are capable', 'causing disease in'), ('`` Types A and B are capable', 'causing disease in and are also used commercially and')]",Yes
"A non - infectious form of foodborne disease , scombroid poisoning , is due to histamine production by bacteria in spoiled food , particularly fish .",medcaus.csv,13171,1,[],['due to'],implicit,"[('histamine production by bacteria in spoiled food', 'A non - infectious form of foodborne disease , scombroid poisoning'), ('histamine production by bacteria in spoiled food , particularly fish', 'A non - infectious form of foodborne disease , scombroid poisoning')]",Yes
( The six - member board was operating with reduced membership and thus lacked the authority to elect a permanent CEO .,medcaus.csv,11943,1,[],['thus'],implicit,"[('-LRB- The six - member board was operating with reduced membership', 'lacked the authority to elect a permanent CEO'), ('-LRB- The six - member board was operating with reduced membership and', 'lacked the authority to elect a permanent CEO')]",Yes
The greenish color is a result of the bacterial pigment pyocyanin that it produces .,medcaus.csv,3476,1,[],[],implicit,"[('the bacterial pigment pyocyanin that it produces', 'The greenish color is'), ('the bacterial pigment pyocyanin that it produces', 'The greenish color')]",Yes
The knowledge that X - rays are actually faintly visible to the dark - adapted naked eye has largely been forgotten today ; this is probably due to the desire not to repeat what would now be seen as a recklessly dangerous and potentially harmful experiment with ionizing radiation .,medcaus.csv,806,1,[],['due to'],implicit,"[('the desire not to repeat what would now be seen as a recklessly dangerous and potentially harmful experiment with ionizing radiation', 'The knowledge that X rays are actually faintly visible to the dark adapted naked eye has largely been forgotten today'), ('the desire not to repeat what would now be seen as a recklessly dangerous and potentially harmful experiment with ionizing radiation', 'The knowledge that X - rays are actually faintly visible to the dark - adapted naked eye has largely been forgotten today')]",Yes
The vacuole contains high concentrations of nitrate ions and is therefore thought to be a storage organelle .,medcaus.csv,8047,1,[],['therefore'],implicit,"[('The vacuole contains high concentrations of nitrate ions', 'thought to be a storage organelle'), ('The vacuole contains high concentrations of nitrate ions', 'is thought to be a storage organelle')]",Yes
The reticulocyte production index is a calculation of the ratio between the level of anemia and the extent to which the reticulocyte count has risen in response .,medcaus.csv,7432,1,[],[],implicit,"[('calculation of the ratio between the level of anemia', 'the extent to which the reticulocyte count has risen'), ('The reticulocyte production index is a calculation of the ratio between the level of anemia', 'the reticulocyte count has risen')]",Yes
"""Virtually all drugs causing drug addiction increase the dopamine release in the mesolimbic pathway , in addition to their specific effects .""",medcaus.csv,2929,1,[],[],implicit,"[('Virtually all', 'causing drug addiction increase the dopamine release in the mesolimbic'), ('`` Virtually all', 'causing drug addiction increase the dopamine release in the mesolimbic pathway , in addition to their specific')]",Yes
"""This produces the so - called """" humpback """" or """" dowager 's hump """" , a condition commonly resulting from osteoporosis .""",medcaus.csv,12473,1,[],[],implicit,"[('a', ""'' or '' 's hump""), ('a', ""`` This produces the so - called '' '' humpback '' '' or '' ''"")]",Yes
It has been found to be particularly useful in heart failure due to systolic dysfunction together with hydralazine in black people .,medcaus.csv,4957,1,[],['due to'],implicit,"[('systolic dysfunction together with hydralazine in black people', 'found to be particularly useful in heart failure'), ('systolic dysfunction together with hydralazine in black people', 'It has been found to be particularly useful in heart failure')]",Yes
This means it works by blocking sodium channels and thus decreasing the rate of contractions of the heart .,medcaus.csv,2671,1,[],['thus'],implicit,"[('it blocking sodium channels', 'decreasing the rate of contractions of the heart'), ('This means it works by blocking sodium channels and', 'decreasing the rate of contractions of the heart')]",Yes
Myasthenia gravis ( MG ) is a long - term neuromuscular disease that leads to varying degrees of skeletal muscle weakness .,medcaus.csv,14791,1,[],['leads to'],implicit,"[('Myasthenia gravis', 'varying degrees of skeletal muscle weakness'), ('Myasthenia gravis -LRB- MG -RRB- is a long - term neuromuscular disease', 'varying degrees of skeletal muscle weakness')]",Yes
"""Over time , these vessels harden and the tissue they are a part of dies , causing lesions .""",medcaus.csv,8843,1,[],[],implicit,"[('`` Over time , these vessels harden and the tissue they are a part of', 'causing'), (', these vessels', 'causing')]",Yes
"""The operation left people with an """" infantile personality """" ; a period of maturation would then , according to Freeman , lead to recovery .""",medcaus.csv,5981,1,[],['lead to'],implicit,"[(""`` The operation left people with an '' '' infantile personality '' '' ; a period of maturation would then ,"", ','), (""'' '' ; a"", ',')]",Yes
"These lines are usually a natural consequence of aging , although they may result from disease .",medcaus.csv,11393,1,[],[],implicit,"[('aging', 'These lines'), ('disease', 'These lines')]",Yes
"""Cutting or """" stepping on """" the drug is commonplace , using compounds which simulate ingestion effects , such as Novocain ( procaine ) producing temporary anesthaesia , as many users believe a strong numbing effect is the result of strong and/or pure cocaine , ephedrine or similar stimulants that are to produce an increased heart rate .""",medcaus.csv,14741,1,['believe'],[],implicit,"[('the result of strong and/or pure cocaine , ephedrine or similar stimulants that are to produce an', 'many users believe a'), ('the result of strong and/or pure cocaine , ephedrine or similar stimulants that are to produce an', 'anesthaesia , as many users believe a')]",Yes
"""Soviet psychiatrist Vasily Gilyarovsky criticized lobotomy and the mechanistic brain localization assumption used to carry out lobotomy : """" It is assumed that the transection of white substance of the frontal lobes impairs their connection with the thalamus and eliminates the possibility to receive from it stimuli which lead to irritation and on the whole derange mental functions .""",medcaus.csv,13492,1,['assumed'],['lead to'],implicit,"[('assumed that the transection of white substance of the frontal lobes impairs their connection with the thalamus and eliminates the possibility to receive from', 'lead to irritation and on the whole derange'), (""`` Soviet psychiatrist Vasily Gilyarovsky criticized lobotomy and the mechanistic brain localization assumption used to carry out lobotomy : '' '' It is assumed that the transection of white substance of the frontal lobes impairs their connection with the thalamus and eliminates the possibility to receive from it"", 'lead to irritation and on the whole derange')]",Yes
Other effects of alcohol on antibiotic activity include altered activity of the liver enzymes that break down the antibiotic compound .,medcaus.csv,2693,1,[],[],implicit,"[('alcohol on antibiotic activity', 'altered activity of the liver enzymes that break down the antibiotic compound'), ('alcohol', 'on antibiotic activity include altered activity of the liver enzymes that break down the antibiotic compound')]",Yes
"""Patients became desperate , as supplies of Botox were gradually consumed , forcing him to abandon patients who would have been due for their next injection .""",medcaus.csv,3917,1,[],[],implicit,"[('as supplies of Botox were gradually , forcing him to abandon patients who would have been due for their next', '`` Patients became'), ('as supplies of Botox were gradually', '`` Patients became , forcing him to abandon patients who would have been due for their next')]",Yes
"""Additional side - effects can result from interaction with other drugs , such as the possibility of tendon damage from the administration of a quinolone antibiotic with a systemic corticosteroid .""",medcaus.csv,2686,1,[],[],implicit,"[('interaction with other', '`` Additional -'), ('from interaction with other', '`` Additional side -')]",Yes
"""Spinal disc herniation , more commonly called a slipped disc , is the result of a tear in the outer ring ( anulus fibrosus ) of the intervertebral disc , which lets some of the soft gel - like material , the nucleus pulposus , bulge out in a hernia .""",medcaus.csv,6187,1,[],[],implicit,"[('of a tear in the outer ring -LRB- anulus fibrosus -RRB- of the intervertebral disc , which lets some of the soft gel - like material , the nucleus pulposus , bulge out in a', '`` Spinal disc herniation , more commonly called a slipped disc , is'), ('of a tear in the outer ring -LRB- anulus fibrosus -RRB- of the intervertebral disc , which lets some of the soft gel - like', '`` Spinal disc')]",Yes
"""He built a Crookes tube with a """" window """" in the end made of thin aluminum , facing the cathode so the cathode rays would strike it ( later called a """" Lenard tube """" ) .""",medcaus.csv,767,1,[],[],implicit,"[('the cathode so the cathode rays strike it -LRB- called a', ""`` He built a Crookes tube with '' window '' '' in the end made thin aluminum ,""), (""`` He built a Crookes tube with a '' '' window '' '' in the end made of thin aluminum ,"", 'the cathode so the cathode rays')]",Yes
Metchnikoff observed that the longevity of Bulgarian peasants was the result of their consumption of fermented milk products .,medcaus.csv,1340,1,[],[],implicit,"[('their consumption of fermented milk products', 'Metchnikoff observed that the longevity of Bulgarian peasants'), ('their consumption of fermented milk products', 'the longevity of Bulgarian peasants')]",Yes
"""However , their effectiveness and easy access have also led to their overuse , and some bacteria have developed resistance .""",medcaus.csv,2682,1,[],['led to'],implicit,"[(', their effectiveness and easy access have', 'to their , and some bacteria developed'), (', their effectiveness and easy', 'to their overuse , and some bacteria have developed')]",Yes
"Affects high in motivational intensity , thus , narrow cognitive scope making people able to focus more on target information .",medcaus.csv,11560,1,[],['thus'],implicit,"[('Affects high in motivational intensity', 'narrow cognitive scope making people able to focus more on target information'), ('narrow cognitive scope', 'people able to focus more on target information')]",Yes
"""Since these operations lacked rigorous controlled trials , any rejuvenating effect was likely due to the Placebo Effect , and with the later development of synthetic injectable hormones , this operation fell out of vogue .""",medcaus.csv,4275,1,[],"['Since', 'due to']",implicit,"[('Since these operations lacked rigorous controlled', ', any rejuvenating effect was likely due to the Placebo'), ('to the Placebo Effect , and with the later development of synthetic injectable hormones , this operation fell out of', '`` Since these operations lacked rigorous controlled trials , any rejuvenating effect was')]",Yes
"""A long - term deficiency in vitamin B12 can lead to megaloblastic anemia , characterized by large fragile erythrocytes .""",medcaus.csv,2408,1,[],['lead to'],implicit,"[('`` A - term deficiency in vitamin', 'to megaloblastic , characterized by large fragile'), ('`` A long - term deficiency in vitamin', 'to megaloblastic')]",Yes
One - third of inpatient hospital costs and 20 % of all deaths in the US every year are the result of untreated addictions and risky substance use .,medcaus.csv,2941,1,[],[],implicit,"[('untreated addictions risky substance use', 'One - third of inpatient hospital costs 20 % of all deaths in the US every year'), ('untreated addictions and risky substance use', 'One - third of inpatient hospital costs and 20 % of all deaths in the US every year are the')]",Yes
An alteration in 11-beta HSD2 has been implicated in essential hypertension and is known to lead to the syndrome of apparent mineralocorticoid excess ( SAME ) .,medcaus.csv,513,1,[],['lead to'],implicit,"[('An alteration in 11-beta HSD2 has been implicated in essential hypertension and is known', 'to the syndrome of apparent mineralocorticoid excess SAME'), ('An alteration in 11-beta HSD2 has been implicated in essential hypertension is known to', 'the syndrome of apparent mineralocorticoid excess SAME')]",Yes
It is estimated that 0.4 % of current cancers in the United States are due to computed tomography ( CT scans ) performed in the past and that this may increase to as high as 1.5 - 2 % with 2007 rates of CT usage .,medcaus.csv,10696,1,[],['due to'],implicit,"[('computed tomography -LRB- CT scans -RRB- performed in the past', '0.4 % of current cancers in the United States are'), ('computed tomography CT scans performed in the past', 'It is estimated that 0.4 % of current cancers in the United States are')]",Yes
"""In older men and women , the chances are higher that bleeding from the gastrointestinal tract could be due to colon polyps or colorectal cancer .""",medcaus.csv,7439,1,[],['due to'],implicit,"[('to colon polyps or colorectal', '`` In older men and women , the chances are'), ('to colon polyps or colorectal', 'that bleeding from the gastrointestinal')]",Yes
"""In mice , the function of signaling at the MDO has not been addressed directly due to a complete absence of the diencephalon in SHH mutants .""",medcaus.csv,1689,1,[],['due to'],implicit,"[('to a complete absence of the diencephalon in SHH', '`` In , the function of signaling at the MDO has not been addressed'), ('to a complete absence of the diencephalon in SHH', '`` In mice , the function of signaling at the MDO has not been addressed')]",Yes
It is hypothesized that the dual effects of lithium are due to the inhibition of G - proteins that mediate cyclic AMP production .,medcaus.csv,7213,1,[],['due to'],implicit,"[('the inhibition of G - proteins', 'dual effects of lithium'), ('the inhibition of G proteins that mediate cyclic AMP production', 'It is hypothesized that the dual effects of lithium are')]",Yes
"""pregnancy within a few months after vasectomy , typically result from unprotected sexual intercourse too soon after the procedure while some sperm continue to pass through the vasa deferentia .""",medcaus.csv,4182,1,[],[],implicit,"[('from unprotected sexual intercourse too soon after the procedure while some sperm continue to pass through the vasa', '`` pregnancy within a few months after'), ('from unprotected sexual intercourse too soon after the procedure while some sperm continue to pass through the vasa', '`` pregnancy within a few months after vasectomy ,')]",Yes
"""He differed significantly from Burckhardt , however in that he did not think there was any organic pathology in the brains of the mentally ill , but rather that their neural pathways were caught in fixed and destructive circuits leading to """" predominant , obsessive ideas . """"""",medcaus.csv,5999,1,[],['leading to'],implicit,"[('but rather that their neural pathways were caught in fixed and destructive', ""to '' '' predominant ,""), ('that their neural pathways were caught in fixed and destructive', ""to '' '' predominant ,"")]",Yes
Acute and chronic pain in the elderly is often attributed to fractures from osteoporosis and can lead to further disability and early mortality .,medcaus.csv,2614,1,[],['lead to'],implicit,"[('Acute and chronic pain in the elderly is often attributed to fractures from osteoporosis and', 'further disability and early mortality'), ('Acute and chronic pain in the elderly', 'further disability and early mortality')]",Yes
"""Over a long period of lithium treatment , cyclic AMP and adenylate cyclase levels are further changed by gene transcription factors .""",medcaus.csv,247,1,[],[],implicit,"[('by gene transcription', ', cyclic AMP and adenylate cyclase levels are further changed'), ('by gene transcription', ', cyclic AMP and adenylate cyclase levels are further')]",Yes
It is typically used when the frog has been grabbed by a predator and may serve to distract or disorientate the attacker so that it releases the frog .,medcaus.csv,11749,1,[],[],implicit,"[('to distract or disorientate the attacker', 'it releases the frog'), ('It is typically used', 'it releases the frog')]",Yes
Osteoporotic fractures occur in situations where healthy people would not normally break a bone ; they are therefore regarded as fragility fractures .,medcaus.csv,12805,1,[],['therefore'],implicit,"[('Osteoporotic fractures occur in situations where healthy people would not normally break a bone', 'they are regarded as fragility fractures'), ('they are', 'regarded as fragility fractures')]",Yes
"""If one has friends or peers who engage in drug use favorably , the chances of them developing an addiction increases .""",medcaus.csv,2922,1,[],[],implicit,"[('If one has or peers who engage in drug use', ', the chances of them developing an addiction'), ('If one has friends or peers who engage in drug use', ', the chances of them developing an addiction')]",Yes
Salicylate 's antirheumatic ( nonsteroidal anti - inflammatory ) actions are a result of its analgesic and anti - inflammatory mechanisms .,medcaus.csv,11330,1,[],[],implicit,"[('its analgesic and anti - inflammatory mechanisms', ""Salicylate 's antirheumatic -LRB- nonsteroidal anti - inflammatory -RRB- actions""), ('its analgesic and anti - inflammatory mechanisms', ""Salicylate 's antirheumatic actions"")]",Yes
Acquired resistance results from a mutation in the bacterial chromosome or the acquisition of extra - chromosomal DNA .,medcaus.csv,2698,1,[],[],implicit,"[('a mutation in the bacterial chromosome or the acquisition of extra chromosomal DNA', 'Acquired resistance'), ('a mutation in the bacterial chromosome or the acquisition of extra - chromosomal DNA', 'Acquired resistance')]",Yes
"""This leads to an increase in gastric pH , impaired digestion of food and increased risk of gastroenteritis .""",medcaus.csv,8304,1,[],['leads to'],implicit,"[('``', 'to an increase in gastric pH , impaired digestion of food and increased risk of'), ('``', 'to an increase in gastric , impaired digestion of food and increased risk of')]",Yes
This will increase lithium reabsorption and its concentrations in the body .,medcaus.csv,235,1,[],[],implicit,"[('This', 'will increase lithium reabsorption and its concentrations in the body'), ('This', 'lithium reabsorption and its concentrations in the body')]",Yes
Iron deficiency anemia is due to insufficient dietary intake or absorption of iron to meet the body 's needs .,medcaus.csv,1010,1,[],['due to'],implicit,"[(""insufficient dietary intake or absorption of iron to meet the body 's needs"", 'Iron deficiency anemia is'), (""insufficient dietary intake or absorption of iron to meet the body 's needs"", 'Iron deficiency anemia')]",Yes
"""Most commonly , botulinum toxin can be injected into the wrong muscle group or spread from the injection site , causing paralysis of unintended muscles .""",medcaus.csv,3035,1,[],[],implicit,"[(', botulinum can be injected into the wrong muscle group or spread from the injection', 'causing paralysis of unintended'), (', botulinum toxin can be injected into the wrong muscle group or spread from the injection', 'causing paralysis of unintended')]",Yes
When they wished to make themselves drunk and out of judgment they chewed a mixture of tobacco and coca leaves which make them go as they were out of their wittes .,medcaus.csv,14732,1,[],[],implicit,"[('they chewed a mixture of tobacco and coca leaves which', 'them go as they were out of their wittes'), ('they chewed a mixture of tobacco and coca leaves', 'make them go as they were out of their wittes')]",Yes
Regular dancing has been shown to lead to significant decreases in salivary cortisol concentrations .,medcaus.csv,3332,1,[],['lead to'],implicit,"[('Regular dancing has been shown to', 'significant decreases in salivary cortisol concentrations'), ('Regular dancing', 'significant decreases in salivary cortisol concentrations')]",Yes
"""Instead , by targeting the association centers and creating a """" ditch """" around the motor region of the temporal lobe , he hoped to break their lines of communication and thus alleviate both mental symptoms and the experience of mental distress .""",medcaus.csv,5986,1,[],['thus'],implicit,"[("", by targeting the association centers and creating a '' '' ditch '' '' around the motor region of the lobe , he hoped to break their lines"", 'communication and thus alleviate both mental symptoms and the experience'), (', he hoped to break their', 'communication and thus alleviate both mental symptoms and the experience')]",Yes
"""In the United States , the question of emergence of antibiotic - resistant bacterial strains due to use of antibiotics in livestock was raised by the US Food and Drug Administration ( FDA ) in 1977 .""",medcaus.csv,7643,1,[],['due to'],implicit,"[('to use of antibiotics in', 'of emergence of antibiotic - resistant bacterial'), ('to use of antibiotics in', ', the question of emergence of antibiotic - resistant bacterial')]",Yes
"""The survival of bacteria often results from an inheritable resistance , but the growth of resistance to antibacterials also occurs through horizontal gene transfer .""",medcaus.csv,2695,1,[],[],implicit,"[('from an inheritable', '`` The survival of bacteria'), ('from an inheritable', '`` The survival of')]",Yes
The spectral lines generated depend on the target ( anode ) element used and thus are called characteristic lines .,medcaus.csv,10691,1,[],['thus'],implicit,"[('The spectral lines generated depend on the target -LRB- anode -RRB- element used', 'are called characteristic lines'), ('The spectral lines generated depend on the target anode element used and', 'are called characteristic lines')]",Yes
"""All of the birds listed above are commonly consumed in the country of origin , so it may well be assumed that the term """" goose pimples """" ( also """" goose skin """" and """" goose flesh """" , c.1785 and 1810 ) and all other related terms in other languages came into being merely due to the visual similarity of the bird 's plucked skin and the human skin phenomenon , used to describe the sensation in a way that is readily familiar .""",medcaus.csv,12003,1,['assumed'],['due to'],implicit,"[(""other languages came into being merely due to the visual similarity of the bird 's plucked skin and the human skin phenomenon , used to describe the"", ""that the term '' '' goose pimples '' '' -LRB- also '' '' goose skin '' '' and '' '' goose flesh '' '' , c. 1785 and 1810 -RRB- and all other""), ('other languages came into being merely due to the visual similarity of the bird', ""that the term '' '' goose '' , c. 1785 and 1810 -RRB- and all other"")]",Yes
The cars would allow for rapid X - ray imaging of wounded soldiers so battlefield surgeons could quickly and more accurately operate .,medcaus.csv,785,1,[],[],implicit,"[('The cars would allow for rapid X ray imaging of wounded soldiers', 'battlefield surgeons could quickly and more accurately operate'), ('The cars would allow for rapid X - ray imaging of wounded soldiers', 'battlefield surgeons could quickly and more accurately operate')]",Yes
One reason for this may be that the case is due to a focus of current research on common variants .,medcaus.csv,5417,1,[],['due to'],implicit,"[('One reason for this may be that the case is', 'a focus of current research on common variants'), ('a focus of current research on common variants', 'the case')]",Yes
These calcifications are the result of a buildup of calcium deposits in the blood vessels within this brain region .,medcaus.csv,6992,1,[],[],implicit,"[('a buildup of calcium deposits in the blood vessels', 'These calcifications'), ('a buildup of calcium deposits in the blood vessels within this brain region', 'These calcifications')]",Yes
"""( In a more radical variation at the end of the last cut described , the butt of the orbitoclast was forced upwards so the tool cut vertically down the side of the cortex of the interhemispherical fissure ; the """" Deep frontal cut """" . )""",medcaus.csv,13488,1,[],[],implicit,"[(', the butt of the orbitoclast was forced', 'so the tool cut vertically down the side of the cortex of the interhemispherical'), (""'' -LRB- In a more radical variation at the end of the last cut described , the butt of the orbitoclast was forced"", ""so the tool cut vertically down the side of the cortex of the interhemispherical fissure ; the '' '' Deep frontal cut ''"")]",Yes
"""This leads to lower levels of inositol triphosphate , created by decomposition of PIP2 .""",medcaus.csv,7215,1,[],['leads to'],implicit,"[('``', 'to lower levels of inositol triphosphate , created by decomposition of'), ('`` , created by decomposition of', 'to lower levels of inositol')]",Yes
Extended exposure often leads to massive discoloration usually reducing the colors to white and typically very faded blue spectrums .,medcaus.csv,13536,1,[],['leads to'],implicit,"[('Extended exposure', 'massive discoloration usually reducing the colors to white and typically very faded blue spectrums'), ('Extended exposure often', 'massive discoloration usually reducing the colors to white and typically very faded blue spectrums')]",Yes
"Affects high in motivational intensity , thus , narrow cognitive scope making people able to focus more on central information .",medcaus.csv,13510,1,[],['thus'],implicit,"[('narrow cognitive scope', 'people able to focus more on central information'), ('Affects high in motivational intensity', 'narrow cognitive scope making people able to focus more on central information')]",Yes
Myasthenia gravis is an autoimmune disease which results from antibodies that block or destroy nicotinic acetylcholine receptors at the junction between the nerve and muscle .,medcaus.csv,8279,1,[],[],implicit,"[('antibodies that block or destroy nicotinic acetylcholine receptors at the junction between the nerve and muscle', 'Myasthenia gravis is an autoimmune disease'), ('antibodies that block or destroy nicotinic acetylcholine receptors at the junction between the nerve and muscle', 'Myasthenia gravis is an autoimmune disease which')]",Yes
