sentence,source,id,sentence_count,negation_marker,causal_marker,implicit_vs_explicit,CE,multiple_c_e
"An overdose can cause seizures, coma or death.",CauseNet-cause.csv,,1,[],['cause'],explicit,"[('overdose', 'death'), ('overdose', 'coma'), ('overdose', 'seizures')]",Yes
"E. coli infections can lead to hemolytic uremic syndrome (HUS), a severe illness that can cause kidney failure, pancreatitis, brain damage and damage to other organs.",CauseNet-cause.csv,,1,[],"['lead to', 'cause']",explicit,"[('severe_illness', 'kidney_failure'), ('severe_illness', 'brain_damage'), ('severe_illness', 'pancreatitis')]",Yes
"Transient (short term) insomnia is often caused by excitement or stress, such as a long anticipated vacation or a highly important business meeting.",CauseNet-cause.csv,,1,[],['caused'],explicit,"[('stress', 'insomnia'), ('excitement', 'insomnia')]",Yes
"Injury or death can be caused by inadequate security allowing a shooting, stabbing, rape, robbery, theft, assault, murder or other criminal activity to occur where none would otherwise occur with proper security.",CauseNet-cause.csv,,1,[],['caused'],explicit,"[('inadequate_security', 'death'), ('inadequate_security', 'injury')]",Yes
"Forbidden Grief is an extensive study and analysis of the trauma experienced by thousands of women, men and couples she has helped after The death caused by abortion leads to anguish and intense yearning for someone who cannot be retrieved.",CauseNet-cause.csv,,1,[],"['caused', 'leads to']",explicit,"[('abortion', 'death'), ('death', 'anguish')]",Yes
"Compare that to prescription medications that have been known to cause diarrhea, liver damage, impotence and hypoglycemia.",CauseNet-cause.csv,,1,[],['cause'],explicit,"[('prescription_medications', 'liver_damage'), ('prescription_medications', 'diarrhea'), ('prescription_medications', 'impotence')]",Yes
"Seizures may also be caused by gastrointestinal disease, poisoning , head injury, brain disease such as a tumor , and rarely, breath-holding during a tantrum.",CauseNet-cause.csv,,1,[],['caused'],explicit,"[('head_injury', 'seizures'), ('poisoning', 'seizures')]",Yes
"For example, many of us know that allergies can cause hives, itchy and watery eyes, runny nose, etc.",CauseNet-cause.csv,,1,[],['cause'],explicit,"[('allergies', 'runny_nose'), ('allergies', 'watery_eyes'), ('allergies', 'hives')]",Yes
Our expert injury accident lawyers will assist you in proving that the drugs that were prescribed or purchased over-the-counter were dangerous and caused the serious side-effects and injuries.,CauseNet-cause.csv,,1,[],['caused'],explicit,"[('drugs', 'injuries'), ('drugs', 'serious_side-effects')]",Yes
"A crucial step came in 2006 when the U.S. Food and Drug Administration approved the first VLP-based vaccine, Gardasil, the first vaccine proven effective against the human papillomavirus, which can cause genital warts and cervical cancer.",CauseNet-cause.csv,,1,[],['cause'],explicit,"[('human_papillomavirus', 'cervical_cancer'), ('human_papillomavirus', 'genital_warts')]",Yes
"Holding, in accordance with the Cartesian philosophy, then prevalent, that God himself is the only cause of all phenomena and events, he hence deduced his extraordinary theory of identity, and incorporated it with the fundamental doctrines of theology.",CauseNet-cause.csv,,1,[],"['cause', 'hence']",explicit,"[('god', 'events'), ('god', 'phenomena')]",Yes
"I think the importance of our paper is that we actually show these mutations can indeed cause several changes associated with aging.""",CauseNet-cause.csv,,1,[],['cause'],explicit,"[('aging', 'changes'), ('mutations', 'changes')]",Yes
"Generic Motrin is used to reduce the fever, pain, inflammation, and stiffness caused by many conditions, such as osteoarthritis, rheumatoid arthritis, and abdominal cramps associated with menstruation.",CauseNet-cause.csv,,1,[],['caused'],explicit,"[('conditions', 'stiffness'), ('menstruation', 'abdominal_cramps')]",Yes
"Background and Objectives: Smoking is a major preventable cause of morbidity and mortality all over the world, but little information is available about the prevalence of smoking in Saudi Arabia.",CauseNet-cause.csv,,1,[],['cause'],explicit,"[('smoking', 'mortality'), ('smoking', 'morbidity')]",Yes
"Hypertension, which is a major cause of intracranial hemorrhage and stroke, can be treated by preventive measures using diet (e.g., increasing nutrients such as antioxidants and folate), drug therapy, and stress reduction techniques.",CauseNet-cause.csv,,1,[],['cause'],explicit,"[('hypertension', 'stroke'), ('hypertension', 'intracranial_hemorrhage')]",Yes
"Section 5(a)(1) of the Act states that each employer shall furnish to each of his employees employment and To prove that an employer violated section 5(a)(1), the Secretary must show that a condition or activity in the employer's workplace presents a hazard to employees, that the cited employer or the employer's industry recognizes the hazard, that the hazard is likely to cause death or serious physical harm and that feasible means exist to eliminate or materially reduce the hazard.",CauseNet-cause.csv,,1,[],['cause'],explicit,"[('hazard', 'death'), ('hazard', 'serious_physical_harm')]",Yes
"Stopping the medication too early may allow bacteria to continue to grow, which may result in a relapse of the infection.Inform your doctor if your condition persists or worsens.Amoxicillin/clavulanic acid Oral is used to treat the following:Infection of the Middle Ear by H. Influenzae Bacteria, Middle Ear Infection caused by Moraxella Catarrhalis, Middle Ear Infection, Acute Bacterial Infection of the Sinuses, Severe Sinusitis caused by Haemophilus Influenzae, Severe Sinusitis caused by Moraxella Catarrhalis, Bacterial Pneumonia caused by Haemophilus Influenzae, Pneumonia caused by the Bacteria Moraxella Catarrhalis, Pneumonia caused by Bacteria, Urinary Tract Infection, Infection of Urinary Tract due to Enterobacter Cloacae, Urinary Tract Infection due to E. Coli Bacteria, Urinary Tract Infection caused by Klebsiella Bacteria, Skin Infection, Skin Infection due to Staphylococcus Aureus Bacteria, Skin Infection due to E. Coli Bacteria, Skin Infection due to Klebsiella BacteriaAmoxicillin/clavulanic acid Oral may also be used to treat:Highly Infectious Venereal or Sexually Transmitted Ulcer, Presumed Infection in Febrile Neutropenic Patient, Bacterial Infection with Chronic Bronchitis, Diverticulitis, Infection of the Biliary Tract, Diabetic Foot Infection, Pediatric Fever without a Source, Dog Bite Wound, Cat Bite Wound, Human Bite Wound Where to buy discount Synermox online: Quality-RX is a well established pharmaceutical supply company, with experience in delivering high quality, low cost pharmaceuticals to a worldwide market.",CauseNet-cause.csv,,1,[],"['result in', 'caused', 'caused', 'caused', 'caused', 'caused', 'caused', 'due to', 'due to', 'caused', 'due to', 'due to', 'due to']",explicit,"[('bacteria', 'pneumonia'), ('haemophilus_influenzae', 'bacterial_pneumonia')]",Yes
"Mold can cause property damage and health issues, and must be taken care of professional when it is found.",CauseNet-cause.csv,,1,[],['cause'],explicit,"[('mold', 'health_issues'), ('mold', 'property_damage')]",Yes
"If you are guilty of driving while impaired by alcohol and you cause an accident that results in injury or death, you can be charged with a felony.",CauseNet-cause.csv,,1,[],"['cause', 'results in']",explicit,"[('accident', 'death'), ('accident', 'injury')]",Yes
"In more serious cases, the disease can cause hearing and/or speech loss, blindness, permanent brain and nerve damage, behavioral changes, cognitive disabilities, lack of muscle control, seizures, and memory loss.",CauseNet-cause.csv,,1,[],['cause'],explicit,"[('disease', 'blindness'), ('disease', 'seizures'), ('disease', 'nerve_damage'), ('disease', 'memory_loss'), ('disease', 'behavioral_changes')]",Yes
"The bleeding and injuries caused by shaking can lead to blindness, paralysis, deafness, broken bones, developmental delays, seizures, learning disabilities and even death.",CauseNet-cause.csv,,1,[],"['caused', 'lead to']",explicit,"[('injuries', 'death'), ('bleeding', 'death'), ('injuries', 'paralysis'), ('injuries', 'blindness'), ('injuries', 'deafness'), ('injuries', 'broken_bones'), ('injuries', 'seizures'), ('bleeding', 'blindness'), ('bleeding', 'seizures'), ('bleeding', 'paralysis')]",Yes
"In contrast to our simplistic notion of causation whereby A causes B, which causes C, which causes D, the Buddhist theory recognizes the true complexity of causation.",CauseNet-cause.csv,,1,[],"['causation', 'causes', 'causes', 'causes', 'causation']",explicit,"[('b', 'c'), ('c', 'd')]",Yes
Her death was caused by a heart ailment and other complications.,CauseNet-cause.csv,,1,[],['caused'],explicit,"[('complications', 'death'), ('heart_ailment', 'death')]",Yes
PPD causes allergic reaction and scarring in some people.,CauseNet-cause.csv,,1,[],['causes'],explicit,"[('ppd', 'allergic_reaction'), ('ppd', 'scarring')]",Yes
"Plus, anxiety can cause indigestion and heartburn, which can make matters worse.",CauseNet-cause.csv,,1,[],['cause'],explicit,"[('anxiety', 'indigestion'), ('anxiety', 'heartburn')]",Yes
"This procedure can cause cramping, bleeding, nausea and diarrhea.",CauseNet-cause.csv,,1,[],['cause'],explicit,"[('procedure', 'bleeding'), ('procedure', 'cramping')]",Yes
"Lung cancer is the leading cause of cancer death for both men and women, and cancer has long been the 2nd leading cause of death in the U.S.",CauseNet-cause.csv,,1,[],"['cause', 'cause']",explicit,"[('cancer', 'death'), ('lung_cancer', 'cancer_death')]",Yes
"The disease can cause kidney damage, blindness and pneumonia.",CauseNet-cause.csv,,1,[],['cause'],explicit,"[('disease', 'blindness'), ('disease', 'pneumonia'), ('disease', 'kidney_damage')]",Yes
"They work the first 20/40 minutes, but then the effect fades away and the pain begins... A: Dear Maureen, friction causes chafing, blisters, rash, saddle soreness, and skin irritation.",CauseNet-cause.csv,,1,[],['causes'],explicit,"[('friction', 'blisters'), ('friction', 'chafing'), ('friction', 'skin_irritation'), ('friction', 'rash')]",Yes
"Lipoxen's ErepoXen product candidate is an enhanced polysialylated form of erythropoietin (EPO), a hormone produced by the kidneys to maintain red blood cell production and prevent anaemia caused by chronic renal (kidney) failure or chemotherapy.",CauseNet-cause.csv,,1,[],['caused'],explicit,"[('chemotherapy', 'anaemia'), ('failure', 'anaemia')]",Yes
"At very high doses, opiates can cause an overdose that results in a coma or even death.",CauseNet-cause.csv,,1,[],"['cause', 'results in']",explicit,"[('overdose', 'death'), ('overdose', 'coma')]",Yes
"Cause and effect scenarios such as: smoking is a cause of lung cancer, and obesity is a cause of diabetes, are questions of science which can shape public policy.",CauseNet-cause.csv,,1,[],"['Cause', 'cause', 'cause']",explicit,"[('smoking', 'lung_cancer'), ('obesity', 'diabetes')]",Yes
"If that kind of over-serving happens, and the drunk customer causes a wreck that leads to an injury or death, the bar (or restaurant) can be ruled partially responsible for that accident.",CauseNet-cause.csv,,1,[],"['causes', 'leads to']",explicit,"[('wreck', 'injury'), ('wreck', 'death')]",Yes
The bacteria found in raw milk may cause disease and illness in people who drink it.,CauseNet-cause.csv,,1,[],['cause'],explicit,"[('bacteria', 'disease'), ('bacteria', 'illness')]",Yes
"For example, weight gain and sexual problems can be caused by either the disease or by antidepressants.",CauseNet-cause.csv,,1,[],['caused'],explicit,"[('antidepressants', 'weight_gain'), ('antidepressants', 'sexual_problems'), ('disease', 'weight_gain'), ('disease', 'sexual_problems')]",Yes
"Although healthy individuals may suffer only short-term symptoms such as fever, headache, stiffness, nausea, abdominal pain and diarrhea, Listeria infection can cause miscarriages and stillbirths among pregnant women.",CauseNet-cause.csv,,1,[],['cause'],explicit,"[('listeria_infection', 'stillbirths_among_pregnant_women'), ('listeria_infection', 'miscarriages')]",Yes
"Arthritis means inflammation of a joint which can cause ache, inflammation and stiffness to the affected region.",CauseNet-cause.csv,,1,[],['cause'],explicit,"[('inflammation_of_a_joint', 'stiffness_to_the_affected_region'), ('inflammation_of_a_joint', 'inflammation')]",Yes
"Fractures caused by accidents, articular degenerative illnesses -some of them related to the frequency of certain activities-, tumors and so on are some of the pathologies illustrated.",CauseNet-cause.csv,,1,[],['caused'],explicit,"[('accidents', 'fractures'), ('tumors', 'fractures')]",Yes
"Whether the accident was caused by poor maintenance or poor design, an experienced lawyer will assist you recover damages for medical bills and pain and suffering.",CauseNet-cause.csv,,1,[],['caused'],explicit,"[('poor_maintenance', 'accident'), ('poor_design', 'accident')]",Yes
BACKGROUND: Infections are a major cause of morbidity and mortality in childhood acute lymphoblastic leukemia (ALL) and only limited information is available on infectious complications.,CauseNet-cause.csv,,1,[],['cause'],explicit,"[('infections', 'mortality'), ('infections', 'morbidity')]",Yes
"The Center for Immigration Research at the University of Houston estimates that between 1995 and 1998 the number of deaths due to hypothermia, heat stroke, and other causes on these routes was nearly three times the level of the mid-1980s.",CauseNet-cause.csv,,1,[],"['due to', 'causes']",explicit,"[('hypothermia', 'deaths'), ('heat_stroke', 'deaths')]",Yes
"The act specifically prohibits any person, in the course of doing business, from knowingly and intentionally exposing any individual (without giving a specified warning) to a chemical known to the state of California that causes cancer or reproductive toxicity.",CauseNet-cause.csv,,1,[],['causes'],explicit,"[('chemical', 'cancer'), ('chemical', 'reproductive_toxicity')]",Yes
"Aside from any immediate pinching pain, wearing ill-fitting footwear can cause bunions, calluses, corns and blisters, which can lead to pain and discomfort in later years.",CauseNet-cause.csv,,1,[],"['cause', 'lead to']",explicit,"[('blisters', 'pain'), ('bunions', 'discomfort'), ('blisters', 'discomfort'), ('bunions', 'pain'), ('corns', 'pain'), ('calluses', 'pain'), ('calluses', 'discomfort'), ('corns', 'discomfort')]",Yes
"When this condition persists, these two hormones continue to fight against each other and most likely will cause you to become sick and can result in vomiting, nervousness, panic attacks or even passing out.",CauseNet-cause.csv,,1,[],"['cause', 'result in']",explicit,"[('hormones', 'nervousness'), ('hormones', 'vomiting')]",Yes
"Lyme disease is caused by bacteria, while tick-borne encephalitis is caused by a virus, both of which live in ticks and can be transmitted when the tick bites a host.",CauseNet-cause.csv,,1,[],"['caused', 'caused']",explicit,"[('bacteria', 'lyme_disease'), ('virus', 'tick-borne_encephalitis')]",Yes
"For example, the drug may cause side effects or serious complications, such as an irregular heart rhythm, slow heart rate, nerve problems, or life-threatening allergic reactions.",CauseNet-cause.csv,,1,[],['cause'],explicit,"[('drug', 'side_effects'), ('drug', 'serious_complications')]",Yes
"Also be certain to bag your meat and fish in a separate bag than the rest of your food items, and to bring a cooler in your car to put refrigerated items in if it is According to the Centers for Disease Control and Prevention (CDC), there are over 250 different kinds of foodborne illnesses, caused by consuming food or beverages contaminated by disease-causing microbes or pathogens, and the most common foodborne illnesses are caused by bacteria, viruses, and parasites.",CauseNet-cause.csv,,1,[],"['caused', 'caused']",explicit,"[('bacteria', 'foodborne_illnesses'), ('viruses', 'foodborne_illnesses'), ('parasites', 'foodborne_illnesses')]",Yes
"This disease causes intracranial hemorrhage, either in-utero or during neonatal period, causing death or substantial disability in 10 percent of un-treated cases.",CauseNet-cause.csv,,1,[],['causes'],explicit,"[('intracranial_hemorrhage', 'death'), ('disease', 'intracranial_hemorrhage')]",Yes
"In many cases, wrinkles caused by sun damage, aging, and heredity can be reduced and even eliminated through the use of a series of chemical peels.",CauseNet-cause.csv,,1,[],['caused'],explicit,"[('sun_damage', 'wrinkles'), ('aging', 'wrinkles')]",Yes
"Virginia was the first state in the country to mandate that girls receive the vaccine against HPV, which causes genital warts and can cause cervical cancer, after a federal advisory panel suggested routine vaccination for 11- and 12-year-olds in 2006.",CauseNet-cause.csv,,1,[],"['causes', 'cause']",explicit,"[('hpv', 'cervical_cancer'), ('hpv', 'genital_warts')]",Yes
"If gas leaks from leaked by the severe damage during delivering, installing or using the refrigerator, any spark may cause fire or burns.",CauseNet-cause.csv,,1,[],['cause'],explicit,"[('gas_leaks', 'fire'), ('gas_leaks', 'burns')]",Yes
"SIDE EFFECTS: This medication may cause dizziness, headache, lightheadedness, stomach upset, bloating, or nauesa.",CauseNet-cause.csv,,1,[],['cause'],explicit,"[('medication', 'dizziness'), ('medication', 'headache'), ('medication', 'lightheadedness')]",Yes
"His friends talk about the strong medication he was taking for Colitis, a drug that has been known to cause depression and mental confusion.",CauseNet-cause.csv,,1,[],['cause'],explicit,"[('drug', 'depression'), ('drug', 'mental_confusion')]",Yes
"Both conditions can be caused by genetics, hypertension, smoking, a high fat diet, or damage from sunlight.",CauseNet-cause.csv,,1,[],['caused'],explicit,"[('smoking', 'conditions'), ('damage', 'conditions'), ('hypertension', 'conditions'), ('genetics', 'conditions')]",Yes
Aspirin use burns a hole in your stomach and causes ulcers and internal bleeding; Prozac and Valium causes suicidal tendencies; birth control pills causes female cancers and hormonal imbalances; Dilantin causes strokes; Viagra causes eye disorders and heart attacks.,CauseNet-cause.csv,,1,[],"['causes', 'causes', 'causes', 'causes', 'causes']",explicit,"[('viagra', 'heart_attacks'), ('aspirin_use', 'ulcers')]",Yes
"This condition is also caused by certain environmental factors, age, excessive sun exposure, genetic issues, certain chemicals or toxins and many others.",CauseNet-cause.csv,,1,[],['caused'],explicit,"[('environmental_factors', 'condition'), ('age', 'condition')]",Yes
"The drug can also cause sweating, dilated pupils, tremors and an increased heart rate.",CauseNet-cause.csv,,1,[],['cause'],explicit,"[('drug', 'tremors'), ('drug', 'increased_heart_rate'), ('drug', 'sweating')]",Yes
* SUTENT can cause serious liver problems that could lead to liver failure or death.,CauseNet-cause.csv,,1,[],"['cause', 'lead to']",explicit,"[('serious_liver_problems', 'death'), ('serious_liver_problems', 'liver_failure')]",Yes
"or something like that, all because of some ancient fairy tales written by people who thought that diseases are caused by demons and witchcraft.",CauseNet-cause.csv,,1,[],"['because', 'caused']",explicit,"[('demons', 'diseases'), ('witchcraft', 'diseases')]",Yes
"According to the governor's office, the money would provide 71,334 infants with a vaccine for rotavirus, which causes severe diarrhea and vomiting; 108,188 children with a vaccine that prevents bacterial meningitis; and 72,126 girls between the ages of 9 and 18 with a human papilloma virus vaccine, which helps prevent sexually transmitted virus that causes cervical cancer.""",CauseNet-cause.csv,,1,[],"['causes', 'causes']",explicit,"[('rotavirus', 'severe_diarrhea'), ('sexually_transmitted_virus', 'cervical_cancer'), ('rotavirus', 'vomiting')]",Yes
"This includes disruption of the mechanical barriers to invasion by pathogenic organisms or foreign antigens (e.g. normal bacterial flora, the eye and skin, immotile cilia syndrome), defects in nonspecific host defenses (e.g., complement deficiency and functional white blood cell disorders), and defects in specific host defenses (e.g., immunosuppression caused by bacteria, viruses and parasites, combined immunodeficiency, deficiency).",CauseNet-cause.csv,,1,[],['caused'],explicit,"[('viruses', 'immunosuppression'), ('parasites', 'immunosuppression'), ('bacteria', 'immunosuppression')]",Yes
"Studies have shown that up to 25% of women may have uterine fibroids, which can cause pain, bleeding and infertility, and as many as 20% of those require treatment.",CauseNet-cause.csv,,1,[],['cause'],explicit,"[('uterine_fibroids', 'infertility'), ('uterine_fibroids', 'pain'), ('uterine_fibroids', 'bleeding')]",Yes
"Every year chronic wounds, caused by diabetes, poor circulation or other conditions, keep approximately 5 million Americans just like you from doing the things they love to do.",CauseNet-cause.csv,,1,[],['caused'],explicit,"[('diabetes', 'chronic_wounds'), ('poor_circulation', 'chronic_wounds'), ('conditions', 'chronic_wounds')]",Yes
"Esophagitis in patients with AIDS is most commonly due to either Candida albicans or Herpes simplex virus, but may also be caused by CMV.",CauseNet-cause.csv,,1,[],"['due to', 'caused']",explicit,"[('candida_albicans', 'esophagitis'), ('cmv', 'esophagitis')]",Yes
"Some chemicals, including lead and mercury, can cause brain damage and developmental problems in children.",CauseNet-cause.csv,,1,[],['cause'],explicit,"[('chemicals', 'brain_damage'), ('chemicals', 'developmental_problems')]",Yes
"If the photographer's eyebrows accidentally make contact with the middle contact, the electrical shock can cause pain or even injuries.",CauseNet-cause.csv,,1,[],['cause'],explicit,"[('electrical_shock', 'injuries'), ('electrical_shock', 'pain')]",Yes
"Without lubrication, these tightly fit pieces would quickly wear and bond together (seize) because metal against metal causes friction, which causes heat, which in turn causes wear.",CauseNet-cause.csv,,1,[],"['because', 'causes', 'causes', 'causes']",explicit,"[('friction', 'heat'), ('heat', 'wear'), ('metal_against_metal', 'friction')]",Yes
"It will also help with exfoliating the skin, where as shaving may cause ingrown hairs and bumps.",CauseNet-cause.csv,,1,[],['cause'],explicit,"[('shaving', 'ingrown_hairs'), ('shaving', 'bumps')]",Yes
"As The Times reported last year, acetaminophen overdose is the leading cause of liver failure and death from liver failure in the U.S.",CauseNet-cause.csv,,1,[],['cause'],explicit,"[('acetaminophen_overdose', 'liver_failure'), ('acetaminophen_overdose', 'death')]",Yes
"Loss of muscle mass is another symptom associated with aging, but is more often caused by inactivity rather than by aging.",CauseNet-cause.csv,,1,[],['caused'],explicit,"[('aging', 'loss_of_muscle_mass'), ('inactivity', 'loss_of_muscle_mass')]",Yes
"Strong and dedicated social workers are an essential part of our health care team, working closely with physicians, nurses and the community to help patients and their families cope with challenges caused by illness or life changes.",CauseNet-cause.csv,,1,[],['caused'],explicit,"[('illness', 'challenges'), ('life_changes', 'challenges')]",Yes
"On the balance of probabilities, the behaviour must be likely to cause harassment, alarm or distress (non-housing related anti-social behaviour); or conduct capable of causing nuisance or annoyance (housing-related anti-social behaviour); and just and convenient to grant the injunction to prevent anti-social behaviour.",CauseNet-cause.csv,,1,[],['cause'],explicit,"[('behaviour', 'distress'), ('behaviour', 'alarm'), ('behaviour', 'harassment')]",Yes
"Social Services are an integral part of the health care team, helping patients and their families cope with the challenges and problems caused by illness or life changes.",CauseNet-cause.csv,,1,[],['caused'],explicit,"[('illness', 'challenges'), ('life_changes', 'challenges')]",Yes
"Unlike the harmful bacteria that can cause illness and infection, however, probiotics are bacteria that provide some sort or another of a benefit to the person that uses them.",CauseNet-cause.csv,,1,[],['cause'],explicit,"[('harmful_bacteria', 'infection'), ('harmful_bacteria', 'illness')]",Yes
"Drug interactions can be caused by prescription and over-the-counter medications, herbal products or vitamins, foods, diseases, and genetics (family history).",CauseNet-cause.csv,,1,[],['caused'],explicit,"[('over-the-counter_medications', 'drug_interactions'), ('vitamins', 'drug_interactions')]",Yes
"Malaria is caused by parasites, protozoa belonging to the genus Plasmodium, which cause high fever with different types of complications that can lead to death.",CauseNet-cause.csv,,1,[],"['caused', 'cause', 'lead to']",explicit,"[('high_fever', 'death'), ('parasites', 'malaria')]",Yes
"A plaintiff in an automotive products liability case against the manufacturer or seller of a motor vehicle generally has to prove that the vehicle at the time of sale contained a defect that created an unreasonable risk of death, personal injury, or property damage when the vehicle was used for its intended purpose and that the defect caused an accident or similar incident, such as a vehicle fire, that resulted in the damage or loss for which the plaintiff seeks to recover damages.",CauseNet-cause.csv,,1,[],"['caused', 'resulted in']",explicit,"[('accident', 'damage'), ('accident', 'loss')]",Yes
Both UVA and UVB can cause damage but generally it is UVA which ages and UVB which burns.,CauseNet-cause.csv,,1,[],['cause'],explicit,"[('uva', 'damage'), ('uvb', 'damage')]",Yes
"With respect to [*332] causation, the court instructed that Cash must prove that defendants' actions or inaction were the ""proximate cause"" of her injury, i.e., that they were ""a substantial factor in bringing about [her] injury"" and that such injury ""was a reasonably foreseeable consequence"" of defendants' conduct.",CauseNet-cause.csv,,1,[],"['causation', 'cause']",explicit,"[('inaction', 'injury'), (""defendants_'_actions"", 'injury')]",Yes
Cardiac damage caused by ischemia-reperfusion is a major cause of mortality associated with coronary artery disease.,CauseNet-cause.csv,,1,[],"['caused', 'cause']",explicit,"[('coronary_artery_disease', 'mortality'), ('cardiac_damage', 'mortality')]",Yes
"Diarrhea caused by bacteria and parasites can be common when traveling in developing countries, and is often called traveler's diarrhea.",CauseNet-cause.csv,,1,[],['caused'],explicit,"[('bacteria', 'diarrhea'), ('parasites', 'diarrhea')]",Yes
"Such a moratorium would dramatically reduce the population growth that is the primary cause of increased pollution, traffic jams, sprawl, and environmental degradation in the U.S. CCN has warned about the repercussions of the various proposed amnesty plans in previous Action Alerts.",CauseNet-cause.csv,,1,[],['cause'],explicit,"[('population_growth', 'environmental_degradation'), ('population_growth', 'sprawl')]",Yes
"Speech Pathologists also work with adult communicative disorders, including swallowing disorders, that may result from stroke or head injury, as well as voice problems caused by illness or disease or that are surgically related.",CauseNet-cause.csv,,1,[],['caused'],explicit,"[('illness', 'voice_problems'), ('disease', 'voice_problems')]",Yes
"Noncyclic breast tenderness and pain can also be caused by medications prescribed for hormonal conditions, high blood pressure, and heart and gastrointestinal problems.",CauseNet-cause.csv,,1,[],['caused'],explicit,"[('high_blood_pressure', 'pain'), ('gastrointestinal_problems', 'pain'), ('medications', 'pain')]",Yes
"Arthritis, heart problems, cancer and diabetes amongst other ailments is caused by inflammation and you need to take anti inflammatory.",CauseNet-cause.csv,,1,[],['caused'],explicit,"[('inflammation', 'cancer'), ('inflammation', 'arthritis'), ('inflammation', 'diabetes'), ('inflammation', 'heart_problems')]",Yes
Lack of oxygen can cause permanent damage to the brain or lead to death in less than eight minutes Online Nebivolol 90 2.5 Mg Paypal.,CauseNet-cause.csv,,1,[],"['cause', 'lead to']",explicit,"[('lack_of_oxygen', 'death'), ('lack_of_oxygen', 'permanent_damage_to_the_brain')]",Yes
"Caffeine, nicotine and other stimulants can cause your heart to beat faster and may contribute to the development of more-serious arrhythmias.",CauseNet-cause.csv,,1,[],['cause'],explicit,"[('caffeine', 'heart_to_beat_faster'), ('nicotine', 'heart_to_beat_faster')]",Yes
"[ 5] The tumors can cause infertility, pain, and uterine bleeding.",CauseNet-cause.csv,,1,[],['cause'],explicit,"[('tumors', 'pain'), ('tumors', 'infertility')]",Yes
"Contrary to their claims, these diets are high in protein which causes excessive work on the kidney and liver, and leads to osteoporosis and kidney stones.",CauseNet-cause.csv,,1,['claims'],"['causes', 'leads to']",explicit,"[('diets', 'osteoporosis'), ('diets', 'kidney_stones')]",Yes
Fungi and bacteria may cause spots.,CauseNet-cause.csv,,1,[],['cause'],explicit,"[('bacteria', 'spots'), ('fungi', 'spots')]",Yes
The activity of mice seeking out areas like the back of an oven will cause a good deal of damage and destruction as well as contamination as a result of urine and feces.,CauseNet-cause.csv,,1,[],"['cause', 'as a result']",explicit,"[('urine', 'contamination'), ('feces', 'contamination')]",Yes
"It is to be expected that certain events will cause worry and anxiety (for example, economic uncertainty, relationship problems and significant losses).",CauseNet-cause.csv,,1,[],['cause'],explicit,"[('events', 'anxiety'), ('events', 'worry')]",Yes
"Downtime can be caused by data loss or corruption, equipment failure, or a complete site outage after a loss of power or a natural disaster.",CauseNet-cause.csv,,1,[],['caused'],explicit,"[('data_loss', 'downtime'), ('corruption', 'downtime'), ('equipment_failure', 'downtime')]",Yes
"An unclean kitchen will be a breeding ground for bacteria and germs, which can even cause food poisoning.",CauseNet-cause.csv,,1,[],['cause'],explicit,"[('bacteria', 'food_poisoning'), ('germs', 'food_poisoning')]",Yes
"an example, after many years of lying crap from the tobacco industry the science of the death and disease that smoking causes was accepted as science facts.",CauseNet-cause.csv,,1,[],['causes'],explicit,"[('smoking', 'death'), ('smoking', 'disease')]",Yes
"Because brain injuries may cause permanent disability or death, you need experienced legal representation to protect your rights.",CauseNet-cause.csv,,1,[],"['Because', 'cause']",explicit,"[('brain_injuries', 'death'), ('brain_injuries', 'permanent_disability')]",Yes
"Finally, one needs to be fit enough to withstand the strong solar radiation after a freezing night, the constant winds that may easily turn into storms, and, especially, the lack of oxygen, which usually causes headaches and nausea for the first days.",CauseNet-cause.csv,,1,[],['causes'],explicit,"[('lack_of_oxygen', 'headaches'), ('lack_of_oxygen', 'nausea')]",Yes
"Chronic liver disease (CLD) is a major cause of mortality in Northern Pakistan where HCV infection is the main cause of chronic liver disease followed by either HBV or a combination of these viruses.1 HBV and HCV are prevalent in Hazara2,3 and other parts of NWFP,4 like the rest of Pakistan.",CauseNet-cause.csv,,1,[],"['cause', 'cause']",explicit,"[('hcv_infection', 'chronic_liver_disease'), ('chronic_liver_disease', 'mortality')]",Yes
"automobiles coverage coverage will take care of physical damages sustained by your vehicle that was caused by something other than a vehicular accident: losses or damages caused by car-theft, fire, malicious damage, force majeure (unanticipated natural calamities), or even driving into a buck, are covered by comp.",CauseNet-cause.csv,,1,[],"['caused', 'caused']",explicit,"[('fire', 'losses'), ('malicious_damage', 'losses'), ('car-theft', 'losses'), ('force_majeure', 'losses')]",Yes
The situation has become even more serious due to the problems caused by climate change and the financial crisis.,CauseNet-cause.csv,,1,[],"['due to', 'caused']",explicit,"[('climate_change', 'problems'), ('financial_crisis', 'problems')]",Yes
"As a result, almost all land in Bugisu is cultivated, and land pressure causes population migration and social conflicts.",CauseNet-cause.csv,,1,[],"['As a result', 'causes']",explicit,"[('land_pressure', 'social_conflicts'), ('land_pressure', 'population_migration')]",Yes
"Concrete trucks, heavy equipment, radios, hammering/sawing and the use of pneumatic tools of any kind cause the most noise.",CauseNet-cause.csv,,1,[],['cause'],explicit,"[('radios', 'noise'), ('heavy_equipment', 'noise')]",Yes
"This drug can cause serious side effects and toxicity and even death in high doses.Side Effects: 80% of people who take colchicine in doses that are high enough to be effective develop stomach problems, such as cramping, nausea, diarrhea, or vomiting.",CauseNet-cause.csv,,1,[],['cause'],explicit,"[('drug', 'serious_side_effects'), ('drug', 'toxicity')]",Yes
"The blood clot can break loose and cause a pulmonary embolism in the lung, a heart attack, or a stroke.",CauseNet-cause.csv,,1,[],['cause'],explicit,"[('blood_clot', 'stroke'), ('blood_clot', 'heart_attack'), ('blood_clot', 'pulmonary_embolism')]",Yes
"Both heavy metals can cause serious neurological disorders, autoimmune diseases, hypothyroidism, cancers and birth defects.",CauseNet-cause.csv,,1,[],['cause'],explicit,"[('heavy_metals', 'birth_defects'), ('heavy_metals', 'cancers')]",Yes
"Among other things, Hyperemesis Gravidarum can cause hypoglycemia, malnutrition, renal failure, atrophy, and a whole host of other ailments and problems for the mother.",CauseNet-cause.csv,,1,[],['cause'],explicit,"[('hyperemesis_gravidarum', 'malnutrition'), ('hyperemesis_gravidarum', 'renal_failure'), ('hyperemesis_gravidarum', 'atrophy'), ('hyperemesis_gravidarum', 'whole_host_of_other_ailments'), ('hyperemesis_gravidarum', 'hypoglycemia')]",Yes
The bacteria associated with gum disease can cause premature births and or low birth weight babies.,CauseNet-cause.csv,,1,[],['cause'],explicit,"[('gum_disease', 'bacteria'), ('bacteria', 'premature_births')]",Yes
"For instance, pneumonia caused by Legionella may cause abdominal pain and Diarrhea, while pneumonia caused by Tuberculosis or Pneumocystis may cause only Weight loss and night sweats.",CauseNet-cause.csv,,1,[],"['caused', 'cause', 'caused', 'cause']",explicit,"[('tuberculosis', 'pneumonia'), ('pneumocystis', 'pneumonia'), ('pneumonia', 'diarrhea'), ('legionella', 'pneumonia')]",Yes
The ER physician called a cardiologist who testified that the cause of death was respiratory arrest secondary to lung disease and a nephrologist who testified that the cause of death was a pulmonary embolus secondary to superior vena cava syndrome.,CauseNet-cause.csv,,1,[],"['cause', 'cause']",explicit,"[('respiratory_arrest', 'death'), ('pulmonary_embolus', 'death')]",Yes
Alcohol poisoning can cause brain damage or even death and should be treated immediately.,CauseNet-cause.csv,,1,[],['cause'],explicit,"[('alcohol_poisoning', 'death'), ('alcohol_poisoning', 'brain_damage')]",Yes
"The garage door is Americas front door and it is typically cycled multiple times a day, so it should be inspected regularly to avoid any accidents which can cause property damage or bodily harm due to worn, broken or loose parts.",CauseNet-cause.csv,,1,[],"['cause', 'due to']",explicit,"[('accidents', 'property_damage'), ('accidents', 'bodily_harm')]",Yes
The Question: I suffered from PTSD that caused clinical depression and anxiety.,CauseNet-cause.csv,,1,[],['caused'],explicit,"[('ptsd', 'anxiety'), ('ptsd', 'clinical_depression')]",Yes
"The syndrome causes cerebellar ataxia (balance and coordination problems), mental retardation, congenital cataracts in early childhood, muscle weakness, inability to chew food, thin brittle fingernails, and sparse hair.",CauseNet-cause.csv,,1,[],['causes'],explicit,"[('syndrome', 'mental_retardation'), ('syndrome', 'muscle_weakness')]",Yes
Any comments that have been posted simply to cause offence will be immediately edited or deleted and could result in a ban.,CauseNet-cause.csv,,1,[],"['cause', 'result in']",explicit,"[('comments', 'offence'), ('comments', 'ban')]",Yes
"These pimples can be caused by a wide variety of reasons, from ingrown hairs to infected hair follicles but most commonly it is from sweat and bacteria on the skin causing both sebum blockage and inflammation.",CauseNet-cause.csv,,1,[],['caused'],explicit,"[('bacteria_on_the_skin', 'inflammation'), ('bacteria_on_the_skin', 'sebum_blockage')]",Yes
"During the California Gold Rush the Native American population was reduced from 150,000 in 1846 to about 17,000 in 1900 due to enslavement, murder, and deaths caused by malnutrition and disease.",CauseNet-cause.csv,,1,[],"['due to', 'caused']",explicit,"[('disease', 'deaths'), ('malnutrition', 'deaths')]",Yes
"In 2007, there were nearly twice as many deaths caused by prescription painkillers in this country as there were deaths caused by cocaine.",CauseNet-cause.csv,,1,[],"['caused', 'caused']",explicit,"[('cocaine', 'deaths'), ('prescription_painkillers', 'deaths')]",Yes
"SIDE EFFECTS: This medication can cause nausea, loss of appetite, constipation or diarrhea, weakness, or headache.",CauseNet-cause.csv,,1,[],['cause'],explicit,"[('medication', 'nausea'), ('medication', 'headache'), ('medication', 'loss_of_appetite'), ('medication', 'weakness')]",Yes
"Chlamydia can also cause pelvic inflammatory disease, ectopic pregnancy and serious complications for newborn infants.",CauseNet-cause.csv,,1,[],['cause'],explicit,"[('chlamydia', 'pelvic_inflammatory_disease'), ('chlamydia', 'ectopic_pregnancy'), ('chlamydia', 'serious_complications')]",Yes
Heavy rainfall brought by the hurricane caused landslides and flooding along the Harbourville Mountain which washed out numerous roads.,CauseNet-cause.csv,,1,[],['caused'],explicit,"[('heavy_rainfall', 'landslides'), ('hurricane', 'heavy_rainfall')]",Yes
"Diabetes is also a major cause of premature mortality, stroke, cardiovascular disease, peripheral vascular disease, congenital malformations as well as long- and short-term disability.",CauseNet-cause.csv,,1,[],['cause'],explicit,"[('diabetes', 'stroke'), ('diabetes', 'cardiovascular_disease'), ('diabetes', 'peripheral_vascular_disease'), ('diabetes', 'premature_mortality')]",Yes
"The condition can also cause vomiting, nausea, and a rash along with behavioral changes such as confusion and sleepiness.",CauseNet-cause.csv,,1,[],['cause'],explicit,"[('condition', 'nausea'), ('condition', 'rash')]",Yes
"The liver cirrhosis and cancers caused by HCV infection are a leading cause of death among people who inject drugs, particularly those living with HIV.",CauseNet-cause.csv,,1,[],"['caused', 'cause']",explicit,"[('cancers', 'death'), ('liver_cirrhosis', 'death'), ('hcv_infection', 'liver_cirrhosis')]",Yes
"The weakness, numbness and pain are caused by nerve damage and worsening blood flow to these extremities due to the progression of diabetes.",CauseNet-cause.csv,,1,[],"['caused', 'due to']",explicit,"[('nerve_damage', 'pain'), ('nerve_damage', 'numbness'), ('nerve_damage', 'weakness')]",Yes
"Arthritis is a disease that causes joint pain, stiffness, and swelling.",CauseNet-cause.csv,,1,[],['causes'],explicit,"[('disease', 'stiffness'), ('disease', 'joint_pain')]",Yes
"Women who are pregnant, may become pregnant, or are breastfeeding should speak with their doctor before taking leflunomide, since this medication can cause serious birth defects and complications.",CauseNet-cause.csv,,1,[],"['since', 'cause']",explicit,"[('medication', 'complications'), ('medication', 'serious_birth_defects')]",Yes
"Her death was caused by dropsy and complications caused by a stroke of apoplexy, which she suffered four weeks ago.",CauseNet-cause.csv,,1,[],"['caused', 'caused']",explicit,"[('complications', 'death'), ('dropsy', 'death')]",Yes
"The neighbor is able to put out the fire with a garden hose, but the result is thousands of dollars in damage caused by fire and water.",CauseNet-cause.csv,,1,[],['caused'],explicit,"[('fire', 'damage'), ('water', 'damage')]",Yes
"Image: Researchers in Germany have gained new insight into how the immune system causes damage associated with multiple sclerosis, an incurable neuroinflammatory disorder.",CauseNet-cause.csv,,1,[],['causes'],explicit,"[('immune_system', 'damage'), ('multiple_sclerosis', 'damage')]",Yes
"This combination medication is used to temporarily treat symptoms caused by the common cold, flu, allergies, or other breathing illnesses (such as sinusitis, bronchitis).",CauseNet-cause.csv,,1,[],['caused'],explicit,"[('allergies', 'symptoms'), ('flu', 'symptoms'), ('common_cold', 'symptoms'), ('breathing_illnesses', 'symptoms')]",Yes
"The Florida Lemon Law does cover defects caused by an accident, modification, neglect, abuse or alteration by anyone other than the manufacturer or its dealer.",CauseNet-cause.csv,,1,[],['caused'],explicit,"[('abuse', 'defects'), ('accident', 'defects'), ('neglect', 'defects'), ('alteration', 'defects'), ('modification', 'defects')]",Yes
"Here are two such examples: Hyperhidrosis is never a life-threatening condition, but is able to cause immense discomfort and embarrassment to the patients who suffer from this particular physical disorder.",CauseNet-cause.csv,,1,[],['cause'],explicit,"[('hyperhidrosis', 'embarrassment'), ('hyperhidrosis', 'immense_discomfort')]",Yes
PROTECT LIVER - The antioxidants help to protect the liver from damage caused by alcohol or other toxins and reduces the development of liver fibrosis scar like fibers which inhibit good liver function.,CauseNet-cause.csv,,1,[],['caused'],explicit,"[('alcohol', 'damage'), ('toxins', 'damage')]",Yes
"Microbial diseases and host parasite relationships - Normal microflora of skin; Oral cavity; Gastrointestinal tract; Entry of pathogens into the host; Infectious disease transmission; Respiratory infections caused by bacteria and viruses; Tuberculosis; Sexually transmitted diseases including AIDS; Diseases transmitted by animals (Rabies, plague), insects and ticks (rikettsias, Lyme disease, malaria); Food and water borne diseases; Public health and water quality; Pahtogenic fungi; Emerging and resurgent infectious diseases.",CauseNet-cause.csv,,1,[],['caused'],explicit,"[('viruses', 'respiratory_infections'), ('bacteria', 'respiratory_infections')]",Yes
"After all, you can probably list over a hundred reasons that their behavior has caused your anger, rage, and your general disappointment in what was supposed to be happily ever after.",CauseNet-cause.csv,,1,[],['caused'],explicit,"[('behavior', 'anger'), ('behavior', 'rage')]",Yes
"Joint inflammation may also be caused by infection, which can lead to septic arthritis.",CauseNet-cause.csv,,1,[],"['caused', 'lead to']",explicit,"[('infection', 'septic_arthritis'), ('infection', 'joint_inflammation')]",Yes
"Diphenhydramine is also used to prevent and treat motion sickness, induce sleep, treat Parkinson""s disease, and relieve cough caused by minor throat or airway irritation.",CauseNet-cause.csv,,1,[],['caused'],explicit,"[('minor_throat', 'cough'), ('airway_irritation', 'cough')]",Yes
Speaking on the occasion Shri Darang said that Tuberculosis is still a major cause of morbidity and mortality.,CauseNet-cause.csv,,1,[],['cause'],explicit,"[('tuberculosis', 'mortality'), ('tuberculosis', 'morbidity')]",Yes
"Progestins are known to cause weight gain or depression in some women, so talk to your doctor about the side effects before starting this treatment regimen.",CauseNet-cause.csv,,1,[],['cause'],explicit,"[('progestins', 'depression'), ('progestins', 'weight_gain')]",Yes
"Less commonly, occipital neuralgia may be caused by diabetes or gout.",CauseNet-cause.csv,,1,[],['caused'],explicit,"[('gout', 'occipital_neuralgia'), ('diabetes', 'occipital_neuralgia')]",Yes
Cholera causes diarrhoea and vomiting which can often lead to rapid dehydration.,CauseNet-cause.csv,,1,[],"['causes', 'lead to']",explicit,"[('cholera', 'diarrhoea'), ('cholera', 'vomiting'), ('vomiting', 'rapid_dehydration'), ('diarrhoea', 'rapid_dehydration')]",Yes
"Tuberculosis (TB), a disease caused by Mycobacterium tuberculosis has affected mankind for several centuries, and still continues to be a leading cause of morbidity and mortality.",CauseNet-cause.csv,,1,[],"['caused', 'cause']",explicit,"[('tuberculosis', 'mortality'), ('tuberculosis', 'morbidity'), ('mycobacterium_tuberculosis', 'disease')]",Yes
"Waiver, Release, and Indemnity: In consideration of being allowed to participate in the Detroit International River Days Festival, related events and activities, I agree to release and waive any and all claims, causes of action and/or lawsuits against Friends of Belle Isle Aquarium, a Michigan non-profit corporation, its members, agents, volunteers, representatives, officers, and directors, Detroit International River Days Festival, Michigan Thanksgiving Parade Foundation, General Motors Corporation, Detroit Riverfront Conservancy, Inc., Jonathan Witz & Associates, The City of Detroit, The State of Michigan, and all other sponsoring organizations (""Released Parties""), of any loss or damage due to bodily injury, death, property damage or any other damages sustained while participating in the Detroit International River Days Festival, and related events and activities.",CauseNet-cause.csv,,1,['claims'],"['causes', 'due to']",explicit,"[('death', 'loss_or_damage'), ('bodily_injury', 'loss_or_damage')]",Yes
12 Oct 2008 How to measure a patient's blood pressure and pulse How to measure a patient's blood pressure and pulse How-To Video Learn how to take 18 Jun 2008 How to measure a patient's blood pressure and pulse How to High blood pressure is a leading cause of heart disease and strokes.,CauseNet-cause.csv,,1,[],['cause'],explicit,"[('high_blood_pressure', 'heart_disease'), ('high_blood_pressure', 'strokes')]",Yes
A number of diseases caused by bacteria or viruses can damage the brain.,CauseNet-cause.csv,,1,[],['caused'],explicit,"[('bacteria', 'diseases'), ('viruses', 'diseases')]",Yes
"A blood clot may cause pulmonary embolism, heart attack or stroke if it falls off the vein wall where it formed, and travels through the circulation to block the arteries feeding either the lungs, heart or brain.",CauseNet-cause.csv,,1,[],['cause'],explicit,"[('blood_clot', 'stroke'), ('blood_clot', 'heart_attack'), ('blood_clot', 'pulmonary_embolism')]",Yes
The procedure leads to reduction of pigmentation on the skin and the damage caused by the sun.,CauseNet-cause.csv,,1,[],"['leads to', 'caused']",explicit,"[('sun', 'damage'), ('procedure', 'damage')]",Yes
They have played a very important role in campaigning on the Bentian people's struggles against Bob Hasan's companies; Rio Tinto's operations at the Kaltim Prima coal mine and Kelian Equatorial (gold) mine; the London-Sumatra oil palm plantations; the forest fires last year and earlier this year and the problems which the drought and rising food prices have caused for local communities.,CauseNet-cause.csv,,1,[],['caused'],explicit,"[('drought', 'problems'), ('rising_food_prices', 'problems')]",Yes
"Basically, the household contents insurance provides shelter from loss caused by tap water, hail, storm, fire, vandalism and theft.",CauseNet-cause.csv,,1,[],['caused'],explicit,"[('fire', 'loss'), ('theft', 'loss'), ('vandalism', 'loss'), ('storm', 'loss'), ('hail', 'loss')]",Yes
That virus causes venereal warts and causes cervical cancer and especially in young females.,CauseNet-cause.csv,,1,[],"['causes', 'causes']",explicit,"[('virus', 'cervical_cancer'), ('virus', 'venereal_warts')]",Yes
"BETHESDA, MD - (April 3, 2008) - Cigarette smoking causes lung cancer, chronic obstructive pulmonary disease, cardiovascular disease, and a host of other diseases.",CauseNet-cause.csv,,1,[],['causes'],explicit,"[('cigarette_smoking', 'lung_cancer'), ('cigarette_smoking', 'chronic_obstructive_pulmonary_disease'), ('cigarette_smoking', 'cardiovascular_disease')]",Yes
"If your ED is caused by stress, anxiety and depression, your doctor may suggest , or you and your partner visit a psychologist or counselor.",CauseNet-cause.csv,,1,[],['caused'],explicit,"[('stress', 'ed'), ('depression', 'ed'), ('anxiety', 'ed')]",Yes
"In San Francisco, far more damage was caused by fire than by shocks.",CauseNet-cause.csv,,1,[],['caused'],explicit,"[('fire', 'damage'), ('shocks', 'damage')]",Yes
Classical Chinese medical theory explains that either an imbalance or a blockage of the energy circulating through the body causes pain and disease.,CauseNet-cause.csv,,1,[],['causes'],explicit,"[('imbalance', 'disease'), ('imbalance', 'pain'), ('blockage_of_the_energy_circulating_through_the_body', 'pain'), ('blockage_of_the_energy_circulating_through_the_body', 'disease')]",Yes
"Many scientists and physicians, the effect of nicotine on the human body are found to be very similar to the problems caused by cocaine or heroin.",CauseNet-cause.csv,,1,[],['caused'],explicit,"[('cocaine', 'problems'), ('heroin', 'problems')]",Yes
"Iron deficiency anemia causes fatigue, weakness, and shortness of breath.",CauseNet-cause.csv,,1,[],['causes'],explicit,"[('iron_deficiency_anemia', 'fatigue'), ('iron_deficiency_anemia', 'weakness'), ('iron_deficiency_anemia', 'shortness_of_breath')]",Yes
"Salmonella and shigella, bacteria common in sewage, cause diarrhea and other gastrointestinal problems.",CauseNet-cause.csv,,1,[],['cause'],explicit,"[('bacteria', 'diarrhea'), ('bacteria', 'gastrointestinal_problems')]",Yes
"gJapan is facing a crisis caused by the earthquake, tsunami and the damaged nuclear power plant in Fukushima.",CauseNet-cause.csv,,1,[],['caused'],explicit,"[('earthquake', 'crisis'), ('tsunami', 'crisis')]",Yes
"The Surgeon General's Report concluded in 2006 that secondhand smoke causes heart disease and lung cancer in nonsmoking adults and many serious health conditions in children, including sudden infant death syndrome, respiratory infections, and more severe asthma.",CauseNet-cause.csv,,1,[],['causes'],explicit,"[('secondhand_smoke', 'heart_disease'), ('secondhand_smoke', 'lung_cancer')]",Yes
"This simply means, in the event of thievery and unwarranted mobile phone call abuse, as well as damages or injuries caused by a major accident, spill or immersion, these events are all dealt with just in case if they occur either inside or outside of the United Kingdom.",CauseNet-cause.csv,,1,[],['caused'],explicit,"[('spill', 'damages'), ('immersion', 'damages')]",Yes
"Low blood sugar is a leading cause of anxiety and nervousness, so Chromium has stabilizing effects on the emotions as well.",CauseNet-cause.csv,,1,[],['cause'],explicit,"[('low_blood_sugar', 'anxiety'), ('low_blood_sugar', 'nervousness')]",Yes
"PEI can cause conditions such as fatty stools, diarrhea, fat-soluble vitamin deficiency and fatty acid deficiency, which in turn results in a weight loss and malnutrition.",CauseNet-cause.csv,,1,[],"['cause', 'results in']",explicit,"[('diarrhea', 'malnutrition'), ('diarrhea', 'weight_loss')]",Yes
They said it wasn't worth it for the number of deaths prevented and the distress caused by tests and biopsies that prove normal.,CauseNet-cause.csv,,1,[],['caused'],explicit,"[('tests', 'distress'), ('biopsies', 'distress')]",Yes
"In this instance, hair loss can be caused by stress, dietary changes, medications, hormonal changes, or illnesses.",CauseNet-cause.csv,,1,[],['caused'],explicit,"[('stress', 'hair_loss'), ('medications', 'hair_loss'), ('hormonal_changes', 'hair_loss'), ('illnesses', 'hair_loss')]",Yes
"While obesity can also be caused by genetics or medical conditions, like overactive thyroids, there are easy steps for people to take to combat this disease.",CauseNet-cause.csv,,1,[],['caused'],explicit,"[('medical_conditions', 'obesity'), ('genetics', 'obesity')]",Yes
"Codeine can cause drowsiness, upset the stomach and cause constipation.",CauseNet-cause.csv,,1,[],"['cause', 'cause']",explicit,"[('codeine', 'drowsiness'), ('codeine', 'constipation')]",Yes
"High blood pressure or hypertension is caused by poor diet, lack of aerobic exercise, dehydration and stress along with genetic make up.",CauseNet-cause.csv,,1,[],['caused'],explicit,"[('poor_diet', 'high_blood_pressure'), ('poor_diet', 'hypertension')]",Yes
"This sodium causes even more water retention, again, causing a temporary weight gain and puffiness.",CauseNet-cause.csv,,1,[],['causes'],explicit,"[('sodium', 'water_retention'), ('water_retention', 'puffiness')]",Yes
"Exhaustion and inexperience lead to accidents, the main cause of medical problems among sailors, who come in with everything ranging from sprains and minor cuts to serious burns and amputations, said the doctor.",CauseNet-cause.csv,,1,[],"['lead to', 'cause']",explicit,"[('inexperience', 'accidents'), ('exhaustion', 'accidents')]",Yes
Low blood pressure (hypotension) can result from some serious diseases and cause dizziness or fainting.,CauseNet-cause.csv,,1,[],['cause'],explicit,"[('low_blood_pressure', 'dizziness'), ('low_blood_pressure', 'fainting')]",Yes
"Heart disease, high blood pressure, and even diabetes can all cause erectile dysfunction.",CauseNet-cause.csv,,1,[],['cause'],explicit,"[('diabetes', 'erectile_dysfunction'), ('high_blood_pressure', 'erectile_dysfunction'), ('heart_disease', 'erectile_dysfunction')]",Yes
"Tentatively named the Disaster Prevention Museum, it will accept works for display that focus on efforts to limit the damage caused by earthquakes, storms and floods, in the hope of raising disaster management awareness among creators and viewers of works.",CauseNet-cause.csv,,1,[],['caused'],explicit,"[('storms', 'damage'), ('earthquakes', 'damage'), ('floods', 'damage')]",Yes
"The physicians also tell that the prostaglandins, lactic acid and other blood products that are created will cause pain and inflammation that is equivalent to the volume that is retained beyond the 24 hours.",CauseNet-cause.csv,,1,[],['cause'],explicit,"[('prostaglandins', 'inflammation'), ('lactic_acid', 'pain'), ('prostaglandins', 'pain')]",Yes
"However, when there is a break in the skin (e.g., from a cut, bruise or other form of trauma), bacteria can enter the body and cause inflammation and infection.",CauseNet-cause.csv,,1,[],['cause'],explicit,"[('bacteria', 'infection'), ('bacteria', 'inflammation')]",Yes
"Over time, diabetes can cause nerve damage and poor circulation that can make it difficult to tell if you have foot injuries.",CauseNet-cause.csv,,1,[],['cause'],explicit,"[('diabetes', 'nerve_damage'), ('diabetes', 'poor_circulation')]",Yes
"The damage can be caused by viral infection, brain tumor, trauma, surgery, and possibly exposure to toxins or drugs.",CauseNet-cause.csv,,1,[],['caused'],explicit,"[('trauma', 'damage'), ('surgery', 'damage'), ('viral_infection', 'damage'), ('brain_tumor', 'damage'), ('exposure_to_toxins', 'damage')]",Yes
"Pleural mesothelioma, that is certainly the most common style and has an effect on the area around the lungs, could cause shortness of breath, breasts pains, along with a persistent cough, which may produce coughing up bloodstream.",CauseNet-cause.csv,,1,[],['cause'],explicit,"[('pleural_mesothelioma', 'shortness_of_breath'), ('pleural_mesothelioma', 'breasts_pains')]",Yes
"The long accepted causes of ulcers have been stress, smoking and alcohol, yet these two Australian scientists, stepping out of accepted methods of research, discovered a bacterium that actually causes ulcers.",CauseNet-cause.csv,,1,[],"['causes', 'causes']",explicit,"[('stress', 'ulcers'), ('bacterium', 'ulcers')]",Yes
"Fatty liver may also be caused by certain drug overdoses or toxic chemical poisonings, such as carbon tetrachloride.",CauseNet-cause.csv,,1,[],['caused'],explicit,"[('drug_overdoses', 'fatty_liver'), ('toxic_chemical_poisonings', 'fatty_liver')]",Yes
Duratel's composite distribution and transmission poles and structures are virtually impervious to damage caused by birds and insects and are being used extensively in the Midwest.,CauseNet-cause.csv,,1,[],['caused'],explicit,"[('insects', 'damage'), ('birds', 'damage')]",Yes
"Air disasters, despite their relative rarity (compared to deaths caused by smoking, industrial accidents, or car crashes), have become a collective vessel for anxiety, a testing of our larger faith in the promise that technology, so quickly made obsolete, may someday make death itself obsolete.",CauseNet-cause.csv,,1,[],['caused'],explicit,"[('smoking', 'deaths'), ('car_crashes', 'deaths'), ('industrial_accidents', 'deaths')]",Yes
Cirrhosis of the liver is caused by an underlying disease or condition that results in inflammation and the formation of scar tissue in the liver.,CauseNet-cause.csv,,1,[],"['caused', 'results in']",explicit,"[('condition', 'inflammation'), ('condition', 'cirrhosis_of_the_liver'), ('underlying_disease', 'inflammation'), ('underlying_disease', 'formation_of_scar_tissue_in_the_liver'), ('condition', 'formation_of_scar_tissue_in_the_liver')]",Yes
The popularity of Soma is growing thanks to its double effect in the pain caused by muscle spasms and cramps.,CauseNet-cause.csv,,1,[],"['thanks to', 'caused']",explicit,"[('muscle_spasms', 'pain'), ('cramps', 'pain')]",Yes
"Some exclusions apply to the waiver, such as accidents caused by off-roading, drunk driving, or speeding.",CauseNet-cause.csv,,1,[],['caused'],explicit,"[('drunk_driving', 'accidents'), ('speeding', 'accidents')]",Yes
This causes painful inflammation and scarring that can lead to infertility.,CauseNet-cause.csv,,1,[],"['causes', 'lead to']",explicit,"[('scarring', 'infertility'), ('painful_inflammation', 'infertility')]",Yes
"The following factors may help predict which patients are more likely to experience anticipatory nausea and vomiting: Radiation therapy may also cause nausea and vomiting, especially in patients who are undergoing radiation to the GI tract (particularly the small intestine and stomach) or brain.",CauseNet-cause.csv,,1,[],['cause'],explicit,"[('radiation_therapy', 'nausea'), ('radiation_therapy', 'vomiting')]",Yes
Pollen may also cause allergic rhinitis and asthma.,CauseNet-cause.csv,,1,[],['cause'],explicit,"[('pollen', 'asthma'), ('pollen', 'allergic_rhinitis')]",Yes
"A study of mice whose nerve cells have been coated with specialized light-sensing proteins are helping researchers seeking treatment breakthroughs for people with physical disabilities caused by stroke, spinal cord injuries, or cerebral palsy.",CauseNet-cause.csv,,1,[],['caused'],explicit,"[('stroke', 'physical_disabilities'), ('cerebral_palsy', 'physical_disabilities'), ('spinal_cord_injuries', 'physical_disabilities')]",Yes
"Greed, criminal activities, and mismanagement have caused the economic meltdown.",CauseNet-cause.csv,,1,[],['caused'],explicit,"[('greed', 'economic_meltdown'), ('mismanagement', 'economic_meltdown')]",Yes
Coldness is the direct cause of many illnesses and diseases.,CauseNet-cause.csv,,1,[],['cause'],explicit,"[('coldness', 'diseases'), ('coldness', 'illnesses')]",Yes
"Many people with MS had been holding onto the hope that Tysabri would bring relief because the disease can cause permanent disability or, in some cases, paralysis.",CauseNet-cause.csv,,1,[],"['because', 'cause']",explicit,"[('disease', 'paralysis'), ('disease', 'permanent_disability')]",Yes
"Inside the most extreme conditions, these laxatives could potentially cause fainting, dehydration and serious electrolyte problems.",CauseNet-cause.csv,,1,[],['cause'],explicit,"[('laxatives', 'dehydration'), ('laxatives', 'fainting')]",Yes
"A burn is damage to body tissue caused by heat, cold, electricity, chemicals or radiation.",CauseNet-cause.csv,,1,[],['caused'],explicit,"[('electricity', 'damage_to_body_tissue'), ('chemicals', 'damage_to_body_tissue'), ('heat', 'damage_to_body_tissue')]",Yes
Other STDs can cause symptoms and conditions that range from blisters and itching to long-term disability.,CauseNet-cause.csv,,1,[],['cause'],explicit,"[('stds', 'symptoms'), ('stds', 'conditions')]",Yes
"Evidence now indicates that senior scientists and executives within the cigarette industry knew about the cancer risks of smoking as early as the 1940s35 and were aware that smoking could cause lung cancer by the mid 1950s.36 By 1961, cigarette companies had access to dozens of published scientific studies warning that cigarette smoking and chemical agents found in tobacco smoke might cause cancer.37 Despite growing knowledge of the serious health risks associated with cigarette smoking, cigarette companies continued to reassure smokers that their products were safe.",CauseNet-cause.csv,,1,[],"['cause', 'cause']",explicit,"[('smoking', 'lung_cancer'), ('cigarette_smoking', 'cancer'), ('chemical_agents', 'cancer')]",Yes
The average cardiologist will tell you that heart disease is caused by cholesterol and fat in the diet.,CauseNet-cause.csv,,1,[],['caused'],explicit,"[('cholesterol', 'heart_disease'), ('fat_in_the_diet', 'heart_disease')]",Yes
"Lyme Disease can cause depression, anxiety and many many other neurological manifestations....but the point is...these patients need antibiotics....just as syphilis patients need antibiotics...to eradicate the source of their problems.",CauseNet-cause.csv,,1,[],['cause'],explicit,"[('lyme_disease', 'depression'), ('lyme_disease', 'anxiety')]",Yes
"As with adolescent acne, the condition can be caused by a skin irritation, certain medications, or by hormonal changes.",CauseNet-cause.csv,,1,[],['caused'],explicit,"[('medications', 'condition'), ('hormonal_changes', 'condition'), ('skin_irritation', 'condition')]",Yes
"Much of the damage caused by the storm was centered in the north, and resulted in flooding due to heavy rains.",CauseNet-cause.csv,,1,[],"['caused', 'resulted in', 'due to']",explicit,"[('heavy_rains', 'flooding'), ('storm', 'damage')]",Yes
"(c) The term ""flood"" shall also include the collapse or subsidence of land along the shore of a lake or other body of water as a result of erosion or undermining caused by waves or currents of water exceeding anticipated cyclical levels, and all of the provisions of this chapter shall apply with respect to such collapse or subsidence in the same manner and to the same extent as with respect to floods described in subsection (a)(1) of this section, subject to and in accordance with such regulations, modifying the provisions of this chapter (including the provisions relating to land management and use) to the extent necessary to insure that they can be effectively so applied, as the Director may prescribe to achieve (with respect to such collapse or subsidence) the purposes of this chapter and the objectives of the program.",CauseNet-cause.csv,,1,[],"['as a result', 'caused']",explicit,"[('waves', 'erosion'), ('currents_of_water_exceeding_anticipated_cyclical_levels', 'erosion')]",Yes
A lack of correct nourishment to the hair due to nutritional deficiencies and stress are most likely to cause hair loss.,CauseNet-cause.csv,,1,[],"['due to', 'cause']",explicit,"[('stress', 'lack_of_correct_nourishment_to_the_hair'), ('nutritional_deficiencies', 'lack_of_correct_nourishment_to_the_hair')]",Yes
Of course there are other medical condititions like acid reflux (heartburn) which can crop up during the night and cause enough pain and discomfort to keep you awake too.,CauseNet-cause.csv,,1,[],['cause'],explicit,"[('acid_reflux', 'discomfort'), ('acid_reflux', 'pain')]",Yes
"Smoking, dry mouth, dental infections and nasal or sinus infections can cause bad breath.",CauseNet-cause.csv,,1,[],['cause'],explicit,"[('dry_mouth', 'bad_breath'), ('smoking', 'bad_breath'), ('sinus_infections', 'bad_breath')]",Yes
"Listeriosis can also cause miscarriages and stillbirths, as well as serious and sometimes fatal infections in those with weak immune systems--infants, the frail or elderly, and persons with chronic disease, HIV infection, or undergoing chemotherapy.",CauseNet-cause.csv,,1,[],['cause'],explicit,"[('listeriosis', 'miscarriages'), ('listeriosis', 'fatal_infections'), ('listeriosis', 'stillbirths')]",Yes
"SUNO's Park Campus, the original campus at 6400 Press Drive, was completely compromised as a result of the levee breaches caused by Hurricane Katrina and the storm surge later caused by Hurricane Rita.",CauseNet-cause.csv,,1,[],"['as a result', 'caused', 'caused']",explicit,"[('storm_surge', 'levee_breaches'), ('hurricane_katrina', 'levee_breaches')]",Yes
"Tickborne infectious diseases in the United States include diseases caused by bacteria (eg, Lyme disease, tularemia, relapsing fever), rickettsia (eg, Rocky Mountain spotted fever, ehrlichiosis, anaplasmosis), viruses (eg, Colorado tick fever), and protozoa (eg, babesiosis) (see Table 2.21, p 196 and disease-specific chapters in Section 3).",CauseNet-cause.csv,,1,[],['caused'],explicit,"[('bacteria', 'diseases'), ('viruses', 'diseases'), ('protozoa', 'diseases')]",Yes
"Most property insurance policies contain a faulty workmanship exclusion or a mold exclusion, which exclude loss caused by rust, rot, mold or other fungi.",CauseNet-cause.csv,,1,[],['caused'],explicit,"[('mold', 'loss'), ('rot', 'loss')]",Yes
"In high doses, these drugs can cause anxiety, paranoia, and delusions.",CauseNet-cause.csv,,1,[],['cause'],explicit,"[('drugs', 'anxiety'), ('drugs', 'paranoia'), ('drugs', 'delusions')]",Yes
"Social workers are an integral part of the health care team, helping patients and their families cope with the challenges and problems caused by illness or life changes.",CauseNet-cause.csv,,1,[],['caused'],explicit,"[('illness', 'challenges'), ('life_changes', 'challenges')]",Yes
"Based on education that smoking causes lung cancer, emphysema and heart disease, smoking has dropped in the US from 42% of the adult population in 1965 to 25% in 1995 (247).",CauseNet-cause.csv,,1,[],['causes'],explicit,"[('smoking', 'lung_cancer'), ('smoking', 'emphysema'), ('smoking', 'heart_disease')]",Yes
"ADD and ADHD can both be difficult and cause distractibility, forgetfulness, disorganization, difficulty following rapid conversations, and low self-esteem.",CauseNet-cause.csv,,1,[],['cause'],explicit,"[('add', 'distractibility'), ('add', 'low_self-esteem')]",Yes
"HCV is the main cause of chronic hepatitis, liver cirrhosis, and hepatocellular carcinoma.",CauseNet-cause.csv,,1,[],['cause'],explicit,"[('hcv', 'hepatocellular_carcinoma'), ('hcv', 'chronic_hepatitis'), ('hcv', 'liver_cirrhosis')]",Yes
"The earthquake caused death and injury to thousands of students and hundreds of professors and school administrators, however the actual number of casualties is unknown.",CauseNet-cause.csv,,1,[],['caused'],explicit,"[('earthquake', 'death'), ('earthquake', 'injury')]",Yes
The storm caused power outages and destruction around the region.,CauseNet-cause.csv,,1,[],['caused'],explicit,"[('storm', 'power_outages'), ('storm', 'destruction')]",Yes
"However, CA-MRSA strains display enhanced virulence, spread more rapidly and cause more severe illness than traditional HA-MRSA infections, and can affect vital organs leading to widespread infection (sepsis), toxic shock syndrome and pneumonia.",CauseNet-cause.csv,,1,[],"['cause', 'leading to']",explicit,"[('vital_organs', 'toxic_shock_syndrome'), ('vital_organs', 'pneumonia')]",Yes
"January 11, 2011: Due to inclement weather that has caused flight delays and cancellations nationwide, the Institute for Shipboard Education (ISE) will delay the departure of the Spring 2011 voyage until participants with flights arriving Wednesday, January 12 are able to embark.",CauseNet-cause.csv,,1,[],"['Due to', 'caused']",explicit,"[('inclement_weather', 'cancellations'), ('inclement_weather', 'flight_delays')]",Yes
"Dioxin has been found to be one of the most toxic and carcinogenic chemicals ever tested, and has been found to cause cancer, endocrine and immune system damage, birth defects and learning disabilities.",CauseNet-cause.csv,,1,[],['cause'],explicit,"[('dioxin', 'cancer'), ('dioxin', 'immune_system_damage')]",Yes
"Six years later, the Environmental Protection Agency (EPA) also concluded that secondhand smoke causes lung cancer and respiratory disease.",CauseNet-cause.csv,,1,[],['causes'],explicit,"[('secondhand_smoke', 'lung_cancer'), ('secondhand_smoke', 'respiratory_disease')]",Yes
Volcanoes (this one is -mostly- dormant) contribute to climate change through their emissions and can cause both warming and cooling.,CauseNet-cause.csv,,1,[],['cause'],explicit,"[('volcanoes', 'cooling'), ('volcanoes', 'warming')]",Yes
"Examples of toxic substances that can cause injury or death include pesticides, chemicals, asbestos, toxic waste, nuclear radiation, medical product, and toxic substances at dangerous levels in food and drinking water.",CauseNet-cause.csv,,1,[],['cause'],explicit,"[('toxic_substances', 'injury'), ('toxic_substances', 'death')]",Yes
"The higher the score, the better the adherence ... A two-point increase in the adherence score was associated with a 25% reduced risk of death from all causes, a 33% reduced risk of death from heart disease and a 24% reduced risk of death from cancer ... People in Greece eat about a pound of vegetables a day, mostly cooked ... Salads are served with fish, and vegetables like zucchini and spinach are boiled and seasoned with lemon and olive oil"" * Mediterranean Dietary Pattern and Prediction of All-Cause Mortality in a US Population: Results From the NIH-AARP Diet and Health Study - Arch Intern Med.",CauseNet-cause.csv,,1,[],"['causes', 'Cause']",explicit,"[('cancer', 'death'), ('heart_disease', 'death')]",Yes
"The chronic pain and anxiety brought by fibromyalgia generally causes fatigue, which necessitates getting as much sleep as possible.",CauseNet-cause.csv,,1,[],['causes'],explicit,"[('fibromyalgia', 'chronic_pain'), ('anxiety', 'fatigue'), ('chronic_pain', 'fatigue')]",Yes
"Pneumonia is an inflammation of the lungs caused by bacteria, viruses, fungi, parasites or physical or chemical agents.",CauseNet-cause.csv,,1,[],['caused'],explicit,"[('viruses', 'inflammation_of_the_lungs'), ('bacteria', 'inflammation_of_the_lungs'), ('parasites', 'inflammation_of_the_lungs')]",Yes
Both tooth decay and gum disease are caused by plaque.,CauseNet-cause.csv,,1,[],['caused'],explicit,"[('plaque', 'gum_disease'), ('plaque', 'tooth_decay')]",Yes
"Cankers can be caused by fungi, bacteria, or winter damage.",CauseNet-cause.csv,,1,[],['caused'],explicit,"[('fungi', 'cankers'), ('bacteria', 'cankers')]",Yes
"According to the study, Avandia (rosiglitazone) may lead to heart attacks and even death from cardiovascular causes.",CauseNet-cause.csv,,1,[],"['lead to', 'causes']",explicit,"[('avandia', 'heart_attacks'), ('avandia', 'death')]",Yes
"Since 1986 the LRA rebels have caused death and destruction in the northern districts of Uganda, without Kampala authorities being able to halt the violence on a military or negotiation level.",CauseNet-cause.csv,,1,[],"['Since', 'caused']",explicit,"[('lra_rebels', 'death'), ('lra_rebels', 'destruction_in_the_northern_districts_of_uganda')]",Yes
Stress and frustration can cause insomnia from Liver Qi stagnation.,CauseNet-cause.csv,,1,[],['cause'],explicit,"[('stress', 'insomnia'), ('frustration', 'insomnia')]",Yes
"Actually, these are a form of protective eyewear glasses, which was designed mainly to protect our eyes from bright sunlight, which will cause damage or discomfort to the eyes.",CauseNet-cause.csv,,1,[],['cause'],explicit,"[('bright_sunlight', 'discomfort_to_the_eyes'), ('bright_sunlight', 'damage')]",Yes
"Repeat nightly as needed.Traditional Chinese MedicineAcupuncture Traditional Chinese Medicine believes that insomnia is caused by kidney disorders or imbalances, so acupuncture is used to improve the flow of chi and restore harmony within this organ and the related meridians.",CauseNet-cause.csv,,1,['believes'],['caused'],explicit,"[('imbalances', 'insomnia'), ('kidney_disorders', 'insomnia')]",Yes
"Diarrhea, constipations, gas, and bloating can all be caused by parasites and built up plaques Unisom 25without Prescription.",CauseNet-cause.csv,,1,[],['caused'],explicit,"[('parasites', 'diarrhea'), ('parasites', 'gas')]",Yes
"The more basic policy, called the HO-2 policy, covers damages caused by fire, smoke, vehicles, aircraft, water overflow from water heaters and air conditioners, theft, vandalism, explosions, and riots.",CauseNet-cause.csv,,1,[],['caused'],explicit,"[('fire', 'damages'), ('theft', 'damages'), ('vandalism', 'damages'), ('vehicles', 'damages'), ('smoke', 'damages'), ('aircraft', 'damages'), ('riots', 'damages')]",Yes
"They agree that Vioxx, Celebrex and Bextra can cause fatal strokes and heart attacks.",CauseNet-cause.csv,,1,[],['cause'],explicit,"[('vioxx', 'heart_attacks'), ('celebrex', 'heart_attacks'), ('bextra', 'heart_attacks')]",Yes
"In animal studies, the medication caused birth defects, miscarriages, and low fetal weight when it was given to pregnant animals.",CauseNet-cause.csv,,1,[],['caused'],explicit,"[('medication', 'birth_defects'), ('medication', 'miscarriages'), ('medication', 'low_fetal_weight')]",Yes
"In other words, she was IN CONTROL of her parents feelings and reactions because her behavior caused their feelings and reactions.",CauseNet-cause.csv,,1,[],"['because', 'caused']",explicit,"[('behavior', 'feelings'), ('behavior', 'reactions')]",Yes
This exposure causes pain which can lead to ulceration and scarring.,CauseNet-cause.csv,,1,[],"['causes', 'lead to']",explicit,"[('pain', 'scarring'), ('exposure', 'pain')]",Yes
Your parents have probably told you that smoking pot causes lung cancer and brain damage.,CauseNet-cause.csv,,1,[],['causes'],explicit,"[('smoking_pot', 'lung_cancer'), ('smoking_pot', 'brain_damage')]",Yes
This snooze treatments may cause sleepiness and might cause wooziness.,CauseNet-cause.csv,,1,[],"['cause', 'cause']",explicit,"[('snooze_treatments', 'wooziness'), ('snooze_treatments', 'sleepiness')]",Yes
"* Moisture (caused by water seepage / leakage problem) causes molds, mildew, dust mites, and other biological air contaminants.",CauseNet-cause.csv,,1,[],"['caused', 'causes']",explicit,"[('moisture', 'mildew'), ('moisture', 'molds')]",Yes
"The report concluded that smoking causes reduced lung function, impaired lung growth, asthma, and coronary artery atherosclerosis.",CauseNet-cause.csv,,1,[],['causes'],explicit,"[('smoking', 'asthma'), ('smoking', 'reduced_lung_function')]",Yes
We know that NSAIDs can cause stomach ulcers and bleeding.,CauseNet-cause.csv,,1,[],['cause'],explicit,"[('nsaids', 'bleeding'), ('nsaids', 'stomach_ulcers')]",Yes
"Too little HDL leads to pain and inflammation, which is the real cause of heart disease, according to the latest studies.",CauseNet-cause.csv,,1,[],"['leads to', 'cause']",explicit,"[('inflammation', 'heart_disease'), ('pain', 'heart_disease')]",Yes
"To the extent permitted by law, Spectrum Live and its respective directors, officers and agents disclaim all responsibility for any loss or damage which may be suffered by any person directly or indirectly through any person's dealings with them or by use of the website whether that loss or damage is caused by any fault or negligence on the part of Spectrum Live, its directors, officers, employees and agents.",CauseNet-cause.csv,,1,[],['caused'],explicit,"[('negligence', 'loss_or_damage'), ('fault', 'loss_or_damage')]",Yes
"Edward Stanley Butler, 71, San Bernardino, was found guilty by a jury of one felony count each of vehicular manslaughter by lawful act that might cause death without gross negligence while intoxicated, driving under the influence causing bodily injury, and driving with a blood alcohol level of .08 percent or more causing bodily injury.",CauseNet-cause.csv,,1,[],['cause'],explicit,"[('lawful_act', 'death'), ('driving_under_the_influence', 'bodily_injury')]",Yes
Leukemia is also caused by many chemicals and radiation.,CauseNet-cause.csv,,1,[],['caused'],explicit,"[('radiation', 'leukemia'), ('chemicals', 'leukemia')]",Yes
"However, in an earlier and larger study drivers using cannabis only were involved in only 2.2% of recorded fatal accidents and Hollister (1988) concludes from the data that ""at present, THC plays a relatively minor role in fatal traffic accidents as compared with alcohol"" (p. Apart from the direct neuropsychological effects of both drugs, the problems caused by alcohol and cannabis in relation to motor vehicle accidents, in particular, are more due to the methods and circumstances of their use by a minority of individuals rather than the fact that these substances both cause, in the main, reversible perceptuo-motor deficits.",CauseNet-cause.csv,,1,[],"['caused', 'due to', 'cause']",explicit,"[('alcohol', 'problems'), ('cannabis', 'problems')]",Yes
"Ketamine may also cause agitation, depression, cognitive difficulties, unconsciousness, and amnesia.",CauseNet-cause.csv,,1,[],['cause'],explicit,"[('ketamine', 'amnesia'), ('ketamine', 'unconsciousness')]",Yes
Varicella is a herpes virus that causes chicken pox and shingles.,CauseNet-cause.csv,,1,[],['causes'],explicit,"[('herpes_virus', 'shingles'), ('herpes_virus', 'chicken_pox')]",Yes
"Sleep deprivation, on the other hand, causes fatigue, depression and irritability; increases the risk of injury; and may lead to serious health problems.",CauseNet-cause.csv,,1,[],"['causes', 'lead to']",explicit,"[('sleep_deprivation', 'fatigue'), ('sleep_deprivation', 'depression'), ('sleep_deprivation', 'irritability'), ('sleep_deprivation', 'serious_health_problems')]",Yes
"On the other hand, histamine also causes itching, irritation, and excess mucus production.",CauseNet-cause.csv,,1,[],['causes'],explicit,"[('histamine', 'irritation'), ('histamine', 'excess_mucus_production')]",Yes
"In addition to mesmerism, Harrington also discussed neurasthenia, a condition in the late 19th century that was caused by stress that resulted in digestive problems and skin rashes, among other symptoms.",CauseNet-cause.csv,,1,[],"['caused', 'resulted in']",explicit,"[('stress', 'digestive_problems'), ('stress', 'skin_rashes')]",Yes
"Pet food, drugs, and tyres from China have caused death; now millions of toys have been recalled.",CauseNet-cause.csv,,1,[],['caused'],explicit,"[('drugs', 'death'), ('pet_food', 'death')]",Yes
"A poor diet and lack of exercise, while contributing to overall weight, also causes high cholesterol and raises blood pressure, which puts a greater strain on the heart.",CauseNet-cause.csv,,1,[],['causes'],explicit,"[('poor_diet', 'high_cholesterol'), ('lack_of_exercise', 'high_cholesterol')]",Yes
"Cancer, accident injuries and various other types of pains including arthritis are common pains and aches that caused symptoms of insomnia.",CauseNet-cause.csv,,1,[],['caused'],explicit,"[('aches', 'symptoms'), ('pains', 'symptoms')]",Yes
"Pelvic Inflammatory Disease (PID) is caused by Gonorrhea, Chlamydia, and other anaerobic bacteria and gram-negative rods, such as E. coli and mycoplasma homines.",CauseNet-cause.csv,,1,[],['caused'],explicit,"[('chlamydia', 'pelvic_inflammatory_disease'), ('gonorrhea', 'pelvic_inflammatory_disease')]",Yes
"A rash can be caused, directly or indirectly, by a bacteria, virus, or fungus.",CauseNet-cause.csv,,1,[],['caused'],explicit,"[('virus', 'rash'), ('bacteria', 'rash'), ('fungus', 'rash')]",Yes
"The case against AstraZeneca's corrupt practices is well documented in courts of law and in civil and criminal settlements with the Department of Justice: Kickbacks to physicians, rigged clinical trials in which company officials ""cherry picked"" the data to be disclosed while ""burying"" unfavorable study findings, the company's use of ""smoke and mirrors"" to obscure Seroquel's failed efficacy, AstraZeneca's failure to warn that Seroquel can cause diabetes and other health problems, and its illegal off-label marketing of Seroquel.",CauseNet-cause.csv,,1,[],['cause'],explicit,"[('seroquel', 'diabetes'), ('seroquel', 'health_problems')]",Yes
"Arrhythmias, or irregular heart beats, are the leading cause of death in the first few hours after a heart attack.",CauseNet-cause.csv,,1,[],['cause'],explicit,"[('arrhythmias', 'death'), ('irregular_heart_beats', 'death')]",Yes
"""Untreated tooth decay can cause pain and infection, which can lead to problems with nutrition, growth, school readiness and speech.""",CauseNet-cause.csv,,1,[],"['cause', 'lead to']",explicit,"[('infection', 'problems'), ('pain', 'problems'), ('untreated_tooth_decay', 'pain')]",Yes
Some medications and illnesses can cause symptoms similar to those of a panic attack.,CauseNet-cause.csv,,1,[],['cause'],explicit,"[('illnesses', 'symptoms'), ('medications', 'symptoms')]",Yes
"The disease, which usually causes fever, rash, and severe head, back, and muscle pain, most often occurs in two phases.",CauseNet-cause.csv,,1,[],['causes'],explicit,"[('disease', 'fever'), ('disease', 'rash')]",Yes
"Drugs such as Rezulin and Avanida to treat diabetes, Celebrex and Vioxx to treat arthritis pain, Fen Phen to treat obesity, Prempro to treat the symptoms of menopause, Bextra to treat osteoarthritis and Oxycontin to treat pain has all caused stroke, liver damage and death.",CauseNet-cause.csv,,1,[],['caused'],explicit,"[('drugs', 'death'), ('drugs', 'liver_damage'), ('drugs', 'stroke')]",Yes
Hypoglycemia and hyperglycemia are symptoms that can cause frequent urination and nausea.,CauseNet-cause.csv,,1,[],['cause'],explicit,"[('symptoms', 'nausea'), ('symptoms', 'frequent_urination')]",Yes
"Hypotension can cause fainting, fatigue, and weakness, possibly with nausea, sweating, and restlessness preceding a loss of consciousness.",CauseNet-cause.csv,,1,[],['cause'],explicit,"[('hypotension', 'fainting'), ('hypotension', 'weakness'), ('hypotension', 'fatigue')]",Yes
"For instance, homes and buildings are more commonly subject to loss caused by fire, wind, water and smoke than autos which are more likely to be involved in collisions.",CauseNet-cause.csv,,1,[],['caused'],explicit,"[('fire', 'loss'), ('wind', 'loss'), ('water', 'loss')]",Yes
"However, hypoglycemia that causes mental confusion, unconsciousness or seizures is serious.",CauseNet-cause.csv,,1,[],['causes'],explicit,"[('hypoglycemia', 'seizures'), ('hypoglycemia', 'unconsciousness')]",Yes
"Sun damage can lead to skin cancer, premature aging and causes brown spots and hyper-pigmentation, wrinkles, as well as, dryness and irritation.",CauseNet-cause.csv,,1,[],"['lead to', 'causes']",explicit,"[('sun_damage', 'skin_cancer'), ('sun_damage', 'premature_aging')]",Yes
"Lead poisoning can cause learning disabilities, behavioral problems, mental retardation and stunted growth.",CauseNet-cause.csv,,1,[],['cause'],explicit,"[('lead_poisoning', 'behavioral_problems'), ('lead_poisoning', 'mental_retardation'), ('lead_poisoning', 'stunted_growth')]",Yes
"On accessing the internet, many a times, there are viruses and malware that enter the computer and cause harm and damage.",CauseNet-cause.csv,,1,[],['cause'],explicit,"[('viruses', 'damage'), ('viruses', 'harm')]",Yes
This resulted in eddies and currents which caused problems for the divers.,CauseNet-cause.csv,,1,[],"['resulted in', 'caused']",explicit,"[('currents', 'problems'), ('eddies', 'problems')]",Yes
"However, tramadol might cause nausea as well as constipation.",CauseNet-cause.csv,,1,[],['cause'],explicit,"[('tramadol', 'nausea'), ('tramadol', 'constipation')]",Yes
"is used to relieve pain, tenderness, swelling, and stiffness caused by osteoarthritis (arthritis caused by a breakdown of the lining of the joints) and rheumatoid arthritis (arthritis caused by swelling of the lining of the joints).",CauseNet-cause.csv,,1,[],"['caused', 'caused', 'caused']",explicit,"[('osteoarthritis', 'pain'), ('rheumatoid_arthritis', 'pain')]",Yes
"Moreover, the EPA announced last August that one third of our nation's lake waters and one-quarter of our riverways are contaminated with mercury and other pollutants that could cause health problems.",CauseNet-cause.csv,,1,[],['cause'],explicit,"[('mercury', 'health_problems'), ('pollutants', 'health_problems')]",Yes
"The most common cause of Stroke and Cerebrovascular Disease is hypertension, which causes blood vessels to narrow, stiffen, or become vulnerable to fluctuations in blood pressure.",CauseNet-cause.csv,,1,[],"['cause', 'causes']",explicit,"[('hypertension', 'stroke'), ('hypertension', 'cerebrovascular_disease'), ('hypertension', 'blood_vessels')]",Yes
Hepatitis C virus (HCV) infection is a major cause of hepatocellular carcinoma (HCC) and chronic liver disease worldwide.,CauseNet-cause.csv,,1,[],['cause'],explicit,"[('infection', 'hepatocellular_carcinoma'), ('infection', 'chronic_liver_disease')]",Yes
"Elder abuse is defined as behavior which caused neglect, physical harm, psychological harm or financial harm to an older person.",CauseNet-cause.csv,,1,[],['caused'],explicit,"[('behavior', 'physical_harm'), ('behavior', 'neglect')]",Yes
Of course the plot of the story is all fiction but it is an awareness that exposure to asbestos can cause cancer or mesothelioma.,CauseNet-cause.csv,,1,[],['cause'],explicit,"[('exposure_to_asbestos', 'mesothelioma'), ('exposure_to_asbestos', 'cancer')]",Yes
"Vitamin B2 deficiency causes Dermatitis, Glossitis, and Cheilosis.",CauseNet-cause.csv,,1,[],['causes'],explicit,"[('vitamin_b2_deficiency', 'glossitis'), ('vitamin_b2_deficiency', 'dermatitis')]",Yes
"Secondhand smoke causes sudden infant death syndrome (SIDS), acute respiratory infections, ear problems, and more frequent and severe asthma attacks in children.",CauseNet-cause.csv,,1,[],['causes'],explicit,"[('secondhand_smoke', 'sudden_infant_death_syndrome'), ('secondhand_smoke', 'ear_problems'), ('secondhand_smoke', 'severe_asthma_attacks'), ('secondhand_smoke', 'acute_respiratory_infections')]",Yes
"Sugar can cause obesity, hyperactivity, anxiety, and concentration difficulties in children.",CauseNet-cause.csv,,1,[],['cause'],explicit,"[('sugar', 'obesity'), ('sugar', 'hyperactivity'), ('sugar', 'anxiety')]",Yes
"This annual heath observance provides an excellent reminder for you to talk with your Medicare patients about vaccine-preventable diseases and ensure that they are protected against influenza and pneumonia, which together are the fifth leading cause of death among adults 65 and older in the U.S.",CauseNet-cause.csv,,1,[],['cause'],explicit,"[('pneumonia', 'death'), ('influenza', 'death')]",Yes
"Aldactone or commonly referred to as Spironolactone is used as a diuretic to remove the excess fluid caused by congestive heart failure, cirrhosis of the liver, and kidney disease.",CauseNet-cause.csv,,1,[],['caused'],explicit,"[('congestive_heart_failure', 'excess_fluid'), ('cirrhosis_of_the_liver', 'excess_fluid')]",Yes
"At high doses, PCP can cause hallucinations as well as seizures, coma, and death (though death more often results from accidental injury or suicide during PCP intoxication).",CauseNet-cause.csv,,1,[],['cause'],explicit,"[('pcp', 'hallucinations'), ('pcp', 'seizures')]",Yes
"Arthritis is essentially joint inflammation and causes pain, stiffness and swelling of joints such as fingers, neck, back, hips, and knees.",CauseNet-cause.csv,,1,[],['causes'],explicit,"[('arthritis', 'pain'), ('arthritis', 'stiffness')]",Yes
"In more serious cases, the infection may cause difficulty breathing, fever and excessive tiredness.",CauseNet-cause.csv,,1,[],['cause'],explicit,"[('infection', 'fever'), ('infection', 'difficulty_breathing')]",Yes
"Chronic kidney disease may be caused by high blood pressure, diabetes, autoimmune disease or other conditions or diseases.",CauseNet-cause.csv,,1,[],['caused'],explicit,"[('diabetes', 'chronic_kidney_disease'), ('high_blood_pressure', 'chronic_kidney_disease'), ('conditions', 'chronic_kidney_disease')]",Yes
"Irritation, caused by contact with the eyes, will cause watering and redness.",CauseNet-cause.csv,,1,[],"['caused', 'cause']",explicit,"[('irritation', 'redness'), ('contact_with_the_eyes', 'irritation')]",Yes
"This medication is also used for upset stomach caused by heartburn, acid indigestion or sour stomach; for peptic ulcer, hiatal hernia or other conditions caused by excess stomach acid; and to prevent ulcers or beleding from ulcers.",CauseNet-cause.csv,,1,[],"['caused', 'caused']",explicit,"[('heartburn', 'upset_stomach'), ('acid_indigestion', 'upset_stomach')]",Yes
"The venom is moderately potent and can cause swelling, pain, bruising, numbness and other local symptoms, which will subside within three days.",CauseNet-cause.csv,,1,[],['cause'],explicit,"[('venom', 'pain'), ('venom', 'numbness')]",Yes
"Seventy-five percent of all deaths in Russia occur due to diseases caused by high cholesterol, blood pressure and tobacco consumption.",CauseNet-cause.csv,,1,[],"['due to', 'caused']",explicit,"[('high_cholesterol', 'diseases'), ('blood_pressure', 'diseases')]",Yes
"The most important of these is Entamoeba histolytica which causes amoebic dysentery and liver abscess and may be responsible for up to 100,000 deaths annually.",CauseNet-cause.csv,,1,[],['causes'],explicit,"[('entamoeba_histolytica', 'amoebic_dysentery'), ('entamoeba_histolytica', 'liver_abscess')]",Yes
"Too many deer on a given tract of land can cause loss of body weight, reduction in antler development, decrease in reproduction and death due to starvation during winter months.",CauseNet-cause.csv,,1,[],"['cause', 'due to']",explicit,"[('deer_on_a_given_tract_of_land', 'loss_of_body_weight'), ('deer_on_a_given_tract_of_land', 'reduction_in_antler_development'), ('starvation', 'decrease')]",Yes
The global smoke-free movement is an appropriate response to the undeniable scientific evidence that secondhand smoke causes serious disease and premature death.,CauseNet-cause.csv,,1,[],['causes'],explicit,"[('secondhand_smoke', 'premature_death'), ('secondhand_smoke', 'serious_disease')]",Yes
"He has said that for every death caused by skin cancer resulting from sun exposure, 30 deaths might be prevented due to increased vitamin D intake, and that ""It does seem that Vitamin D levels seem to be a real predictor of heart disease.""",CauseNet-cause.csv,,1,[],"['caused', 'due to']",explicit,"[('sun_exposure', 'skin_cancer'), ('skin_cancer', 'death')]",Yes
"Erosion is caused by wind, water, and wave action and often results in loss of residential and commercial property, reduction of storm buffering capacity, habitat loss, and water quality degradation.",CauseNet-cause.csv,,1,[],"['caused', 'results in']",explicit,"[('wave_action', 'erosion'), ('wind', 'erosion'), ('water', 'erosion'), ('erosion', 'water_quality_degradation'), ('erosion', 'habitat_loss')]",Yes
"Diet, vaccinations, shampoos, flea infestation or flea and tick products can cause allergies.",CauseNet-cause.csv,,1,[],['cause'],explicit,"[('diet', 'allergies'), ('vaccinations', 'allergies'), ('shampoos', 'allergies'), ('flea', 'allergies')]",Yes
Clonazepam will cause drowsiness and may cause dizziness.,CauseNet-cause.csv,,1,[],"['cause', 'cause']",explicit,"[('clonazepam', 'drowsiness'), ('clonazepam', 'dizziness')]",Yes
"Of course, water and water vapor can get into a basement through the floor and cause mold, mildew and a musty odor to develop.",CauseNet-cause.csv,,1,[],['cause'],explicit,"[('water_vapor', 'mold'), ('water_vapor', 'mildew')]",Yes
"This means that a spike in call volume, as has happened in the course of situations of main, regional emergencies for example the 9/11 attack, the 2003 Northeast Blackout, or even the 2004 Indian Ocean Tsunami, can cause the satellite network to collapse.",CauseNet-cause.csv,,1,[],['cause'],explicit,"[('spike_in_call_volume', 'satellite_network_to_collapse'), ('2004_indian_ocean_tsunami', 'satellite_network_to_collapse'), ('9/11_attack', 'satellite_network_to_collapse')]",Yes
"Low blood sugar, or hypoglycemia, causes fatigue, and in extreme cases, loss of consciousness.",CauseNet-cause.csv,,1,[],['causes'],explicit,"[('hypoglycemia', 'fatigue'), ('low_blood_sugar', 'fatigue')]",Yes
"The label is part of Stichting Mode Met een Missie (Fashion with a mission foundation) which, in turn, was founded in 2005 to help women with problems caused by addiction, homelessness or psychiatric issues.",CauseNet-cause.csv,,1,[],['caused'],explicit,"[('addiction', 'problems'), ('homelessness', 'problems')]",Yes
"...whatthehell are you talking about...inflation is caused by either printing too much money, a rise in production costs, national debt and high taxes...if that is what you mean by scientific then yeah, I guess...the inflation rate is traditionally used as one of the barometers to determne a weak or strong economy...obviously since it is low, as is unemployment, they contradict your arguement that things are going to pot so you ignore them and say they are moot...good call.",CauseNet-cause.csv,,1,[],"['caused', 'since']",explicit,"[('printing_too_much_money', 'inflation'), ('national_debt', 'inflation'), ('rise_in_production_costs', 'inflation')]",Yes
Stress is a big cause of heart disease and digestive disorders.,CauseNet-cause.csv,,1,[],['cause'],explicit,"[('stress', 'heart_disease'), ('stress', 'digestive_disorders')]",Yes
"Organic soy milk is lactose-free, which allows for lactose-intolerant people to drink and prepare foods using milk without experiencing the indigestion and gas that dairy products can cause.",CauseNet-cause.csv,,1,[],['cause'],explicit,"[('dairy_products', 'indigestion'), ('dairy_products', 'gas')]",Yes
"It is a soothing drug free device to relieve symptoms caused by sinus infections, allergies and the common cold including: post nasal drip, cough, congestion, sinus headaches, and irritated nasal passages.",CauseNet-cause.csv,,1,[],['caused'],explicit,"[('allergies', 'symptoms'), ('sinus_infections', 'symptoms')]",Yes
Low blood sugar can cause drowsiness and coma.,CauseNet-cause.csv,,1,[],['cause'],explicit,"[('low_blood_sugar', 'coma'), ('low_blood_sugar', 'drowsiness')]",Yes
"But just as in human beings, white rice causes diabetes and obesity because it's a refined carbohydrate offering little more than ""empty calories.""",CauseNet-cause.csv,,1,[],"['causes', 'because']",explicit,"[('white_rice', 'diabetes'), ('white_rice', 'obesity')]",Yes
Refusing to submit to chemical testing may be a separate crime where the offender has a prior drunk driving violation or has caused an accident resulting in bodily injury or death.,CauseNet-cause.csv,,1,[],"['caused', 'resulting in']",explicit,"[('accident', 'death'), ('accident', 'bodily_injury')]",Yes
"Side effects: High doses can cause drowsiness, staggering, nausea, shrinking gums, and growth of body hair.",CauseNet-cause.csv,,1,[],['cause'],explicit,"[('high_doses', 'nausea'), ('high_doses', 'drowsiness')]",Yes
These drugs and other Benzodiazepines can and do cause addiction if used over a long period of time.,CauseNet-cause.csv,,1,[],['cause'],explicit,"[('drugs', 'addiction'), ('benzodiazepines', 'addiction')]",Yes
Religion has caused more hatred and divisiveness that any other entity known to mankind.,CauseNet-cause.csv,,1,[],['caused'],explicit,"[('religion', 'hatred'), ('religion', 'divisiveness')]",Yes
"Sleep apnea can cause insomnia, memory problems, headaches, tiredness during the day, concentration problems, anxiety, bad temper, and problems during work due to bad concentration.",CauseNet-cause.csv,,1,[],"['cause', 'due to']",explicit,"[('sleep_apnea', 'insomnia'), ('sleep_apnea', 'headaches'), ('sleep_apnea', 'memory_problems'), ('sleep_apnea', 'tiredness'), ('sleep_apnea', 'anxiety')]",Yes
"And speaking of predicting things, I sent the following note to the world-famous, $750 per hour psychic Sylvia Browne: I have been looking all over Sylvia's web site for a warning about the earthquake and subsequent tsunami which caused so much death and destruction in the countries bordering the Indian Ocean yesterday.",CauseNet-cause.csv,,1,[],['caused'],explicit,"[('earthquake', 'death'), ('earthquake', 'destruction')]",Yes
"Icy roads will invariably cause deadly car accidents; strong winds, ice, and snow will cause power outages; shipping will be disrupted, airline flights will be cancelled, people will get sick.",CauseNet-cause.csv,,1,[],"['cause', 'cause']",explicit,"[('strong_winds', 'power_outages'), ('snow', 'power_outages'), ('ice', 'power_outages')]",Yes
"""Civil emergency preparedness"" means the preparation for and the carrying out of all emergency functions, other than functions for which military forces are primarily responsible, to minimize and repair injury and damage resulting from disasters or catastrophes caused by enemy attacks, sabotage, riots or other hostile action, or by fire, flood, earthquake or other natural or human-made causes.",CauseNet-cause.csv,,1,[],"['caused', 'causes']",explicit,"[('fire', 'disasters'), ('sabotage', 'disasters'), ('hostile_action', 'disasters')]",Yes
"Indeed, accumulating experience suggests that Lyme Disease may be a frequent cause of fibromyalgia or chronic fatigue.",CauseNet-cause.csv,,1,[],['cause'],explicit,"[('lyme_disease', 'fibromyalgia'), ('lyme_disease', 'chronic_fatigue')]",Yes
"The deliberate silence echoes that silence, which is caused by anti-LGBT bullying, name-calling, and harassment.",CauseNet-cause.csv,,1,[],['caused'],explicit,"[('harassment', 'silence'), ('name-calling', 'silence')]",Yes
"The Car Bomb decontaminates interior air quality by destroying bacteria, mold, mildew, fungi, spores and other pathogens that can cause allergies, infections, diseases and disorders.",CauseNet-cause.csv,,1,[],['cause'],explicit,"[('bacteria', 'infections'), ('bacteria', 'diseases'), ('mold', 'allergies'), ('fungi', 'infections'), ('fungi', 'diseases'), ('bacteria', 'allergies'), ('pathogens', 'infections'), ('pathogens', 'diseases'), ('mold', 'infections'), ('spores', 'allergies'), ('fungi', 'allergies'), ('mildew', 'allergies'), ('spores', 'infections'), ('mold', 'diseases'), ('bacteria', 'disorders'), ('spores', 'diseases'), ('fungi', 'disorders')]",Yes
"Stress, poor diet, alcohol use, medications and excessive vomiting can all cause stomach problems.",CauseNet-cause.csv,,1,[],['cause'],explicit,"[('stress', 'stomach_problems'), ('medications', 'stomach_problems')]",Yes
"In CF females, malnutrition is the main cause of delayed puberty and amenorrhea (Josserand et al, 2001).",CauseNet-cause.csv,,1,[],['cause'],explicit,"[('malnutrition', 'amenorrhea'), ('malnutrition', 'delayed_puberty')]",Yes
Chronic obstructive pulmonary (or lung) disease (COPD or COLD) is caused by emphysema or chronic bronchitis.,CauseNet-cause.csv,,1,[],['caused'],explicit,"[('chronic_bronchitis', 'disease'), ('emphysema', 'disease')]",Yes
Fractures might be caused by stress or trauma or might be a result of a disease that weakens the bones.,CauseNet-cause.csv,,1,[],['caused'],explicit,"[('trauma', 'fractures'), ('stress', 'fractures')]",Yes
"This acid causes bad breath, tooth decay [caries], and gum disease [periodontal].",CauseNet-cause.csv,,1,[],['causes'],explicit,"[('acid', 'tooth_decay'), ('acid', 'bad_breath')]",Yes
"This warning system battles these causes with an audible buzzing, ensuring that distractions, drowsiness, and human error are never the cause of an accident, and ultimately injury or death.",CauseNet-cause.csv,,1,[],"['causes', 'cause']",explicit,"[('human_error', 'accident'), ('distractions', 'accident')]",Yes
"Obesity is the leading cause of diabetes, hypertension and other heart-diseases.",CauseNet-cause.csv,,1,[],['cause'],explicit,"[('obesity', 'diabetes'), ('obesity', 'hypertension')]",Yes
"""Reconstructive surgery"" includes any surgery performed on abnormal structures caused by or related to congentital defects, developmental abnormalities, trauma, infection, tumors or disease, including procedures to improve function or give a more normal appearance.",CauseNet-cause.csv,,1,[],['caused'],explicit,"[('developmental_abnormalities', 'abnormal_structures'), ('trauma', 'abnormal_structures'), ('disease', 'abnormal_structures')]",Yes
"The severity of measles is due to the immune suppression caused by the virus leading to secondary infections and also for the role in the establishment of a slow progressive disease of the nervous system, subacute sclerosing panence-phalitis (SSPE).",CauseNet-cause.csv,,1,[],"['due to', 'caused', 'leading to']",explicit,"[('virus', 'secondary_infections'), ('virus', 'immune_suppression')]",Yes
"In the year 2000, 119,000 deaths, 726,000 hospitalizations, and 1.5 million hospital emergency departments visits were caused by COPD.",CauseNet-cause.csv,,1,[],['caused'],explicit,"[('copd', 'deaths'), ('copd', 'hospitalizations')]",Yes
Direct damage would include fire or flooding damage to the building where you do business while indirect damage would include being out of business temporarily because of damage caused by a fire or flood.,CauseNet-cause.csv,,1,[],"['because', 'caused']",explicit,"[('fire', 'damage'), ('flood', 'damage')]",Yes
"This scientifically specious claim attempts to contradict the aspartame-specific, 36-month, peer-reviewed Ramazzini Study (2005) which demonstrated conclusively that aspartame causes lymphomas, leukemias, peripheral nerve tumors, kidney cancer, malignant brain tumors in rats and is a multipotential carcinogen.",CauseNet-cause.csv,,1,['claim'],['causes'],explicit,"[('aspartame', 'lymphomas'), ('aspartame', 'leukemias')]",Yes
"Among other things, the deficiency is caused by: fish tape worm; Crohn's disease, abdominal or intestinal surgery that may hamper the production or absorption of intrinsic factor; and chronic alcoholism.",CauseNet-cause.csv,,1,[],['caused'],explicit,"[(""crohn_'s_disease"", 'deficiency'), ('chronic_alcoholism', 'deficiency')]",Yes
"An overdose will cause headache, nausea, vomiting and affect the central nervous system causing disorientation, hallucinations, euphoria, inappropriate affect, short-term memory loss and coma.",CauseNet-cause.csv,,1,[],['cause'],explicit,"[('overdose', 'nausea'), ('overdose', 'headache'), ('central_nervous_system', 'coma')]",Yes
"The real causes of hunger and malnutrition are poverty, poor food distribution, lack of land and resources to grow food, and a failure of political will.",CauseNet-cause.csv,,1,[],['causes'],explicit,"[('poverty', 'malnutrition'), ('poverty', 'hunger')]",Yes
"Dandruff and seborrhoeic dermatitis can cause some hair loss, which has been reported with Nizoral shampoo.",CauseNet-cause.csv,,1,[],['cause'],explicit,"[('dandruff', 'hair_loss'), ('seborrhoeic_dermatitis', 'hair_loss')]",Yes
"as low as $0.5 [Etodolac] Etodolac Etodolac is used for the treatment of inflammation and pain caused by osteoarthritis, rheumatoid arthritis, and juvenile rheumatoid arthritis.",CauseNet-cause.csv,,1,[],['caused'],explicit,"[('osteoarthritis', 'inflammation'), ('rheumatoid_arthritis', 'inflammation'), ('juvenile_rheumatoid_arthritis', 'inflammation')]",Yes
"Infection with Staphylococcus bacteria (staph infection) can cause inflammation, irritation, oozing, and crusting.",CauseNet-cause.csv,,1,[],['cause'],explicit,"[('infection', 'inflammation'), ('infection', 'irritation')]",Yes
"This equipment contributes to particulate and ozone pollution that can cause severe cardiovascular and respiratory illnesses, asthma attacks, acute bronchitis, and even premature death.",CauseNet-cause.csv,,1,[],['cause'],explicit,"[('ozone_pollution', 'asthma_attacks'), ('ozone_pollution', 'premature_death')]",Yes
"We exclude all liability to any person for any loss or damage caused by any errors or omissions, whether such errors or omissions result from negligence, accident or any other cause but this disclaimer is without prejudice to any claims for fraudulent misrepresentation, personal injury or death.",CauseNet-cause.csv,,1,['claims'],"['caused', 'cause']",explicit,"[('errors', 'loss'), ('omissions', 'loss')]",Yes
"Approximately 200,000 deaths annually are caused by digestive diseases, including cirrhosis and other liver diseases, cancer of the digestive system, gallbladder disease, ulcers, and pancreatitis.",CauseNet-cause.csv,,1,[],['caused'],explicit,"[('pancreatitis', 'deaths'), ('ulcers', 'deaths'), ('digestive_diseases', 'deaths')]",Yes
"This selfishness is the cause of all our pain and suffering, and the pain and suffering we cause others and the rest of life.",CauseNet-cause.csv,,1,[],"['cause', 'cause']",explicit,"[('selfishness', 'pain'), ('selfishness', 'suffering')]",Yes
"For many people, alcohol causes more problems than any other psychoactive drug in terms of health effects, legal liabilities, domestic/social violence, and crime.",CauseNet-cause.csv,,1,[],['causes'],explicit,"[('alcohol', 'problems'), ('alcohol', 'crime')]",Yes
Abstract: Hepatitis C virus (HCV) is the leading cause of cirrhosis and hepatocellular carcinoma across the globe.,CauseNet-cause.csv,,1,[],['cause'],explicit,"[('hepatitis_c_virus', 'cirrhosis'), ('hepatitis_c_virus', 'hepatocellular_carcinoma')]",Yes
"But in most cases, these problems are caused by nasal congestion, fragile capillaries, thinning skin, hormonal imbalances, sun damage, and poor diet--all internal issues that can be solved by making non-cosmetic and/or lifestyle changes.",CauseNet-cause.csv,,1,[],['caused'],explicit,"[('poor_diet', 'problems'), ('hormonal_imbalances', 'problems'), ('sun_damage', 'problems'), ('nasal_congestion', 'problems')]",Yes
"Apart from algae that may cause problems through direct contact and exposure, the major route for human illness caused by toxic algae is through consumption of seafood and shellfish, as some species of algae produce potent toxins that can accumulate in fish and shellfish.",CauseNet-cause.csv,,1,[],"['cause', 'caused']",explicit,"[('algae', 'problems'), ('toxic_algae', 'human_illness')]",Yes
Background: Nosocomial infections continue to be a significant cause of morbidity and mortality among preterm and/or low birth weight infants.,CauseNet-cause.csv,,1,[],['cause'],explicit,"[('nosocomial_infections', 'morbidity'), ('nosocomial_infections', 'mortality')]",Yes
Spasm of the muscle of the esophagus can also cause chest pain which can be indistinguishable from chest pain caused by angina or a heart attack.,CauseNet-cause.csv,,1,[],"['cause', 'caused']",explicit,"[('angina', 'chest_pain'), ('heart_attack', 'chest_pain')]",Yes
"The itching may be infrequent, but can turn out to be severe and also persistent enough to prevent walking because of pain and discomfort caused by inflammation and also friction.",CauseNet-cause.csv,,1,[],"['because', 'caused']",explicit,"[('inflammation', 'pain'), ('friction', 'pain')]",Yes
"Persephone Milk brought up concerns this morning at SLU about such an acquisition causing a monopoly, and that such a monopoly would cause stagnation and lack of innovation in that area, which I agree with.",CauseNet-cause.csv,,1,[],['cause'],explicit,"[('acquisition', 'monopoly'), ('monopoly', 'stagnation')]",Yes
"Prolonged exposure to these toxic chemicals can cause nausea, allergic reactions and environmental illness.",CauseNet-cause.csv,,1,[],['cause'],explicit,"[('prolonged_exposure', 'nausea'), ('prolonged_exposure', 'allergic_reactions')]",Yes
"For instance, benzene can affect the bone marrow and the production of red blood cells, which can cause anemia and lead to excessive bleeding, bruising, and infection.",CauseNet-cause.csv,,1,[],"['cause', 'lead to']",explicit,"[('bone_marrow', 'anemia'), ('production_of_red_blood_cells', 'anemia')]",Yes
"Its decline is caused by introduced fish species, pollution, the loss of macrophytes (in part due to grass carp), over-fishing, and the loss of breeding sites.",CauseNet-cause.csv,,1,[],"['caused', 'due to']",explicit,"[('pollution', 'decline'), ('over-fishing', 'decline')]",Yes
"Occasionally, ringing in the ears can be caused by a lowered immune system which in turn causes a illness or condition which can lead to tinnitus.",CauseNet-cause.csv,,1,[],"['caused', 'causes', 'lead to']",explicit,"[('condition', 'tinnitus'), ('lowered_immune_system', 'illness'), ('illness', 'tinnitus')]",Yes
"Pneumonia is an inflammation of the lungs caused by bacteria, viruses or chemical irritants.",CauseNet-cause.csv,,1,[],['caused'],explicit,"[('viruses', 'inflammation_of_the_lungs'), ('bacteria', 'inflammation_of_the_lungs')]",Yes
"Vitamin B6 deficiency causes depression or irritability while deficiency of vitamin B12 (found in meat, salmon and eggs) can cause anaemia.",CauseNet-cause.csv,,1,[],"['causes', 'cause']",explicit,"[('vitamin_b6_deficiency', 'depression'), ('vitamin_b6_deficiency', 'irritability'), ('deficiency_of_vitamin_b12', 'anaemia')]",Yes
"Extra-virgin olive oil, used on the skin between the vagina and anus (called the perineum), masks dryness that causes tears and burning.",CauseNet-cause.csv,,1,[],['causes'],explicit,"[('dryness', 'tears'), ('dryness', 'burning')]",Yes
Heart disease and stroke combined are the leading cause of death and disability in Canada.,CauseNet-cause.csv,,1,[],['cause'],explicit,"[('stroke', 'death'), ('heart_disease', 'death')]",Yes
"When a defective product causes serious injury or death, the product liability lawyers from the King of Prussia and Chester County-area's leading law firm, The Mayerson Law Offices P.C., can aggressively pursue compensation for all that you have suffered.",CauseNet-cause.csv,,1,[],['causes'],explicit,"[('defective_product', 'death'), ('defective_product', 'serious_injury')]",Yes
"The plaque that can cause Periodontal disease or tooth decay as mentioned, is deadly bacteria that cannot only make your gums sore and puffy but in addition can make your teeth fall out, one by one.",CauseNet-cause.csv,,1,[],['cause'],explicit,"[('plaque', 'periodontal_disease'), ('plaque', 'tooth_decay')]",Yes
"Unless the Convention or other applicable law requires otherwise, in the event of an accident resulting in death, wounding, or other bodily injury to a passenger whilst on board an aircraft operated by us or in the course of any of the operations of embarking or disembarking, the amount of damages payable by us is limited to 113 100 Special Drawing Right provided that it is proved that such death, wounding or other bodily injury was caused by our negligence.",CauseNet-cause.csv,,1,[],"['resulting in', 'caused']",explicit,"[('accident', 'death'), ('negligence', 'death'), ('accident', 'bodily_injury')]",Yes
"For a newborn baby, herpes can be very serious and may cause blindness, brain damage or even death.",CauseNet-cause.csv,,1,[],['cause'],explicit,"[('herpes', 'death'), ('herpes', 'brain_damage')]",Yes
"Amphetamines and cocaine can cause paranoia, hyperactivity, aggression, high blood pressure and abnormal heart rhythms.",CauseNet-cause.csv,,1,[],['cause'],explicit,"[('cocaine', 'paranoia'), ('cocaine', 'high_blood_pressure'), ('amphetamines', 'paranoia'), ('amphetamines', 'high_blood_pressure'), ('cocaine', 'hyperactivity')]",Yes
"Tags: acne, acne cystic diet, acne diet, acne diet prevention, acne prevention diet, acne vulgaris, adult acne and diet, best diet for acne, cause acne, causes of acne in diet, clear skin diet, cystic acne diet, diet, diet cystic acne, diet for acne control, diet that rids body of toxins and clears acne, diet to treat adult acne, diet treatment for oily skin, diets for oily skin, excessive oil, high protein diet causes acne, oil production, oily skin diet, pimple, pimples For anyone who has suffered from acne and has the scars to show to prove it may be surprised to learn that there is a way you can get rid of your acne scars.",CauseNet-cause.csv,,1,[],"['cause', 'causes', 'causes']",explicit,"[('diet', 'acne'), ('acne', 'acne'), ('acne_vulgaris', 'acne')]",Yes
"Poisonous chemicals called ketones are excreted in the urine (D) and also build up in the bloodstream (E) leading to ketoacidosis, a serious condition that may cause coma or death.",CauseNet-cause.csv,,1,[],"['leading to', 'cause']",explicit,"[('serious_condition', 'death'), ('serious_condition', 'coma')]",Yes
"Depending on which nerves are affected, spinal stenosis can cause pain, numbness, loss of sensation, or problems with bowel or bladder function.",CauseNet-cause.csv,,1,[],['cause'],explicit,"[('spinal_stenosis', 'pain'), ('spinal_stenosis', 'numbness'), ('spinal_stenosis', 'problems')]",Yes
It is anger & stupidity that causes accidents.,CauseNet-cause.csv,,1,[],['causes'],explicit,"[('anger', 'accidents'), ('stupidity', 'accidents')]",Yes
My illness has caused me so much pain and shame.,CauseNet-cause.csv,,1,[],['caused'],explicit,"[('illness', 'pain'), ('illness', 'shame')]",Yes
Too much water or poor drainage will cause problems.,CauseNet-cause.csv,,1,[],['cause'],explicit,"[('poor_drainage', 'problems'), ('much_water', 'problems')]",Yes
Any accident can cause many serious economic and medical problems and can cause trauma to the injured.,CauseNet-cause.csv,,1,[],"['cause', 'cause']",explicit,"[('accident', 'trauma'), ('accident', 'medical_problems')]",Yes
"As a member of the faculty in the Department of Cancer Immunology and AIDS, Marasco has dedicated many years of study to retroviruses such as HIV, which causes AIDS, and HTLV-1, which causes Adult T-cell Leukemia.",CauseNet-cause.csv,,1,[],"['causes', 'causes']",explicit,"[('hiv', 'aids'), ('htlv-1', 'aids')]",Yes
"Chronic obstructive pulmonary disease is the fourth leading cause of morbidity and mortality in the United States with systemic manifestations, such as osteoporosis, skeletal muscle dysfunction, and coronary artery disease contributing significantly to disease burden.",CauseNet-cause.csv,,1,[],['cause'],explicit,"[('chronic_obstructive_pulmonary_disease', 'mortality'), ('chronic_obstructive_pulmonary_disease', 'morbidity')]",Yes
"When this occurs, the obstruction results in pain or discomfort.",CauseNet-noncause.csv,,1,[],['results in'],explicit,"[('obstruction', 'pain'), ('obstruction', 'discomfort')]",Yes
This aids in preventing bacterial growth that results in bad breath and tooth decay.,CauseNet-noncause.csv,,1,[],['results in'],explicit,"[('bacterial_growth', 'tooth_decay'), ('bacterial_growth', 'bad_breath')]",Yes
"An improperly aligned wheel can adversely affect the motorcycle's handling, leading to a loss of control that could result in injury or death.",CauseNet-noncause.csv,,1,[],"['leading to', 'result in']",explicit,"[('loss_of_control', 'death'), ('loss_of_control', 'injury')]",Yes
"On the flip side, too much thyroid hormone results in nervousness, weight loss, rapid heart rate and diarrhea.",CauseNet-noncause.csv,,1,[],['results in'],explicit,"[('thyroid_hormone', 'weight_loss'), ('thyroid_hormone', 'nervousness')]",Yes
"Accidents, spills, and leaks of hazardous materials resulted in land, water, and air that pose immediate and potential threats to public and environmental health.",CauseNet-noncause.csv,,1,[],['resulted in'],explicit,"[('accidents', 'water'), ('spills', 'water')]",Yes
"One can show the symptom, mental retardation, because he had measles, which resulted in encephalitis, and so on through a hundred very different diseases and injuries that can result in the symptom of severe, moderate, or mild mental retardation.",CauseNet-noncause.csv,,1,[],"['because', 'resulted in', 'result in']",explicit,"[('injuries', 'symptom'), ('measles', 'encephalitis')]",Yes
"Lack of RalGDS resulted in reduced tumour incidence, size and progression to malignancy in multistage skin carcinogenesis, and reduced transformation by Ras in tissue culture.",CauseNet-noncause.csv,,1,[],['resulted in'],explicit,"[('lack_of_ralgds', 'progression'), ('lack_of_ralgds', 'size')]",Yes
"This system tracks police-reported collisions involving at least one motor vehicle that occur on public roadways and which result in property damage of $1,000 or more, as well as any collisions resulting in injury or fatality.",CauseNet-noncause.csv,,1,[],"['result in', 'resulting in']",explicit,"[('collisions', 'fatality'), ('collisions', 'injury')]",Yes
"These include natural disasters that have led to enormous devastation, deprivation and the loss of life, political instability that has too often resulted in corruption and violence and the ever-present challenge of living in a world of multiple religions and competing truth claims.",CauseNet-noncause.csv,,1,['claims'],"['led to', 'resulted in']",explicit,"[('natural_disasters', 'loss_of_life'), ('political_instability', 'violence')]",Yes
"Phosphatidylinositol 3,4,5-trisphosphate (PIP3), formed from PI(4,5)P2 though phosphorylation by PI 3-kinase, activates numerous signaling pathways resulting in cell proliferation, growth, survival, glucose transport and protein synthesis.",CauseNet-noncause.csv,,1,[],['resulting in'],explicit,"[('signaling_pathways', 'survival'), ('signaling_pathways', 'growth')]",Yes
"""Pus is sometimes green because of the presence of myeloperoxidase , an intensely green antibacterial protein produced by some types of white blood cells .""",medcaus.csv,3475,1,[],['because'],explicit,"[('of the presence of , an intensely green antibacterial protein produced by some types of white blood', '`` Pus is sometimes'), ('because of the presence of', '`` Pus is sometimes')]",Yes
Studies in Pakistan showed diclofenac caused acute kidney failure in vultures when they ate the carcasses of animals that had recently been treated with it .,medcaus.csv,11626,1,[],['caused'],explicit,"[('diclofenac', 'acute kidney failure in vultures'), ('diclofenac', 'acute kidney failure in vultures when they ate the carcasses of animals had recently been treated with it')]",Yes
"""In infants , the bacteria can sometimes grow in the intestines and produce botulinum toxin within the intestine and can cause a condition known as floppy baby syndrome .""",medcaus.csv,3040,1,[],['cause'],explicit,"[(', the and produce botulinum toxin within the', 'cause a condition known as floppy baby'), ('`` In , the bacteria can sometimes grow in the intestines and produce botulinum toxin within the intestine', 'cause a condition known as floppy baby')]",Yes
"""Iron deficiency anemia , resulting in deficient heme synthesis""",medcaus.csv,987,1,[],['resulting in'],explicit,"[('`` Iron deficiency', 'in deficient heme'), ('`` Iron deficiency anemia', 'in deficient heme')]",Yes
This used a hot cathode that caused an electric current to flow in a vacuum .,medcaus.csv,781,1,[],['caused'],explicit,"[('This used a hot cathode', 'an electric current to flow in a vacuum'), ('a hot cathode', 'an electric current to flow in a vacuum')]",Yes
"""While moderate alcohol consumption is unlikely to interfere with many common antibiotics , there are specific types of antibiotics , with which alcohol consumption may cause serious side - effects .""",medcaus.csv,2691,1,[],['cause'],explicit,"[('which alcohol', 'cause serious -'), ('which alcohol', ', there are specific types of antibiotics , with cause serious side -')]",Yes
"""Gramicidin , however , could not be used systemically because of toxicity .""",medcaus.csv,2709,1,[],['because'],explicit,"[('of', '`` , could not be used'), ('of', '`` Gramicidin , however , could not be used')]",Yes
"The changes in cognitive scope associated with different affective states is evolutionarily adaptive because high motivational intensity affects elicited by stimuli that require movement and action should be focused on , in a phenomenon known as goal - directed behavior .",medcaus.csv,13511,1,[],['because'],explicit,"[('high motivational intensity affects elicited by stimuli that require movement and action should be focused on', 'The changes in cognitive scope associated with different affective states is evolutionarily adaptive'), ('high motivational intensity affects elicited by stimuli that require movement', 'The changes in cognitive scope associated with different affective states is evolutionarily adaptive')]",Yes
"It may also help with actinic keratosis , and acute pain caused by minor strains , sprains , and contusions ( bruises).In many countries , eye drops are sold to treat acute and chronic nonbacterial inflammation of the anterior part of the eyes ( e.g. , postoperative states ) .",medcaus.csv,11621,1,[],['caused'],explicit,"[('minor strains , sprains , and contusions -LRB- bruises -RRB-', 'actinic keratosis , and acute pain'), ('minor strains , sprains , and contusions -LRB- bruises -RRB-', 'acute pain')]",Yes
"""Under certain conditions , it may result in preferential growth of resistant bacteria , while growth of susceptible bacteria is inhibited by the drug .""",medcaus.csv,7638,1,[],['result in'],explicit,"[(',', 'in preferential growth of resistant bacteria , while growth of susceptible bacteria is inhibited by the'), (',', 'in preferential growth of resistant')]",Yes
Thus ischemia in a body part can cause localized anemic effects within those tissues .,medcaus.csv,1002,1,[],"['Thus', 'cause']",explicit,"[('Thus ischemia in a body part', 'localized anemic effects within those tissues'), ('ischemia in a body part', 'localized anemic effects within those tissues')]",Yes
"""Many type of cancers , including colorectal cancer and cancer of the urinary bladder , may cause acute or chronic blood loss , especially at advanced stages .""",medcaus.csv,7426,1,[],['cause'],explicit,"[('`` Many type of cancers , including colorectal cancer and cancer of the urinary', 'cause acute or chronic blood'), ('`` Many type of , including colorectal cancer and cancer of the urinary', 'cause acute or chronic blood , especially at advanced')]",Yes
Others though can cause compression of the spinal cord .,medcaus.csv,5199,1,[],['cause'],explicit,"[('Others though can', 'compression of the spinal cord'), ('Others though', 'compression of the spinal cord')]",Yes
The subsequent sequestration of calcium ions results in the relaxation of the smooth muscle cells and vasodilation .,medcaus.csv,4962,1,[],['results in'],explicit,"[('The subsequent sequestration calcium ions', 'the relaxation of the smooth muscle cells and vasodilation'), ('The subsequent sequestration of calcium ions', 'the relaxation of the smooth muscle cells and vasodilation')]",Yes
If the loose body becomes large enough it can cause urinary retention ( inability to empty bladder ) or bowel obstructions .,medcaus.csv,12965,1,[],['cause'],explicit,"[('If the loose body becomes large enough it', 'urinary retention -LRB- inability to empty bladder -RRB- or bowel obstructions'), ('If the loose body becomes large enough', 'urinary retention')]",Yes
Intrinsic ( intracorpuscular ) abnormalities cause premature destruction .,medcaus.csv,7418,1,[],['cause'],explicit,"[('Intrinsic -LRB- intracorpuscular -RRB- abnormalities', 'premature destruction'), ('Intrinsic intracorpuscular abnormalities', 'premature')]",Yes
"""Natural rewards , like eating , as well as recreational drug use cause a release of dopamine , and are associated with the reinforcing nature of these stimuli .""",medcaus.csv,5429,1,[],['cause'],explicit,"[('`` Natural rewards , like eating , as well as recreational drug', 'cause a release of dopamine , and are associated with the reinforcing nature of these'), ('`` Natural , like , as well as recreational drug', 'cause a release of')]",Yes
"""This scheme quickly exposes some of the most common causes of anemia ; for instance , a microcytic anemia is often the result of iron deficiency .""",medcaus.csv,7433,1,[],['causes'],explicit,"[(', a microcytic', 'of iron'), ('of iron', ', a microcytic anemia')]",Yes
Some adenomas are too small to be seen macroscopically but can still cause clinical symptoms .,medcaus.csv,10652,1,[],['cause'],explicit,"[('Some adenomas', 'clinical symptoms'), ('Some adenomas are too small to be seen macroscopically but can still', 'clinical symptoms')]",Yes
"""The ancient Greek geographer Strabo describes another group of seven Lycian cyclopes , also known as """" Bellyhands """" because they earned from their handicraft .""",medcaus.csv,6656,1,[],['because'],explicit,"[(""'' '' because they earned"", ""also known as '' ''""), (""'' '' because they earned"", ""another group of seven Lycian cyclopes , also known as ''"")]",Yes
"""The same effect is manifested in the root word """" horror """" in English , which is derived from Latin horrere , which means """" to bristle """" , and """" be horrified """" , because of the accompanying hair reaction .""",medcaus.csv,12004,1,[],['because'],explicit,"[(""be horrified '' ''"", ""`` The same effect is manifested in the root word '' '' horror '' '' in English , which is derived from Latin horrere , which means '' '' to bristle '' '' ,""), (""be horrified '' ''"", ""`` The same effect is manifested in the root word '' '' horror ''"")]",Yes
Other types of liver disease can also cause macrocytosis .,medcaus.csv,7445,1,[],['cause'],explicit,"[('Other types of liver disease', 'macrocytosis'), ('macrocytosis', 'Other types of liver disease')]",Yes
Weakness of the muscles that move the jaw ( muscles of mastication ) may cause difficulty chewing .,medcaus.csv,8282,1,[],['cause'],explicit,"[('Weakness of the muscles that move the jaw', 'difficulty chewing'), ('Weakness of the muscles that move the jaw -LRB- muscles of mastication -RRB-', 'difficulty chewing')]",Yes
"""Efforts of John Innes Centre and universities in the UK , supported by BBSRC , resulted in the creation of spin - out companies , for example Novacta Biosystems , which has designed the type - b lantibiotic - based compound NVB302 ( in phase 1 ) to treat Clostridium difficile infections .""",medcaus.csv,7655,1,[],['resulted in'],explicit,"[('`` Efforts of John Innes Centre and universities in the UK , supported by BBSRC', 'in the creation of spin - out'), ('`` Efforts of John Innes Centre and universities in the , supported by', 'in the creation of spin - out')]",Yes
"""including spastic conditions in pediatric patients with cerebral palsy , a therapeutic course that has resulted in patient deaths .""",medcaus.csv,3918,1,[],['resulted in'],explicit,"[('`` including spastic conditions in pediatric patients with cerebral , a therapeutic', 'in patient'), (', a therapeutic', 'in patient')]",Yes
"This is important because in MS , the body 's immune system attacks its own myelin sheaths on nerve cells ( which causes loss of signaling function and eventual nerve degeneration ) .",medcaus.csv,13181,1,[],"['because', 'causes']",explicit,"[(""the body 's immune system attacks its own myelin sheaths on nerve cells"", 'loss of signaling function and eventual nerve degeneration'), (""in MS , the body 's immune system attacks its own myelin sheaths on nerve cells -LRB- which"", 'loss of signaling function and eventual nerve degeneration')]",Yes
"Common causes of cellular hypoxia resulting in elevated levels of EPO ( up to 10 000 mU / mL ) include any anemia , and   hypoxemia due to chronic lung disease .",medcaus.csv,10093,1,[],"['causes', 'resulting in', 'due to']",explicit,"[('cellular hypoxia', 'elevated levels of EPO'), ('Common causes of cellular hypoxia', 'elevated levels of EPO')]",Yes
Some forms of lithium - caused kidney damage may be progressive and lead to end - stage kidney failure .,medcaus.csv,7198,1,[],"['caused', 'lead to']",explicit,"[('Some forms of lithium - caused kidney damage may be progressive', 'end - stage kidney failure'), ('Some forms of lithium caused kidney damage', 'end stage kidney failure')]",Yes
Lack of dietary B12   causes non - pernicious megaloblastic anemia,medcaus.csv,984,1,[],['causes'],explicit,"[('Lack of dietary B12', 'non pernicious megaloblastic anemia'), ('Lack of dietary B12', 'non - pernicious megaloblastic anemia')]",Yes
"""The VasClip method , though considered reversible , has had a higher cost and resulted in lower success rates .""",medcaus.csv,4213,1,[],['resulted in'],explicit,"[('`` The VasClip method , though considered reversible , has had a higher', 'in lower success'), ('`` The VasClip method , though considered reversible , has had a higher cost', 'in lower success')]",Yes
The RTA 's creation was a result of the anticipated failure of commuter service operated and owned by various private railroad companies in the 1970s .,medcaus.csv,5585,1,[],[],explicit,"[('the anticipated failure of commuter service operated and owned by various private railroad companies in the 1970s', ""The RTA 's creation was a""), ('the anticipated failure of commuter service operated', ""The RTA 's creation"")]",Yes
Streptolysin S is an oxygen - stable cytotoxin also produced by most GAS strains which results in clearing on the surface of blood agar .,medcaus.csv,6689,1,[],['results in'],explicit,"[('Streptolysin S', 'clearing on the surface of blood agar'), ('Streptolysin S is an oxygen - stable cytotoxin', 'clearing on the surface of blood agar')]",Yes
There are concerns that injecting it into a joint can cause problems with the cartilage .,medcaus.csv,2668,1,[],['cause'],explicit,"[('injecting it into a joint', 'problems with the cartilage'), ('There are concerns that injecting it into a joint', 'problems with the cartilage')]",Yes
"""The disease is caused by loss - of - function mutations to chromosome 1 at 1q21 , the extracellular matrix protein 1 ( ECM1 ) gene .""",medcaus.csv,8836,1,[],['caused'],explicit,"[('by loss - of - function mutations to chromosome 1 at 1q21 , the extracellular matrix protein 1 -LRB- ECM1 -RRB-', '`` The'), ('by loss - of - function mutations to chromosome 1 at', '`` The')]",Yes
"""The A , B , and E serotypes cause human botulism , with the activities of types A and B enduring longest in vivo ( from several weeks to months ) .""",medcaus.csv,3045,1,[],['cause'],explicit,"[('`` The , and E', 'cause human'), ('`` The , and E', 'cause human , with the activities of types A and B enduring longest in -LRB- from several weeks to')]",Yes
"""Any unrelated psychiatric disorders should be kept under control , and differentiated from the contributing factors that cause the addiction .""",medcaus.csv,5436,1,[],['cause'],explicit,"[('`` Any unrelated psychiatric disorders should be kept under control , and differentiated from the contributing factors', 'cause the'), ('`` Any unrelated psychiatric disorders should be kept under and differentiated from the contributing', 'cause the')]",Yes
"Certain amines and alkaloids , including such drugs as morphine , and curare alkaloids , can displace histamine in granules and cause its release .",medcaus.csv,14926,1,[],['cause'],explicit,"[('Certain amines and alkaloids , including such drugs as morphine , and curare alkaloids', 'its release'), ('Certain amines and alkaloids', 'its release')]",Yes
"""Most ADRs associated with lidocaine for anesthesia relate to administration technique ( resulting in systemic exposure ) or pharmacological effects of anesthesia , and allergic reactions only rarely occur .""",medcaus.csv,1983,1,[],['resulting in'],explicit,"[('`` Most ADRs associated with lidocaine for anesthesia relate to administration', 'in systemic'), ('Most ADRs associated with lidocaine for anesthesia relate to administration', 'in systemic')]",Yes
The cells do not lose all their fight - or - flight override because of interleukin-1 's synergism with CRH .,medcaus.csv,3328,1,[],['because'],explicit,"[(""interleukin-1 's synergism with CRH"", 'The cells do not lose all their fight - or - flight override'), (""interleukin-1 's synergism with CRH"", 'The cells do not lose all their fight or flight override')]",Yes
"""However , long - term exposure to cortisol damages cells in the hippocampus ; this damage results in impaired learning .""",medcaus.csv,503,1,[],['results in'],explicit,"[('; this', 'in impaired learning'), (', long - term exposure to cortisol damages cells in the ; this', 'in impaired')]",Yes
Leukoerythroblastic anemia is caused by space - occupying lesions in the bone marrow that prevent normal production of blood cells .,medcaus.csv,992,1,[],['caused'],explicit,"[('space occupying lesions in the bone marrow that prevent normal production of blood cells', 'Leukoerythroblastic anemia is'), ('space - occupying lesions in the bone marrow that prevent normal production of blood cells', 'Leukoerythroblastic anemia')]",Yes
"Such people tend to have the ability to increase their heart rate and describe the event as a chill from the base of their skull down the body , that causes the increase in heart rate and concurrent goosebumps on the skin especially the forearms which varies in duration .",medcaus.csv,12006,1,[],['causes'],explicit,"[('increase their heart rate and describe the event as a chill from the base of their skull down the body', 'the increase in heart rate and concurrent goosebumps on the skin especially the forearms which varies in duration'), ('describe the event as a chill from the base of their skull down the body', 'the increase in heart rate and concurrent goosebumps on the skin especially the forearms')]",Yes
"""Praising the text as one whose """" importance can scarcely be overestimated """" , he summarised Moniz 's rationale for the procedure as based on the fact that while no physical abnormality of cerebral cell bodies was observable in the mentally ill , their cellular interconnections may harbour a """" fixation of certain patterns of relationship among various groups of cells """" and that this resulted in obsessions , delusions and mental morbidity .""",medcaus.csv,6004,1,[],['resulted in'],explicit,"[(""mentally ill , their cellular interconnections may harbour a '' '' fixation of certain patterns of relationship among various groups of cells"", 'and that this resulted in obsessions'), (""mentally ill , their cellular interconnections may harbour a '' '' fixation of certain patterns of relationship among"", 'and that this resulted in obsessions')]",Yes
"""Pernicious anemia is caused by a lack of intrinsic factor , which is required to absorb vitamin B12 from food .""",medcaus.csv,7441,1,[],['caused'],explicit,"[('by a lack of intrinsic', '`` Pernicious'), ('by a lack of intrinsic', '`` Pernicious anemia')]",Yes
"""Dehydration , which is compounded by heat , can result in increasing lithium levels .""",medcaus.csv,224,1,[],['result in'],explicit,"[('``', 'in increasing lithium'), ('`` Dehydration , which is compounded by', 'in increasing lithium')]",Yes
The disease results in round or oval patches of hyper - pigmented skin .,medcaus.csv,527,1,[],['results in'],explicit,"[('The disease', 'round or oval patches of hyper pigmented skin'), ('The disease', 'round or oval patches of hyper - pigmented skin')]",Yes
"Filing is also recommended , as to keep nails from becoming too rough and to remove any small bumps or ridges that may cause the nail to get tangled up in materials such as cloth .",medcaus.csv,10894,1,[],['cause'],explicit,"[('any small bumps or ridges', 'the nail to get tangled up in materials such as cloth'), ('small bumps or ridges', 'the nail to get tangled up in materials such as cloth')]",Yes
"""Other cnidarians , such as the jellyfish Cyanea capillata ( the """" Lion 's Mane """" made famous by Sherlock Holmes ) or the siphonophore Physalia physalis ( Portuguese man o ' war , """" Bluebottle """" ) can cause extremely painful and sometimes fatal stings .""",medcaus.csv,977,1,[],['cause'],explicit,"[(""`` Other , such as the jellyfish Cyanea -LRB- '' '' Lion Mane '' '' made famous Sherlock Holmes -RRB- or the Physalia physalis -LRB- man war"", ""'' '' -RRB- can cause extremely""), ('`` Other cnidarians , such as the jellyfish Cyanea Sherlock Holmes -RRB- or the', ""'' '' -RRB- can cause extremely"")]",Yes
"""The majority of studies indicate antibiotics do not interfere with birth control pills , such as clinical studies that suggest the failure rate of contraceptive pills caused by antibiotics is very low ( about 1 % ) .""",medcaus.csv,2688,1,[],['caused'],explicit,"[('by', 'of contraceptive'), ('by antibiotics is very low -LRB- about 1 %', 'the failure rate of contraceptive')]",Yes
"""He used lithium urate , already known to be the most soluble urate compound , and observed that it caused the rodents to become tranquil .""",medcaus.csv,7217,1,[],['caused'],explicit,"[('used lithium', 'caused the rodents to become'), ('that', 'caused the rodents to become')]",Yes
"""If used during pregnancy , lithium can cause problems in the baby .""",medcaus.csv,7188,1,[],['cause'],explicit,"[(',', '`` If used during cause problems in the'), ('`` If used during ,', 'cause problems in the')]",Yes
"""However , this side effect can not be avoided merely by using a COX-2 selective inhibitor because , """" Both isoforms of COX , COX-1 and COX-2 , are expressed in the kidney ...""",medcaus.csv,11625,1,[],['because'],explicit,"[("", '' '' Both isoforms of COX , COX-1 and COX-2 , are expressed in the"", ', this side effect can not be avoided merely by using a COX-2 selective'), (""'' '' Both isoforms COX , COX-1 COX-2 , are expressed in"", ', this side effect can not be avoided merely by using a COX-2 selective'), ("", '' '' Both isoforms of COX , COX-1 and COX-2 , are expressed in"", ', this side effect can not be avoided merely by using a COX-2 selective')]",Yes
"Iron deficiency in general may cause the nails to become flat or concave , rather than convex .",medcaus.csv,10904,1,[],['cause'],explicit,"[('Iron deficiency', 'the nails to become flat or concave'), ('Iron deficiency in general', 'the nails to become flat or concave , rather than convex')]",Yes
"""NHEJ is referred to as """" non - homologous """" because the break ends are directly ligated without the need for a homologous template .""",medcaus.csv,11897,1,[],['because'],explicit,"[(""'' '' because the break ends are directly ligated without the need for"", ""`` NHEJ is referred to as '' '' non""), (""'' '' because the break ends are directly ligated without the need for"", ""`` NHEJ is referred to as '' '' non -"")]",Yes
"""Anemia of folic acid deficiency , as with vitamin B12 , causes megaloblastic anemia""",medcaus.csv,985,1,[],['causes'],explicit,"[('`` Anemia of folic acid , as with vitamin', 'causes megaloblastic'), ('`` Anemia of folic acid', 'causes megaloblastic')]",Yes
"""Reticulocyte counts , and the """" kinetic """" approach to anemia , have become more common than in the past in the large medical centers of the United States and some other wealthy nations , in part because some automatic counters now have the capacity to include reticulocyte counts .""",medcaus.csv,1006,1,[],['because'],explicit,"[('in part because some automatic counters now have the capacity to', ""`` Reticulocyte , and '' kinetic '' '' to anemia , have become more common than in the past in the large medical centers of the United States and some""), ('in part because some automatic counters now have the capacity to', '`` Reticulocyte to anemia , have become more common than')]",Yes
"""Though vasectomy results in increases in circulating immune complexes , these increases are transient .""",medcaus.csv,4186,1,[],['results in'],explicit,"[('Though', 'in increases in circulating immune , these increases are'), ('`` Though', 'in increases in circulating immune')]",Yes
Some patients died as a result of the operation and others later committed suicide .,medcaus.csv,13457,1,[],['as a result'],explicit,"[('the operation', 'Some patients died'), ('the operation and others later committed suicide', 'Some patients died')]",Yes
These failures have also resulted in updated safety policies and adjustments of equipment and warning devices .,medcaus.csv,11950,1,[],['resulted in'],explicit,"[('These failures', 'updated safety policies and adjustments of equipment and warning devices'), ('These failures have also', 'updated safety policies and adjustments of equipment and warning devices')]",Yes
"""In acute toxicity , people have primarily gastrointestinal symptoms such as vomiting and diarrhea , which may result in volume depletion .""",medcaus.csv,238,1,[],['result in'],explicit,"[('`` In acute , people have primarily gastrointestinal symptoms such as vomiting and', 'in volume'), (', people have primarily gastrointestinal symptoms such as vomiting and', 'in volume')]",Yes
"""In 1986 , Scott 's micromanufacturer and distributor of Botox was no longer able to supply the drug because of an inability to obtain product liability insurance .""",medcaus.csv,3059,1,[],['because'],explicit,"[('of an inability to obtain product liability', "", Scott 's micromanufacturer and distributor of Botox was no longer able to supply the""), ('of an inability to obtain product liability', ""`` In , Scott 's micromanufacturer and distributor of Botox was no longer able to supply the"")]",Yes
"""It is an autosomal recessive condition , requiring two mutated copies of the ECM1 gene to cause the disease .""",medcaus.csv,6995,1,[],['cause'],explicit,"[(', requiring two mutated copies of the ECM1', 'cause the'), ('`` It is an autosomal recessive condition , requiring two mutated copies of the ECM1', 'cause the')]",Yes
He treated forehead asymmetry caused by left sided forehead nerve paralysis that occurred during a cosmetic facelift .,medcaus.csv,3908,1,[],['caused'],explicit,"[('left sided forehead nerve paralysis that occurred during a cosmetic facelift', 'forehead asymmetry'), ('left sided forehead nerve paralysis', 'forehead asymmetry')]",Yes
"""The hippocampus is involved in drug addiction , because of its role in learning and memory .""",medcaus.csv,2930,1,[],['because'],explicit,"[('of its role in learning and', '`` The hippocampus is involved in drug'), ('of its role in learning and', '`` The hippocampus is involved in drug addiction')]",Yes
Higher cadmium exposure results in osteomalacia ( softening of the bone ) .,medcaus.csv,2623,1,[],['results in'],explicit,"[('Higher cadmium exposure', 'osteomalacia softening of the bone'), ('Higher cadmium exposure', 'osteomalacia -LRB- softening of the bone -RRB-')]",Yes
"""Thirty - four attendees at a funeral were poisoned by eating partially salted ham , an extract of which was found to cause botulism - like paralysis in laboratory animals .""",medcaus.csv,3904,1,[],['cause'],explicit,"[(', an extract of which was', 'cause botulism - like paralysis in laboratory'), ('eating partially salted , an extract of which was found', 'cause botulism - like paralysis in laboratory')]",Yes
He had abandoned these attempts because of unsatisfactory results and this experience probably inspired the invective that was directed at Burckhardt in the 1912 article .,medcaus.csv,13471,1,[],['because'],explicit,"[('unsatisfactory results', 'He had abandoned these attempts'), ('unsatisfactory results and this experience probably inspired the invective that was directed at Burckhardt in the 1912 article', 'He had abandoned these attempts')]",Yes
"""Thiazolidinediones reduce bone mineral density and increase the risk of fractures in women , possibly as a result of biasing the differentiationof bone marrow stromal cells away from osteoblast differentiation and toward adipocyte formation .""",medcaus.csv,5855,1,[],['as a result'],explicit,"[('of biasing the differentiationof bone marrow stromal cells away from osteoblast differentiation and toward adipocyte', '`` Thiazolidinediones reduce bone mineral density and increase the risk of fractures in women ,'), ('of biasing the differentiationof bone marrow stromal cells away from osteoblast differentiation and toward adipocyte', '`` Thiazolidinediones reduce bone mineral density and increase the risk of fractures in')]",Yes
"""In pernicious anemia , autoantibodies directed against parietal cells or intrinsic factor cause a reduction in vitamin B12 absorption .""",medcaus.csv,8303,1,[],['cause'],explicit,"[('`` In pernicious anemia , autoantibodies directed against parietal cells or intrinsic', 'cause a reduction in vitamin B12'), (', autoantibodies directed against parietal cells or intrinsic', 'cause a reduction in vitamin B12')]",Yes
"Verbal reports of feelings are often inaccurate because people may not know exactly what they feel , or they may feel several different emotions at the same time .",medcaus.csv,13507,1,[],['because'],explicit,"[('people may not know exactly what they feel , or they may feel several different emotions at the same time', 'Verbal reports of feelings are often inaccurate'), ('people may not know exactly what they feel', 'Verbal reports of feelings are often inaccurate')]",Yes
Block vertebrae where some vertebrae have become fused can cause problems .,medcaus.csv,5202,1,[],['cause'],explicit,"[('Block vertebrae where some vertebrae have become fused can', 'problems'), ('Block vertebrae where some vertebrae have become fused', 'problems')]",Yes
"""Indeed , the most common cause of anemia is blood loss , but this usually does not cause any lasting symptoms unless a relatively impaired RBC production develops , in turn most commonly by iron deficiency .""",medcaus.csv,983,1,[],"['cause', 'cause']",explicit,"[('of anemia', 'is blood'), (', the most common cause of', 'is blood')]",Yes
The most frequent cause of non- torsion related omental infarction is due to trauma as well as thrombosis or the omental veins .,medcaus.csv,7300,1,[],"['cause', 'due to']",explicit,"[('to trauma as well as thrombosis or the omental', '- torsion related omental'), ('to trauma as well as thrombosis or the omental', 'The most frequent cause of non - torsion related omental')]",Yes
"""In severe cases , the toxin can block nerves controlling the respiratory system or heart , resulting in death .""",medcaus.csv,3041,1,[],['resulting in'],explicit,"[(', the toxin can block nerves controlling the respiratory or', 'in'), ('`` In severe , the toxin can block nerves controlling the respiratory system or', 'in')]",Yes
This avoids the problem of antisperm antibodies and may result in a faster pregnancy .,medcaus.csv,6238,1,[],['result in'],explicit,"[('This avoids the problem of antisperm antibodies and may', 'a faster pregnancy'), ('This', 'a faster pregnancy')]",Yes
"""Bilateral ischemia of the area supplied by the paramedian artery can cause serious problems including akinetic mutism , and be accompanied by oculomotor problems .""",medcaus.csv,9949,1,[],['cause'],explicit,"[('`` Bilateral ischemia of the area supplied by the paramedian', 'cause serious problems including akinetic mutism , and be accompanied by oculomotor'), ('`` Bilateral ischemia of the area supplied by the paramedian', 'cause serious problems including akinetic , and be accompanied by oculomotor')]",Yes
Severe cases can cause spinal cord compression .,medcaus.csv,5201,1,[],['cause'],explicit,"[('Severe cases can', 'spinal cord compression'), ('Severe cases', 'spinal cord compression')]",Yes
It has been suggested that H2 antagonists may cause sexual difficulties by reducing the uptake of testosterone .,medcaus.csv,14931,1,[],['cause'],explicit,"[('H2 antagonists', 'sexual difficulties by reducing the uptake of testosterone'), ('H2 antagonists', 'sexual difficulties')]",Yes
This survival mechanism is only useful to animals that remain completely unconscious for an extended period of time and whose energy requirements are low because they are cold - blooded and have no need to generate heat .,medcaus.csv,6521,1,[],['because'],explicit,"[('they are cold - blooded and have no need to generate heat', 'This survival mechanism is only useful to animals that remain completely unconscious for an extended period of time and whose energy requirements are low'), ('they are cold - blooded and have no need to generate heat', 'whose energy requirements are low')]",Yes
"""Also the smaller wound has less chance of infection , resulting in faster healing times compared to the larger / longer incisions made with a scalpel .""",medcaus.csv,6230,1,[],['resulting in'],explicit,"[('`` Also the smaller wound has less chance of', 'in faster healing times compared to the larger / longer incisions made with a'), ('Also the smaller wound has less chance of', 'in faster healing times compared to the larger / longer incisions made with a')]",Yes
"""Some disease processes caused by pyogenic infections are impetigo , osteomyelitis , septic arthritis , and necrotizing fasciitis .""",medcaus.csv,1346,1,[],['caused'],explicit,"[('by pyogenic infections are , , septic , and necrotizing', '`` Some disease'), ('by pyogenic infections', '`` Some disease are , , septic and necrotizing')]",Yes
"""Warm autoimmune hemolytic anemia is caused by autoimmune attack against red blood cells , primarily by IgG.""",medcaus.csv,998,1,[],['caused'],explicit,"[('by autoimmune attack against red blood , primarily by', '`` Warm autoimmune hemolytic anemia'), ('by autoimmune attack against red blood', '`` Warm autoimmune hemolytic')]",Yes
"""This broad use of the term is likely to have come about because alkalis were the first bases known to obey the Arrhenius definition of a base , and they are still among the most common bases .""",medcaus.csv,6439,1,[],['because'],explicit,"[('because alkalis were the first bases known to obey the Arrhenius definition of a base , and they are still among the most common', '`` This broad use of the term is likely to have come'), ('because alkalis were the first bases known to obey the Arrhenius definition of a', '`` This broad use of the to have come'), ('because alkalis were the first bases known to obey the Arrhenius definition of a', '`` This broad use of the term is likely to have come')]",Yes
Infant botulism cases arise chiefly as a result of environmental exposure.,medcaus.csv,3057,1,[],['as a result'],explicit,"[('environmental exposure', 'Infant botulism cases arise'), ('environmental exposure', 'Infant botulism cases')]",Yes
