sentence,source,id,sentence_count,negation_marker,causal_marker,implicit_vs_explicit,CE,multiple_c_e
"Plasmodium falciparum, (P.f.) is the most lethal form of the plasmodium parasite causing the most deaths and has the shortest incubation period.",CauseNet-cause.csv,,2,[],[],implicit,"[('plasmodium_parasite', 'deaths')]",No
"Thank you, Mr. asked the Minister for Environment and Mineral Resources:- (a) whether he could indicate to what extent the emission of greenhouse gases is causing climate change and increase in temperature; (b) whether he could confirm or deny that Mount Kenya glacier is shrinking every year due to increase in temperatures; and, (c) whether the Government, in collaboration with the other developed nations, could adopt necessary measures to check emission of greenhouse gases.",CauseNet-cause.csv,,2,[],['due to'],implicit,"[('emission_of_greenhouse_gases', 'climate_change')]",No
"These deficiency diseases also contribute to higher incidences and greater seriousness of other diseases such as typhus, hepatitis, various diarrhea causing diseases (dysentery, cholera, etc.) and parasite infestations.",CauseNet-cause.csv,,2,[],[],implicit,"[('diarrhea', 'diseases')]",No
"Taking ca. 25 years as a single generation (sensu IUCN 2001) for Asian Elephants, then over 69% of potential Sumatran Elephant habitat has been lost within just one generation (the last 25 years) and the driving forces that are causing the habitat loss are still continuing essentially unchecked.",CauseNet-cause.csv,,2,[],[],implicit,"[('driving_forces', 'habitat_loss')]",No
"And this week, the U.N.'s fourth annual report on climate change is expected to confirm the widely held view that human activity is causing significant global warming.",CauseNet-cause.csv,,2,[],[],implicit,"[('human_activity', 'global_warming')]",No
"Randolfi, Ph.D. (1997) in the Worksite Health Journal says, ""In a national survey conducted by the North-western Life Insurance Company (1992) seven in ten American workers indicated that job stress is causing frequent health problems and has made them less productive.",CauseNet-cause.csv,,2,[],[],implicit,"[('job_stress', 'frequent_health_problems')]",No
"April 4: Trevor Beardshear, 23, of 116 University West, Ames, public intoxication (first offense); Javontea Bolden, 21, of 1601 Capitol No. 104, Des Moines, disorderly conduct, interference with official acts, simple assault, serious assault; Albert Dirks, 34, of 4912 Mortensen Road, Ames, public intoxication (first offense); Deantwan Jackson, 22, of 3709 Tripp St. No. 212, Ames, possession of a controlled substance, assault causing bodily injury; Kristin Lupoi, 31, of 903 Pinion Drive No. 1, Ames, public intoxication (first offense), interference with official acts, fifth-degree criminal mischief, assault on a peace officer; Malachi Woods, 22, of 401 N.",CauseNet-cause.csv,,5,[],[],implicit,"[('assault', 'bodily_injury')]",No
"If the tissue is benign but the enlarged prostate is causing symptoms such as frequent urination, special needles that emit radio signals can be used by an urologist in St. Petersburg with only a local anesthetic to dissolve excess tissue and restore urinary flow.",CauseNet-cause.csv,,2,[],[],implicit,"[('enlarged_prostate', 'symptoms')]",No
"And always make sure that she is evaluated for any physical problems that may be causing her stress, especially her feet teeth and chiropractic balance!!",CauseNet-cause.csv,,2,[],[],implicit,"[('physical_problems', 'stress')]",No
"The problems are already causing trouble for J.P. Morgan Chase and Wells Fargo, and are expected to hit other large banks when first-quarter earnings results are released next month.",CauseNet-cause.csv,,2,[],[],implicit,"[('problems', 'trouble')]",No
"In ""Euthanasia,"" from his book The Facts of Life, Dr. Brian Clowes discusses topics such as: definitions and types; advance directives; extraordinary or disproportionate measures; painkillers causing unconsciousness; the Bible and Catholic theology; the hospice alternative; Nazi Germany; Netherlands; United States; the purpose of human suffering; Kevorkian; and what can we do to fight euthanasia.",CauseNet-cause.csv,,2,[],[],implicit,"[('painkillers', 'unconsciousness')]",No
"More recently Dr. Aguirre who refused to be x-rayed at Manchester after stating his concerns about the radiation causing cancer, was also denied his flight and was escorted out of the airport by police officers, like a common criminal.",CauseNet-cause.csv,,2,[],[],implicit,"[('radiation', 'cancer')]",No
"The fear that cell phones might be causing brain tumors was aroused by ABC's ""20/20"" (October 1999) in a story focused on the claims of Dr. George Carlo, who, for the previous six years, ran the cell phone industry's research program on the effects of radiation from cell phones.",CauseNet-cause.csv,,2,['claims'],[],implicit,"[('cell_phones', 'brain_tumors')]",No
San Diego car accident lawyer Ross Jurewitz is concerned about the number of auto vs. pedestrian accidents causing injury within the City.,CauseNet-cause.csv,,2,[],[],implicit,"[('pedestrian_accidents', 'injury')]",No
"Thedriver of the motor vehicle has been charged with aggravated battery pursuant to subsection (a)(2)(A) of K.S.A. Pursuant to that subsection, aggravated battery is ""recklessly causing great bodily harm to another person or disfigurement of another person . . . ."" Aggravated battery as described in subsection (a)(2)(A) of K.S.A.",CauseNet-cause.csv,,6,[],[],implicit,"[('aggravated_battery', 'great_bodily_harm')]",No
"Avard Law Offices, P.A. handles nursing home abuse and negligence cases that include neglect causing bed sores, fractures, falls, unexplained injuries, malnutrition, improper medication, weight loss, unsanitary conditions, unexpected death, improper restraining systems, assaults of an elder resident, lack of adequate care in both assisted living facilities as well as nursing homes, and over-medication cases.",CauseNet-cause.csv,,2,[],[],implicit,"[('neglect', 'bed_sores')]",No
"Although Defendant Shortt was unable to identify any such virus or bacteria from his laboratory studies, he nevertheless recommended intravenous hydrogen peroxide therapy to treat Ms. Bibeau that the hydrogen peroxide would be very good at killing this unknown bacteria or virus allegedly causing her multiple sclerosis.",CauseNet-cause.csv,,2,[],[],implicit,"[('virus', 'multiple_sclerosis')]",No
"com and the Web sites of the BELLEVILLE (Ill.) TRIBUNE, and CONTRA COSTA (Calif.) Some doctors and patients suspect that drugs called bisphosphonates, frequently given at high intravenous doses to lower elevated blood calcium or prevent cancer from invading bone, are causing jawbone death.",CauseNet-cause.csv,,3,[],[],implicit,"[('drugs', 'jawbone_death')]",No
Katsurano et al. indicated that macrophages and neutrophils in an inflamed colonic epithelium are the source of reactive oxygen species causing the DNA damages that initiate colonic tumorigenesis.,CauseNet-cause.csv,,2,[],[],implicit,"[('reactive_oxygen_species', 'dna_damages')]",No
"At Beverly Hills Vision Institute, Dr. Khodabakhsh will also need to know about your everyday activities, general health, medications you are taking, and environmental factors that may be causing your symptoms.",CauseNet-cause.csv,,2,[],[],implicit,"[('environmental_factors', 'symptoms')]",No
"Gottfried, a Berkeley, Calif. gynecologist, also recommends finding and addressing hormonal imbalances that may be causing depression.",CauseNet-cause.csv,,2,[],[],implicit,"[('hormonal_imbalances', 'depression')]",No
With these x-rays Dr. Morice can find blockages that may be causing infertility.,CauseNet-cause.csv,,2,[],[],implicit,"[('blockages', 'infertility')]",No
"Diagnosis and treatments for conditions causing infertility are available from outstanding specialists like Dr. Thomas Hilgers of the Pope Paul VI Institute in Omaha, Nebraska.",CauseNet-cause.csv,,2,[],[],implicit,"[('conditions', 'infertility')]",No
On her father's side her great great grandfather was Dr. Jekyll and on both sides of the family there is recessive gene causing mutation.,CauseNet-cause.csv,,2,[],[],implicit,"[('recessive_gene', 'mutation')]",No
"Yeast cells two-celled, usually the predominant form in the culture, rounded at one end, tapering towards the other with annellations at the tapering end; some annellides integrated within hyphae; annelloconidia one-celled, occasionally two-celled, accumulating in balls that tend to slide down the hyphae (Priorly known as Exophiala werneckii and Phaeoannelomyces werneckii and currently reclassified as Hortae werneckii) Exophiala spp. are among the fungi causing infections wholly referred to as phaeohyphomycosis.",CauseNet-cause.csv,,2,[],[],implicit,"[('fungi', 'infections')]",No
"The first example of health performance assessment is the Hammurabi Code (1950 a.c.) according to which ""if a surgeon, with a bronze knife, operates a man for a serious injury causing his death, or if he opens an abscess in a man's eye destroying his eye, he will have his fingers cut"" (Major RH: Storia della medicina.",CauseNet-cause.csv,,2,[],[],implicit,"[('serious_injury', 'death')]",No
"Retroviral Evidence Seen In CFS: Dr. William Carter, of Hemispherx Biopharma (# 5,958,718 on 9/99) when writing about virologic studies, wrote ""I have also observed that the majority of these patients are infected with herpes-6... I have also found EB (Epstein-Barr) virus in many of these patients as well as a novel retrovirus similar (though different genetically) to HIV, a retrovirus causing acquired immune deficiency or AIDs.",CauseNet-cause.csv,,2,[],[],implicit,"[('retrovirus', 'aids')]",No
"It's the corporate state (corporatehood, corporations, etc.) and the state (economic fascism) that are causing the problems.",CauseNet-cause.csv,,2,[],[],implicit,"[('state', 'problems')]",No
Phylogenetic relationship between Pantoea spp. and the bacteria causing blight and die-back of Eucalyptus.,CauseNet-cause.csv,,2,[],[],implicit,"[('bacteria', 'blight')]",No
"Thankfully, on the third day, her marvelous Kaiser Hawaii physician, Dr. Scott Hoskinson, became suspicious that MRSA might be causing her pneumonia, so he started a relevant antibiotic before more definitive tests were available.",CauseNet-cause.csv,,2,[],[],implicit,"[('mrsa', 'pneumonia')]",No
"Heavy rains triggered flooding and landslides across St. Vincent, blocking numerous roads and causing some damage.",CauseNet-cause.csv,,2,[],[],implicit,"[('heavy_rains', 'flooding')]",No
"Yet it has long been known to be a very dangerous drug, crippling the immune system and causing the very diseases and symptoms and complications associated with AIDS, according to Dr. It makes healthy HIV patients sick.",CauseNet-cause.csv,,2,[],[],implicit,"[('aids', 'symptoms')]",No
"* Nitrogen-Use Efficient Rice for better performance under lower soil N. * Bananas resistant to bacterial wilt in the Great Lakes region of East Africa, where the disease is causing upto 100% crop loss.",CauseNet-cause.csv,,2,[],[],implicit,"[('disease', 'crop_loss')]",No
"One day both men came to the ranch and commenced to demolish the property; and during the altercation Mr. Kramer shot Low with a rifle, the wound causing his death.",CauseNet-cause.csv,,2,[],[],implicit,"[('wound', 'death')]",No
"The petitioner also mentions elevated levels of mercury in streams from coal-burning electric power generators and acid rain causing stream acidification and fish kills (Petition, p. 40); however, the petitioner neither provides citations for this information nor explains how it demonstrates a threat to American eel.",CauseNet-cause.csv,,2,[],[],implicit,"[('acid_rain', 'fish_kills')]",No
The proteins studied by Dr. Arora are from pathogens causing tuberculosis and Kala Azar.,CauseNet-cause.csv,,2,[],[],implicit,"[('pathogens', 'tuberculosis')]",No
"It predicts that security will be a greater budget priority as U.K. small and medium-sized businesses (SMEs) with one to 99 employees spend 10 percent more this year on IT...... [more] Viruses still main threat to UK firms Department of Trade and Industry survey finds that viruses are still causing headaches for enterprises Companies seeking to contain security incidents should concentrate on viruses, according to the Department of Trade and Industry's twice yearly Information Security Breaches survey.",CauseNet-cause.csv,,2,[],[],implicit,"[('viruses', 'headaches')]",No
"Borsook et al. decided that the main chemical action of ascorbic acid is as a powerful reducing agent, and the virus causing poliomyelitis is known to be susceptible to the oxidizing action of various agents.",CauseNet-cause.csv,,2,[],[],implicit,"[('virus', 'poliomyelitis')]",No
"As drug safety advocate Dr. Joel Lexchin says, there were two theories about the initial VIGOR study: that Vioxx was causing problems or that the other drug, naproxen, was protective.",CauseNet-cause.csv,,2,[],[],implicit,"[('vioxx', 'problems')]",No
"We humans are causing an extinction that is proceeding more rapidly than the last one, . . . This is a sea-change, an unimaginably big change.",CauseNet-cause.csv,,4,[],[],implicit,"[('humans', 'extinction')]",No
"Also, could the LHC actually be causing earthquakes and volcanos directly by creating gravity waves or particle beams, such as the Chile earthquake in Feb. 2010, which occurred just as the LHC was turned on again, and the Iceland volcano, see this video.",CauseNet-cause.csv,,2,[],[],implicit,"[('lhc', 'earthquakes')]",No
Eakin will be tried by judge and jury for assault causing bodily harm after a 24 year old South African man (approx. 140 lbs of thin body) complained he was beaten (pictures showed a severe beating) while handcuffed following a noise complaint at a Fort Garry apartment.,CauseNet-cause.csv,,2,[],[],implicit,"[('assault', 'bodily_harm')]",No
"Hmmm -- apparently formaldehyde is another vaccine ingredient known to exacerbate inflammation -- and certain people keep telling us that formaldehyde is so harmless, natural... Almost daily, the news media reports on ""a new Dr. Nancy wonder of medicine"", aspirin preventing breast cancer deaths, soda causing cancer, cell phones and cancer, and other wonderful ""la la land pop culture information"" from worthless study after study after study.",CauseNet-cause.csv,,2,[],[],implicit,"[('soda', 'cancer')]",No
"and limited the former provisions re evading responsibility to accidents causing ""physical injury as defined in section 53a-3"" or injury or damage to property; P.A. 94-188 inserted new Subsecs.",CauseNet-cause.csv,,2,[],[],implicit,"[('accidents', 'physical_injury')]",No
"Pierce, 19, of Westmont, Ill., pleaded guilty Nov. 1 to assault causing injury, based on allegations he sexually assaulted a female University of Iowa student Sept. 7 at his apartment.",CauseNet-cause.csv,,3,[],[],implicit,"[('assault', 'injury')]",No
"Michael W. Goldstein, Esq. has been practicing New York personal injury law since 1979, including both serious injuries, and accidental injuries causing death.",CauseNet-cause.csv,,2,[],['since'],implicit,"[('accidental_injuries', 'death')]",No
AMES test - The Ames test was developed by a Dr. Ames as a screening test for cancer causing chemicals.,CauseNet-cause.csv,,2,[],[],implicit,"[('cancer', 'chemicals')]",No
"Dubbed community-associated MRSA, or CA-MRSA, by the Centers for Disease Control and Prevention, the bacteria differ genetically from the more familiar hospital-acquired MRSA, said researchers at the Interscience Conference on Antimicrobial Agents and Chemotherapy held Oct. 30 to Nov. 2 in Washington, D.C. CA-MRSA is infecting seemingly healthy people, often children, and causing primarily skin and soft-tissue lesions such as boils, abscesses and cellulitis, which are frequently misdiagnosed as spider bites.",CauseNet-cause.csv,,4,[],[],implicit,"[('ca-mrsa', 'skin')]",No
"An earthquake measuring 5.0 on the Richter scale rocked Israel and surrounding states Wednesday morning, sending frightened people streaming into streets throughout the country, but causing only one indirect injury and little damage. . . .",CauseNet-cause.csv,,4,[],[],implicit,"[('earthquake', 'little_damage')]",No
"N-Hibit helps the crop get off to a better start during the critical germination period, and ProAct applied with post-emergence herbicide at the next important stage of development increases yield, Dr. Harpin proteins are produced by disease causing bacteria that attack plants, and most plants have developed early warning receptor molecules that detect harpin proteins.",CauseNet-cause.csv,,2,[],[],implicit,"[('disease', 'bacteria')]",No
"In yet another blow for video games causing problems is the fact that Dr. Anderson's findings are in doubt from his own statements that Bugs Bunny cartoons, or rated E games create the SAME EFFECT as much more violent video games.",CauseNet-cause.csv,,2,[],[],implicit,"[('video_games', 'problems')]",No
"Her husband, Dr. Joseph Roncaioli, 67, has been charged with criminal negligence causing death.",CauseNet-cause.csv,,2,[],[],implicit,"[('criminal_negligence', 'death')]",No
"The tingling, burning sensation associated with RLS can last for hours and worsens at night, causing severe insomnia, according to Dr. David Rye, director of Emory's Healthcare Program in Sleep Medicine, and one of the study's lead authors.",CauseNet-cause.csv,,2,[],[],implicit,"[('rls', 'burning_sensation')]",No
"Klebanoff testified that Bendectin is positively associated with bilateral clubfeet.137 Dr. Shapiro admitted that his work underestimated the risks of Bendectin causing birth defects.138 Dr. Bracken found a statistically significant association between Bendectin with pyloricstenosis and heart failure anomalies;139 and, in smoking mothers, a statistically significant association with ""all defect categories . . . [including] clubbed feet (sic).140 Dr. Stolley found that the data demonstrated ""a woman who is exposed to Bendectin during the first twelve weeks [and took one more than one prescription141], is three times more likely to have a malformation than a woman exposed later than twelve weeks.",CauseNet-cause.csv,,7,[],[],implicit,"[('bendectin', 'birth_defects')]",No
"Pursuant to N.J.S.A. 39:4-129, it states that a operator of a motor vehicle who knowingly collided with or has been involved in an accident whereby possibly causing damage to property or injury to a person shall immediately stop the vehicle; essentially, refraining from leaving the scene of the accident.",CauseNet-cause.csv,,2,[],[],implicit,"[('accident', 'damage_to_property')]",No
"- Batch No. 1 - power applied for 34 hours with an average melt rate of 0.93 in/hr with a total of 785 kWhr of energy consumed; achieved a melt depth of 31.5 inches based on a reading of 1000 C centerline temperature; during this batch, significant steam was generated causing particulates and organics to be released in the off-gas; these problems were attributed to the high moisture content and the fine-grained nature of the sediment The New Bedford Harbor Superfund Site is located along the northwestern shore of Buzzards Bay in New Bedford Massachusetts, approximately 55 miles south of Boston.",CauseNet-cause.csv,,2,[],[],implicit,"[('high_moisture_content', 'problems')]",No
"Peterson (D-MN), Van Hollen (D-MD), Etheridge (D-NC), Boswell (D-IA), Cardoza (D-CA), DeLauro (D-CT), Stupak (D-MI), Larson (D-CT), Welch (D-VT), Matheson (D-UT), Mahoney (D-FL), Barrow (D-GA), McIntyre (D-NC), Holden (D-PA), Miller (D-NC), Butterfield (D-NC), Kagen (D-WI), Hodes (D-NH), Davis (D-CA), Shuler (D-NC), Pomeroy (D-ND), Farr (D-CA), and Lampson (D-TX) introduced H.R. 6377 to direct the Commodity Futures Trading Commission to utilize all its authority, including its emergency powers, to curb immediately the role of excessive speculation in any contract market within the jurisdiction and control of the Commodity Futures Trading Commission, on or through which energy futures or swaps are traded, and to eliminate excessive speculation, price distortion, sudden or unreasonable fluctuations or unwarranted changes in prices, or other unlawful activity that is causing major market disturbances that prevent the market from accurately reflecting the forces of supply and demand for energy commodities.",CauseNet-cause.csv,,2,[],[],implicit,"[('unlawful_activity', 'major_market_disturbances')]",No
"Sullivan had already pleaded guilty to assault causing bodily harm for drunkenly mounting the stage at a Toronto Island concert and shoving Mr. Gallagher into a speaker cabinet, breaking three of his ribs.",CauseNet-cause.csv,,2,[],[],implicit,"[('assault', 'bodily_harm')]",No
"If your pet seems continually hungry, please speak to our Yarmouth veterinarians Dr. LeBoeuf or Dr. Smith about it so that we can rule out any problems causing this behavior.",CauseNet-cause.csv,,3,[],[],implicit,"[('problems', 'behavior')]",No
Charges against Ms. East include DUI manslaughter and leaving the scene of an accident causing death.,CauseNet-cause.csv,,2,[],[],implicit,"[('accident', 'death')]",No
"Prof. zur Hausen, who shared half of the prize, was awarded ""for his discovery of human papilloma viruses (HPV) causing cervical cancer"".",CauseNet-cause.csv,,2,[],[],implicit,"[('human_papilloma_viruses', 'cervical_cancer')]",No
"If the damage is more than surface and causing leaks, address the issues (holes, cracked shingles, etc.) as necessary by covering exposed areas with tarps held in place with wood strips and nails.",CauseNet-cause.csv,,2,[],[],implicit,"[('damage', 'leaks')]",No
"These benefits of coconut oil can be attributed to the presence of lauric acid, capric acid and caprylic acid, and its properties such as antimicrobial, antioxidant, antifungal, antibacterial, soothing, etc. [Brown Coconut]The human body converts lauric acid into monolaurin which is claimed to help in dealing with viruses and bacteria causing diseases such as herpes, influenza, cytomegalovirus, and even HIV.",CauseNet-cause.csv,,2,['claimed'],[],implicit,"[('viruses', 'diseases')]",No
"She placed tenth in the 100 meters (12.31) and tied for eighth in the 200 meters (24.85).... (April 8, 2005) - With severe weather causing the postponement of Friday's second round and scheduling conflicts causing the the cancellation of Saturday's third round, the East Tennessee State University men's golf team currently finds itself tied for 13th on the team leaderboard in the Courtyard by Marriott Intercollegiate hosted by N.C. State at the Devils Ridge Golf Club's Black Course.",CauseNet-cause.csv,,2,[],[],implicit,"[('severe_weather', ""postponement_of_friday_'s_second_round"")]",No
"As Dr. Willie Soon, a physicist at the Solar and Stellar Physics Division of the Harvard-Smithsonian Center for Astrophysics in Cambridge, Massachusetts, clarifies, ""the evidence about manmade CO2 causing global warming is nowhere close to the neat, but incorrect, conceptual picture of warming as in a greenhouse.""",CauseNet-cause.csv,,2,[],[],implicit,"[('manmade_co2', 'global_warming')]",No
"Dystonia--a clinical, neuropathological and therapeutic review; Wissel J et al. ; Dystonia is a syndrome characterized by sustained muscle contractions frequently causing twisting and repetitive movements or abnormal posture .",CauseNet-cause.csv,,2,[],[],implicit,"[('sustained_muscle_contractions', 'repetitive_movements')]",No
"The public fear that cellphones might be causing brain tumors was enhanced in October 1999 by ABC's ""20/20"" in a story that focused on the claims of Dr. George Carlo, who contradicted the conclusions of most other researchers in the field and maintained that ""we now have some direct evidence of possible harm from cellular phones (italics added).""",CauseNet-cause.csv,,2,['claims'],[],implicit,"[('cellphones', 'brain_tumors')]",No
"Whether ""global warming"" is causing stronger hurricanes, a.k.a. Katrina, is an untested assumption.",CauseNet-cause.csv,,2,[],[],implicit,"[('global_warming', 'stronger_hurricanes')]",No
"With the first sign of fever, many an essential oils containing anti-viral properties like bergamot, white fir, lavender, eucalyptus, sandal wood, tea tree, ginger, lemon, rosemary, etc. can be used effectively to cure the viral infection causing the disease.",CauseNet-cause.csv,,2,[],[],implicit,"[('viral_infection', 'disease')]",No
"Both cities are just north of Louisville, Kentucky On April 22, the outbreak continued with several tornadoes causing damage in the Midwest, the most notable being a violent EF4 that struck St. Louis, Missouri, causing extensive damage.",CauseNet-cause.csv,,2,[],[],implicit,"[('tornadoes', 'damage_in_the_midwest')]",No
"The leading viruses causing viral encephalitis in Florida are West Nile virus, Eastern equine encephalitis, St. Louis Encephalitis, and Venezuelan equine encephalitis.",CauseNet-cause.csv,,2,[],[],implicit,"[('viruses', 'viral_encephalitis')]",No
SENATE AMENDMENT NO. 1031 Provides that the provision limiting the prohibition upon cancellation to situations in which the perpetrator of the loss is criminally prosecuted applies only if the insured provides evidence to the insurer that the act causing the loss is identified as a hate crime in a police report.,CauseNet-cause.csv,,2,[],[],implicit,"[('act', 'loss')]",No
"The tournament's third round was cancelled.... (April 8, 2005) - With severe weather causing the postponement of Friday's second round and scheduling conflicts causing the the cancellation of Saturday's third round, the East Tennessee State University men's golf team currently finds itself tied for 13th on the team leaderboard in the Courtyard by Marriott Intercollegiate hosted by N.C. State at the Devils Ridge Golf Club's Black Course.",CauseNet-cause.csv,,2,[],[],implicit,"[('severe_weather', ""postponement_of_friday_'s_second_round"")]",No
"""Seen from this viewpoint,"" says Dr. Hibbs,""you can sav that the virus causing the cold or flu is an accessory to a natural process.""",CauseNet-cause.csv,,2,[],[],implicit,"[('virus', 'flu')]",No
"While Mr. Martin has probably induced minor intoxication by gulping his drink, he repeatedly suggests that the alcohol wasn't causing this behavior.",CauseNet-cause.csv,,2,[],[],implicit,"[('alcohol', 'behavior')]",No
"Look at: amoxicillin clavulanate information Michigan P.S. Excuse me for choosing "" "" to leave a message for men about amoxicillin in pregnancy : 448 mononucleosis amoxicillin rash -||- : -||- : : Mononucleosis is a viral infection causing fever, sore throat, and swollen lymph glands, especially in the neck.",CauseNet-cause.csv,,2,[],[],implicit,"[('viral_infection', 'fever')]",No
"The range of contributing and potentially causative factors include: hepatic mitochondrial abnormality (as evidenced by the microvesicular steatosis of the liver); antibiotic use in the neonatal period; cytomegalovirus (CMV) infection causing pneumonia; poor feeding and fluid intake causing a depletion in glutathione; multiple antigen vaccination administered while she was suffering a significant viral infection; adverse reaction to the vaccination; the use of paracetamol to manage her high temperature; nutritional deficiencies, including vitamins K and C."" ""In summary, his [Dr Donohoe's] report focuses on the moderate microvesicular steatosis present in the liver, found by the forensic pathologist.",CauseNet-cause.csv,,2,[],[],implicit,"[('infection', 'pneumonia')]",No
"Prosthetic joint infections in the elderly; Powers KA et al. ; PURPOSE: The aim of this study was to review risk factors, presenting symptoms and signs, organisms causing infection, treatment modalities, and outcomes in elderly patients with infection of prosthetic joints .",CauseNet-cause.csv,,2,[],[],implicit,"[('organisms', 'infection')]",No
"With care, and least at least a little hedging (""Gee, Mr. Smith, your dog has terrible hip dysplasia and arthritis which may be causing its lameness, and if so, he may need a hip replacement, but there may be something else.",CauseNet-cause.csv,,2,[],[],implicit,"[('arthritis', 'lameness')]",No
"When we had made our bookings, the longterm weather predictions for the morning of Nov. 16 - when the occulation would take place immediately before dawn - were good, but soon there was reason to worry: Torrential rains were hitting Mallorca and causing some damage, just days before the event.",CauseNet-cause.csv,,2,[],[],implicit,"[('torrential_rains', 'damage')]",No
"In entering summary judgment in favor of Prochaska and Scott as to negligence causing paralysis, the trial court placed full reliance on the reports of consulting Drs. Boggan, van Dam, and Lubicky.",CauseNet-cause.csv,,2,[],[],implicit,"[('negligence', 'paralysis')]",No
"These failures distressed Dr. Gibbon, who declared a one-year moratorium for the heart-lung machine until more work could be done to solve the problems causing the deaths.",CauseNet-cause.csv,,2,[],[],implicit,"[('problems', 'deaths')]",No
"Law Offices Cytryn and Santana, P.A., trial attorneys near Ft. Lauderdale, in Broward County, Florida, representing injury and accident victims in car accidents, nursing home abuse and negligence, slip and fall and trip and fall, medical and H.M.O. malpractice, legal malpractice, defective products, dog bites, boat accidents, motorcycle accidents, bicycle accidents, inadequate security causing injury, and other negligence and wrongful death cases.",CauseNet-cause.csv,,3,[],[],implicit,"[('inadequate_security', 'injury')]",No
"John David Hines, 39, Huntington Beach, pleaded guilty to a court offer Sept. 6, 2011, to one felony count each of driving under the influence of alcohol causing bodily injury, driving with a blood alcohol .08 percent or more causing injury, hit and run with injury, and sentencing enhancements and allegations for causing great bodily injury and having a blood alcohol level over .20 percent.",CauseNet-cause.csv,,2,[],[],implicit,"[('driving_under_the_influence_of_alcohol', 'bodily_injury')]",No
The germ theory of disease held Dr. DeBakey and Dr. Gotto from jumping into the concept of free radicals causing injury in which case they would have switched over to the free radical theories of disease.,CauseNet-cause.csv,,3,[],[],implicit,"[('free_radicals', 'injury')]",No
"Navan Ward, Jr., is a Shareholder at Beasley, Allen, Crow, Methvin, Portis and Miles, P.C. Currently, Navan is the firm's lead attorney on the metal-on-metal hip implant litigation, which involves thousands of victims who have defective hip implants causing severe pain, metal poisoning, and in some cases revision surgery.",CauseNet-cause.csv,,2,[],[],implicit,"[('defective_hip_implants', 'severe_pain')]",No
"It made it's appearance on the West Coast in Vancouver, B.C. in 1965 where larvae were causing severe damage to lawns (Wilkinson, 1969).",CauseNet-cause.csv,,2,[],[],implicit,"[('larvae', 'severe_damage_to_lawns')]",No
"University Park, Pa. -- An international program to unveil the nature of Dark Energy, the mysterious force that is causing the expansion of the universe to accelerate, has been awarded a grant of $8 million from the National Science Foundation (NSF).",CauseNet-cause.csv,,2,[],[],implicit,"[('mysterious_force', 'expansion_of_the_universe')]",No
"9 Nevertheless, some doctors are concerned about the possibility of an interaction between St. John's wort and fluoxetine causing side effects (e.g., mental confusion, muscle twitching, sweating, flushing) known collectively as serotonin syndrome.",CauseNet-cause.csv,,2,[],[],implicit,"[('interaction', 'side_effects')]",No
"Accident solicitors help victims get injury claim for accidents causing head injuries, spinal injuries, scarring, broken bones or torn ligaments, paraplegia, loss of eye sight, limbs, damaged or lost teeth etc. the accident solicitors also take on cases involving all sorts of personal injury, medical negligence, fatal accidents, head injury claims, spinal injury claims, sports injury claims, holiday accidents, defective product or service claims, marine or aircraft injury claims, psychiatric injury claims etc.",CauseNet-cause.csv,,2,"['claim', 'claims', 'claims', 'claims', 'claims', 'claims', 'claims']",[],implicit,"[('accidents', 'head_injuries')]",No
"On Sept. 11, 2004, an inmate awaiting trial in a small holding cell started a fire causing extensive smoke and soot damage.",CauseNet-cause.csv,,2,[],[],implicit,"[('fire', 'extensive_smoke')]",No
"Topricin creams (by Topical Biomedics, Inc.) are homeopathic medicines that stimulate the body to heal the damage that is causing the pain.",CauseNet-cause.csv,,2,[],[],implicit,"[('damage', 'pain')]",No
"Both bills make various amendments to the Urban and Rural Enterprise Zone Act (the ""Enterprise Zone Act""), article 30 of Title 39, C.R.S. Const., which provides that there must be voter approval in advance for ""a tax policy change directly causing a net tax revenue gain to any district.""",CauseNet-cause.csv,,2,[],[],implicit,"[('tax_policy_change', 'net_tax_revenue_gain')]",No
"Believing that the silicone breast implants were causing the symptoms, Dr. In Ms. Maune's follow-up visit to Dr. Klearman in May 1992, Dr. Klearman noted an improvement in Ms. Maune's joint pain and inflammation.",CauseNet-cause.csv,,6,[],[],implicit,"[('silicone_breast_implants', 'symptoms')]",No
"The first, The Science and the Future of Global Warming contains a wealth of information about how human emissions are causing global warming and the likely best-case and worse-case scenarios of action vs. inaction.",CauseNet-cause.csv,,2,[],[],implicit,"[('human_emissions', 'global_warming')]",No
"In this volume, Dr. Chopra shows readers how to fall asleep easily, feel rested upon arising, identify and eliminate the imbalances causing insomnia, and more.",CauseNet-cause.csv,,2,[],[],implicit,"[('imbalances', 'insomnia')]",No
"When those admissions are examined in the light of what was said in Giorgianni, and attention is given to the nature of the unlawful and dangerous act causing death (strangulation), an act which occurred in the context of extremely aggravating circumstances, then it can be seen that the Court of Appeal was right to conclude that the sentences imposed at first instance were manifestly inadequate, and was justified in increasing the sentences as it did."" """,CauseNet-cause.csv,,2,[],[],implicit,"[('unlawful_and_dangerous_act', 'death')]",No
"Desc.: This illustrated talk will address brain infections in sea otters, and how the parasites causing the infections can be spread by cats or opossums.",CauseNet-cause.csv,,2,[],[],implicit,"[('parasites', 'infections')]",No
"If there are more than 200 colonies of F.C. Bacteria present, other disease causing organisms will also be present.",CauseNet-cause.csv,,2,[],[],implicit,"[('disease', 'organisms')]",No
"Localization of melanin in conidia of Alternaria alternata using phage display antibodies; Carzaniga R et al. ; Melanins derived from 1,8-dihydroxynaphthalene (DHN) are important for the pathogenicity and survival of fungi causing disease in both plants and animals .",CauseNet-cause.csv,,2,[],[],implicit,"[('fungi', 'disease')]",No
"""Many of our patients who thought that their headaches were due to brain tumors, were thrilled to have complete relief after treatment of what actually turned out to be a muscular injury which had been causing their pain,"" says Dr. Klemons who has treated thousands of chronic pain sufferers from across the United States and abroad for over 20 years.",CauseNet-cause.csv,,2,[],['due to'],implicit,"[('brain_tumors', 'headaches')]",No
"Red or orange biohazard labels must be placed on containers and storage units (refrigerators, freezers, incubators, waste containers, etc.) used for microorganisms or biological toxins causing disease in humans, or human blood, tissues, cell lines or OPIM.",CauseNet-cause.csv,,2,[],[],implicit,"[('microorganisms', 'disease_in_humans')]",No
"In fact the Gulf War itself, which is still causing death and injury due to it's enviromental impact and it's destrucion of infrastructure, was clearly authorized by the U.N under following United Nations Security Council Resolution: ""Noting that, despite all efforts by the United Nations, Iraq refuses to comply with it's obligation to implement Resoultion 660 (1990) [ i.e.the one demanding it's withdrawl from Kuwait ] . . . .in flagrant contempt of the Council, 2) Authorises member states co-operating with the Government of Kuwait, unless Iraq on or before 15 January, 1991 fully implements, as set forth in Paragraph 1 above, the foregoing Resolutions, to use all necessary means to uphold and implement Security Council Resolution 660 (1990) [i.e. the resolution demanding an Iraqi withdrawl from Kuwait] and all subsequent relevant resolutions and to restore international peace and security in the area; Since then there has been the U.N. imposed trade sanctions and the United Nations Special Commision on Iraq or UNSCOM, the first aimed at forcing the Iraqi government to disarm itself of it's 'weapons of mass destruction' and the second being a team of inspectors mandated by the U.N. to go any where in Iraq to seek out and destroy both 'weapons of mass destruction' and the technology used to produce them.",CauseNet-cause.csv,,6,[],"['due to', 'Since']",implicit,"[('gulf_war', 'death')]",No
"In the legislation, Sen. John Moolenaar, R-Midland, proposes that cleanup criteria for cancer causing substances continue to follow the state's existing guidelines unless the Agency for Toxic Substances and Disease Registry has a different policy.",CauseNet-cause.csv,,2,[],[],implicit,"[('cancer', 'substances')]",No
"In a study of 120 children, Amano et al. (2000) found that children with Down Syndrome were more likely to have oral pathogens (or microorganisms capable of causing disease) associated with gingivitis compared with children without MR. Rationale for Increased Prevalence Since oral health is dependent on oral hygiene (US DHHS, 2000b), the increased prevalence of oral health problems among individuals with MR may be related to their oral health habits (Waldman et al., 2000b).",CauseNet-cause.csv,,3,[],['Since'],implicit,"[('gingivitis', 'disease')]",No
"A new way to look for disease causing genes is to insert the bacteria into an animal and watch for the expressed genes; M.J. Mahan et al., ""Selection of bacterial virulence genes that are specifically induced in host tissues"", Science 259: 686-8, 595.",CauseNet-cause.csv,,2,[],[],implicit,"[('disease', 'genes')]",No
"She also recalled that on March 11, 2009, Dr. Joiner recommended that she see her primary care physician to see if there were any other medical conditions that were causing her weight gain, and she subsequently went to the Rockbridge free clinic.",CauseNet-cause.csv,,2,[],[],implicit,"[('medical_conditions', 'weight_gain')]",No
"""staSAFE has been proven to kill pathogens causing swine flu (H1N1), MRSA,salmonella and dysentery among others,"" said Michael Smith, who invented theArgenius technology with Dr. If you notice anyonesuspicious in the parking area you can use your keys as a weapon.",CauseNet-cause.csv,,2,[],[],implicit,"[('pathogens', 'dysentery')]",No
"Also in other news, Mr. Rizzuto, Don of the Rizzuto Family, and propriator of the AMtimes, was arrested early last week for assaulting an officer, assault causing bodily harm, and possesion of marijauna.",CauseNet-cause.csv,,2,[],[],implicit,"[('assault', 'bodily_harm')]",No
"Traditional measures of health problems include the frequency of time lost to illness and to incidents causing injury, says Dr. Annalee Yassi, director of the Institute for Health Promotion Research at the University of British Columbia.",CauseNet-cause.csv,,2,[],[],implicit,"[('incidents', 'injury')]",No
"No parasites causing disease in humans such as Dirofilaria spp. were detected in about 83,000 mosquitoes tested, which had been collected in 2009 and 2010 in 16 locations throughout Germany.",CauseNet-cause.csv,,2,[],[],implicit,"[('parasites', 'disease_in_humans')]",No
"Many deaths were due to preoperative preparations or even the surgery itself being undertaken too hastily, or to too much I.V. fluid being given the patient during surgery, causing heart attacks.",CauseNet-cause.csv,,2,[],['due to'],implicit,"[('surgery', 'deaths')]",No
"I have another appointment this week, and if things look good, will have a procedure that could burn out the nerves causing me my pain, which would mean bye bye crutches!!",CauseNet-cause.csv,,2,[],[],implicit,"[('nerves', 'pain')]",No
"You act for the defendant, Mr. B who is charged with criminal negligence causing death.",CauseNet-cause.csv,,2,[],[],implicit,"[('criminal_negligence', 'death')]",No
"Some viruses can trigger cancer when they are incorporated into the DNA, and some STIs could lead to cancer by causing chronic inflammation, said study leader Dr. Jonathan L. Wright of the Fred Hutchinson Cancer Research Center in Seattle.",CauseNet-cause.csv,,2,[],['lead to'],implicit,"[('viruses', 'cancer')]",No
"Therefore, after the flood, lifespans were shortened by radiation causing harmful somatic (bodily) effects like cancer, etc. and genetic effects like mutations.",CauseNet-cause.csv,,2,[],['Therefore'],implicit,"[('radiation', 'effects')]",No
State v. Old Chief v. 172 -- Defendant charged in federal court with having a weapon while under a disability offered to stipulate existence of prior conviction in order to avoid jury learning that it was for assault causing serious bodily injury.,CauseNet-cause.csv,,2,[],[],implicit,"[('assault', 'serious_bodily_injury')]",No
Chubu Electric Power Co. last week shut two reactors out of fear of a natural disaster causing a crisis similar to the one at Tokyo Electric Power Co.'s Fukushima No. 1 nuclear power plant.,CauseNet-cause.csv,,4,[],[],implicit,"[('natural_disaster', 'crisis')]",No
"Punitive damages for negligence causing personal injury, while rare, may be awarded if, but only if, the level of negligence is ""so high that it amounts to an outrageous and flagrant disregard for the plaintiff's safety, meriting condemnation and punishment"" (McLaren Transport Ltd., supra, at p. 434, per Tipping J. New Zealand's situation is somewhat complicated by its extensive statutory scheme of no-fault benefits to compensate personal injuries from accidents in lieu of compensatory damages.",CauseNet-cause.csv,,2,[],[],implicit,"[('negligence', 'personal_injury')]",No
"A postdoctoral fellow working with Dr. Miller, Brad Davis, notes ample data suggesting ""that the virus is causing enough damage to elicit a strong response in salmon....",CauseNet-cause.csv,,2,[],[],implicit,"[('virus', 'damage')]",No
"A grand jury on Wednesday indicted Thomas Lynch on six counts of aggravated battery and one count of failure to stop after an accident causing injuries in connection with September's paceline incident on St. These are felony charges, largely in relation to just two of the 17 victims, and the state's attorney may add additional counts to reflect the full scope of the alleged attack.",CauseNet-cause.csv,,2,[],[],implicit,"[('accident', 'injuries')]",No
"I went to the doctor two days ago, had blood work done and they called yesterday to report that my thyroid is fine and the dr. thinks that stress could be causing my symptoms (and boy do I have stress with 2 toddlers and 2 teenagers, wow they keep me on my toes...lol).",CauseNet-cause.csv,,2,[],[],implicit,"[('stress', 'symptoms')]",No
"We relate in detail a portion of those findings: Of the physicians who have offered expert opinions in this case, we conclude that Drs. Hermansen and Latimer are the most qualified to evaluate the timing of the injury causing [the infant's] cerebral palsy . . . .",CauseNet-cause.csv,,5,[],[],implicit,"[('injury', 'cerebral_palsy')]",No
"While pursuing my undergraduate degrees, I did research in the Fungal Genomics lab under the direction of Dr. Ralph Dean and Dr. There, I studied genes affecting pathogenicity in Magnaporthe grisea, the fungus causing rice blast disease.",CauseNet-cause.csv,,3,[],[],implicit,"[('fungus', 'rice_blast_disease')]",No
"The team now suspects that the cocaine may be causing the problems in a sort of vicious cycle (cocaine use leads to insomnia which leads to sleepwalking which leads to buying more cocaine, etc.), or possibly it is whatever the cocaine is cut with that is causing the problem.",CauseNet-cause.csv,,2,[],"['leads to', 'leads to', 'leads to']",implicit,"[('cocaine', 'problems')]",No
"According to the Southeast Texas Record, Onita Bennett filed medical malpractice lawsuits against Pine Forest Nursing and Rehabilitation Centers, Southeast Texas Medical Associates (SETMA) and Dr. The lawsuit stated that the parties involved failed to properly supervise her weak and elderly husband Elwood, causing a fall that broke his hip and led to complications.",CauseNet-cause.csv,,2,[],['led to'],implicit,"[('fall', 'complications')]",No
"She is working with Dr. Craig Harris to examine how changes in maternal nutrition can affect the reductive envIronment, causing oxidative stress that can lead to birth defects.",CauseNet-cause.csv,,2,[],['lead to'],implicit,"[('oxidative_stress', 'birth_defects')]",No
"Restricted growth without toxin production (tenuazonic acid and others)76 occurred in blueberries.75 One of the symptoms resulting from ingestion of Alternaria sp. is pronounced muscle spasms and cramps.77 Mucormycosis is a devastating fungal disease affecting mainly diabetic and immunosuppressed patients, frequently causing death.",CauseNet-cause.csv,,2,[],[],implicit,"[('muscle_spasms', 'death')]",No
"But science cannot accept Dr. Rahman's claim that ""It (HAARP) may also affect plate tectonics causing earthquakes, floods through torrential rains and trigger tsunamis.""",CauseNet-cause.csv,,2,['claim'],[],implicit,"[('plate_tectonics', 'earthquakes')]",No
"and Mrs. Leard, Fernwood, deceased who was 40 years of age suffered from a bout of measles about two weeks ago which developed in pneumonia causing his death.",CauseNet-cause.csv,,2,[],[],implicit,"[('pneumonia', 'death')]",No
"Over the next two years, Dr. Ginn will work to determine if dogs with lymphoma lack proteins necessary to detoxify environmental carcinogens, or cancer causing substances, from their bodies.",CauseNet-cause.csv,,2,[],[],implicit,"[('cancer', 'substances')]",No
"The bodily harm contemplated by the test is essentially equivalent to that contemplated by the definition found in s. 267(2) of the Code, dealing with the offence of assault causing bodily harm.",CauseNet-cause.csv,,2,[],[],implicit,"[('assault', 'bodily_harm')]",No
"The extreme conditions faced by the trekkers on the polar plateau above the Shackleton Glacier included temperatures ranging down to -50C. (17th) Driven by powerful winds, snow and rain pounded the Midwest and Northeast (USA) , knocking out power to thousands of people and causing accidents from Illinois to New England.",CauseNet-cause.csv,,2,[],[],implicit,"[('temperatures', 'accidents')]",No
"id=46740) [details] > iexploder test causing a crash, most likely due the ruby element. > >",CauseNet-cause.csv,,2,[],[],implicit,"[('iexploder_test', 'crash')]",No
"Well thank you to mainstream media today, Forbes magazine, Healthy Child Healthy World, The Campaign For Safer Cosmetics, etc. are all writing the scary facts about these products: they contain cancer causing chemicals.",CauseNet-cause.csv,,2,[],[],implicit,"[('cancer', 'chemicals')]",No
"Accused Fox, Maracle, Doreen, Chartrand, Barnhart, and Baptiste will be back in the Napanee courtroom to hear their sentences Oct. 4, and Brant and Mathew Kunkel, who took the hardest hit of all the accused in the case as he was found guilty of possession of a weapon (brass knuckles), unauthorized possession of a weapon, assault with a weapon, and assault causing bodily harm, are expected back in court on Tuesday, Oct.",CauseNet-cause.csv,,2,[],[],implicit,"[('assault', 'bodily_harm')]",No
"Surveillance of antibiotic resistance in European ICUs; Hanberger H et al. ; Antibiotic resistance among bacteria causing hospital-acquired infections poses a threat, particularly to patients in intensive care units (ICUs) .",CauseNet-cause.csv,,2,[],[],implicit,"[('bacteria', 'hospital-acquired_infections')]",No
"The Diagnostic and Statistical Manual's (DSM-IV) clinical criteria for a chemical dependence outlines certain traits as being characteristic of an addiction.: increased tolerance, use over a longer period of time or in greater quantities than originally intended, investing time in planning to use, using, or recovering from use, impairment in social, occupational, or recreational activities, continued use despite it causing problems, and inability to cut back or stop using are the basic seven traits of addiction.",CauseNet-cause.csv,,2,[],[],implicit,"[('continued_use', 'problems')]",No
"The pollen causing this allergic reaction is produced mainly by ragweed (Ambrosia sp.), blooming at the same time as the goldenrod and pollinated by wind.",CauseNet-cause.csv,,2,[],[],implicit,"[('pollen', 'allergic_reaction')]",No
"In the past year, evidence suggesting that ongoing physical changes in the upper St. Clair River may be causing important water level changes in Lakes Michigan and Huron has come to light, notably in the report by W.F. Baird & Associates, ""Regime Change (Man Made Intervention) and Ongoing Erosion in the St. Clair River and Impacts on Lake Michigan-Huron Lake Levels"", which was commissioned by the Georgian Bay Association.",CauseNet-cause.csv,,4,[],[],implicit,"[('ongoing_physical_changes_in_the_upper_st._clair_river', 'important_water_level_changes_in_lakes_michigan')]",No
"So, if CO2 levels were lower in the medieval warm period and temperatures were warmer than today that is evidence that the higher CO2 levels today are causing global warming!!!",CauseNet-cause.csv,,2,[],[],implicit,"[('higher_co2_levels', 'global_warming')]",No
"Michael Pollan's latest book explores the Western diet, which is primarily made up of processed corn and soybeans, white flour and rice and how these foods are causing obesity, diabetes, cancer, etc. (and how the government backs it all).",CauseNet-cause.csv,,2,[],[],implicit,"[('foods', 'obesity')]",No
"As this Court recognized in R. v. Oickle, 2000 SCC 38 (S.C.C.), innocent people are induced to make false confessions more frequently than those unacquainted with the phenomenon might expect.179 Custodial interviews of a suspect at a police facility in investigations involving offences of significant personal violence (e.g. murder, manslaughter, criminal negligence causing death or bodily harm, aggravated assault, aggravated sexual assault, sexual assault of a child, armed robbery, etc.) should be video recorded.",CauseNet-cause.csv,,3,[],[],implicit,"[('criminal_negligence', 'death')]",No
"There is a fear that e.g. virus causing hepatitis such as HAV, HBV, HCV, HEV or TTV, virus causing immunodeficiency diseases such as HIV, or abnormal prion causing CJD etc. are present in the thrombin materials.",CauseNet-cause.csv,,2,[],[],implicit,"[('virus', 'hepatitis')]",No
"The storm that devastated the Texas Gulf Coast last Monday and Tuesday, sweeping northward, struck St. Louis and surrounding communities with diminished fury last night and today, bringing with it the heaviest downpour in the history of the city, and causing a flood that drove hundreds of city and suburban residents from their homes.",CauseNet-cause.csv,,2,[],[],implicit,"[('storm', 'flood')]",No
"In the present study, Dr. Stephen D. Hsu from the Medical College of Georgia in Augusta and colleagues tested the consequences of green tea's predominate antioxidant called EGCG in laboratory mice with type 1 diabetes and Sjogren's syndrome, which damages moisture-producing glands causing dry mouth and eyes.",CauseNet-cause.csv,,2,[],[],implicit,"[('moisture-producing_glands', 'dry_mouth')]",No
"""Many cancer causing pesticides and industrial chemicals found in the environmental and in our food tend to accumulate in fatty tissues, whether in fish, cattle, fowl, or people"", stated, Dr. In 1989, the Natural Resources Defense Council (NRDC) announced that the residues of agricultural chemicals on fruits and vegetables eaten during a typical American childhood could be initiating between 5,500 and 6,200 cancers every year.",CauseNet-cause.csv,,2,[],[],implicit,"[('cancer', 'pesticides')]",No
"This renewed focus is good news for manufacturers that have been tinkering for years with better ways to make vaccines, only to be hobbled by a soft market, cheap government purchasers and nervous regulators by Scott Gottlieb, M.D. [bullet] Vaccination-Autism Link Unproven - Radio shock jock Don Imus (search) is on a rampage about the vaccine preservative thimerosal (search) allegedly causing autism (search).",CauseNet-cause.csv,,2,[],[],implicit,"[('vaccine_preservative_thimerosal', 'autism')]",No
"The College has made arrangements with A.W.G. Dewar, Inc. to offer a tuition refund plan to Rhodes parents that will provide a refund in case of illness or accident causing the student to withdraw before the semester is completed.",CauseNet-cause.csv,,3,[],[],implicit,"[('illness', 'student_to_withdraw')]",No
"Patients With Neurological Diseases Like Parkinson's Disease May Also be Suffering From a Secondary Condition They Didn't Know Existed, New Survey Shows Patients With Neurological Diseases Like Parkinson's Disease May Also be Suffering From a Secondary Condition They Didn't Know Existed, New Survey Shows Symptoms of the Condition Such as Fainting or Unexplained Falls Make it Difficult for Many Patients to Carry Out Daily Activities, Causing More Dependence on Others CHARLOTTE, N.C., Feb. 9, 2012 (GLOBE NEWSWIRE) -- Patients with neurological diseases, such as Parkinson's disease and multiple system atrophy (MSA), may be experiencing symptoms associated with the rare condition, neurogenic orthostatic hypotension (also known as Neurogenic OH or NOH).",CauseNet-cause.csv,,2,[],[],implicit,"[('rare_condition', 'symptoms')]",No
"INQUIRY: SMCRA Sec. 516(b)(1) includes, under the permit requirements, that the operator: ""adopt measures consistent with known technology in order to prevent subsidence causing material damage to the extent technologically and economically feasible, maximize mine stability, and maintain the value and reasonably foreseeable use of such surface lands.""",CauseNet-cause.csv,,2,[],[],implicit,"[('subsidence', 'material_damage')]",No
"[7] More specifically, crimes against humanity must be committed as part of a widespread or systematic attack directed against a civilian population, pursuant to or in furtherance of a State or organizational policy to commit such attacks, and which constitutes the multiple commission of any of the following acts: murder, extermination, enslavement, deportation or forcible transfer of population, imprisonment, torture, rape, sexual slavery, persecution against any identifiable group or collectivity, enforced disappearances, apartheid, or other inhumane acts of a similar character intentionally causing great suffering or serious injury.Stephens, International Human Rights Litigation in U.S. 2008), 161-164; See generally, Van Schaack, The Definition of Crimes Against Humanity: Resolving the Incoherence, 37 Col. J. of Tran'l L. 787 (1999); Bassiouni, Crimes against Humanity in International Criminal Law (2d ed.",CauseNet-cause.csv,,3,[],[],implicit,"[('inhumane_acts', 'great_suffering')]",No
"Septic arthritis in rheumatoid disease causing bilateral shoulder dislocation: diagnosis and treatment assisted by grey scale ultrasonography; Gompels BM et al. ; Signs of sepsis may be obscure in patients with rheumatoid arthritis, particularly in association with long-term steroid therapy .",CauseNet-cause.csv,,2,[],[],implicit,"[('septic_arthritis', 'bilateral_shoulder_dislocation')]",No
"Over the next two years, I was repeatedly told by Dr. Dirkhead that hep C couldn't possibly be causing my problems and he always told me - in so many words - that my symptoms were all in my head.",CauseNet-cause.csv,,2,[],[],implicit,"[('hep_c', 'problems')]",No
"The SCC recalled that in R. v. 90, 2000 SCC 39, the four-year mandatory minimum sentence for criminal negligence causing death was held to be constitutional; notably, in that case, Arbour J. indicated that there is a considerable overlap between unlawful act manslaughter (the offence at issue in Ferguson) and criminal negligence causing death, which was the offence in Morrissey.",CauseNet-cause.csv,,2,[],[],implicit,"[('criminal_negligence', 'death')]",No
"To the person ""JD"" from Georgia who had a house in Waveland and most rescently received payment following their insurance co.'s recognition that eyewitnesses reported tornados causing the destruction, please contact the news media with your good fortune a.s.a.p. State Farm must know that their phony engineering report is just that!",CauseNet-cause.csv,,3,[],[],implicit,"[('tornados', 'destruction')]",No
"This year's speaker is Dr. Peter J. Webster, who has stirred international controversy with his findings that global warming is causing an increase in the number of severe hurricanes.",CauseNet-cause.csv,,2,[],[],implicit,"[('global_warming', 'increase')]",No
"of Sault Ste. Marie, Ont., is to appear in court on charges of criminal negligence causing death following a fatal accident last spring.",CauseNet-cause.csv,,2,[],[],implicit,"[('criminal_negligence', 'death')]",No
"The rainfall led to widespread flooding that destroyed the No. 201 Provincial Highway, causing traffic disruption and traffic congestion.",CauseNet-cause.csv,,2,[],['led to'],implicit,"[('rainfall', 'widespread_flooding')]",No
"In addition, smoking has been shown to change (in a possibly negative way) how the body responds to the bacteria causing periodontitis, including P.g. </p The ultimate goal of the studies proposed here is to understand how smoking worsens the periodontitis condition in patients that have P.g. in their mouths.",CauseNet-cause.csv,,3,[],[],implicit,"[('bacteria', 'periodontitis')]",No
"A dramatic season with a lot going on - Buffy is brought back from the dead by her friends, the nerd trio gets serious about wrecking havoc,Willow's powers are out of control, Dawn is causing problems, Buffy has employment blues, Riley comes back married, etc. - but the most unusual episode is the musical which is really priceless.",CauseNet-cause.csv,,2,[],[],implicit,"[('dawn', 'problems')]",No
"Consult with your veterinarian before using this product in animals with clotting disorders; being treated with anticoagulant medications; diabetes, or any metabolic disorder causing hyperglycemia; history of urinary tract stones; known allergies to shellfish; may be a G.I. irritant.",CauseNet-cause.csv,,2,[],[],implicit,"[('metabolic_disorder', 'hyperglycemia')]",No
"Acinetobacter spp. are typical nosocomial pathogens causing infections and high mortality, almost exclusively in compromised hospital patients.",CauseNet-cause.csv,,2,[],[],implicit,"[('nosocomial_pathogens', 'infections')]",No
"Such deletions are designed to create a blatant deception, Dr. Frederick Seitz, president emeritus of Rockefeller University and past president of the National Academy of Sciences and the American Physical Society blasted the IPCC staff, ""Whatever the intent was of those who made these significant changes, their effect is to deceive policy makers and the public into believing that the scientific evidence shows human activities are causing global warming"" While there is little disagreement over the fact that our climate is changing, what it means is still hotly contested among scientists.",CauseNet-cause.csv,,2,[],[],implicit,"[('human_activities', 'global_warming')]",No
"The court found him guilty of scientific misconduct but was unable to prove that Dr. Gallo ""intentionally"" stole the French samples, settling for his claim that somehow they got mixed into his own sear ch for a virus causing AIDS.",CauseNet-cause.csv,,2,['claim'],[],implicit,"[('virus', 'aids')]",No
"I recently went to another O.S. and was told that the stem was put in on an angle, which is causing pressure, which in turn is causing all the pain which radiates down my thigh.",CauseNet-cause.csv,,2,[],[],implicit,"[('pressure', 'pain')]",No
"""We are using gene therapy to 're-set' a specific group of cells that have become overactive in an affected part of the brain, causing the impaired movement and other symptoms associated with Parkinson's disease,"" said Dr. During.",CauseNet-cause.csv,,2,[],[],implicit,"[(""parkinson_'s_disease"", 'symptoms')]",No
It is too absurd on its face to think that any reasonable observer can seriously conclude that climate change science is a hoax or that the consensus view that humans are causing climate change has been debunked.: in fact we are looking for the right metaphors to simply describe the sheer harmfulness of what has been happening.,CauseNet-cause.csv,,2,[],[],implicit,"[('humans', 'climate_change')]",No
"Daily Appeal - 7/3/1913, p1 - Grim Reaper Claims Gladys Lillian Murphy: Funeral Will Be Held Saturday Morning - Gladys Lillian Murphy, youngest daughter of Mr. and Mrs. John J. Murphy of Waldo died yesterday at that place, inflammation of the bowels causing death.",CauseNet-cause.csv,,3,['Claims'],[],implicit,"[('inflammation_of_the_bowels', 'death')]",No
"""These long-overdue findings cement 2009's place in history as the year when the United States Government began addressing the challenge of greenhouse-gas pollution and seizing the opportunity of clean-energy reform,"" said EPA Administrator Lisa P. ""Business leaders, security experts, government officials, concerned citizens and the United States Supreme Court have called for enduring, pragmatic solutions to reduce the greenhouse gas pollution that is causing climate change.",CauseNet-cause.csv,,2,[],[],implicit,"[('greenhouse_gas_pollution', 'climate_change')]",No
"The answer was no, it is just that the pain is relieved and the pain was causing so much fatigue, nausea, malaise, etc. that relieving the pain relieves all the secondary effects of pain.",CauseNet-cause.csv,,2,[],[],implicit,"[('pain', 'fatigue')]",No
The Dr. says it might be stress and dehydration causing the headaches and eye problem.,CauseNet-cause.csv,,2,[],[],implicit,"[('stress', 'headaches')]",No
"My conclusion is that gluten free seems to be clear treatment, but other refinements to diet should be done with Dr. Fine, I was first exposed to the possibility that gluten might be causing my problems a year ago.",CauseNet-cause.csv,,2,[],[],implicit,"[('gluten', 'problems')]",No
{Problems of resistance of the causative agent of melioidosis to antibiotics}; Antonov IuV et al. ; It was shown that the pathogen causing melioidosis was highly resistant to antibiotics including beta-lactams .,CauseNet-cause.csv,,2,[],[],implicit,"[('pathogen', 'melioidosis')]",No
"Furthermore Dr. Mark Hyman, contributing medical expert to the Huffington Post, explains that yeast overgrowth is a complex disease causing such symptoms as chronic inflammation, loss of energy, unexplainable allergies, digestive disorders and lack of concentrate.",CauseNet-cause.csv,,2,[],[],implicit,"[('complex_disease', 'symptoms')]",No
I interviewed ABC News political director David Chalian during our midday show and he seemed to think that the focus would come back to St. Paul since the hurricane isn't causing any significant damage.,CauseNet-cause.csv,,2,[],['since'],implicit,"[('hurricane', 'significant_damage')]",No
"Even Dr. Walter Meier of the National Snow and Ice Data Center (NSIDC), who has been trying to prove that human activity is causing climate change, admits that he cannot prove that greenhouse emissions are directly causing the ice in the Arctic to recede.",CauseNet-cause.csv,,2,[],[],implicit,"[('human_activity', 'climate_change')]",No
"Significant advances in treatment and prevention have reduced the impact of deadly diseases, such as some cancers (National Center for Health Statistics 2000; Ries et al. 2000) and cardiovascular diseases (National Center for Health Statistics 2000), as well as diseases causing morbidity, such as lead poisoning (CDC 1999a), vaccine-preventable diseases (CDC 1999a), depression (Frank et al. 1993), and sexually transmitted diseases (CDC 1999b).",CauseNet-cause.csv,,3,[],[],implicit,"[('diseases', 'morbidity')]",No
"Nevertheless, defendants' alleged liability under the statute also is premised on the collapse of the structural steel canopy, and the section 240 (1) claim may be viable to the extent that the accident causing plaintiff's injuries was elevation-related (see Wilinski v 334 E. 92nd Hous.",CauseNet-cause.csv,,2,['claim'],[],implicit,"[('accident', ""plaintiff_'s_injuries"")]",No
"The earliest strong evidence of humans causing environmental damage was the extinction of many big game species in Europe by about 10,000 B.C., and in America north of Mexico by about 9,000 B.C. Simultaneously, human populations in broad regions of the Old and New Worlds had to shift increasingly to marine food resources and small-game hunting.",CauseNet-cause.csv,,2,[],[],implicit,"[('humans', 'environmental_damage')]",No
"As Army chief of staff, he works closely with both Secretary of Defense Robert Gates and Joint Chiefs of Staff Chairman Adm. For the second year, a fundraiser will be held for Jack Hogan, a second grade student at Lincoln Community School who is suffering from a disease called retinitis pigmentosa, an eye disease causing damage to the retina.",CauseNet-cause.csv,,2,[],[],implicit,"[('eye_disease', 'damage_to_the_retina')]",No
( Edited by S. Fred Singer and Dr. Craig Idso and is the latest attempt by Heartland to discredit the well-established scientific consensus that humans are causing global warming.,CauseNet-cause.csv,,2,[],[],implicit,"[('humans', 'global_warming')]",No
"Completeness_Report: data is complete for those earthquakes causing damage in the map area Lineage: Source_Information: Source_Citation: Citation_Information: Originator: Stover, C.W., and Coffman, J.L. Publication_Date: 1994 Title: Summary Tables, SCR seismicity data base in Johnston, A.C., Coppersmith, K.J., Kanter, L.R., and Cornell, C.A., eds., The earthquakes of stable continental regions Geospatial_Data_Presentation_Form: book Series_Information: Issue_Identification: 2 Publication_Information: Publication_Place: Palo Alto CA Publisher: Electric Power Research Inst Other_Citation_Details: vol.",CauseNet-cause.csv,,2,[],[],implicit,"[('earthquakes', 'damage')]",No
"Photocopy of ""The Bloomington Daily Bulletin"" dated 16 Feb 1914: VETERAN ALTON EMPLOYEE DEAD; COMRADE JOHN S. IZATT OF NORTH PARK ST. PASSES AWAY FOLLOWING 2 WEEKS ILLNESS John S. Izatt, for many years a well know employee of the Chicago and Alton shops, died last night at __ at his home 1202 North Park St. He had been ill but two weeks, hardening of the arteries causing his death.",CauseNet-cause.csv,,3,[],[],implicit,"[('hardening_of_the_arteries', 'death')]",No
"In Confessions of a Climate Change Convert, D.R. Tucker perused all the scientific evidence, became convinced that humans are causing global warming and uttered the famous pronouncement, ""I was defeated by facts"".",CauseNet-cause.csv,,2,[],[],implicit,"[('humans', 'global_warming')]",No
"A Swedish study revealed that using only a catheterization to determine arterial blockage (as Dr. Midei did) is far inferior to using a blood flow test, which is done with the catheterization so that only one insertion is needed, and measures any decreased blood pressure after the point of blockage, to see if the blockage is actually causing problems.",CauseNet-cause.csv,,2,[],[],implicit,"[('blockage', 'problems')]",No
", owner: 'Expired tag' } ,{ latitude: 26.2727116, longitude: -80.2848312, crime_type: 'Driving under influence', city: 'Coral Springs', address: '11800 block of Sample Road', height: 'Mar. 15', state: 'FL', elevation: '8:17 a.m.', type: 'Driving under influence', myoverlaymessage: 'Driving under influence', description: 'A man was arrested for driving under the influence (first offense), driving under the influence causing property damage, leaving the scene of an accident causing property damage, and failure to maintain a single lane.",CauseNet-cause.csv,,2,[],[],implicit,"[('accident', 'property_damage')]",No
"A legion of factors can influence young vines, and apart from disease causing organisms in and around the plant (fungi, viruses, bacteria, insects, etc.), all other aspects, from soil preparation to fertilisation and irrigation, should be taken into consideration.",CauseNet-cause.csv,,2,[],[],implicit,"[('disease', 'organisms')]",No
"wd people need all the normal copper containing enzymes and ceruloplasmin possible to prevent damage like oxidation causing arthritis, kidney damage, liver damage, basal ganglia damage, etc. the trouble in wd is free cu in the blood getting absorbed at various sites causing damage thru mostly oxidation of surrounding molecules and the lack of normal cu containing enzymes like superoxide dismutase which helps stop oxidative damage.",CauseNet-cause.csv,,2,[],[],implicit,"[('oxidation', 'arthritis')]",No
"Robert G.H. Wood, the engineer who signed off on the engineering report declaring the mall structurally sound just a few weeks before the roof collapse, was indicted on July 11, 2015 with two counts of criminal negligence causing death and one count of criminal negligence causing bodily harm.",CauseNet-cause.csv,,2,[],[],implicit,"[('criminal_negligence', 'death')]",No
"After all the traditional treatments proved futile, she then consulted Dr. He operated on her lumbar spine to relieve pressure on the nerves that was causing pain and weakness to her leg.",CauseNet-cause.csv,,2,[],[],implicit,"[('pressure_on_the_nerves', 'pain')]",No
"And her point 25 was, this was nothing related to fluoxetine and that PACIFIC REPORTING SERVICES UNLIMITED, INC. (808) 524-PRSU 1823 1 the original case report, that hypothesis that 2 fluoxetine or Prozac was causing this problem, 3 appeared to be incorrect.",CauseNet-cause.csv,,2,[],[],implicit,"[('prozac', 'problem')]",No
"In Pickard, supra, a father, seeking to forcibly remove his 15-year-old son from a room in order to show him ""who was boss"" (para. 10), was charged with assault causing bodily harm.",CauseNet-cause.csv,,2,[],[],implicit,"[('assault', 'bodily_harm')]",No
"Section 4(a) of TABOR generally requires that ""districts must have voter approval in advance for . . . a tax policy change directly causing a net tax revenue gain to any district.""",CauseNet-cause.csv,,4,[],[],implicit,"[('tax_policy_change', 'net_tax_revenue_gain')]",No
"Like West Nile virus, the virus causing St. Louis encephalitis is a flavivirus passed through birds, which act as growth chambers, and transmitted by the Culex species of mosquitoes.",CauseNet-cause.csv,,2,[],[],implicit,"[('virus', 'st._louis_encephalitis')]",No
"She also has seen too many kids with high IQs make terrible choices which would include involvement with drugs, gangs, casual sex causing pregnancy, etc. that affect their success.",CauseNet-cause.csv,,2,[],[],implicit,"[('casual_sex', 'pregnancy')]",No
"At 1st I could see nothing, the hot air escaping from the chamber causing the candle flame to flicker, but presently, as my eyes grew accustomed to the light, details of the room within emerged slowly from the mist, strange animals, statues, and gold--everywhere the glint of gold. . . .",CauseNet-cause.csv,,4,[],[],implicit,"[('hot_air_escaping_from_the_chamber', 'candle_flame_to_flicker')]",No
"This is the wrong direction for maintaining our emergency response infrastructure while climate change is causing increased frequency and severity of wildfires and major climatic events causing floods, landslides, and utility damage . . . Disposing of our aircraft in the face of more wildfires, and climate-change related storms is simply the opposite direction that the state should be headed with its emergency response infrastructure.""",CauseNet-cause.csv,,4,[],[],implicit,"[('climate_change', 'increased_frequency')]",No
"Plaintiff argues that CyberGold is infringing on Maritz's trademark in violation of the Lanham Act, 15 U.S.C. @ 1125(a), and that this infringement is causing economic harm and injury to Maritz.",CauseNet-cause.csv,,2,[],[],implicit,"[('infringement', 'economic_harm')]",No
"And the Myriad test, called BracAnalysis, could miss cancer causing mutations in a small percentage of women, and suggest a risk where none exists, according to a study in the Sept. 27 Journal of the American Medical Association.",CauseNet-cause.csv,,2,[],[],implicit,"[('cancer', 'mutations')]",No
"They also forget that humans are capable of overcoming many physical obstacles produced by genetic deformity, illness or accidents causing serious damage (blindness, deafness, loss of one or more limbs, etc.).",CauseNet-cause.csv,,2,[],[],implicit,"[('accidents', 'serious_damage')]",No
"""If you suspect that foods are causing your headaches, try eliminating them one by one from your diet and see what happens,"" Dr. Spierings says.",CauseNet-cause.csv,,2,[],[],implicit,"[('foods', 'headaches')]",No
"Doug Smith, M.D., Ph.D. from the Alaska Psychiatric Institute, discussed clinical examples of physical illnesses causing psychiatric symptoms.",CauseNet-cause.csv,,2,[],[],implicit,"[('physical_illnesses', 'psychiatric_symptoms')]",No
"This will save the entire Tamil Nadu from the clutches of drought causing desertification, as Tamil Nadu is following Rajasthan in becoming another Desert State, stressed Mr. L.",CauseNet-cause.csv,,2,[],[],implicit,"[('drought', 'desertification')]",No
The dr told me that dpt was causing deaths and seizures and the oral polio was causing POLIO!!!!!,CauseNet-cause.csv,,2,[],[],implicit,"[('dpt', 'seizures')]",No
"Regards, steve On 6/28/07, Alan Ruttenberg wrote: > > FWIW, sometimes it's hard to tell whether you are making a modeling > error or whether a bug in the software is causing the problem. >",CauseNet-cause.csv,,2,[],[],implicit,"[('bug_in_the_software', 'problem')]",No
"Any unlawful act or omission by the Detaining Power causing death or seriously endangering the health of a prisoner of war in its custody is prohibited, and will be regarded as a serious breach of the present Convention . . . prisoners of war must at all times be protected, particularly against acts of violence . . . and against insults . . . .",CauseNet-cause.csv,,10,[],[],implicit,"[('unlawful_act', 'death')]",No
"Ionospheric absorption on frequencies between 5 and 20 megaHertz should be HIGH, and short wave propagation conditions should be severely affected by the impact of the high speed solar wind that are causing geomagnetic disturbances, that has sent the A index to figures as high as 50 !!!!",CauseNet-cause.csv,,3,[],[],implicit,"[('high_speed_solar_wind', 'geomagnetic_disturbances')]",No
"Click here to watch Dr. Beach days are back again, as well as the cancer causing UVA and UVB rays.",CauseNet-cause.csv,,2,[],[],implicit,"[('cancer', 'uvb_rays')]",No
"When considering s. 205(5)(a), it appears that what distinguishes murder from manslaughter is the nature of the unlawful act causing death and the circumstances under which that unlawful act was committed.",CauseNet-cause.csv,,2,[],[],implicit,"[('unlawful_act', 'death')]",No
"In auto vs. pedestrian accidents causing death or permanent disability, families are subjected to the most severe mental and emotional anguish that exists.",CauseNet-cause.csv,,2,[],[],implicit,"[('pedestrian_accidents', 'death')]",No
"If tree roots are causing the damage, the City's Tree Inspector will first assess the situation to determine a course of action (root pruning, removal, etc.).",CauseNet-cause.csv,,2,[],[],implicit,"[('tree_roots', 'damage')]",No
"If AES Redondo was required to color the emissions, then people could see the toxic plume that is causing the health problems we are suffering from (i.e. lung disease, shortness of breath, headaches, pre-mature births, etc.).",CauseNet-cause.csv,,2,[],[],implicit,"[('toxic_plume', 'health_problems')]",No
"In terms of Respondent's current state of mind regarding use of medications, Mr. Mayer testified to a February 2010 emergency room visit by Respondent for an acute illness causing pain during which Respondent refused to accept pain medication such as morphine or Dilaudid for fear of becoming addicted again.",CauseNet-cause.csv,,2,[],[],implicit,"[('acute_illness', 'pain')]",No
Old Chief v. 172 -- Defendant charged in federal court with having a weapon while under a disability offered to stipulate existence of prior conviction in order to avoid jury learning that the conviction was for assault causing serious bodily injury.,CauseNet-cause.csv,,2,[],[],implicit,"[('assault', 'serious_bodily_injury')]",No
"The best web site for information on this subject is PeTA: People For The Ethical Treatment of Animals http://envirolink.org:80/arrs/peta/home.html PeTA can also be reached by writing to: PeTA, P.O. ** For one of the best books on the subject of diet, the treatment of animals, and what the Federal Government allows to be ""injected"" into, and fed to the animals you eat - including cancer causing agents - refer to John Robbins' Diet For A New America, New Hampshire: Stillpoint, 1987.",CauseNet-cause.csv,,2,[],[],implicit,"[('cancer', 'agents')]",No
"that is more than merely transient or trifling in nature"" (s. 2 of the Code), thereby exonerating the accused from what would otherwise be an assault causing bodily harm.",CauseNet-cause.csv,,2,[],[],implicit,"[('assault', 'bodily_harm')]",No
"In the Mead case other results were looked at and thought to be, by Dr. Mumper, indicative that vaccines were causing, or evidence that vaccines were causing autism.",CauseNet-cause.csv,,2,[],[],implicit,"[('vaccines', 'autism')]",No
"Key Finding no. 2: The recession has amplified the chronic financial instability of many organizations, causing heightened anxiety and increased frustration with unsustainable financial models.",CauseNet-cause.csv,,2,[],[],implicit,"[('recession', 'heightened_anxiety')]",No
"Clearly, Mr. Jacoby is missing something big by failing to interview any of the vast majority of the climate scientists who do believe that human activity is causing global warming.",CauseNet-cause.csv,,2,['believe'],[],implicit,"[('human_activity', 'global_warming')]",No
"As it turns out, the first Ontario charges against a corporation under Bill C-45 were laid some eight months earlier, followed a 10-month police investigation that culminated in February 2010, when Sault Ste. Marie police charged Millennium Crane with criminal negligence causing death.",CauseNet-cause.csv,,2,[],[],implicit,"[('criminal_negligence', 'death')]",No
"Tags: 14 years, addiction, Antidepressant Maker, ask and it is given, Big Pharma, boys, burger, cancer, censorship, crop circle, Daughter, deer antler velvet, diabetes, diet, Dr. Laura, drugs, father, genetically modified, GIN, global information network, google, Hair growth, Health, health-oriented, high fat, Income, income gap, income shifting, Juan Williams, levels, Mancow, McDonalds, media, movies, Nestle, old, perservatives, radio, rituals, royal velvet now, secret society, sexual, side effects, strategy, techniques, testosterone, the only answer to cancer, tv, Viagra, vote, Wall Street, wealthy, Your Wish Is Your Command, ywiyc The Kevin Trudeau Show: 1-22-11 January 22, 2011 by Brandy Filed under Archives 6 Comments Today, Kevin explains how the internet is causing even more censorship than ever before and how collective thoughts are creating the future!",CauseNet-cause.csv,,2,[],[],implicit,"[('internet', 'censorship')]",No
"This instruction is required ""when a threat is made by a victim at or about the time of a fatal altercation, as well as when threats are made by a victim prior to an incident causing his death."" """,CauseNet-cause.csv,,2,[],[],implicit,"[('incident', 'death')]",No
Jiamao continues his Ph.D. research into the development of novel antibacterial proteins that can kill mastitis causing pathogens.,CauseNet-cause.csv,,2,[],[],implicit,"[('mastitis', 'pathogens')]",No
"For example, assault with a weapon or assault causing bodily harm (which includes psychological harm - per Cory J. in R. v McCraw, [1991] 3 S.C.R. 72, at p. 81) is defined under s. 267 of the Code as: In many instances Parliament has explicitly foreclosed the application of certain defences to certain charges.",CauseNet-cause.csv,,4,[],[],implicit,"[('assault', 'bodily_harm')]",No
tomorrow and the outpatient dr. also suggested that his meds could be causing a problem.,CauseNet-cause.csv,,2,[],[],implicit,"[('meds', 'problem')]",No
"Depending on the storm track and the cloud conditions, there is a lot of variability in the pH. Actually, the pollutants that are causing acid rain are acids of sulfur and nitrogen, two basic nutrients of all plants, so, basically, acid rain is in effect fertilizing them.",CauseNet-cause.csv,,2,[],[],implicit,"[('pollutants', 'acid_rain')]",No
No one with cancer can know for sure if they have one or both of these viruses that Dr. They may have a completely different virus or viruses which are causing their cancer.,CauseNet-cause.csv,,2,[],[],implicit,"[('viruses', 'cancer')]",No
"If oil prices stay high, if people worry about carbon dioxide causing global warming, if the Middle East stays violent, nuclear power may make a huge comeback in the U.S. Six weeks before the last Clinton library meeting, Marilyn Kray, an Exelon vice president, had gathered 11 executives from the largest nuclear operators and reactor vendors at a private room in Olives, a tony Washington, D.C. restaurant three blocks from the White House.",CauseNet-cause.csv,,2,[],[],implicit,"[('carbon_dioxide', 'global_warming')]",No
"Fox News already has come under conservative criticism for airing a Robert F. Kennedy, Jr. special that claimed human activity was causing global warming.",CauseNet-cause.csv,,2,['claimed'],[],implicit,"[('human_activity', 'global_warming')]",No
I've been drinking it for years and it has cancer causing ingredients!!!,CauseNet-cause.csv,,2,[],[],implicit,"[('cancer', 'ingredients')]",No
Mitchell panicked and fired her then he made a deal with the D.A. instead of attempted murder of a police officer he's pleaded guilty to assault causing grievous bodily harm and the escape charges were dropped.,CauseNet-cause.csv,,2,[],[],implicit,"[('assault', 'grievous_bodily_harm')]",No
"Statement by Dr. Hans Koechler, international observer of the International Progress Organization, nominated by the Secretary-General of the United Nations, at the Lockerbie trial in the Netherlands (2000-2002), on the agreement between the United States, the United Kingdom and the Libyan Jamahiriya on the remaining issues relating to the fulfilment of all Security Council resolutions resulting from the bombing of Pan Am 103 over Lockerbie The macro-economy is in serious disrepair, beset by the spillovers from the bursting....housing bubble, high energy prices, and unsustainable levels of household indebtedness"" causing economic collapse and the possibility of a deep, protracted depression.",CauseNet-cause.csv,,2,[],[],implicit,"[('housing_bubble', 'economic_collapse')]",No
"No matter how much or how little alcohol you're drinking, if alcohol is causing problems for you (like damaging relationships with family or friends, causing you to have diminished performance in school or at work, etc.), then you may want to consider seeing a counselor to work with you on your relationship with alcohol.",CauseNet-cause.csv,,2,[],[],implicit,"[('alcohol', 'problems')]",No
"</p><p>Florida Sen. Bill Nelson, who has pushed for a faster response, told the Herald-Tribune that action needs to be taken if the drywall is causing health problems, regardless of whether the symptoms are considered temporary rather than the result of a toxic response.",CauseNet-cause.csv,,2,[],[],implicit,"[('drywall', 'health_problems')]",No
My only guess is that the NAT is > > somehow causing a problem. > > > >,CauseNet-cause.csv,,2,[],[],implicit,"[('nat', 'problem')]",No
"2) Problem Topics: If a topic is causing problems (including excessive spam, bashing, flaming, etc.), wait to see if the situation improves, and/or try to improve it yourself with thoughtful, on topic and calm posts.",CauseNet-cause.csv,,2,[],[],implicit,"[('topic', 'problems')]",No
"There have been many more such media and special interest group (including scientists who love grant money) inspired scares since then: dioxin everywhere, nitrites in bacon and sausage, alar in apples, cell phones causing brain cancer, etc. etc.",CauseNet-cause.csv,,2,[],['since'],implicit,"[('cell_phones', 'brain_cancer')]",No
"Study objectives: To describe the process of bedside medication verification (BMV) implementation from a pharmacy, nursing and information systems perspective; compare and contrast the ease of use and staff satisfaction with two different BMV methodologies (bedside vs. portable computers); analyze the safety aspects of BMV technology, including near-misses, errors and errors causing injury; and conduct and compare time studies for medication administration, including non-BMV, BMV using portable computer and BMV using bedside computer.",CauseNet-cause.csv,,2,[],[],implicit,"[('errors', 'injury')]",No
"Of course, all you savvy tree huggers and food co-op members already know that the U.N. report Moby refers to found that animal agriculture is responsible for almost 1/5 of the pollution causing global warming.",CauseNet-cause.csv,,2,[],[],implicit,"[('pollution', 'global_warming')]",No
At issue in T.L. was a prior approval request (PAR) for a hot tub which was prescribed for therapeutic purposes to treat an arthritic condition causing constant hip pain.,CauseNet-cause.csv,,2,[],[],implicit,"[('arthritic_condition', 'constant_hip_pain')]",No
It is also called the estimated date of confinement (E.D.C.) Eczema An inflammation of the skin causing itching.,CauseNet-cause.csv,,2,[],[],implicit,"[('inflammation_of_the_skin', 'itching')]",No
Therapists like Dr. Shephard detect and pinpoint the scar tissue causing problems.,CauseNet-cause.csv,,2,[],[],implicit,"[('scar_tissue', 'problems')]",No
"She is working with Dr. Craig Harris to examine how changes in maternal nutrition can affect the reductive environment, causing oxidative Stress that can lead to birth defects.",CauseNet-cause.csv,,2,[],['lead to'],implicit,"[('oxidative_stress', 'birth_defects')]",No
"To me, I have said this before, any threat that is carried out in the US is a Bush administration failure in the highest degree and if any American could vote again for a person who still hasn't done anything to help solve 911 or any of the other problems causing death and destruction by this administration . . . must have a real problem sorting out facts.",CauseNet-cause.csv,,4,[],[],implicit,"[('problems', 'death')]",No
"However, the land owner reserved the right to hear the matter himself in the case of serious crimes (robbery, arson, murder, assault causing bodily harm, etc.) The land owner's court was also the court of review for appeals from the decision of the community.",CauseNet-cause.csv,,2,[],[],implicit,"[('assault', 'bodily_harm')]",No
"I would like to put in my two cents worth on this concern, but preface it with this: Have your daughter examined by her physician to determine if there is any physical problem causing these symptoms (in a similar situation, I made it a point to speak to the doctor privately first so he/she knew the family situation and other relevant info); then get her counseling (be cautious and take time in selecting the counselor-- your dr. may have suggestions; it is best to get personal referrals, if at all possible.)",CauseNet-cause.csv,,2,[],[],implicit,"[('physical_problem', 'symptoms')]",No
The Serre et al. (1990) study estimated that an allele causing cystic fibrosis arose approximately 181.4 generations ago.,CauseNet-cause.csv,,2,[],[],implicit,"[('allele', 'cystic_fibrosis')]",No
"Resolving the conflicting testimony of the physicians, the commission made the following findings: Of the physicians who have offered expert opinions in this case, we conclude that Drs. Hermansen and Latimer are the most qualified to evaluate the timing of the injury causing [the infant's] cerebral palsy.",CauseNet-cause.csv,,2,[],[],implicit,"[('injury', 'cerebral_palsy')]",No
"In December of 2001, Ms. Herrera was convicted in Fresno County of Gross Vehicular Manslaughter While Intoxicated, felony DUI causing great bodily injury, and felony child endangerment.",CauseNet-cause.csv,,2,[],[],implicit,"[('felony_dui', 'great_bodily_injury')]",No
Old Chief v. 172 -- Defendant charged in federal court with having a weapon while under a disability offered to stipulate existence of prior conviction in order to avoid jury learning that it was for assault causing serious bodily injury.,CauseNet-cause.csv,,2,[],[],implicit,"[('assault', 'serious_bodily_injury')]",No
"Instead of an accident causing his powers, Daniels thought Dr. Croit willfully subjected him to an experiment in exchange for dropping charges against him.",CauseNet-cause.csv,,2,[],[],implicit,"[('accident', 'powers')]",No
"Plaintiff argues that CyberGold is infringing on Maritz's trademark in violation of the Lanham Act, 15 U.S.C. Section 1125(a), and that this infringement is causing economic harm and injury to Maritz.",CauseNet-cause.csv,,2,[],[],implicit,"[('infringement', 'economic_harm')]",No
"In fact one of those led to the court case I mentioned in my report, S.I. Mustafa Kinte and others, in which three of the officers were convicted for assault causing grievous bodily harm.",CauseNet-cause.csv,,2,[],['led to'],implicit,"[('assault', 'grievous_bodily_harm')]",No
No scientific evidence backs Rep. Michele Bachmann's second-hand story of HPV vaccine causing mental retardation.,CauseNet-cause.csv,,2,[],[],implicit,"[('hpv_vaccine', 'mental_retardation')]",No
"According to rescue pilot Capt. Matthew Parsons, how the small copter (a Robson R44) crashed still isn't known, but he did say that in talking with the pilot of the downed copter, turbulence is believed to have played a role, causing a chain of events that may have led to the crash.",CauseNet-cause.csv,,2,['believed'],['led to'],implicit,"[('chain_of_events', 'crash')]",No
My only guess is that the NAT is > somehow causing a problem. > >,CauseNet-cause.csv,,2,[],[],implicit,"[('nat', 'problem')]",No
"In Gouldian finches, infections are capable of causing respiratory problems that can lead to death (Bell 1996; Tidemann et al. 1992c, 1993).",CauseNet-cause.csv,,2,[],['lead to'],implicit,"[('respiratory_problems', 'death')]",No
"Last month, certain regulatory authorities claimed that beverages like those of Coca-Cola and competitor PepsiCo Inc. (PEP) contain a certain level of cancer causing substances.",CauseNet-cause.csv,,2,['claimed'],[],implicit,"[('cancer', 'substances')]",No
"It reads: Custodial interviews of a suspect at a police facility in investigations involving offences of significant personal violence (e.g. murder, manslaughter, criminal negligence causing death or bodily harm, aggravated assault, aggravated sexual assault, sexual assault of a child, armed robbery, etc.) should be video recorded.",CauseNet-cause.csv,,2,[],[],implicit,"[('criminal_negligence', 'death')]",No
To resolve these RSIs Dr. Lamb has a number of treatments with stretching exercises for RSI that stretch the neck as well as other areas to lengthen those shortened muscles that are pulling and pinching our nerves and causing us the pain.,CauseNet-cause.csv,,2,[],[],implicit,"[('shortened_muscles', 'pain')]",No
"""The mutations could possibly be causing cancer or tumor progression,"" Dr. Technological advances in DNA sequencing have made it possible to examine transposons in greater detail, Dr. Devine adds, and also have cut the cost of sequencing a human genome from millions of dollars just a few years ago to as little as $10,000 now.",CauseNet-cause.csv,,3,[],[],implicit,"[('mutations', 'cancer')]",No
I was referred to Dr. Tan to check out some food allergies that may be causing some digestive issues.,CauseNet-cause.csv,,2,[],[],implicit,"[('food_allergies', 'digestive_issues')]",No
"The total coliform group is relatively easy to culture in the lab, and therefore, has been selected as the primary indicator bacteria for the presence of disease causing organisms. >",CauseNet-cause.csv,,2,[],['therefore'],implicit,"[('disease', 'organisms')]",No
Only after our own research did we realize it can be related to albinism (O.C.) Our son is very light-colored and we now think he may have ocular albinism causing nystagmus.,CauseNet-cause.csv,,2,[],[],implicit,"[('ocular_albinism', 'nystagmus')]",No
"With previous deaths such as those of T.J. Hickey also causing controversy, and with the innaction on this case for over a year through you and your predessor, the time to act is NOW!",CauseNet-cause.csv,,2,[],[],implicit,"[('deaths', 'controversy')]",No
"The man identified as Mr. Zarqawi, who has claimed responsibility for many of the insurgency's most brutal attacks, including dozens of bombings causing mass casualties as well as kidnappings and beheadings, railed against democracy, saying supplanting the rule of God with that of a popular majority was ""infidelity itself.""",CauseNet-cause.csv,,2,['claimed'],[],implicit,"[('bombings', 'mass_casualties')]",No
"Signs (increased water consumption, hair loss, etc.) may be from overproduction of hormones or related to pressure on the brain causing blindness, seizures, or change in personality.",CauseNet-cause.csv,,2,[],[],implicit,"[('pressure_on_the_brain', 'blindness')]",No
"The chemicals causing this effect are generally found in the heartwood, and therefore those workers involved in secondary wood processing are affected (e.g. carpenters, furniture makers, etc.).",CauseNet-cause.csv,,2,[],['therefore'],implicit,"[('chemicals', 'effect')]",No
"In vitro activities of E1101, a novel oral cephalosporin, against bacteria causing infections in obstetric and gynecological patients; Mikamo H et al. ; E1101 is a new oral cephalosporin with a broad spectrum of antibacterial activity .",CauseNet-cause.csv,,2,[],[],implicit,"[('bacteria', 'infections')]",No
"Once they are damaged, various bacteria, viruses, etc. are more likely to grow in the lungs, causing infections such as pneumonia.",CauseNet-cause.csv,,2,[],[],implicit,"[('bacteria', 'infections')]",No
"Appellant was charged under s. 191 of the Criminal code (now s. 202) with criminal negligence causing death, and a jury convicted him.",CauseNet-cause.csv,,3,[],[],implicit,"[('criminal_negligence', 'death')]",No
"""The Senate Environment and Public Works Committee, led by Sen. Barbara Boxer, D-Cali., has sent to the full Senate meaningful global warming legislation that would quickly put the nation on the right path to reducing the pollution causing global warming.",CauseNet-cause.csv,,2,[],[],implicit,"[('pollution', 'global_warming')]",No
"After more than three decades, Mr. Burakoff has extensive knowledge of the medical issues that arise in serious car accidents causing catastrophic injuries, and he understands the importance of forming a strong team with medical experts and treating doctors to prove the serious and permanent nature of his clients' injuries to insurance adjusters, arbitrators, judges and juries.",CauseNet-cause.csv,,2,[],[],implicit,"[('serious_car_accidents', 'catastrophic_injuries')]",No
"At the end of the showing of ""Not Evil Just Wrong"" Wednesday night, a docufictionary pretending that there's solid reason to doubt that humans are causing global warming, the three Republican state reps who sponsored the evening--Sue Allen, Andrew Koenig, and Cole McNary, all from West County in St. Louis--took questions.",CauseNet-cause.csv,,2,[],[],implicit,"[('humans', 'global_warming')]",No
"Dr. Sarah Stewart, a Mexican-American Microbiologist, is credited with the discovery of the Polyomavirus and successfully demonstrating that cancer causing viruses could be transmitted from animal to animal.",CauseNet-cause.csv,,2,[],[],implicit,"[('cancer', 'viruses')]",No
"Unfamiliar with the language and the legal system, Mr. Kumar had accepted a plea deal of criminal negligence causing death, and received an intermittent sentence, two years' probation and the promise that Saurob, who had been apprehended by the Children's Aid Society, would be returned to him and his wife.",CauseNet-cause.csv,,2,[],[],implicit,"[('criminal_negligence', 'death')]",No
"Even at the peak of the influenza season, other viruses are also causing disease (e.g. respiratory syncytial virus, parainfluenza, adenoviruses, etc.).",CauseNet-cause.csv,,2,[],[],implicit,"[('viruses', 'disease')]",No
"She replaces outgoing Sen. James Inhofe who has called global warming a ""hoax"" and recently blamed Hollywood and the media for ""hyping"" the view that humans are causing global warming.",CauseNet-cause.csv,,2,[],[],implicit,"[('humans', 'global_warming')]",No
"The memorandum, obtained by NRDC from the White House Council on Environmental Quality under the Freedom of Information Act, shows that ExxonMobil began a secret campaign for Dr. Watson's removal in the first weeks of the Bush administration, and reveals ExxonMobil's intention to replace Watson and other key scientists with contrarians known for disagreeing with the prevailing consensus that man-made pollution is causing global warming.",CauseNet-cause.csv,,2,[],[],implicit,"[('man-made_pollution', 'global_warming')]",No
"C. M. V. Clarkson, an advocate of a vehicular homicide offense, opines that while people's perceptions are that death resulting from a motor vehicle is in a different ""family"" to other killings, ""in terms of fault there can be little distinction between those who kill through the dangerous operation of their cars and those who kill with machines, trains, etc.""\\\\n\\\\nIn addition to the above there also exists the option of charging offenders with causing bodily harm by wanton or furious driving.",CauseNet-cause.csv,,2,[],[],implicit,"[('motor_vehicle', 'death')]",No
"She is working with Dr. Craig Harris to examine how changes in maternal nutrition can affect the reductive environment, causing oxidative stress that can lead to birth defects.",CauseNet-cause.csv,,2,[],['lead to'],implicit,"[('oxidative_stress', 'birth_defects')]",No
"Include food items such as sweet potato, carrots, broccoli, spinach, mango, pumpkin, tomato, oatmeal, apricot, peach, peas, papaya and collard greens in your daily diet to ensure a regular supply of vitamin A. * Improves immunity: Vitamin A enhances body immunity against infections by increasing the lympocytic responses against disease causing antigens.",CauseNet-cause.csv,,2,[],[],implicit,"[('disease', 'antigens')]",No
"Thyroid dysfunction causing aberrant behavior and seizures is reaching near epidemic proportions in dogs, according to my friend, Dr. W.",CauseNet-cause.csv,,2,[],[],implicit,"[('thyroid_dysfunction', 'seizures')]",No
"Metso's delivery will comprise a complete production line for woodfree uncoated paper including a stock preparation system, a paper... Philadelphia Inquirer: Scientists and environmental advocates reacted with anger and incredulity Wednesday to remarks by Gov. Christie expressing doubt that humans are causing climate change.",CauseNet-cause.csv,,2,[],[],implicit,"[('humans', 'climate_change')]",No
"From Jan. 2 the weather worsened, with fog and snow causing bad visibility.",CauseNet-cause.csv,,2,[],[],implicit,"[('fog', 'bad_visibility')]",No
"In addition to an afternoon of engaging classes on timely, intriguing topics, the program includes a dinner with a keynote presentation by Dr. Peter J. Webster, who has stirred international controversy with his findings that global warming is causing an increase in the number of severe hurricanes.",CauseNet-cause.csv,,2,[],[],implicit,"[('global_warming', 'increase')]",No
"""Former Florida Gov. Jeb Bush says he is 'light green' on the environment and is skeptical that humans are causing global warming.",CauseNet-cause.csv,,2,[],[],implicit,"[('humans', 'global_warming')]",No
"The blocking group, dihydrocinnamoyl, could be removed completely from the product without destruction of the phosphodiester bond using alpha-chymotrypsin {ED 3.4.21.1} at neutral pH. Precipitating antibodies in office workers and hospitalized patients directed toward antigens causing hypersensitivity pneumonitis; Chmelik F et al. ; The frequency of precipitating antibodies to Aspergillus, thermophilic actinomycetes, and pigeon serum was studied in hospitalized patients and in employees of the state of Wisconsin .",CauseNet-cause.csv,,3,[],[],implicit,"[('antigens', 'hypersensitivity_pneumonitis')]",No
"People are suffering with allergies for everything that can be mentioned-- and the discomfort, distress, illness resulting from all these allergies, etc. is causing the LAND TO MOURN.",CauseNet-cause.csv,,2,[],[],implicit,"[('allergies', 'illness')]",No
"You may be having an arrhythmia causing your symptoms,but your doctor must verify it.RJM Thank you Dr. Matthews for responding so quickly, I have 15 year history of 160/90 bp and high cholosterol of 200-244 most of the time, now better controled by Lipitor.",CauseNet-cause.csv,,2,[],[],implicit,"[('arrhythmia', 'symptoms')]",No
"at 32); (3) testimony from Bennett LeBow, who acquired ownership of Liggett Group, Inc. in the 1980s, that ""the tobacco companies were all lying regarding the defenses they were making including cigarettes causing disease"" (id.",CauseNet-cause.csv,,2,[],[],implicit,"[('cigarettes', 'disease')]",No
"When you go with her husband, Dr. Phlegming, to defeat the monster that's causing the sickness, Catarrhina is struck ill.",CauseNet-cause.csv,,2,[],[],implicit,"[('monster', 'sickness')]",No
"It is established that abnormal breathing patterns during sleep such as sleep apnea and hypopnea, obesity hyperventilation syndrome, etc. usually improve when eating disorders causing overweight and obesity are properly treated.",CauseNet-cause.csv,,2,[],[],implicit,"[('eating_disorders', 'obesity')]",No
"For example, a recent report by scientists from the Universities of Rochester and Virginia (including Prof. Singer) found that the most-often-cited climate models used to assert that greenhouse gases, like carbon dioxide (CO2), is causing the Earth to warm, differ starkly from the actual data of the past quarter-century.",CauseNet-cause.csv,,2,[],[],implicit,"[('greenhouse_gases', 'earth_to_warm')]",No
Flower infection with bacterial spot can be quite serious with pedicel (fig. 9) infection causing early blossom drop.,CauseNet-cause.csv,,2,[],[],implicit,"[('infection', 'early_blossom_drop')]",No
"The New World Order, which is the biblical Empire of the Beast of the Last Days, is using the fictitious doctrine that human activity is causing Global Warming when it is a known fact that Global Warming is cyclical in nature and occurs every 1000 years or so and lasts for approximately five centuries and then cools down again (see the paper Global Warming - Historical Cycles (No. 218b)).",CauseNet-cause.csv,,2,[],[],implicit,"[('human_activity', 'global_warming')]",No
"The presiding judge, Mr. Justice Gordon Thomson, agreed with the prosecutor at the sentencing hearing of Casey Wilcock who had been found guilty of criminal negligence causing death and four other charges.",CauseNet-cause.csv,,2,[],[],implicit,"[('criminal_negligence', 'death')]",No
A driver involved in an accident causing property damage over $ 500 (formerly $ 350) or death or personal injury must report such accident to the D.M.V. on an approved SR 1 report form.,CauseNet-cause.csv,,2,[],[],implicit,"[('accident', 'property_damage_over_$_500')]",No
"Potentially disease causing bacteria such as Vibrio spp., Salmonella sp., Shigella sp., and Staphylococcus sp. etc were within the threshold levels.",CauseNet-cause.csv,,2,[],[],implicit,"[('disease', 'bacteria')]",No
"Prior to seeing Dr. Block, most of these children never had a thorough medical exam to rule out any health problems causing the symptoms before they were labeled ADHD and given psychiatric drugs These drugs carry many risks.",CauseNet-cause.csv,,2,[],[],implicit,"[('health_problems', 'symptoms')]",No
"A crack that appeared in a reservoir in the area is causing concern, with workers racing to prevent a potential flood. . . border following Baja earthquake] The accompanying video graphically displays dust rising from mountains at Baja on the Mexicali border shaken by the ""Easter Earthquake"" that struck on Resurrection Sunday, 2010.",CauseNet-cause.csv,,4,[],[],implicit,"[('crack', 'concern')]",No
"""A solution of three parts water and one part hydrogen peroxide changes the pH of your saliva and makes for a harsh environment for the bacteria causing canker sores,"" says Palm Harbor, Florida, dentist Paul Caputo, D.D.S. ""Mixing this solution and gargling or swishing it around your mouth several times a day is very helpful when you have a canker sore.",CauseNet-cause.csv,,2,[],[],implicit,"[('bacteria', 'canker_sores')]",No
Although the pathogen causing red thread can attack all cool-season turfgrasses it is most severe on perennial ryegrass (Lolium perenne L.) and the fine fescues (Festuca spp.).,CauseNet-cause.csv,,3,[],[],implicit,"[('pathogen', 'red_thread')]",No
So here are some symptoms that is causing pain and that is why St. Johnny's KJV pills will work to relieve your pain and suffering.,CauseNet-cause.csv,,2,[],[],implicit,"[('symptoms', 'pain')]",No
"Arson causing death, kidnapping, murder, aggravated sexual assault: none; manslaughter: 6 yrs., arson: 11 yrs.; sexual assault, lewd and lascivious conduct, sexual exploitation of children, grand larceny, robbery, burglary, embezzlement, forgery, bribery, false claims, fraud, felony tax offenses: 6 yrs.; sexual assault or lewd and lascivious conduct of child under 16 yrs.",CauseNet-cause.csv,,3,['claims'],[],implicit,"[('arson', 'death')]",No
"The multi-institutional collaborative research led by Dr. Brais and Dr. Peter McPherson at The Neuro as well as Dr. Paul Chapple at Queen Mary, University of London indicates that that the sacsin protein has a mitochondrial function, and that mutations causing ARSACS are linked to a dysfunction of mitochondria in neurons.",CauseNet-cause.csv,,4,[],[],implicit,"[('mutations', 'arsacs')]",No
"Instead of an accident causing his powers, Daniels thought Dr. Croit willfully subjected him to it an experiment exchange for dropping charges against him.",CauseNet-cause.csv,,2,[],[],implicit,"[('accident', 'powers')]",No
"Drivers with more than 0.7 g/l of alcohol in their blood (2 or 3% on average on the road), are involved in 6% of reported offences (driving through stop-signs or red lights, etc.), 10% of material accidents alone, 20% of accidents causing bodily harm where an alcohol is performed.",CauseNet-cause.csv,,2,[],[],implicit,"[('accidents', 'bodily_harm')]",No
"The College has also made arrangements with A.W.G. Dewar, Inc. to offer a tuition refund plan to Rhodes parents that will provide a refund in case of illness or accident causing the student to withdraw before the semester is completed.",CauseNet-cause.csv,,3,[],[],implicit,"[('illness', 'student_to_withdraw')]",No
"These failures distressed Dr. Gibbon, who declared a 1-year moratorium for the heart-lung machine until more work could be done to solve the problems causing the deaths.",CauseNet-cause.csv,,2,[],[],implicit,"[('problems', 'deaths')]",No
"Prevention of disease in an animal population can be accomplished through promoting disease resistance, controlling infected animals and insects, controlling contaminated materials (feces, urine, saliva, dust, feed, water, etc), regulating movement of people and equipment among farms, and continual surveillance for evidence of disease causing microorganisms (bacteria, viruses, fungi, etc.) including evaluation of abnormal production parameters.",CauseNet-cause.csv,,2,[],[],implicit,"[('disease', 'microorganisms')]",No
"Most recently, Dr. Tanzi showed a link between herpes viruses and plaque production in Alzheimer's disease, proposing the hypothesis that brain plaques causing Alzheimer's disease may form as a defense mechanism to protect the brain against viruses, bacteria and other microbes.",CauseNet-cause.csv,,2,[],[],implicit,"[('brain_plaques', ""alzheimer_'s_disease"")]",No
"Nursery stock is known to be attacked by a wide range of pests including disease causing organisms (mycoplasmids, mycoplasma like organisms, viruses, bacteria, fungi, etc.), root and foliar feeding nematodes, insects (mealybugs, whiteflies, scales, fruit flies, bugs, beetles, moths, etc.), and higher animals (slugs, snails, birds, etc.).",CauseNet-cause.csv,,4,[],[],implicit,"[('disease', 'organisms')]",No
Also come to find out after the arrest that he had warrants out for his arrest in Maryland for DUI causing bodily injury and now he has done it again and killed this time!!!,CauseNet-cause.csv,,2,[],[],implicit,"[('dui', 'bodily_injury')]",No
"In an e-mail, Dr. Rignot attributed the shrinkage in the ice sheet to an upwelling of warm waters along the Antarctic coast, which is causing some glaciers to flow more rapidly into the ocean.",CauseNet-cause.csv,,2,[],[],implicit,"[('upwelling_of_warm_waters_along_the_antarctic_coast', 'shrinkage_in_the_ice_sheet')]",No
"Consider a recent example - the case of Hickson and Welch at Castleford, now called ""C6 Solutions Ltd."" At the start of the 90s, there was a major incident on the site, an explosion causing several deaths.",CauseNet-cause.csv,,2,[],[],implicit,"[('explosion', 'deaths')]",No
I appreciate the knowledge that Dr. Walker has about the female body and understood how this pain was causing me so much distress.,CauseNet-cause.csv,,2,[],[],implicit,"[('pain', 'distress')]",No
"For most people, staining is a result of smoking or consuming high-staining foods such as coffee, tea, red wine, blueberries and certain spices, says Dr. In some cases, people who took Tetracycline (an antibiotic) as a child might have brownish teeth, whereas people with bluish-grey teeth usually suffered some kind of trauma in the tooth causing it to trickle blood through the canal and into the tooth.",CauseNet-cause.csv,,2,[],[],implicit,"[('smoking', 'staining')]",No
"16 pages Directing the Commodity Futures Trading Commission to utilize all its authority, including its emergency powers, to curb immediately the role of excessive speculation in any contract market within the jurisdiction and control of the Commodity Futures Trading Commission, on or through which energy futures or swaps are traded: H.R. 6377, to direct the Commodity Futures Trading Commission to utilize all its authority, including its emergency powers, to curb immediately the role of excessive speculation in any contract market within the jurisdiction and control of the Commodity Futures Trading Commission, on or through which energy futures or swaps are traded, and to eliminate excessive speculation, price distortion, sudden or unreasonable fluctuations or unwarranted changes in prices, or other unlawful activity that is causing major market disturbances that prevent the market from accurately reflecting the forces of supply and demand for energy commodities, by a \\\\2/3\\\\ yea-and-nay vote of 402 yeas to 19 nays, Roll No. 468.",CauseNet-cause.csv,,3,[],[],implicit,"[('unlawful_activity', 'major_market_disturbances')]",No
It is now believed that the virus causing M.S. is found in sugar.,CauseNet-cause.csv,,2,['believed'],[],implicit,"[('virus', 'm.s_.')]",No
R v. D.H.T - D.H.T. was acquitted of assault causing bodily harm and violating his bail conditions.,CauseNet-cause.csv,,2,[],[],implicit,"[('assault', 'bodily_harm')]",No
"On the morning of March 16, 2010, in B.C. Provincial Court in Vancouver, a charge of criminal negligence causing death was laid against Karl Lilgert.",CauseNet-cause.csv,,2,[],[],implicit,"[('criminal_negligence', 'death')]",No
"The etiological agent is West Nile virus (WNV), a Flavivirus closely related to viruses causing Japanese encephalitis and St. Infection with WNV is most often asymptomatic.",CauseNet-cause.csv,,2,[],[],implicit,"[('viruses', 'japanese_encephalitis')]",No
"Bacteria causing prostatitis include E. coli, Staphylococcus spp., Streptococcus spp., and Mycoplasma spp. 321.",CauseNet-cause.csv,,2,[],[],implicit,"[('bacteria', 'prostatitis')]",No
"Asked about a pre-election proposal by the Chen administration to replace ""China"" with ""Taiwan"" in the names of some of the island's government offices and state-owned companies, Mr. Hsieh said he would only support doing so in cases where the current name was causing confusion.",CauseNet-cause.csv,,2,[],[],implicit,"[('current_name', 'confusion')]",No
R. v. T. 2010 Nunvut Court of Justice: Female client charged with assault causing bodily harm by biting off large piece of male's tongue.,CauseNet-cause.csv,,2,[],[],implicit,"[('assault', 'bodily_harm')]",No
"""'These long-overdue findings cement 2009 's place in history as the year when the United States Government began addressing the challenge of greenhouse-gas pollution and seizing the opportunity of clean-energy reform, ' said EPA Administrator Lisa P. ""Business leaders, security experts, government officials, concerned citizens and the United States Supreme Court have called for enduring, pragmatic solutions to reduce the greenhouse gas pollution that is causing climate change.",CauseNet-cause.csv,,2,[],[],implicit,"[('greenhouse_gas_pollution', 'climate_change')]",No
"Seven weeks after the amputation, he received matching bionic prostheses from Dr. Todd A. Originally the prostheses were operated from neural signals at the amputation sites, but Sullivan developed hyper-sensitivity from his skin grafts, causing great discomfort, so he had neural surgery to graft nerves, which originally lead to his arm, to his chest.",CauseNet-cause.csv,,2,[],['lead to'],implicit,"[('neural_surgery_to_graft_nerves', 'arm')]",No
"The director of the Occupational Safety and Health Administration (OSHA) office of carcinogenic identification, Dr. Peter Infante reports in the Current Intelligence Bulletin (CIB) that formaldehyde, a common component of vaccines, has cancer causing potential.",CauseNet-cause.csv,,2,[],[],implicit,"[('cancer', 'potential')]",No
"An inquest was held by a Justice of the Peace at Pewaukee to-day, and Dr. Hewitt, of that place, who made the examination, testified that the back of Harris's head had been crushed in with some blunt instrument causing his death.",CauseNet-cause.csv,,2,[],[],implicit,"[('blunt_instrument', 'death')]",No
"Mucor sp., Rhizopus sp., and Absidia sp. comprise the group of fungi causing this disease.",CauseNet-cause.csv,,2,[],[],implicit,"[('fungi', 'disease')]",No
"On 26 July 2008, the United States House of Representatives passed the Energy Markets Emergency Act of 2008 (H.R. 6377), which directs the Commodity Futures Trading Commission (CFTC) ""to utilize all its authority, including its emergency powers, to curb immediately the role of excessive speculation in any contract market within the jurisdiction and control of the Commodity Futures Trading Commission, on or through which energy futures or swaps are traded, and to eliminate excessive speculation, price distortion, sudden or unreasonable fluctuations or unwarranted changes in prices, or other unlawful activity causing major market disturbances that prevent the market from accurately reflecting the forces of supply and demand for energy commodities.""",CauseNet-cause.csv,,2,[],[],implicit,"[('unlawful_activity', 'major_market_disturbances')]",No
"The broken rail causing this accident was manufactured by the Tennessee Coal & Iron Co. by the open-hearth process; it weighed 80 pounds to the yard, was rolled in June, 1906, and was laid in the track that fall.",CauseNet-cause.csv,,2,[],[],implicit,"[('broken_rail', 'accident')]",No
"After a heated > argument, Bolon, 36, eventually admitted that Beavis, 10 years his elder, > was entitled to the estate, but Beavis suddenly died of a heart attack > brought on by the strain. > >",CauseNet-noncause.csv,,2,[],[],implicit,"[('strain', 'heart_attack')]",No
"Let us remember George Washington's warning from his farewell address excerpted on p. 76 of the book: ""Of all the dispositions and habits which lead to political prosperity, religion and morality are indespensable supports... And let us with caution indulge the supposition that morality can be maintained without religion... Reason and experience forbid us to expect that national morality can prevail to the exclusion of religious principle.""",CauseNet-noncause.csv,,2,[],['lead to'],implicit,"[('dispositions_and_habits', 'religion')]",No
The St. John and St. Matthew passions and B Minor Mass led to the rediscovery of his music in the 19th century.,CauseNet-noncause.csv,,3,[],['led to'],implicit,"[('b_minor_mass', 'rediscovery_of_his_music_in_the_19th_century')]",No
Propinquity led to romance (not for me and Mrs. The girl of my dreams and Robert became an item.,CauseNet-noncause.csv,,2,[],['led to'],implicit,"[('propinquity', 'romance')]",No
"Elements suggested include: ""Oblatory love""; ""Responsibility in establishing conjugal friendship""; ""Maturity of personal conduct throughout the ordinary events of daily life""; ""Stability of conduct and capability of adapting to circumstances""; ""Gentleness and kindness of character and manners in mutual relationships"", etc. (The Signatura Sentence of Nov. 29, 1975 criticised the inadequacy of these suggestions (cf. It is clear that elements such as these are highly desirable in married life, and their presence contributes greatly to its success and happiness, just as their absence can lead to married unhappiness and failure.",CauseNet-noncause.csv,,4,[],['lead to'],implicit,"[('absence', 'failure')]",No
"Library Bibliography Films Testimonies Articles Declarations Legislation Network Organizations Legal Help Speakers Bureau Headlines KENYA: Mbeere District Schoolgirls Circumcised SecretelyKENYA: It is the high season for circumcision as the new law against FGM fails to biteSOMALIA: MPs summon Puntland Ministers on FGM motionUGANDA: Rights Activists Push for FGM EndINDIA: Female circumcision could lead to medical complications: DocsKENYA: Kenya joins fight against female circumcisionSENEGAL: Female Circumcision Drops In SenegalContent Management Powered by UTF-8 CuteNews >> More You are here: Print this Page Federal Prohibition of Female Genital Mutilation Act of 1995 104th CONGRESS 1st Session S. 1030 (STATUS: PASSED) IN THE SENATE OF THE UNITED STATES July 13 (legislative day, July 10), 1995 Mr. REID (for himself, Mr. WELLSTONE, and Ms. MOSELEY-BRAUN) introduced the following bill; which was read twice and referred to the Committee on the Judiciary A BILL Entitled the ""Federal Prohibition of Female Genital Mutilation Act of 1995"" Be it inacted by the Senate and House of Representatives of the United States of America in Congress assembled, SECTION 1.",CauseNet-noncause.csv,,5,[],['lead to'],implicit,"[('female_circumcision', 'medical_complications')]",No
"The user is particularly obligated to release bab.la from all obligations, expenditures and claims resulting from damages due to libel, slander, defamation, violation of personal rights, due to the loss of services for other users, due to the violation of intangible assets (trademark, copyright, etc.) or other rights.",CauseNet-noncause.csv,,2,['claims'],"['due to', 'due to', 'due to']",implicit,"[('libel', 'damages')]",No
"The organization arose out of the candidacy of Dr. Howard Dean and as director I spearheaded initiatives working to ensure that all Americans, including the disabled, the elderly and wounded veterans, have guaranteed quality healthcare, free from manipulations by for-profit private insurance companies which often find ways of dropping coverage in cases of severe injuries and illnesses that lead to long-term disability.",CauseNet-noncause.csv,,2,[],['lead to'],implicit,"[('illnesses', 'long-term_disability')]",No
"The IMMEDIATE Trial is testing whether intervention with intravenous Glucose, Insulin and Potassium (GIK vs. placebo) initiated pre-hospital can help minimize heart muscle damage during a heart attack that might otherwise lead to death or long-term heart failure.",CauseNet-noncause.csv,,2,[],['lead to'],implicit,"[('heart_attack', 'death')]",No
"Excursions lead to the Engadine valley, St. Moritz, Pontresina, the Upper Engadine lakes, Bernina Pass and the more than 5'000-year-old city of Chur.",CauseNet-noncause.csv,,2,[],['lead to'],implicit,"[('excursions', 'engadine_valley')]",No
"In his study of the Resurrectionist Fathers, The First One Hundred Years, Rev. John Iwicki, CR, recounts the controversy which led to ""violence, rebellion, and schism.""",CauseNet-noncause.csv,,2,[],['led to'],implicit,"[('controversy', 'rebellion')]",No
"Nutritional deficiencies, environmental factors, methylation deficiencies, hormonal imbalances, and stress clearly can lead to depression and anxiety, but they also facilitate psychological factors(386,493,580,etc.).",CauseNet-noncause.csv,,2,[],['lead to'],implicit,"[('stress', 'depression')]",No
"During that time, Mr. Sweeney was also directly involved in the due diligence and execution that led to the merger of Canwest and Alliance Atlantis, as well as the deal that brought Comcast's E! Entertainment channel to Canada.",CauseNet-noncause.csv,,3,[],['led to'],implicit,"[('execution', 'deal')]",No
"In addition, depression, insomnia, feeling tired, etc. are also due to stress.",CauseNet-noncause.csv,,2,[],['due to'],implicit,"[('stress', 'insomnia')]",No
"As the months ticked by, and the number of people taking the drug climbed steadily, the F.D.A. began to get reports of adverse reactions, including serious liver damage that sometimes led to death.",CauseNet-noncause.csv,,2,[],['led to'],implicit,"[('serious_liver_damage', 'death')]",No
"Some consideration may also be given to adding rifampin 300 mg twice daily, as it does improve the response rate for infections due to MRSA, says Dr. True, a private practitioner specializing in surgical and medical treatment for hair restoration with offices in New York, Short Hills, N.J., and Boston.",CauseNet-noncause.csv,,2,[],['due to'],implicit,"[('mrsa', 'infections')]",No
"The broad road leads to destruction, namely death and hell (cf. Few will enter the kingdom compared with the many who will perish.",CauseNet-noncause.csv,,2,[],['leads to'],implicit,"[('broad_road', 'destruction')]",No
Gerhardsson et al. (1986) reported excess deaths due to stomach and lung cancer among a cohort of smelter workers.,CauseNet-noncause.csv,,2,[],['due to'],implicit,"[('lung_cancer', 'excess_deaths')]",No
"""The bottom line is that smoking leads to periodontal disease which leads to tooth loss,"" says Dr. ""One theory is that tobacco may restrict the blood flow to the gum tissues, which would restrict the necessary nutrients to the bone and periodontal support of the teeth.",CauseNet-noncause.csv,,2,[],"['leads to', 'leads to']",implicit,"[('smoking', 'periodontal_disease')]",No
"It started last November, when a 27-year-old woman,11 weeks pregnant with her fifth child, was admitted to St. She had severe health problems due to the pregnancy.",CauseNet-noncause.csv,,2,[],['due to'],implicit,"[('pregnancy', 'severe_health_problems')]",No
Gastric Helicobacter spp. induce chronic gastritis that may lead to ulceration and dysplasia.,CauseNet-noncause.csv,,2,[],['lead to'],implicit,"[('chronic_gastritis', 'ulceration')]",No
"This cell loss is due to programmed cell death or apoptosis (Strange et al. 1992, Walker et al.",CauseNet-noncause.csv,,2,[],['due to'],implicit,"[('apoptosis', 'cell_loss')]",No
"While most of the interplanetary shocks are CME-driven, coronal shock waves can be attributed to solar flares, CMEs, or some combination of these two phenomena (see e.g. Reiner et al. 2001, Magdalenic et al.",coling22-mining-health-related-statements_sentence_test_causenet_evaluations.csv,121652.0,2,[],[],implicit,"[('cmes', 'coronal shock waves')]",No
The open-ended series is the result of Dr. Deming's collaboration with producer/ director Clare Crawford-Mason and writer-narrator-economics reporter Lloyd Dobyns.,coling22-mining-health-related-statements_sentence_test_causenet_evaluations.csv,121847.0,2,[],[],implicit,"[(""dr. deming 's collaboration"", 'open-ended series')]",No
"Unfortunately, according to Dr. Schwartz, many cat owners view the negative behaviors associated with separation anxiety syndrome as irresolvable; leading to the forfeiture of their beloved pet.",coling22-mining-health-related-statements_sentence_test_causenet_evaluations.csv,122370.0,2,[],['leading to'],implicit,"[('separation anxiety syndrome', 'negative behaviors')]",No
"As we shall see, the answer is ""yes"" (cf. Proposition 62), a corollary * *being that infinite loop machines associated with distinct E1 operads O and P attach the * *""same"" spectra to a -separated proper special -space.",coling22-mining-health-related-statements_sentence_test_causenet_evaluations.csv,121794.0,2,[],[],implicit,"[('distinct e1 operads o', 'infinite loop machines')]",No
"These intimations of their assisting in the destruction of Jerusalem have led to the prophecy being usually dated B.C. 587, the year following the destruction.",coling22-mining-health-related-statements_sentence_test_causenet_evaluations.csv,121785.0,2,[],['led to'],implicit,"[('intimations of their assisting in the destruction of jerusalem', 'prophecy being usually dated b.c . 587')]",No
Untreated this can lead to perforation within 12 hours ( so act hard and fast ! ) .,medcaus.csv,2272,2,[],['lead to'],implicit,"[('Untreated this', 'perforation within 12 hours')]",No
"""The studio also made several lesser films , such as Man - Made Monster , starring Lon Chaney , Jr. as a carnival side - show worker who is turned into an electrically charged killer , able to dispatch victims merely by touching them , causing death by electrocution .""",medcaus.csv,7025,2,[],[],implicit,"[('Jr. as a carnival side - show worker who is turned into an electrically charged', 'causing death by')]",No
"""It was written c. 175 to 177 , shortly after the death of Justin Martyr ( who was possibly the first Christian apologist ) , and was probably a response to his work .""",medcaus.csv,6337,2,[],[],implicit,"[('to his', ', and was probably')]",No
"Using data from the HRS , researchers examined trends in defined benefit ( DB ) vs. defined contribution ( DC ) pension plans and found that those nearing retirement had only limited exposure to the recent stock market decline and thus are not likely to substantially delay their retirement .",medcaus.csv,13187,2,[],['thus'],implicit,"[('those nearing retirement had only limited exposure to the recent stock market decline', 'are not likely to substantially delay their retirement')]",No
"""The efforts of Berthelot and Ruelle to put a little order in this mass of literature led only to poor results , and the later researchers , among them in particular Mrs. Hammer - Jensen , Tannery , Lagercrantz , von Lippmann , Reitzenstein , Ruska , Bidez , Festugiere and others , could make clear only few points of detail ....""",medcaus.csv,3004,2,[],[],implicit,"[('`` The efforts of Berthelot and Ruelle to put a little order in this mass of', 'to poor')]",No
"In 1832 , Dr. JJ Hjort conducted the first leprosy survey , thus establishing a basis for epidemiological surveys .",medcaus.csv,12106,2,[],['thus'],implicit,"[('In 1832 , Dr. JJ Hjort conducted the first leprosy survey', 'establishing a basis for epidemiological surveys')]",No
"""Studies carried out to determine whether halostachine might be responsible for causing """" ryegrass staggers """" in Australia involved the administration of doses up to 100 mg / kg , i.v . , in sheep , and 100 mg / kg , i.p . , in guinea pigs , without any indication of lethality .""",medcaus.csv,12568,3,[],[],implicit,"[('whether', ""causing '' '' ryegrass staggers ''"")]",No
"In 1971 editor Willie Morris resigned under pressure from owner John Cowles , Jr. , prompting resignations from many of the magazine 's star contributors and staffers , including Norman Mailer , David Halberstam , Robert Kotlowitz , Marshall Frady and Larry L. King :",medcaus.csv,11537,2,[],[],implicit,"[('In 1971 editor Willie Morris resigned under pressure from owner John Cowles , Jr.', ""resignations from many of the magazine 's star contributors and staffers , including Norman Mailer , David Halberstam , Robert Kotlowitz , Marshall Frady and Larry L. King"")]",No
"According to R.J. Rummel , forced labor , executions , and concentration camps were responsible for over one million deaths in North Korea from 1948 to 1987 ; others have estimated 400,000 deaths in concentration camps alone .",medcaus.csv,11101,2,[],[],implicit,"[('forced labor , executions , and concentration camps', 'over one million deaths in North Korea from 1948 to 1987')]",No
"""Heavy gases are less water - soluble so they are less likely to leak out from the microbubble to impair echogenicity ( McCulloch et al . , 2000 ) .""",medcaus.csv,1714,2,[],[],implicit,"[('`` Heavy gases are less -', 'so they are less likely to leak out from the microbubble to impair -LRB- McCulloch et')]",No
"More recently , Dr. Michael Palmer , a professor of chemistry at the University of Waterloo , has pointed out that DDT is still used to prevent malaria , that its declining use is primarily due to increases in manufacturing costs , and that in Africa , efforts to control malaria have been regional or local , not comprehensive .",medcaus.csv,13964,2,[],['due to'],implicit,"[('increases in manufacturing costs', 'its declining use')]",No
A regenerative medicine therapy was developed by Dr. Peter DeMarco to treat diabetic gangrene to avoid amputations .,medcaus.csv,2482,2,[],[],implicit,"[('treat diabetic gangrene to avoid amputations', 'A regenerative medicine therapy was developed by Dr. Peter DeMarco')]",No
"""This affected Austin 's districting , as U.S. Rep. Lloyd Doggett 's district ( U.S. Congressional District 25 ) was found to be insufficiently compact to compensate for the reduced minority influence in the southwest district ; it was redrawn so that it took in most of southeastern Travis County and several counties to its south and east .""",medcaus.csv,5906,2,[],[],implicit,"[('; it was', 'that it took in most of southeastern Travis County and several counties to its south and')]",No
