sentence,source,id,sentence_count,negation_marker,causal_marker,implicit_vs_explicit,CE,multiple_c_e
"Therefore, unbalanced degree of vitamin D inside the body will eventually cause depression.",CauseNet-cause.csv,,1,[],"['Therefore', 'cause']",explicit,"[('unbalanced_degree_of_vitamin_d_inside_the_body', 'depression')]",No
Meningococcal disease also causes blood infections.,CauseNet-cause.csv,,1,[],['causes'],explicit,"[('meningococcal_disease', 'blood_infections')]",No
"Park Sang-jin, a professor of psychiatry at NHIC's Ilsan Hospital said, ""It seems the number of sleep disorder victims has increased due to worries or anxiety disorders, depression, and stress caused by the recession and the job crisis.""",CauseNet-cause.csv,,1,[],"['due to', 'caused']",explicit,"[('recession', 'stress')]",No
"The modified live vaccine is made to vaccinate healthy horses 3 months or older, to help prevent the respiratory symptoms caused by EHV-1.",CauseNet-cause.csv,,1,[],['caused'],explicit,"[('ehv-1', 'respiratory_symptoms')]",No
"The vitamin is also known as ascorbic acid meaning ""without scurvy,"" the disease caused by a Vitamin C deficiency.",CauseNet-cause.csv,,1,[],['caused'],explicit,"[('vitamin_c_deficiency', 'disease')]",No
"the war had caused great loss of life and enormous damage to certain allied countries, especially Belgium and France by German armies, and to Italy by Austro-Hungarian armies.",CauseNet-cause.csv,,1,[],['caused'],explicit,"[('war', 'great_loss_of_life')]",No
The evaluation of each study indicates why the assumption that abortion causes substance abuse is unwarranted.,CauseNet-cause.csv,,1,[],['causes'],explicit,"[('abortion', 'substance_abuse')]",No
The exclusive wiper formulation and its unique one-piece design resists corrosion caused by the elements and freezing.,CauseNet-cause.csv,,1,[],['caused'],explicit,"[('elements', 'corrosion')]",No
"First of all, accommodative monetary policy can cause inflation.",CauseNet-cause.csv,,1,[],['cause'],explicit,"[('accommodative_monetary_policy', 'inflation')]",No
"Chewing off the insulation from electrical wires can create shorts that can cause fires, and even simply by a squirrel running along power lines can short out transformers.",CauseNet-cause.csv,,1,[],['cause'],explicit,"[('shorts', 'fires')]",No
Tobacco smoking continues to be the major preventable cause of premature morbidity and mortality throughout the world.,CauseNet-cause.csv,,1,[],['cause'],explicit,"[('tobacco_smoking', 'mortality')]",No
It is now believed Washington died of a septic sore throat caused by acute edema of the larynx.,CauseNet-cause.csv,,1,['believed'],['caused'],explicit,"[('acute_edema_of_the_larynx', 'septic_sore_throat')]",No
"* Caffeine, found in sodas, coffee, tea, chocolate, NoDoz, some OTC analgesics and antihistamines, and pain remedies such as Anacin, Emperin, Midol and Excedrin, is a major cause of headaches.",CauseNet-cause.csv,,1,[],['cause'],explicit,"[('caffeine', 'headaches')]",No
Heart diseases caused by high blood pressure contributes to hardening of the arteries.,CauseNet-cause.csv,,1,[],['caused'],explicit,"[('high_blood_pressure', 'heart_diseases')]",No
"This CARISOPRODOL may cause stomach upset, heartburn, headache, dizziness or CARISOPRODOL may occur.",CauseNet-cause.csv,,1,[],['cause'],explicit,"[('carisoprodol', 'dizziness')]",No
It is undoubtedly true that sin is the cause of all misery.,CauseNet-cause.csv,,1,[],['cause'],explicit,"[('sin', 'misery')]",No
"While I don't discount anti-inflamatory drugs and antibiotics as possible culprits, I think maybe the explosion of Starbucks all over the place has contributed to the explosion in acid reflux cases....."" [SIDE EFFECTS] 02/16/2007: Linda from Thunder Bay, Canada writes: ""I was reading your site and this is the first confirmation I've had that Ibuprofen caused my acid reflux.'",CauseNet-cause.csv,,1,[],['caused'],explicit,"[('ibuprofen', 'acid_reflux')]",No
The survey shows that Serbia is now iodine replete and that thyroid disorders caused by iodine deficiency are under control in schoolchildren.,CauseNet-cause.csv,,1,[],['caused'],explicit,"[('iodine_deficiency', 'thyroid_disorders')]",No
After the examination he spoke to Miss Cuthbert and said that the cause of the breathing problem was emphysema.,CauseNet-cause.csv,,1,[],['cause'],explicit,"[('emphysema', 'breathing_problem')]",No
Human Immunodeficiency Virus (HIV) is the cause of AIDS.,CauseNet-cause.csv,,1,[],['cause'],explicit,"[('human_immunodeficiency_virus', 'aids')]",No
"Obesity is a leading cause of death and is associated with many of the top 10 diseases with the highest mortality rates, including diabetes, heart disease, stroke, and cancer.",CauseNet-cause.csv,,1,[],['cause'],explicit,"[('obesity', 'death')]",No
"In other words, where a dog owner knows, or should have known, of his/her dog's vicious propensity, the owner may be subject to liability for the injuries caused by the dog.",CauseNet-cause.csv,,1,[],['caused'],explicit,"[('dog', 'injuries')]",No
Personal concerns that are only indirectly created by others are another top cause of stress.,CauseNet-cause.csv,,1,[],['cause'],explicit,"[('personal_concerns', 'stress')]",No
"However, we know that some pollutants can cause health problems - for example, some of the minute particles found in diesel fumes can make people's asthma symptoms worse.",CauseNet-cause.csv,,1,[],['cause'],explicit,"[('pollutants', 'health_problems')]",No
Not every mutation causes resistance.,CauseNet-cause.csv,,1,[],['causes'],explicit,"[('mutation', 'resistance')]",No
"This includes loss of data resulting from delays, non-deliveries, mis-deliveries, system failures or service interruptions caused by any source whatsoever, including Driftwood's own negligence, subscriber's errors or omissions, or due to the fault of third parties.",CauseNet-cause.csv,,1,[],"['caused', 'due to']",explicit,"[('delays', 'loss_of_data')]",No
"Although it has been shown that chemotherapy causes damage to ovarian blood vessels by hyalinization and lumen narrowing, neovascularization with CD34 proliferation has been concomitantly demonstrated (39).",CauseNet-cause.csv,,1,[],['causes'],explicit,"[('chemotherapy', 'damage')]",No
"Diverticulitis is a common cause of abdominal pain in the older patient; in appropriately selected patients, it may be treated on an outpatient basis with oral antibiotics.",CauseNet-cause.csv,,1,[],['cause'],explicit,"[('diverticulitis', 'abdominal_pain')]",No
"But the message on its Web site is rather straightforward: ""[OWS] is fighting back against the corrosive power of major banks and multinational corporations over the democratic process, and the role of Wall Street in creating an economic collapse that has caused the greatest recession in generations.""",CauseNet-cause.csv,,1,[],['caused'],explicit,"[('economic_collapse', 'recession_in_generations')]",No
"The leading causes of death among the patients with a continuous-flow left ventricular assist device were hemorrhagic stroke (in 9% who underwent device implantation), right heart failure (in 5%), sepsis (in 4%), external power interruption (in 4%), respiratory failure (in 3%), cardiac arrest (in 3%), and bleeding (in 3%).",CauseNet-cause.csv,,1,[],['causes'],explicit,"[('hemorrhagic_stroke', 'death')]",No
"It is frequently seen in alcoholics, persons with diarrhea, patients taking aminoglycosides or diuretics, because hypomagnesemia can cause hypocalcemia.",CauseNet-cause.csv,,1,[],"['because', 'cause']",explicit,"[('hypomagnesemia', 'hypocalcemia')]",No
We -- we also have a good knowledge of the ways in which smoking can act to cause chronic obstructive pulmonary disease.,CauseNet-cause.csv,,1,[],['cause'],explicit,"[('smoking', 'chronic_obstructive_pulmonary_disease')]",No
"With all the evidence out there to suggest that driver distraction is a leading cause of accidents and corporate liability, this is a serious safety risk to overcome when aiming to establish a safer, more effective fleet.",CauseNet-cause.csv,,1,[],['cause'],explicit,"[('driver_distraction', 'accidents')]",No
But indoor air pollution can cause many illnesses.,CauseNet-cause.csv,,1,[],['cause'],explicit,"[('indoor_air_pollution', 'illnesses')]",No
"Peripheral neuropathy, the most common type of diabetic neuropathy, causes pain or loss of feeling in the toes, feet, legs, hands, and arms.",CauseNet-cause.csv,,1,[],['causes'],explicit,"[('peripheral_neuropathy', 'pain')]",No
"The virus that causes chickenpox is varicella-zoster, a member of the herpesvirus family.",CauseNet-cause.csv,,1,[],['causes'],explicit,"[('virus', 'chickenpox')]",No
"Initially, doctors usually prescribe medicine to scale back the inflammation and to alleviate rheumatoid arthritis causes pain.",CauseNet-cause.csv,,1,[],['causes'],explicit,"[('rheumatoid_arthritis', 'pain')]",No
"70% of patients develop some degree of pulmonary fibrosis, which is the commonest cause of death directly related to scleroderma.",CauseNet-cause.csv,,1,[],['cause'],explicit,"[('pulmonary_fibrosis', 'death')]",No
"The excavation of the open pit has also caused the adjoining rivers and streams to dry up, along with people's drinking wells.",CauseNet-cause.csv,,1,[],['caused'],explicit,"[('excavation_of_the_open_pit', 'adjoining_rivers')]",No
"While several factors may be contributing to the decline of global amphibian species, the disease caused by a chytrid fungus is now known to be a major factor.",CauseNet-cause.csv,,1,[],['caused'],explicit,"[('chytrid_fungus', 'disease')]",No
"The leading causes of kidney failure are diabetes and hypertension, Curtis said.",CauseNet-cause.csv,,1,[],['causes'],explicit,"[('diabetes', 'kidney_failure')]",No
"Satcher's office estimated that about 1 in 5 Americans ""experiences a mental disorder"" in the course of any year, and that in prosperous nations, mental illness is the second leading cause of disability and premature mortality, after only cardiovascular disease.",CauseNet-cause.csv,,1,[],['cause'],explicit,"[('mental_illness', 'disability')]",No
"Given how infrequently depression is reported with Micardis and how common it is within the general population, it is difficult to tell whether the condition is actually caused by Micardis, other factors, or a combination of both.",CauseNet-cause.csv,,1,[],['caused'],explicit,"[('micardis', 'condition')]",No
Long-term use of oral antibiotics may cause side effects.,CauseNet-cause.csv,,1,[],['cause'],explicit,"[('long-term_use_of_oral_antibiotics', 'side_effects')]",No
Researchers suggest that HPV infection causes cancers that are biologically different than other cancers.,CauseNet-cause.csv,,1,[],['causes'],explicit,"[('hpv_infection', 'cancers')]",No
"If the negligence of a driver caused an accident while you were biking, they may be liable for the accident and you may be entitled to compensation for your injuries and damages resulting from the Biking Accident.",CauseNet-cause.csv,,1,[],['caused'],explicit,"[('biking_accident', 'injuries')]",No
The Internet Corporation for Assigned Names and Numbers (ICANN) voted overwhelmingly in favour of the proposal at a meeting in Singapore despite fears the shift would cause some confusion and favour large companies.,CauseNet-cause.csv,,1,[],['cause'],explicit,"[('shift', 'confusion')]",No
Some studies show that emotional stress may also cause alopecia areata.,CauseNet-cause.csv,,1,[],['cause'],explicit,"[('emotional_stress', 'alopecia_areata')]",No
"Lyme disease is contracted from the Deer Tick, and can cause symptoms such as fatigue, lethargy, arthritis, and eventually kidney damage.",CauseNet-cause.csv,,1,[],['cause'],explicit,"[('lyme_disease', 'symptoms')]",No
Anthropogenic global warming is defined by any warming caused by man.,CauseNet-cause.csv,,1,[],['caused'],explicit,"[('man', 'warming')]",No
"Furthermore, the percentage of maternal deaths due to post-partum hemorrhage has decreased from 41% in 1998 to 24% in 2009, although, unfortunately, this condition still remains the leading cause of maternal deaths.",CauseNet-cause.csv,,1,[],"['due to', 'cause']",explicit,"[('post-partum_hemorrhage', 'maternal_deaths')]",No
"Pleural mesothelioma, which is the most common type and affects the area around the lungs, may cause shortness of breath, chest pains, and a persistent cough, which may lead to coughing up blood.",CauseNet-cause.csv,,1,[],"['cause', 'lead to']",explicit,"[('pleural_mesothelioma', 'shortness_of_breath')]",No
They say that the stress and anxiety caused by the attacks led directly to more underweight babies.,CauseNet-cause.csv,,1,[],['caused'],explicit,"[('attacks', 'stress')]",No
The damage caused by neglect and the horde of cats was daunting.,CauseNet-cause.csv,,1,[],['caused'],explicit,"[('neglect', 'damage')]",No
"The STS-118 crew used a camera mounted on a boom to check the leading edge of the shuttle's wings as well as the nose cap, looking for any damage that might have been caused by debris impacts.",CauseNet-cause.csv,,1,[],['caused'],explicit,"[('debris_impacts', 'damage')]",No
"The toxins produced by Staphylococcus aureus can also cause toxic shock syndrome, a serious and potentially fatal disease.",CauseNet-cause.csv,,1,[],['cause'],explicit,"[('toxins', 'toxic_shock_syndrome')]",No
And we willing blame others for problems caused by our own uses and abuses.,CauseNet-cause.csv,,1,[],['caused'],explicit,"[('abuses', 'problems')]",No
"These proteins may directly harm the kidney, or deposit in the kidneys and cause kidney disease.",CauseNet-cause.csv,,1,[],['cause'],explicit,"[('proteins', 'kidney_disease')]",No
"If science does lead to truth, it is only because it is based upon the assumption of certain rational principles such as ""Every event is caused"" and ""The future will resemble the past"".",CauseNet-cause.csv,,1,[],"['lead to', 'because', 'caused']",explicit,"[('science', 'truth')]",No
In my life I have found that money was the least cause of stress.,CauseNet-cause.csv,,1,[],['cause'],explicit,"[('money', 'stress')]",No
The pesticides may also be a cause of breast cancer.,CauseNet-cause.csv,,1,[],['cause'],explicit,"[('pesticides', 'breast_cancer')]",No
Treatment of cells with PMA induces COX-2 and causes a marked increase in the production of prostaglandin E2.,CauseNet-cause.csv,,1,[],['causes'],explicit,"[('treatment_of_cells', 'increase')]",No
"Krystexxa is an enzyme that lowers uric acid levels, the cause of pain associated with gout, by metabolizing it into a harmless chemical that is then excreted by the body.",CauseNet-cause.csv,,1,[],['cause'],explicit,"[('gout', 'pain')]",No
"The Endoscopy Center of Southern Nevada's habitual re-use of syringes and vials infected six people with hepatitis C, prompting the largest patient notification campaign of its kind -- some 40,000 people who underwent procedures at the clinic over a four-year period now need to be tested for hepatitis B, hepatitis C and the virus that causes AIDS.",CauseNet-cause.csv,,1,[],['causes'],explicit,"[('virus', 'aids')]",No
Acupuncture is used to release tension and stress that may have caused the tinnitus.,CauseNet-cause.csv,,1,[],['caused'],explicit,"[('stress', 'tinnitus')]",No
"Thus, plaintiffs argue that the murder and extortion proximately caused injury to Owens Wiwa's business (i.e., his medical practice), satisfying the causation element of the RICO standing [*90] requirements of section 1962(c).",CauseNet-cause.csv,,1,[],"['Thus', 'caused', 'causation']",explicit,"[('extortion', 'injury')]",No
The pesticides that are less toxic can also cause harmful effects if a person is exposed to them for longer durations.,CauseNet-cause.csv,,1,[],['cause'],explicit,"[('pesticides', 'harmful_effects')]",No
SIDE EFFECTS: This medication causes drwosiness and dizziness.,CauseNet-cause.csv,,1,[],['causes'],explicit,"[('medication', 'dizziness')]",No
"In some very rare cases, this medication can cause problems with blood pressure, blood clots and perhaps even heart attacks or strokes.",CauseNet-cause.csv,,1,[],['cause'],explicit,"[('medication', 'problems')]",No
"However, the plants do cause problems for recreational boaters and swimming beaches, and can increase taste-and-odor problems in drinking water supplies, and can block water-intake pipes during storm events.",CauseNet-cause.csv,,1,[],['cause'],explicit,"[('plants', 'problems')]",No
"Here, too, however, the primary cause of death is injury (37%), especially falls.In any case, 21% of these fatalities were caused by mountain sickness.",CauseNet-cause.csv,,1,[],"['cause', 'caused']",explicit,"[('injury', 'death')]",No
Flooding caused some crop damage in all areas.,CauseNet-cause.csv,,1,[],['caused'],explicit,"[('flooding', 'crop_damage')]",No
"Alcoholism can also cause serious health problems such as high blood pressure, gastritis, liver damage, pancreatitis, brain damage, hypoglycemia and heart disease.",CauseNet-cause.csv,,1,[],['cause'],explicit,"[('alcoholism', 'serious_health_problems')]",No
Cancer is the leading cause of death in the US and melanoma incidence is increasing fastest (~69K new cases/year).,CauseNet-cause.csv,,1,[],['cause'],explicit,"[('cancer', 'death_in_the_us')]",No
"A recent study, the Hypertension in the Very Elderly Trial, showed that blood pressure control to < 150/80 mmHg in patients > 80 years of age (treated with the diuretic indapamide, or the angiotensin-converting enzyme [ACE] inhibitor perindopril) led to a reduction of the risk of fatal or nonfatal stroke by 30%, a 39% reduction in the rate of death from stroke (95% CI 1-62; P = 0.05), a 21% reduction in the rate of death from any cause, a 23% reduction in the rate of death from cardiovascular causes, and a 64% reduction in the rate of heart failure.",CauseNet-cause.csv,,1,[],"['led to', 'cause', 'causes']",explicit,"[('blood_pressure_control', 'reduction')]",No
"Dioxin also causes birth defects, immunosuppression, and tumors.",CauseNet-cause.csv,,1,[],['causes'],explicit,"[('dioxin', 'birth_defects')]",No
"Just as our home exterior paintwork, brickwork, or metalwork is susceptible to erosion and damage from the elements, so our gardens are at risk from damage caused by various pests and diseases.",CauseNet-cause.csv,,1,[],['caused'],explicit,"[('diseases', 'damage')]",No
"Read More Update: Power back on in Edmond Yesterday | Leave a comment A lightning strike caused a power outage Thursday morning in Edmond, but all customers had electricity again by the afternoon, officials said.",CauseNet-cause.csv,,1,[],['caused'],explicit,"[('lightning_strike', 'power_outage')]",No
"In old times, there may have been some earthquakes that caused more serious damage although they are presumed to have caused damage between levels D1 and D4.",CauseNet-cause.csv,,1,[],"['caused', 'caused']",explicit,"[('earthquakes', 'serious_damage')]",No
Rabies is caused by the rabies virus.,CauseNet-cause.csv,,1,[],['caused'],explicit,"[('rabies_virus', 'rabies')]",No
"The human papilloma virus (HPV), which is a double-stranded, circular, supercoiled DNA virus enclosed in an icosahedral capsid and comprising 72 capsomers, causes the warts.",CauseNet-cause.csv,,1,[],['causes'],explicit,"[('human_papilloma_virus', 'warts')]",No
You saved us from the death caused by our sins.,CauseNet-cause.csv,,1,[],['caused'],explicit,"[('sins', 'death')]",No
Dry mouth caused by radiation can be a lifelong problem.,CauseNet-cause.csv,,1,[],['caused'],explicit,"[('radiation', 'dry_mouth')]",No
"A lot of people are unaware they have gum disease, as the early signs can be very easy to miss, and yet this dental disease is the biggest cause of tooth loss.",CauseNet-cause.csv,,1,[],['cause'],explicit,"[('dental_disease', 'tooth_loss')]",No
"In addition, heredity may also be a cause of diabetes especially when any parent, siblings are suffering from diabetes.",CauseNet-cause.csv,,1,[],['cause'],explicit,"[('heredity', 'diabetes')]",No
A disease caused by the parasite Trypanosoma cruzi (a type of protozoa).,CauseNet-cause.csv,,1,[],['caused'],explicit,"[('parasite_trypanosoma_cruzi', 'disease')]",No
"This includes loss of data resulting from delays, non-deliveries, or service interruptions caused by our own negligence or your errors or omissions.",CauseNet-cause.csv,,1,[],['caused'],explicit,"[('delays', 'loss_of_data')]",No
"Depending on the type and amount of the material, exposure to chemical agents can cause illness or be fatal.",CauseNet-cause.csv,,1,[],['cause'],explicit,"[('exposure_to_chemical_agents', 'illness')]",No
This change will cause troubles when matching one bass drum to another.,CauseNet-cause.csv,,1,[],['cause'],explicit,"[('change', 'troubles')]",No
"Addiction, also defined by the Random House Dictionary, means the state of being enslaved to a habit or practice or to something that is psychologically or physically habit-forming, as narcotics, to such an extent that its cessation causes severe trauma.",CauseNet-cause.csv,,1,[],['causes'],explicit,"[('cessation', 'severe_trauma')]",No
"Frequently, diuretics such as furosemide may cause hypokalemia and need to have their daily electrolyte status assessed.",CauseNet-cause.csv,,1,[],['cause'],explicit,"[('diuretics', 'hypokalemia')]",No
They have also studied what things around us and what personal habits may cause cancer.,CauseNet-cause.csv,,1,[],['cause'],explicit,"[('personal_habits', 'cancer')]",No
The evaporation causes rain which waters all the plants and helps everything bloom including the plants that feed us.,CauseNet-cause.csv,,1,[],['causes'],explicit,"[('evaporation', 'rain')]",No
"Obesity resulting from life long ignorance and a lung disease caused by air pollution, had sidelined me on the way to live my dreams.",CauseNet-cause.csv,,1,[],['caused'],explicit,"[('air_pollution', 'lung_disease')]",No
"However, in 1889, John MacWilliam in Aberdeen, Scotland, proposed a then astonishing hypothesis, namely that the cause of sudden cardiac death was indeed ventricular fibrillation.",CauseNet-cause.csv,,1,[],['cause'],explicit,"[('ventricular_fibrillation', 'sudden_cardiac_death')]",No
The drugs can also cause side effects ranging from mild nausea to suicide.,CauseNet-cause.csv,,1,[],['cause'],explicit,"[('drugs', 'side_effects')]",No
Too much acetaminophen may cause liver damage.,CauseNet-cause.csv,,1,[],['cause'],explicit,"[('acetaminophen', 'liver_damage')]",No
"He died in 1864, at the age of fifty years, his death being caused by inflammation of the lungs.",CauseNet-cause.csv,,1,[],['caused'],explicit,"[('inflammation_of_the_lungs', 'death')]",No
"Instead, the impact that caused the Chicxulub crater was likely smaller than originally believed and probably occurred 300,000 years before the mass extinction.",CauseNet-cause.csv,,1,['believed'],['caused'],explicit,"[('impact', 'chicxulub_crater')]",No
Simply because neither you nor anyone else has as yet published a proper proof that carbon dioxide must cause any significant warming.,CauseNet-cause.csv,,1,[],"['because', 'cause']",explicit,"[('carbon_dioxide', 'significant_warming')]",No
"Air pollution causes a great deal of illness, lost work time, increased healthcare costs and death.",CauseNet-cause.csv,,1,[],['causes'],explicit,"[('air_pollution', 'death')]",No
Using a mobile phone to text or make a call constitutes negligence if this was the reason for the lapse in concentration that caused the accident.,CauseNet-cause.csv,,1,[],['caused'],explicit,"[('lapse_in_concentration', 'accident')]",No
The disease could cause kidney failure.,CauseNet-cause.csv,,1,[],['cause'],explicit,"[('disease', 'kidney_failure')]",No
Multivitamins counteract the illness caused by such deficiency.,CauseNet-cause.csv,,1,[],['caused'],explicit,"[('deficiency', 'illness')]",No
"Warm, wet conditions are favorable for diseases caused by bacteria.",CauseNet-cause.csv,,1,[],['caused'],explicit,"[('bacteria', 'diseases')]",No
We began training at 10.30am due to traffic problems caused by roadworks which meant that most of us were late arriving.,CauseNet-cause.csv,,1,[],"['due to', 'caused']",explicit,"[('roadworks', 'traffic_problems')]",No
"When examining the wounds, be sure to note lesion margin: Raised black margins are indicative of anthracnose, as opposed to discrete non-spreading lesions if hail caused the damage.",CauseNet-cause.csv,,1,[],['caused'],explicit,"[('hail', 'damage')]",No
"Any such program should require pollution permits to be auctioned, use the revenue to ensure a rapid transition to a clean energy economy, and provide necessary assistance for helping people, wildlife, and ecosystems adapt to climate changes caused by global warming.",CauseNet-cause.csv,,1,[],['caused'],explicit,"[('global_warming', 'climate_changes')]",No
The main cause of breast cancer is the chlorine and it can prove very lethal.,CauseNet-cause.csv,,1,[],['cause'],explicit,"[('chlorine', 'breast_cancer')]",No
The white pine blister rust caused by a fungus also a danger.,CauseNet-cause.csv,,1,[],['caused'],explicit,"[('fungus', 'white_pine_blister_rust')]",No
This is a hormone that causes fluid retention.,CauseNet-cause.csv,,1,[],['causes'],explicit,"[('hormone', 'fluid_retention')]",No
This caused him much cause for reflection before the events that led to his departure occurred.,CauseNet-cause.csv,,1,[],"['caused', 'cause', 'led to']",explicit,"[('events', 'departure')]",No
Very few Nigerians have been buried with the mourners knowing for certain that the cause of death was AIDS.,CauseNet-cause.csv,,1,[],['cause'],explicit,"[('aids', 'death')]",No
"A recent major study that compared traditional and laparoscopic repair for groin hernias found that traditional repairs had better long-term success and resulted in fewer complications, but that laparoscopic surgery caused less pain and allowed people to return to their usual activities more quickly.",CauseNet-cause.csv,,1,[],"['resulted in', 'caused']",explicit,"[('laparoscopic_surgery', 'less_pain')]",No
"And as you know, cholesterol is a leading cause of heart attacks.",CauseNet-cause.csv,,1,[],['cause'],explicit,"[('cholesterol', 'heart_attacks')]",No
"The Secretary contends that such damage could only be caused by an explosion, but Plateau argues that a large roof fall can also severely damage ventilation controls.",CauseNet-cause.csv,,1,[],['caused'],explicit,"[('explosion', 'damage')]",No
Nationalism is as much a cause of this conflict as it is a cause of the Gulf War.,CauseNet-cause.csv,,1,[],"['cause', 'cause']",explicit,"[('nationalism', 'conflict')]",No
"A further storm in December 1852 caused more extensive damage, the repaired section being lost again as a consequence of failure of the old wall immediately north of it (there were further wash-outs at Lowca and Risehow), but services were resumed within a fortnight.",CauseNet-cause.csv,,1,[],['caused'],explicit,"[('storm', 'extensive_damage')]",No
driver caused the accident... Computers include things like whole different swapped the way one of the reasons all of us want to do something.,CauseNet-cause.csv,,1,[],['caused'],explicit,"[('driver', 'accident')]",No
Corn is rarely a cause of food allergies.,CauseNet-cause.csv,,1,[],['cause'],explicit,"[('corn', 'food_allergies')]",No
These vibrations are caused by the air that is forced in and out as we breathe.,CauseNet-cause.csv,,1,[],['caused'],explicit,"[('air', 'vibrations')]",No
"Infection may be the primary cause of the stones, or it can occur concomitantly with the underlying urinary metabolic abnormality.",CauseNet-cause.csv,,1,[],['cause'],explicit,"[('infection', 'stones')]",No
"Major contamination sources in drinking water include naturally occurring bacteria and viruses, which cause disease; chemical contamination, usually nitrates, from fertilizers and pesticides, which can cause heart defects in babies; radon, which leads to increased cancer risk; lead, which causes developmental delays; and harmful disinfection byproducts.",CauseNet-cause.csv,,1,[],"['cause', 'cause', 'leads to', 'causes']",explicit,"[('lead', 'developmental_delays')]",No
These simple but powerful exercises stretch and strengthen back muscles and can alleviate back pain caused by muscular tension.,CauseNet-cause.csv,,1,[],['caused'],explicit,"[('muscular_tension', 'back_pain')]",No
"If a driver causes a collision, they may have to cooperate with an appraiser before getting any money for damages from an insurance company.",CauseNet-cause.csv,,1,[],['causes'],explicit,"[('driver', 'collision')]",No
"Responding to the plaintiffs' complaint, current EPA Administrator Carol Browner issued this statement: 2 ""The agency's view is that secondhand tobacco smoke can cause cancer.",CauseNet-cause.csv,,1,[],['cause'],explicit,"[('secondhand_tobacco_smoke', 'cancer')]",No
"Suicide is now the third leading cause of death for people 15 to 24 (behind accidents and homicide), and the sixth leading cause of death for adolescents 5 to 14.",CauseNet-cause.csv,,1,[],"['cause', 'cause']",explicit,"[('suicide', 'death')]",No
"The most common causes of death for anorexics are starvation, cardiac complications, and suicide.",CauseNet-cause.csv,,1,[],['causes'],explicit,"[('starvation', 'death')]",No
"Taken in sufficient amounts, methanol can cause blindness.""",CauseNet-cause.csv,,1,[],['cause'],explicit,"[('methanol', 'blindness')]",No
"This deficiency causes megaloblastic anemia and, if severe enough, can result in irreversible damage to the nerves, liver and intestinal tract.",CauseNet-cause.csv,,1,[],"['causes', 'result in']",explicit,"[('deficiency', 'megaloblastic_anemia')]",No
"Even mild iron deficiency may cause fatigue and impair learning, memory, and sports performance.",CauseNet-cause.csv,,1,[],['cause'],explicit,"[('mild_iron_deficiency', 'fatigue')]",No
"For the first time in Canadian history a federal government frankly, openly, and publicly said that the past treatment of Aboriginal peoples was wrong, acknowledged that government policies had caused pain and suffering felt to this day, and committed itself to working with Aboriginal people to build a new and better future.",CauseNet-cause.csv,,1,[],['caused'],explicit,"[('government_policies', 'pain')]",No
"Rich in soluble fiber, which regulates your body's production and elimination of cholesterol preventing overeating and slows absorption of sugar into the bloodstream controlling blood sugar, thus helping to control Type 2 diabetes, while relieving stress Stress can make blood sugar rise and slows down metabolism which causes weight gain.",CauseNet-cause.csv,,1,[],"['thus', 'causes']",explicit,"[('metabolism', 'weight_gain')]",No
"She is an internationally recognized expert on human papillomaviruses, having contributed to understanding the mechanisms by which HPV causes cancer, the host immune response to infection, the development of virus-like particles, the natural history of infection and the risk factors associated with progression to malignancy.",CauseNet-cause.csv,,1,[],['causes'],explicit,"[('hpv', 'cancer')]",No
The depression caused heavy rainfall in the Lesser Antilles before degenerating into a tropical wave on September 21 near the Dominican Republic.,CauseNet-cause.csv,,1,[],['caused'],explicit,"[('depression', 'heavy_rainfall')]",No
"Formaldehyde, a colorless, pungent-smelling gas, can cause watery eyes, burning sensations in the eyes and throat, nausea and difficulty in breathing in some humans exposed at elevated levels (above 0.1 parts per million).",CauseNet-cause.csv,,1,[],['cause'],explicit,"[('formaldehyde', 'watery_eyes')]",No
"A LU spokesman said: ""At this early stage in the investigation, it appears that a broken rail was the cause of the incident.",CauseNet-cause.csv,,1,[],['cause'],explicit,"[('broken_rail', 'incident')]",No
"Damage to the brain during fetal development, the birthing process, and during infancy can cause cerebral palsy.",CauseNet-cause.csv,,1,[],['cause'],explicit,"[('damage_to_the_brain', 'cerebral_palsy')]",No
The job loss caused by the recession directly impacts all physicians income.,CauseNet-cause.csv,,1,[],['caused'],explicit,"[('recession', 'job_loss')]",No
"Yes, dehydration can cause headaches.",CauseNet-cause.csv,,1,[],['cause'],explicit,"[('dehydration', 'headaches')]",No
"For example, stroke victims may experience difficulty communicating after the accident, as well as permanent loss of both movement and brain functions, and heart attacks are the leading cause of death for both men and women worldwide.",CauseNet-cause.csv,,1,[],['cause'],explicit,"[('heart_attacks', 'death')]",No
"Malaria is the leading cause of death among children under 5 in Africa, many of whom have underdeveloped immune systems.",CauseNet-cause.csv,,1,[],['cause'],explicit,"[('malaria', 'death')]",No
All sugar can cause inflammation and should be avoided.,CauseNet-cause.csv,,1,[],['cause'],explicit,"[('sugar', 'inflammation')]",No
The state registrar shall annually report the number of cases in which the cause of death was determined to be SIDS.,CauseNet-cause.csv,,1,[],['cause'],explicit,"[('sids', 'death')]",No
"The hot weather can cause the ground beneath a property to dry out and become unstable, and homes with trees nearby are more at risk of subsidence as roots grow in search of water during dry spells, taking moisture from the soil.",CauseNet-cause.csv,,1,[],['cause'],explicit,"[('hot_weather', 'ground_beneath_a_property_to_dry_out')]",No
"Investigating afterwards, ATF agent Doug Carlin determines that the explosion was caused by a bomb.",CauseNet-cause.csv,,1,[],['caused'],explicit,"[('bomb', 'explosion')]",No
"Don Henley, The Garden of Allah It is well known that tramadol can cause seizures, especially at higher doses or during a taper.",CauseNet-cause.csv,,1,[],['cause'],explicit,"[('tramadol', 'seizures')]",No
The proposed approach could eliminate the need for viral vectors that can cause insertional mutagenesis and other safety concerns hindering the clinical application of iPS cells.,CauseNet-cause.csv,,1,[],['cause'],explicit,"[('viral_vectors', 'safety_concerns')]",No
"These two problems are caused by grease, accumulated objects, and other stuff that might hinder water and waste passing.",CauseNet-cause.csv,,1,[],['caused'],explicit,"[('grease', 'problems')]",No
"Smoke inhalation from a house fire, gas explosion, building fire, or a carbon monoxide leak can cause difficulty breathing, carbon monoxide poisoning, and other toxic effects that can result in serious injuries or even death.",CauseNet-cause.csv,,1,[],"['cause', 'result in']",explicit,"[('toxic_effects', 'death')]",No
"The most common cause of cervical cancer is the human papillomavirus (HPV), which is passed from person to person during sexual intercourse.",CauseNet-cause.csv,,1,[],['cause'],explicit,"[('human_papillomavirus', 'cervical_cancer')]",No
"As we drove on route 6, we could see all the damage caused by the tsunami and felt the intensity and the magnitude of this catastrophe.",CauseNet-cause.csv,,1,[],['caused'],explicit,"[('tsunami', 'damage')]",No
"With age, the prostate may enlarge and cause urinary and sexual dysfunction.",CauseNet-cause.csv,,1,[],['cause'],explicit,"[('prostate', 'sexual_dysfunction')]",No
What I think needs more focus is treating the problems that can cause your pain.,CauseNet-cause.csv,,1,[],['cause'],explicit,"[('problems', 'pain')]",No
"Meningococcal disease is a rare, but serious bacterial infection that can cause meningitis and take the life of an otherwise healthy child in just a single day.",CauseNet-cause.csv,,1,[],['cause'],explicit,"[('serious_bacterial_infection', 'meningitis')]",No
Dutch elm disease is caused by the fungus Ophiostoma ulmi (Ceratocystis ulmi).,CauseNet-cause.csv,,1,[],['caused'],explicit,"[('fungus_ophiostoma_ulmi', 'dutch_elm_disease')]",No
"Christians are called to use discernment about what they're ""entertained"" with, and as Paul says, if eating meat causes your brother to stumble, don't eat meat.",CauseNet-cause.csv,,1,[],['causes'],explicit,"[('eating_meat', 'brother_to_stumble')]",No
"A defective gene is usually the cause of this disorder, which is inherited in an autosomal recessive manner.",CauseNet-cause.csv,,1,[],['cause'],explicit,"[('defective_gene', 'disorder')]",No
There was a bug that sometimes caused an internal error if symbolic functions were used in normal rule heads.,CauseNet-cause.csv,,1,[],['caused'],explicit,"[('bug', 'internal_error')]",No
The most common cause of red itchy eyes is allergies.,CauseNet-cause.csv,,1,[],['cause'],explicit,"[('allergies', 'red_itchy_eyes')]",No
"(2) The form is intended to prevent the transmission of diseases through food, with an emphasis on illness caused by Salmonella Typha, Shigella spp., Escherichia coli O 157:H7, and Hepatitis A Virus.",CauseNet-cause.csv,,1,[],['caused'],explicit,"[('h7', 'illness')]",No
"Movement of piles beneath the bridge piers due to lateral spreading caused by liquefaction, is regarded as the main cause of the failure.",CauseNet-cause.csv,,1,[],"['due to', 'caused', 'cause']",explicit,"[('liquefaction', 'lateral_spreading')]",No
Anxiety causes the muscles to tighten.,CauseNet-cause.csv,,1,[],['causes'],explicit,"[('anxiety', 'muscles_to_tighten')]",No
Listeriosis is caused by an infection with the bacterium Listeria monocytogenes.,CauseNet-cause.csv,,1,[],['caused'],explicit,"[('infection', 'listeriosis')]",No
"Since these medicines can cause side effects, they should be taken under the doctor supervision.",CauseNet-cause.csv,,1,[],"['Since', 'cause']",explicit,"[('medicines', 'side_effects')]",No
"Strokes can cause paralysis, affect language and vision, and can cause loss of independence and depression.",CauseNet-cause.csv,,1,[],"['cause', 'cause']",explicit,"[('strokes', 'paralysis')]",No
"[ While consultation participants agreed that events such as September 11 triggered a rise in anti-Arab and anti-Muslim sentiment, none believed that such events were the root cause of prejudice and discrimination.",CauseNet-cause.csv,,1,['believed'],['cause'],explicit,"[('events', 'discrimination')]",No
Neisseria meningitidis is a leading cause of bacterial meningitis and other invasive bacterial infections worldwide.,CauseNet-cause.csv,,1,[],['cause'],explicit,"[('neisseria_meningitidis', 'bacterial_meningitis')]",No
Accidents like electrocution can also cause serious and even severe burns and permanent nerve damage.,CauseNet-cause.csv,,1,[],['cause'],explicit,"[('accidents', 'severe_burns')]",No
"The tragedy, officially caused by overcrowding, took place on 5 September, the Bulgarian national holiday, a week after the concert on 29 August.",CauseNet-cause.csv,,1,[],['caused'],explicit,"[('overcrowding', 'tragedy')]",No
"This experiment was to support the theory that damage to the hypothalamus, particularly the ventromedial hypothalamus, leads to obesity caused by the overconsumption of food.",CauseNet-cause.csv,,1,[],"['leads to', 'caused']",explicit,"[('damage_to_the_hypothalamus', 'obesity')]",No
"According to a 1992 CDC study, hospital-acquired infection is the nation's sixth leading cause of death.",CauseNet-cause.csv,,1,[],['cause'],explicit,"[('hospital-acquired_infection', 'death')]",No
"In accordance with one aspect of the invention, there is provided a method for reducing or suppressing an immune response caused by T cells responding to an alloantigen, in particular allogeneic tissue, organ or cells, wherein the immune response is reduced or suppressed by the use of mesenchymal stem cells.",CauseNet-cause.csv,,1,[],['caused'],explicit,"[('t_cells', 'immune_response')]",No
"In those days, it was commonly thought that stress caused IBD.",CauseNet-cause.csv,,1,[],['caused'],explicit,"[('stress', 'ibd')]",No
"Viral myocarditis can cause dilated cardiomyopathy by direct viral damage, as well as sequel of humoral or cellular immune responses to persistent viral infection.",CauseNet-cause.csv,,1,[],['cause'],explicit,"[('viral_myocarditis', 'dilated_cardiomyopathy')]",No
The condition may also be caused by a congenital abnormality such as an extra rib; or work-related overuse.,CauseNet-cause.csv,,1,[],['caused'],explicit,"[('congenital_abnormality', 'condition')]",No
"As there were for Walker, treatments are available that can greatly reduce the damage caused by a stroke.",CauseNet-cause.csv,,1,[],['caused'],explicit,"[('stroke', 'damage')]",No
These errors may be caused by malicious software such as spyware or virus contamination.,CauseNet-cause.csv,,1,[],['caused'],explicit,"[('malicious_software', 'errors')]",No
"Smoking is the worst thing for Alpha-1 because it causes more inflammation in the lungs, which leads to greater activity on the part of the neutrophil elastase enzyme that causes the damage that leads to emphysema.",CauseNet-cause.csv,,1,[],"['because', 'causes', 'leads to', 'causes', 'leads to']",explicit,"[('damage', 'emphysema')]",No
"One other problem is that mesothelioma is generally caused by the inhalation of dust from mesothelioma, which is a cancer causing material.",CauseNet-cause.csv,,1,[],['caused'],explicit,"[('inhalation_of_dust_from_mesothelioma', 'mesothelioma')]",No
Manufacturers are responsible for the injuries caused by their products.,CauseNet-cause.csv,,1,[],['caused'],explicit,"[('products', 'injuries')]",No
"Varicose veins are much more likely to cause pain than spider veins, and varicose veins are usually related to more serious venous disorders.",CauseNet-cause.csv,,1,[],['cause'],explicit,"[('varicose_veins', 'pain')]",No
Russians are preoccupied with staying warm because they think that cold can cause illness.,CauseNet-cause.csv,,1,[],"['because', 'cause']",explicit,"[('cold', 'illness')]",No
Prozac has been found to be the cause of dizziness or lightheadedness or actual fainting when getting up from a lying down position.,CauseNet-cause.csv,,1,[],['cause'],explicit,"[('prozac', 'dizziness')]",No
was liable for injury caused by its activities only if guilty of faute lourde.,CauseNet-cause.csv,,1,[],['caused'],explicit,"[('activities', 'injury')]",No
"Other forms of hair loss include alopecia areata (patchy baldness), hair loss caused by medications (including chemotherapy as a cancer treatment), traction alopecia (hair literally pulled out from wearing too tight of a hair style) and trichotillomania, a psychologically based habit of intentional hair pulling.",CauseNet-cause.csv,,1,[],['caused'],explicit,"[('medications', 'hair_loss')]",No
"One academic participant noted that acute foodborne illness which irradiation is intended to prevent afflicts a small percentage of the population, while any nutritional loss caused by irradiation potentially affects everyone.",CauseNet-cause.csv,,1,[],['caused'],explicit,"[('irradiation', 'nutritional_loss')]",No
"Whiplash injury, violent shaking of the head, or blasts can cause brain injury.",CauseNet-cause.csv,,1,[],['cause'],explicit,"[('blasts', 'brain_injury')]",No
"If what really pisses you off is the millions of death caused by the FDA, this will seem like decay.",CauseNet-cause.csv,,1,[],['caused'],explicit,"[('fda', 'death')]",No
[Charts for two clinical tests for pre-diabetes]Diabetes is the sixth leading cause of death in the District.,CauseNet-cause.csv,,1,[],['cause'],explicit,"[('diabetes', 'death')]",No
It is widely believed that peritoneal mesothelioma is caused by asbestos exposure.,CauseNet-cause.csv,,1,['believed'],['caused'],explicit,"[('asbestos_exposure', 'peritoneal_mesothelioma')]",No
"It is still necessary, however, for the plaintiff to show that the statute was violated and that the violation proximately caused his injury.",CauseNet-cause.csv,,1,[],['caused'],explicit,"[('violation', 'injury')]",No
"Lovir tablets 200mg contain aciclovir, an antiviral agent which is highly active against both types of herpes simplex virus, HSV-I, that causes cold sores and HSV-II that causes genital herpes, although HSV-I can also cause genital herpes, which is a sexually transmitted disease characterised by painful sores and blisters around the genital areas.",CauseNet-cause.csv,,1,[],"['causes', 'causes', 'cause']",explicit,"[('cold_sores', 'genital_herpes')]",No
"Although neurocysticercosis is a common cause of seizures in patients from countries where cysticercosis is endemic, the diagnosis can be difficult in a patient with evidence of multiple infections or in whom serological evidence is lacking, as is illustrated by the present case.",CauseNet-cause.csv,,1,[],['cause'],explicit,"[('neurocysticercosis', 'seizures')]",No
Other STDs caused by viruses also are incurable.A.,CauseNet-cause.csv,,1,[],['caused'],explicit,"[('viruses', 'stds')]",No
It is remarkably important to remain well aware of the situation of the blood pressure because the cardiovascular disease is the leading cause of death in women.,CauseNet-cause.csv,,1,[],"['because', 'cause']",explicit,"[('cardiovascular_disease', 'death_in_women')]",No
"The Division of Microbiology and Infectious Diseases (DMID) supports research to better understand, treat, and ultimately prevent infectious diseases caused by virtually all infectious agents, except HIV.",CauseNet-cause.csv,,1,[],['caused'],explicit,"[('infectious_agents', 'infectious_diseases')]",No
"Prior to that time, scientists believed that atherosclerosis, a blockage in the arteries and the underlying cause of most heart problems, was due to plaque formation caused solely by cholesterol buildup.",CauseNet-cause.csv,,1,['believed'],"['cause', 'due to', 'caused']",explicit,"[('plaque_formation', 'atherosclerosis')]",No
"Rheumatoid arthritis: Rheumatoid arthritis is an inflammatory disease that causes pain, swelling, stiffness, and loss of function in the joints.",CauseNet-cause.csv,,1,[],['causes'],explicit,"[('inflammatory_disease', 'pain')]",No
"While Ischemic heart disease is attributed to a reduced blood supply to the heart, stroke is caused by a reduced blood supply to the brain.",CauseNet-cause.csv,,1,[],['caused'],explicit,"[('reduced_blood_supply_to_the_heart', 'ischemic_heart_disease')]",No
"Erythromycin is used to treat certain infections caused by bacteria, such as bronchitis, pertussis (whooping cough), pneumonia and ear, intestine, lung, urinary tract and skin infections.",CauseNet-cause.csv,,1,[],['caused'],explicit,"[('bacteria', 'infections')]",No
"The nasal spray is approved to treat a stuffy, irritated, or runny nose caused by allergies.",CauseNet-cause.csv,,1,[],['caused'],explicit,"[('allergies', 'runny_nose')]",No
"Until abolition, the effect of this rule had been to create murder offences in two cases: when manslaughter occurs during the course of a crime it could in certain cases be automatically reclassified by law as murder, and that any deaths resulting from acts of a criminal during the crime could cause culpability as murder on the part of all his or her fellow criminals.",CauseNet-cause.csv,,1,[],['cause'],explicit,"[('acts', 'deaths')]",No
Depression is another common cause of suicide.,CauseNet-cause.csv,,1,[],['cause'],explicit,"[('depression', 'suicide')]",No
The post-mortem report said the cause of death was through intracranial haemorrhage.,CauseNet-cause.csv,,1,[],['cause'],explicit,"[('intracranial_haemorrhage', 'death')]",No
"Short-term exposure can cause eye, nose and throat irritation; coughing; nausea; headache; and respiratory irritation.",CauseNet-cause.csv,,1,[],['cause'],explicit,"[('short-term_exposure', 'throat_irritation')]",No
"There are bacteria that develop in the udder tissues of cows causing this disease a syndrome that causes infections and the milk to undergo organolyptic changes (taste, smell, color, and texture).",CauseNet-cause.csv,,1,[],['causes'],explicit,"[('syndrome', 'infections')]",No
chicken caused infection.,CauseNet-cause.csv,,1,[],['caused'],explicit,"[('chicken', 'infection')]",No
CoQ10 acts just as one antioxidant that helps and safe guards your body and skin through neutralizing the damage caused by toxins that are reasons for oxidative stress.,CauseNet-cause.csv,,1,[],['caused'],explicit,"[('toxins', 'damage')]",No
These proved incorrect when they showed HIV caused AIDS.,CauseNet-cause.csv,,1,[],['caused'],explicit,"[('hiv', 'aids')]",No
"The Tamil Manila Congress and his followers, I am sure, will overcome the pain and agony caused by this loss and I am sure that his followers will carry on his work with the wisdom which was his characteristic.",CauseNet-cause.csv,,1,[],['caused'],explicit,"[('loss', 'pain')]",No
"A virus of the genus Ranavirus was isolated from one of the tadpoles, suggesting this virus had caused the die-off.",CauseNet-cause.csv,,1,[],['caused'],explicit,"[('virus', 'die-off')]",No
"Progesterone does initially cause weight gain, as it activates the oestrogen receptor sites, oestrogen causes us to retain water and it stimulates more fat cells to develop.",CauseNet-cause.csv,,1,[],"['cause', 'causes']",explicit,"[('progesterone', 'weight_gain')]",No
"In addition, almost always problems with erectile dysfunction resulting from organic causes, added a psychological component.",CauseNet-cause.csv,,1,[],['causes'],explicit,"[('organic_causes', 'problems_with_erectile_dysfunction')]",No
The virus that causes this disease is spread by respiratory secretions and feces.,CauseNet-cause.csv,,1,[],['causes'],explicit,"[('virus', 'disease')]",No
The eight MDGs reflect an understanding of the devastation caused by global hunger and poverty and aim for a world that is free of such suffering.,CauseNet-cause.csv,,1,[],['caused'],explicit,"[('poverty', 'devastation')]",No
"However, the hormone can cause inflammation and pain inside your other joints, as it can certainly cause other joints within your body to advance abnormally.",CauseNet-cause.csv,,1,[],"['cause', 'cause']",explicit,"[('hormone', 'inflammation')]",No
The  cause of death for all were determined to be smoke inhalation and carbon monoxide poisoning.,CauseNet-cause.csv,,1,[],['cause'],explicit,"[('smoke_inhalation', 'death')]",No
"When toxicology tests were completed months later, the true cause of death was found to be alcohol poisoning.",CauseNet-cause.csv,,1,[],['cause'],explicit,"[('alcohol_poisoning', 'death')]",No
"For example, simple partial seizures can cause jerking movements and affect vision or hearing, while a tonic-clonic seizure ( a generalized seizure previously referred to as grand mal) can result in loss of consciousness with tongue biting and incontinence.",CauseNet-cause.csv,,1,[],"['cause', 'result in']",explicit,"[('tonic-clonic_seizure', 'loss_of_consciousness')]",No
"While smoking is the major cause of lung cancer, amongst nonsmoking women the risk of developing cancer is three times greater than amongst nonsmoking men.",CauseNet-cause.csv,,1,[],['cause'],explicit,"[('smoking', 'lung_cancer')]",No
With the intuitive of improving the chemotherapeutic responses GM-CSF and pentoxyfilline were associated with antimony therapy to control some of the adverse effects caused by the cytokines.,CauseNet-cause.csv,,1,[],['caused'],explicit,"[('cytokines', 'adverse_effects')]",No
"Other types of organisms include the mycobacterium which causes tuberculosis, a type of Salmonella bacteria in patients with sickle cell anemia, Pseudomonas aeurginosa in drug addicts, and organisms which usually reside in the gastrointestinal tract in the elderly.",CauseNet-cause.csv,,1,[],['causes'],explicit,"[('mycobacterium', 'tuberculosis')]",No
The damage caused by stress requires a deeper look than any mechanistic model can provide.,CauseNet-cause.csv,,1,[],['caused'],explicit,"[('stress', 'damage')]",No
"Tetanus is a disease caused by the toxin of the bacterium Clostridium tetani that affects the central nervous system , sometimes resulting in death.",CauseNet-cause.csv,,1,[],"['caused', 'resulting in']",explicit,"[('disease', 'death')]",No
"When the cause of dysphagia cannot be treated, alternative options include placing a metal or wire stent to keep the esophagus open, especially when the narrowing is due to a cancer.",CauseNet-cause.csv,,1,[],"['cause', 'due to']",explicit,"[('cancer', 'narrowing')]",No
"Chronic exposure may cause kidney and liver damage, anemia, stomach pains, vomiting, diarrhea, blood disorders, and cardiovascular effects.",CauseNet-cause.csv,,1,[],['cause'],explicit,"[('chronic_exposure', 'liver_damage')]",No
"Although it does make some nutrients available to new crops, many farmers are aware of the threats posed by soil erosion to their crop yields; most campesinos even have an acute awareness that the extent of the damage caused by Hurricane Mitch in 1998 was in large part a result of deforestation and a reduction in the ability of land to hold water and retain soil.",CauseNet-cause.csv,,1,[],['caused'],explicit,"[('hurricane_mitch', 'damage')]",No
Another cause of candida overgrowth are antibiotics!,CauseNet-cause.csv,,1,[],['cause'],explicit,"[('antibiotics', 'candida_overgrowth')]",No
"Trachoma is an infectious disease that is caused by a bacterium, Chlamydia trachomatis, and is the leading cause of preventable blindness estimated to be responsible for 3.6% of blindness globally.",CauseNet-cause.csv,,1,[],"['caused', 'cause']",explicit,"[('bacterium', 'infectious_disease')]",No
"While very little data describes the extent of damage caused by ingestion, many anecdotal cases have been documented.",CauseNet-cause.csv,,1,[],['caused'],explicit,"[('ingestion', 'damage')]",No
"Not only might sex give you a sexually transmitted disease or cause pregnancy, but you also can get hurt emotionally because of the strong feelings involved.",CauseNet-cause.csv,,1,[],"['cause', 'because']",explicit,"[('sex', 'pregnancy')]",No
"Although difficulties might generate despair, God will cause the faithful and called to persist.",CauseNet-cause.csv,,1,[],['cause'],explicit,"[('difficulties', 'despair')]",No
"Other substances, like uric acid, a waste product of proteins (in people who eat a lot of meat), can also cause kidney stones.",CauseNet-cause.csv,,1,[],['cause'],explicit,"[('substances', 'kidney_stones')]",No
Yet others explain how the financial crisis caused so deep a global recession.,CauseNet-cause.csv,,1,[],['caused'],explicit,"[('financial_crisis', 'global_recession')]",No
I got trapped in there trying to put out a fire caused by incendiary bombs.,CauseNet-cause.csv,,1,[],['caused'],explicit,"[('incendiary_bombs', 'fire')]",No
"Other examples of defective products that have harmed many people are the following: Manufacturers, installers, marketers and vendors may be held responsible for injuries and fatalities caused by products that they made, installed, advertised or sold.",CauseNet-cause.csv,,1,[],['caused'],explicit,"[('products', 'injuries')]",No
"If we believe what the media have been telling us, we would think that calcium loss is the only cause of osteoporosis and that simply taking doses of calcium would solve the problem.",CauseNet-cause.csv,,1,['believe'],['cause'],explicit,"[('calcium_loss', 'osteoporosis')]",No
"The virus, which is normally rare, can cause outbreaks and send veterinarians and humane society staffs scurrying.",CauseNet-cause.csv,,1,[],['cause'],explicit,"[('virus', 'outbreaks')]",No
"If you or someone you love has been involved in a car accident caused by a vehicle defect, it is important that you hold the responsible party accountable.",CauseNet-cause.csv,,1,[],['caused'],explicit,"[('vehicle_defect', 'car_accident')]",No
Chronic insomnia as the name specifies is of longer duration and may be caused by another disorder.,CauseNet-cause.csv,,1,[],['caused'],explicit,"[('disorder', 'chronic_insomnia')]",No
"Stroke is a major cause of morbidity and mortality in black Africans, responsible for between 0.9 to 4% of total admissions to hospitals and 0.5 to 45% of neurological admissions1.",CauseNet-cause.csv,,1,[],['cause'],explicit,"[('stroke', 'morbidity')]",No
"Large tumors also will block the flow of cerebrospinal fluid, which bathes the brain and spinal cord, resulting in hydrocephalus, an increase in pressure within the brain that causes headache, nausea, and vomiting.",CauseNet-cause.csv,,1,[],"['resulting in', 'causes']",explicit,"[('flow_of_cerebrospinal_fluid', 'hydrocephalus')]",No
"Prostitution also results, and pollution causes many women to have problems with childbearing; pollution-related respiratory diseases are also very common.",CauseNet-cause.csv,,1,[],['causes'],explicit,"[('pollution', 'women_to_have_problems_with_childbearing')]",No
"In a tacit admission that the accident caused so much damage because the warehouse was located too close to apartment buildings, the president said new buildings would be located away from houses.",CauseNet-cause.csv,,1,[],"['caused', 'because']",explicit,"[('accident', 'much_damage')]",No
"If you believe that negligence may have been the cause of your injury in a slip and fall accident in the subway system, contact our Manhattan Subway Accident Lawyer at Stephen Bilkis & Associates to discuss your case.",CauseNet-cause.csv,,1,['believe'],['cause'],explicit,"[('negligence', 'injury')]",No
"The infection is caused by a virus called Parvovirus B19, which is transmitted through the droplets of mucus that one expels while coughing, sneezing and breathing.",CauseNet-cause.csv,,1,[],['caused'],explicit,"[('virus', 'infection')]",No
They said they were concerned to hear that the ad may have caused distress; that was never their aim.,CauseNet-cause.csv,,1,[],['caused'],explicit,"[('ad', 'distress')]",No
"Suicide is the major cause of premature death among people with schizophrenia and explains, in part, why on average the disorder reduces life span by 10 yr.",CauseNet-cause.csv,,1,[],['cause'],explicit,"[('suicide', 'premature_death')]",No
Repeated vomiting will cause dehydration and swelling in the salivary glands.,CauseNet-cause.csv,,1,[],['cause'],explicit,"[('repeated_vomiting', 'dehydration')]",No
Smoking causes poor circulation and may cause loss of blood flow to the replanted part.,CauseNet-cause.csv,,1,[],"['causes', 'cause']",explicit,"[('smoking', 'poor_circulation')]",No
There are a lot more herbal products that claim to stop hair loss caused by pattern baldness.,CauseNet-cause.csv,,1,['claim'],['caused'],explicit,"[('pattern_baldness', 'hair_loss')]",No
"But if we consider that our sins were the cause of his Sufferings, and that it was we that crown'd his head with thorns, nail'd his hands and feet, and gored his side with a Spear; so his Passion considered in the cause of it, is matter of the greatest sorrow, and in this respect we keep it a Fast.",CauseNet-cause.csv,,1,[],"['cause', 'cause']",explicit,"[('sins', 'sufferings')]",No
The old theory that bad parenting causes schizophrenia has been discredited.,CauseNet-cause.csv,,1,[],['causes'],explicit,"[('bad_parenting', 'schizophrenia')]",No
"The letter also described Taiwan's distinguished achievements in health matters, including the fact that people on the island enjoy a longer average lifespan than other Asian peoples, that Taiwan has a low mortality rate among pregnant women and babies, diseases such as smallpox, malaria and bubonic plague have been eradicated there, and that Taiwan is listed as the first Asian country to have eliminated the virus which causes polio, as well as being the first country in world to provide free vaccination for children against hepatitis-B.",CauseNet-cause.csv,,1,[],['causes'],explicit,"[('virus', 'polio')]",No
Tramadol can cause side effects that could be acquired from consuming oily food.,CauseNet-cause.csv,,1,[],['cause'],explicit,"[('tramadol', 'side_effects')]",No
Two carbon capture and storage projects in Germany and the United Kingdom were canceled last quarter mainly due to lack of funds and public opposition to possible environmental risks caused by the projects.,CauseNet-cause.csv,,1,[],"['due to', 'caused']",explicit,"[('projects', 'environmental_risks')]",No
"(As has been noted in the HIV Infection (AIDS) protocol, there are 17 European studies showing that HIV causes the destruction of the immune system by stimulating excessive cortisol production.)",CauseNet-cause.csv,,1,[],['causes'],explicit,"[('hiv', 'destruction_of_the_immune_system')]",No
"Such storms can interfere with radio, television, and telephone signals, upset the navigation systems of ships and airplanes, and cause blackouts.",CauseNet-cause.csv,,1,[],['cause'],explicit,"[('storms', 'blackouts')]",No
"The Ebola hemorrhagic fever in humans is a severe, systemic illness caused by infection with Ebola virus.",CauseNet-cause.csv,,1,[],['caused'],explicit,"[('infection', 'systemic_illness')]",No
"Sometimes horses can have diseases such as colic, a granulosa cell tumor, or mosquito-borne disease (e.g. West Nile, Equine Encephalomyelitis, and Rabies) that may cause the dangerous behavior.",CauseNet-cause.csv,,1,[],['cause'],explicit,"[('diseases', 'dangerous_behavior')]",No
"Currently, the most common causes of death are heart disease, cancer, stroke, chronic respiratory disease, injury, and diabetes.",CauseNet-cause.csv,,1,[],['causes'],explicit,"[('heart_disease', 'death')]",No
"That uncertainty, added to the higher oil prices caused by Arab Spring, the European Debt crisis and the Japanese earthquake could well bring us a double-dip recession.",CauseNet-cause.csv,,1,[],['caused'],explicit,"[('arab_spring', 'higher_oil_prices')]",No
A common cause of insomnia that many patients fail to identify as the source of their problem is caffeine.,CauseNet-cause.csv,,1,[],['cause'],explicit,"[('caffeine', 'insomnia')]",No
"Gardasil is also approved for use in boys and men aged 9 through 26 years for the prevention of anal cancer caused by HPV types 16 and 18, for the prevention of anal dysplasias and precancerous lesions caused by HPV types 6, 11, 16, and 18, and for the prevention of genital warts caused by HPV types 6 and 11.",CauseNet-cause.csv,,1,[],"['caused', 'caused', 'caused']",explicit,"[('hpv_types', 'genital_warts')]",No
"HEALTH HAZARD INFORMATION Acute Health Effects The following acute (short term) health effects may occur immediately or shortly after exposure to 1,4-Dioxane: * Eye contact may cause irritation.",CauseNet-cause.csv,,1,[],['cause'],explicit,"[('eye_contact', 'irritation')]",No
"Sulfur dioxide reacts in air to form sulfuric acid (H 2 SO 4 ), which is a major cause of acid rain .",CauseNet-cause.csv,,1,[],['cause'],explicit,"[('sulfuric_acid', 'acid_rain')]",No
The SSRIs can cause withdrawal symptoms in a radial newspaper although base TEMAZEPAM is a Schedule IV controlled substance with strict restrictions.,CauseNet-cause.csv,,1,[],['cause'],explicit,"[('ssris', 'withdrawal_symptoms')]",No
"NSAIDs can also cause some central nervous system (CNS) side effects, such as a decreased attention span or loss of short-term memory.",CauseNet-cause.csv,,1,[],['cause'],explicit,"[('nsaids', 'side_effects')]",No
"For clients and family members living with the language, speech, or cognitive disorders caused by stroke and head injury.",CauseNet-cause.csv,,1,[],['caused'],explicit,"[('stroke', 'cognitive_disorders')]",No
Stress can cause hair loss is some people.,CauseNet-cause.csv,,1,[],['cause'],explicit,"[('stress', 'hair_loss')]",No
Protective eye-wear is also recommended as eye injury can be caused by impact and Snow blindnesscan be a result of exposure to strong ultra-violet light in snow-covered areas.,CauseNet-cause.csv,,1,[],['caused'],explicit,"[('impact', 'eye_injury')]",No
"Recent studies indicate that noise exposure may cause hypertension, but few investigators have studied health effects associated with exposure to aircraft noise (Babisch 2006; van Kempen et al.",CauseNet-cause.csv,,1,[],['cause'],explicit,"[('noise_exposure', 'hypertension')]",No
Santa Fe - There's new help available for New Mexicans experiencing stress caused by the economic downturn.,CauseNet-cause.csv,,1,[],['caused'],explicit,"[('economic_downturn', 'stress')]",No
Current sports science shows that caffeine does NOT cause dehydration when consumed during activity.,CauseNet-cause.csv,,1,[],['cause'],explicit,"[('caffeine', 'dehydration')]",No
"In animals, the main cause of cancer is their food (and water) supply.",CauseNet-cause.csv,,1,[],['cause'],explicit,"[('food', 'cancer')]",No
Various drugs can cause dependence.,CauseNet-cause.csv,,1,[],['cause'],explicit,"[('various_drugs', 'dependence')]",No
"In case the treatment caused problems, ask for medical help.",CauseNet-cause.csv,,1,[],['caused'],explicit,"[('treatment', 'problems')]",No
"As is the case with other leg injuries, the mobility difficulties often associated with a hip injury can cause prolonged inconvenience on top of the initial pain and discomfort caused by the injury.",CauseNet-cause.csv,,1,[],"['cause', 'caused']",explicit,"[('injury', 'initial_pain')]",No
We have seen that the root cause of the problem is the belief in the radical separation between the Self and the Other.,CauseNet-cause.csv,,1,[],['cause'],explicit,"[('belief', 'problem')]",No
"Pasteurella multocida can cause pneumonia, tracheobronchitis, lung abscess and empyema.",CauseNet-cause.csv,,1,[],['cause'],explicit,"[('pasteurella_multocida', 'pneumonia')]",No
"Contrary to common belief, the problems caused by landmines or other counter mobility devices have been threatening the lives of human beings for thousands of years.",CauseNet-cause.csv,,1,[],['caused'],explicit,"[('landmines', 'problems')]",No
"It is usually avoided by livestock, and its pollen is said to cause irritation.",CauseNet-cause.csv,,1,[],['cause'],explicit,"[('pollen', 'irritation')]",No
A Harvard doctor noted that obesity is the second leading preventable cause of death in the U.S. after smoking.,CauseNet-cause.csv,,1,[],['cause'],explicit,"[('obesity', 'death')]",No
"Previously he claimed that ""poverty"" causes terrorism.",CauseNet-cause.csv,,1,['claimed'],['causes'],explicit,"[('poverty', 'terrorism')]",No
"Lung cancer is the leading cause of cancer deaths in the US and other developed countries, and there remains a tremendous need for improvements in its prevention, including novel combined chemotherapies.",CauseNet-cause.csv,,1,[],['cause'],explicit,"[('lung_cancer', 'cancer_deaths')]",No
"Diabetes is the cause of half of all leg and foot amputations and causes blindness in 12,000 people yearly.",CauseNet-cause.csv,,1,[],"['cause', 'causes']",explicit,"[('diabetes', 'blindness')]",No
"A class of antacids known as proton pump inhibitors (PPIs) may increase the risk of severe diarrhea caused by Clostridium difficile bacteria, the FDA has announced.",CauseNet-cause.csv,,1,[],['caused'],explicit,"[('clostridium_difficile_bacteria', 'severe_diarrhea')]",No
"A: Lyme disease is caused by the Borrelia organism that is carried by the tiny deer tick, which is very common in many parts of the country.",CauseNet-cause.csv,,1,[],['caused'],explicit,"[('borrelia_organism', 'lyme_disease')]",No
"For example, unruly behavior, tantrums, defiant behavior conduct disorder or even attention deficit disorder all of these could cause problems.",CauseNet-cause.csv,,1,[],['cause'],explicit,"[('attention_deficit_disorder', 'problems')]",No
"Work-life balance was another potential cause of stress with managers reporting they were spending too much time at work, leaving little time for their personal lives.",CauseNet-cause.csv,,1,[],['cause'],explicit,"[('work-life_balance', 'stress')]",No
The American Academy of Child and Adolescent Psychiatry states that suicide is the third leading cause of death for fifteen- to twenty-four-year-olds.,CauseNet-cause.csv,,1,[],['cause'],explicit,"[('suicide', 'death')]",No
"Insomnia is most often caused by sleep disorders, but also by emotional stress or stimulants.",CauseNet-cause.csv,,1,[],['caused'],explicit,"[('sleep_disorders', 'insomnia')]",No
Free radicals can over time be very harmful to the body and cause damage to cells and DNA.,CauseNet-cause.csv,,1,[],['cause'],explicit,"[('free_radicals', 'damage_to_cells')]",No
Failure to do so is often the basis in determining damages that are caused by an accident.,CauseNet-cause.csv,,1,[],['caused'],explicit,"[('accident', 'damages')]",No
"Certain other drugs, such as alloxan, streptozocin, and thiazide diuretics, are toxic to the beta cells of the pancreas and can cause diabetes.",CauseNet-cause.csv,,1,[],['cause'],explicit,"[('drugs', 'diabetes')]",No
He was a miner for the Victor-American Fuel Company; death was caused by an explosion of gas and dust and possibly an open lamp.,CauseNet-cause.csv,,1,[],['caused'],explicit,"[('explosion_of_gas', 'death')]",No
It is short-sighted to approve expanded gambling based on conditions caused by a recession that nearly all economists say will soon end.,CauseNet-cause.csv,,1,[],['caused'],explicit,"[('recession', 'conditions')]",No
The dangers here are obvious: a falling lamp or electrocution can cause serious injury or worse.,CauseNet-cause.csv,,1,[],['cause'],explicit,"[('electrocution', 'serious_injury')]",No
This will also reduce allergens that can cause an allergy attack.,CauseNet-cause.csv,,1,[],['cause'],explicit,"[('allergens', 'allergy_attack')]",No
Niacin flush (hot feeling or skin redness) lasting a few minutes may be caused by vitamin B3 in some users.,CauseNet-cause.csv,,1,[],['caused'],explicit,"[('vitamin_b3', 'niacin_flush')]",No
"If the carrier successfully rebuts the shipper's prima facie case, then the presumption of liability vanishes and the burden returns to the shipper to show that carrier negligence was at least a concurrent cause of the loss or damage to the cargo.",CauseNet-cause.csv,,1,[],['cause'],explicit,"[('carrier_negligence', 'loss')]",No
"When you lie down, gravity can cause fluid to accumulate in your lower eyelids.",CauseNet-cause.csv,,1,[],['cause'],explicit,"[('gravity', 'fluid_to_accumulate_in_your_lower_eyelids')]",No
These crystals are the usual cause of the disease known as gout.,CauseNet-cause.csv,,1,[],['cause'],explicit,"[('crystals', 'disease')]",No
"She had a birth injury which caused cerebral palsy, mental retardation and developmentally delayed.",CauseNet-cause.csv,,1,[],['caused'],explicit,"[('birth_injury', 'cerebral_palsy')]",No
"* Stress/anxiety- Familial problems, official burdens, hectic schedules and many additional causes of stress and anxiety affect the pregnancy causing miscarriage.",CauseNet-cause.csv,,1,[],['causes'],explicit,"[('pregnancy', 'miscarriage')]",No
Voluntary product recalls are still being announced; the outbreak has sickened nearly 700 people in 46 states and possibly caused nine deaths.,CauseNet-cause.csv,,1,[],['caused'],explicit,"[('outbreak', 'nine_deaths')]",No
"This is an Ayurvedic herb that is best given in low doses, as higher doses can cause diarrhea and flatulence in more sensitive people.",CauseNet-cause.csv,,1,[],['cause'],explicit,"[('higher_doses', 'diarrhea')]",No
"If you are pregnant, alcohol can cause severe retardation, developmental problems or even death for your unborn child.",CauseNet-cause.csv,,1,[],['cause'],explicit,"[('alcohol', 'death')]",No
Sorrell filed suit under FELA alleging that his employer failed to provide him with a reasonably safe place to work and that its negligence caused his injuries.,CauseNet-cause.csv,,1,[],['caused'],explicit,"[('negligence', 'injuries')]",No
"In a study of 13,356 hip fracture patients randomized to aspirin or placebo (in addition to usual care, which included heparin in 44% of patients), aspirin did significantly reduce the risk of clinical VTE, and caused a 50% reduction in fatal PE compared to placebo.",CauseNet-cause.csv,,1,[],['caused'],explicit,"[('aspirin', 'reduction')]",No
"Usually, the cancer grows so slowly that the man will live out his natural span, and die of something else, before the cancer causes any symptoms.",CauseNet-cause.csv,,1,[],['causes'],explicit,"[('cancer', 'symptoms')]",No
* Fixed a bug that caused RE:Flex in certain situations to spit out bad frames when working in 16 bits per channel.,CauseNet-cause.csv,,1,[],['caused'],explicit,"[('fixed_a_bug', 're')]",No
The film's perspective is that the financial sector caused the crisis and then was called upon to fix it.,CauseNet-cause.csv,,1,[],['caused'],explicit,"[('financial_sector', 'crisis')]",No
Any overgrowth of bacteria causes harm and results in bacterial vaginosis.,CauseNet-cause.csv,,1,[],"['causes', 'results in']",explicit,"[('overgrowth_of_bacteria', 'bacterial_vaginosis')]",No
"Acne is usually caused by bacteria, and using a witch hazel acne astringent can help fight the bacteria that cause acne, and in turn help prevent the formation of more acne.",CauseNet-cause.csv,,1,[],"['caused', 'cause']",explicit,"[('bacteria', 'acne')]",No
The root cause of egoism is ignorance or Avidya; Ego is the false self.,CauseNet-cause.csv,,1,[],['cause'],explicit,"[('ignorance', 'egoism')]",No
Obesity can also cause fatty infiltration of the liver (hepatic lipidosis) and fat over the ribcage and in the abdomen reduces the ability of the chest to expand and therefore reduces the capacity of the lungs.,CauseNet-cause.csv,,1,[],"['cause', 'therefore']",explicit,"[('obesity', 'fatty_infiltration_of_the_liver')]",No
- (Read more) Easily file a Zoloft birth defects lawsuit with Flood Law Group to maximize the recovery of monetary damages from pharmaceuticals whose antidepressant drugs have caused Sertraline and Zoloft birth defects and side effects.,CauseNet-cause.csv,,1,[],['caused'],explicit,"[('antidepressant_drugs', 'side_effects')]",No
"If neglected, diabetes can cause serious health complications, ranging from blindness to kidney failure.Approximately 8% of the population in the United States has diabetes.",CauseNet-cause.csv,,1,[],['cause'],explicit,"[('diabetes', 'serious_health_complications')]",No
The MRI scans will also be used to help identify any brain abnormalities which might be the cause of psychotic symptoms in a proportion of participants.,CauseNet-cause.csv,,1,[],['cause'],explicit,"[('brain_abnormalities', 'psychotic_symptoms')]",No
"As such, they should be held strictly liable, as a matter of law, for any defect that proximately causes injury.",CauseNet-cause.csv,,1,[],['causes'],explicit,"[('defect', 'injury')]",No
These sorts of reports cannot establish that the drugs caused the adverse outcomes.,CauseNet-cause.csv,,1,[],['caused'],explicit,"[('drugs', 'adverse_outcomes')]",No
Author Sarah Murray discusses the carbon emissions caused by food production without getting into the argument that foods purchased locally are more nutritious and taste better.,CauseNet-cause.csv,,1,[],['caused'],explicit,"[('food_production', 'carbon_emissions')]",No
"The thought of a woman being violated in that manner is sickening to any sane human being, so it seems to follow that a pregnancy caused by a rape would be a further complication of an already horrific situation.",CauseNet-cause.csv,,1,[],['caused'],explicit,"[('rape', 'pregnancy')]",No
"In testimony before a Congressional panel, Lippmann said that his Committee ""agreed with EPA"" that the data were ""insufficient"" to claim that secondhand smoke causes asthma, and that ""further research is needed to determine if a causal link...can be established.""",CauseNet-cause.csv,,1,['claim'],['causes'],explicit,"[('secondhand_smoke', 'asthma')]",No
"When taken in excess quantities, dextromethorphan can cause euphoria and hallucinations.",CauseNet-cause.csv,,1,[],['cause'],explicit,"[('dextromethorphan', 'hallucinations')]",No
"At the Killino Firm, we recognize the trauma and devastation caused by these injuries and we have committed our practice to helping the injured and their families seek justice and recover compensation for their losses.",CauseNet-cause.csv,,1,[],['caused'],explicit,"[('injuries', 'trauma')]",No
"If my ""errors"" caused a serious injury, they would doubtless be added to the assessment that human error causes 70-90% of all accidents.",CauseNet-cause.csv,,1,[],"['caused', 'causes']",explicit,"[('errors', 'serious_injury')]",No
Several fungi can cause this condition.,CauseNet-cause.csv,,1,[],['cause'],explicit,"[('fungi', 'condition')]",No
"From those findings, he posited that measles virus from the MMR vaccine irritated the gut of these kids, allowing toxins to seep out of the bowel, infect the nervous system and cause their autism.",CauseNet-cause.csv,,1,[],['cause'],explicit,"[('measles_virus_from_the_mmr_vaccine', 'autism')]",No
"The term, a euphemism for ""drug addiction,""serves only to confuse the uninitiated by suggesting the idea that demons cause psychotropic drug addiction rather than addiction causes demons.",CauseNet-cause.csv,,1,[],"['cause', 'causes']",explicit,"[('addiction', 'demons')]",No
These may include screening for colorectal cancer or digestive conditions that may cause bleeding during bowel movements.,CauseNet-cause.csv,,1,[],['cause'],explicit,"[('colorectal_cancer', 'bleeding')]",No
"This medication can cause serious (sometimes fatal) kidney problems or blood disorders (e.g., granulocytopenia).",CauseNet-cause.csv,,1,[],['cause'],explicit,"[('medication', 'blood_disorders')]",No
And change in hormones is the primary cause of acne.,CauseNet-cause.csv,,1,[],['cause'],explicit,"[('change_in_hormones', 'acne')]",No
"Many people said heart disease is the leading cause of death among women, making four in ten deaths.",CauseNet-cause.csv,,1,[],['cause'],explicit,"[('heart_disease', 'death_among_women')]",No
There has been some concern that ibuprofen can cause kidney damage.,CauseNet-cause.csv,,1,[],['cause'],explicit,"[('ibuprofen', 'kidney_damage')]",No
Tramadol may cause constipation.,CauseNet-cause.csv,,1,[],['cause'],explicit,"[('tramadol', 'constipation')]",No
"CF is an autosomal recessive disease caused by mutations in the gene encoding the CF transmembrane conductance regulator (CFTR) (2, 3).",CauseNet-cause.csv,,1,[],['caused'],explicit,"[('mutations_in_the_gene', 'autosomal_recessive_disease')]",No
Critical amino acids and proteins remain whole to condition hair and protect it from damage and aging caused by environmental factors.,CauseNet-cause.csv,,1,[],['caused'],explicit,"[('environmental_factors', 'damage')]",No
Advanced cancer is responsible to cause symptoms that get worsened and need immediate treatment to help control them effectively in a short period.,CauseNet-cause.csv,,1,[],['cause'],explicit,"[('advanced_cancer', 'symptoms')]",No
Onchocerca volvulus causes cutaneous onchocerciasis and river blindness\\\\n\\\\nThe other two are less seriously pathogenic but commonly parasitise humans.,CauseNet-cause.csv,,1,[],['causes'],explicit,"[('onchocerca_volvulus', 'river_blindness')]",No
Severe liver injury is the main cause of death among fatal cases of EBV infection (5).,CauseNet-cause.csv,,1,[],['cause'],explicit,"[('severe_liver_injury', 'death')]",No
ZAPPERS AND ANTI-PARASITIC HERBALS: The thesis behind this theory is that all diseases are caused by parasites (including flukes) and that all one has to do to eliminate the disease state is to eliminate the parasites.,CauseNet-cause.csv,,1,[],['caused'],explicit,"[('parasites', 'diseases')]",No
Chemicals that kill insects are sure to cause illness or even death to us an/or our pets.,CauseNet-cause.csv,,1,[],['cause'],explicit,"[('chemicals', 'illness')]",No
"Not long ago, the so-called ""dynamic"" wrinkles; wrinkles caused by facial expressions, such as crow's feet, glabellar or frown lines, and forehead lines were the source of much consternation for patients and doctors alike because they were difficult to treat even with surgery.",CauseNet-cause.csv,,1,[],"['caused', 'because']",explicit,"[('facial_expressions', 'wrinkles')]",No
"Often ignorance causes pain for the knowledgeable, rarely for the ignorant.",CauseNet-cause.csv,,1,[],['causes'],explicit,"[('ignorance', 'pain')]",No
[ 41] The leading cause of death in children who survive the neonatal period is malaria.,CauseNet-cause.csv,,1,[],['cause'],explicit,"[('malaria', 'death_in_children')]",No
"However, many of my members have expressed very clearly that this decision would cause great consternation and that, if this happened, they would want to see us leave....",CauseNet-cause.csv,,1,[],['cause'],explicit,"[('decision', 'great_consternation')]",No
"In this part of the world, mortality caused by cervical cancer is highest in the countries that are least equipped to deal with the problem.",CauseNet-cause.csv,,1,[],['caused'],explicit,"[('cervical_cancer', 'mortality')]",No
"Because osteoarthritis commonly causes pain and discomfort in the affected joints, the dog with CHD often has impaired mobility and a diminished quality of life.",CauseNet-cause.csv,,1,[],"['Because', 'causes']",explicit,"[('osteoarthritis', 'pain')]",No
"They include consideration of the duty owed, the attorney's mens rea, the injury caused by the misconduct, and the existence of aggravating and mitigating factors.",CauseNet-cause.csv,,1,[],['caused'],explicit,"[('misconduct', 'injury')]",No
"Infection by ""opportunist"" intracellular germs, which are usually destroyed by the immunity defense mechanism in a normal person, is the cause of AIDS.",CauseNet-cause.csv,,1,[],['cause'],explicit,"[('infection', 'aids')]",No
The cause narrowing of the arteries is caused by atheroma.,CauseNet-cause.csv,,1,[],"['cause', 'caused']",explicit,"[('atheroma', 'narrowing_of_the_arteries')]",No
"Carbon dioxide emissions produced by burning fossil fuels are the major cause of global warming, so efforts to combat climate change have focused on ways to cut CO2 releases.",CauseNet-cause.csv,,1,[],['cause'],explicit,"[('carbon_dioxide_emissions', 'global_warming')]",No
"Some 20-25 percent of all children sustain injuries requiring medical treatment, and unintentional injuries are the leading cause of death in individuals ages 1 to 21.",CauseNet-cause.csv,,1,[],['cause'],explicit,"[('unintentional_injuries', 'death')]",No
Mobic is particular is used for occurrences of inflammations caused by arthritis.,CauseNet-cause.csv,,1,[],['caused'],explicit,"[('arthritis', 'inflammations')]",No
"With a friend's help, he made his flight, but spent the rest of the trip battling the discomfort caused by his osteoarthritis.",CauseNet-cause.csv,,1,[],['caused'],explicit,"[('osteoarthritis', 'discomfort')]",No
"By 1915, the first strikes broke out against the privations caused by the war, notably in Britain.",CauseNet-cause.csv,,1,[],['caused'],explicit,"[('war', 'privations')]",No
The devastation caused by slave-hunting and famine lay all around.,CauseNet-cause.csv,,1,[],['caused'],explicit,"[('slave-hunting', 'devastation')]",No
Malaria is caused by infection with a parasite from the genus Plasmodium.,CauseNet-cause.csv,,1,[],['caused'],explicit,"[('infection', 'malaria')]",No
"In Florida, in order to prove that you were injured due to the failure of a health provider you must show: (1) The health care provider failed to exercise a duty of care and (2) The failure was the proximate cause of the injury.",CauseNet-cause.csv,,1,[],"['due to', 'cause']",explicit,"[('failure', 'injury')]",No
"Histamine is the best known and may cause headaches, hot flushes and other side-effects in sensitive persons.",CauseNet-cause.csv,,1,[],['cause'],explicit,"[('histamine', 'headaches')]",No
"Annually, 12,000-14,000 Americans die from hepatitis C, the infectious disease caused by hepatitis C virus (HCV).",CauseNet-cause.csv,,1,[],['caused'],explicit,"[('hepatitis_c_virus', 'infectious_disease')]",No
Suicide is now the third leading cause of death for 15-24 year-olds nationally.,CauseNet-cause.csv,,1,[],['cause'],explicit,"[('suicide', 'death')]",No
"* By Practice AreaBankruptcyBusiness LawChild CustodyCriminal LawDivorceEnvironmental LawFamily LawLabor & Employment LawPersonal InjuryReal EstateWills & ProbateMore... By Life EventsGetting a DivorceWrite a WillBankruptcy, Credit and DebtHome Disaster RecoveryLosing a JobLandlord TenantAutomobile AccidentPrivacy ViolatedCare for an Aging RelativeIdentity TheftHot Topics on Lawyers.comMore... By LocationCaliforniaFloridaGeorgiaIllinoisMichiganNew JerseyNew YorkOhioPennsylvaniaTexasWashingtonMore... Personal injury law pertains to any injury, harm, wrong, or damage caused by the negligence or actions of another party.",CauseNet-cause.csv,,1,[],['caused'],explicit,"[('negligence', 'damage')]",No
"Part of the problem is global warming, which causes sea levels to rise and may make coastal cities like Jakarta especially vulnerable to flooding and monsoon storms.",CauseNet-cause.csv,,1,[],['causes'],explicit,"[('global_warming', 'sea_levels_to_rise')]",No
"However, listeriosis, the disease caused by Listeria monocytogenes, can be deadly in vulnerable populations, such as pregnant women, fetuses, infants, the elderly, and those with compromised immune systems.",CauseNet-cause.csv,,1,[],['caused'],explicit,"[('listeria_monocytogenes', 'disease')]",No
"Hydrocollators, thermalators, and other forms of massage therapy equipment are great for treating injuries caused by sports and exercising.",CauseNet-cause.csv,,1,[],['caused'],explicit,"[('sports', 'injuries')]",No
"The infection causes severe muscle spasms, leading to ""locking"" of the jaw, making it hard to open the mouth or swallow.",CauseNet-cause.csv,,1,[],"['causes', 'leading to']",explicit,"[('infection', 'severe_muscle_spasms')]",No
"In fact, studies suggest that intercourse that occurs a day or more after ovulation rarely results in pregnancy.",CauseNet-noncause.csv,,1,[],['results in'],explicit,"[('intercourse', 'pregnancy')]",No
"Continuously, it's the dryness in the pores and skin that results in additional itching and irritation.",CauseNet-noncause.csv,,1,[],['results in'],explicit,"[('dryness_in_the_pores_and_skin', 'irritation')]",No
The residue might be left around the rug leading to it to attract far more dust and may result in premature wear.,CauseNet-noncause.csv,,1,[],"['leading to', 'result in']",explicit,"[('residue', 'premature_wear')]",No
"To have a successful claim, you have to have a doctor willing to testify that medical malpractice occurred and the negligence resulted in damages.",CauseNet-noncause.csv,,1,['claim'],['resulted in'],explicit,"[('negligence', 'damages')]",No
The trial demonstrated that tamoxifen resulted in a 50% reduction in breast cancer incidence.,CauseNet-noncause.csv,,1,[],['resulted in'],explicit,"[('tamoxifen', 'reduction')]",No
"At the same time, state health department investigations of many hospital adverse events, such as patient injuries from falls, perforations resulting in disability, and death or serious injury due to surgery, have been rare, data in the report shows.",CauseNet-noncause.csv,,1,[],"['resulting in', 'due to']",explicit,"[('surgery', 'death')]",No
"The flood hazard areas of the County of Tulare are subject to periodic inundation which results in loss of life and property, health and safety hazards, disruption of commerce and governmental services, extraordinary public expenditures for flood protection and relief, and impairment of the tax base, all of which adversely affect the pubic health, safety, and general welfare.",CauseNet-noncause.csv,,1,[],['results in'],explicit,"[('periodic_inundation', 'loss_of_life')]",No
"As a result, nobody will be held liable even when the accident is due to reckless driving.",CauseNet-noncause.csv,,1,[],"['As a result', 'due to']",explicit,"[('reckless_driving', 'accident')]",No
"Those actions and reactions have only occasionally resulted in death, but they nearly always involve destruction and suffering.",CauseNet-noncause.csv,,1,[],['resulted in'],explicit,"[('reactions', 'death')]",No
This can lead to symptoms resulting in a heart attack.,CauseNet-noncause.csv,,1,[],"['lead to', 'resulting in']",explicit,"[('symptoms', 'heart_attack')]",No
The invention also provides a method of treating a disease or pathological condition resulting in apoptotic cell death by increasing the activity of Bcl-2 wherein the disease or pathological condition is mediated by viral infection.,CauseNet-noncause.csv,,1,[],['resulting in'],explicit,"[('disease', 'apoptotic_cell_death')]",No
"The paranoia produced by methamphetamine abuse results in suspiciousness, hyperactive behavior, and dramatic mood swings.",CauseNet-noncause.csv,,1,[],['results in'],explicit,"[('paranoia', 'hyperactive_behavior')]",No
"The storm also brought strong winds, which resulted in high wind power production at the same time the reservoirs needed to be emptied.",CauseNet-noncause.csv,,1,[],['resulted in'],explicit,"[('storm', 'strong_winds')]",No
The deep recession of late 2007 to mid-2009 and slow recovery through late 2010 resulted in unemployment that was unacceptably high (nearly 10 percent) and inflation that was below the level the Fed judges to be consistent with its mandate.,CauseNet-noncause.csv,,1,[],['resulted in'],explicit,"[('deep_recession', 'unemployment')]",No
"Increases the prison term to any number of years or life if a violation results in a death.""",CauseNet-noncause.csv,,1,[],['results in'],explicit,"[('violation', 'death')]",No
Our policy is to reflect transfers in and transfers out at the beginning of the quarter in which a change in circumstances resulted in the transfer.,CauseNet-noncause.csv,,1,[],['resulted in'],explicit,"[('change_in_circumstances', 'transfer')]",No
This failure then results in large fines that can ruin profits.,CauseNet-noncause.csv,,1,[],['results in'],explicit,"[('failure', 'large_fines')]",No
"For purposes of this Agreement, a ""Change in Control"" is defined as the consummation of any of the following transactions: (i) any merger or consolidation which results in the voting securities of the Company outstanding immediately prior thereto representing immediately thereafter (either by remaining outstanding or by being converted into voting securities of the surviving or acquiring entity) less than a majority of the combined voting power of the voting securities of the Company or such surviving or acquiring entity outstanding immediately after such merger or consolidation; (ii) any sale of all or substantially all of the assets of the Company; or (iii) the complete liquidation of the Company.",CauseNet-noncause.csv,,1,[],['results in'],explicit,"[('merger_or_consolidation', 'voting_securities_of_the_company')]",No
"This can relieve stress, which is especially important because stress can lead to acne.",CauseNet-noncause.csv,,1,[],"['because', 'lead to']",explicit,"[('stress', 'acne')]",No
"Polytrauma is defined as two or more injuries resulting in physical, cognitive, psychological, or psychosocial impairments and functional disability.",CauseNet-noncause.csv,,1,[],['resulting in'],explicit,"[('injuries', 'functional_disability')]",No
"""Natchez Mississippi Blues"" memorializes The Rhythm Club fire, a fire resulting in the death or serious injury of over two hundred nine African-Americans.",CauseNet-noncause.csv,,1,[],['resulting in'],explicit,"[('fire', 'serious_injury')]",No
Failure here results in failure everywhere.,CauseNet-noncause.csv,,1,[],['results in'],explicit,"[('failure_here', 'failure_everywhere')]",No
"NBCOT offers an Early Determination Review to individuals who (1) have been charged with or convicted of a felony, (2) have had any professional license, registration or certification revoked, suspended or subject to probationary conditions by a regulatory authority or certification board, and/or (3) have been found by any court, administrative or disciplinary proceeding to have committed negligence, malpractice, recklessness or willful or intentional misconduct which resulted in harm to another.",CauseNet-noncause.csv,,1,[],['resulted in'],explicit,"[('negligence', 'harm_to')]",No
"Physically, I suffered stress and trauma, which resulted in a rash and high blood pressure.",CauseNet-noncause.csv,,1,[],['resulted in'],explicit,"[('stress', 'high_blood_pressure')]",No
"Drug treatment at 500&#181;M and 1mM resulted in significant abnormalities and death, whereas development at the lower concentrations appeared normal.",CauseNet-noncause.csv,,1,[],['resulted in'],explicit,"[('drug_treatment', 'death')]",No
"Preliminary scientific research has shown that many types of nanoparticles can result in increased oxidative stress which can result in the formation of free radicals that can lead to cancer, DNA mutation and even cell death.",CauseNet-noncause.csv,,1,[],"['result in', 'result in', 'lead to']",explicit,"[('formation_of_free_radicals', 'cancer')]",No
This lack of activity may lead to obesity and general physical deterioration that may eventually result in the onset of cardiovascular and other serious health problems.,CauseNet-noncause.csv,,1,[],"['lead to', 'result in']",explicit,"[('lack_of_activity', 'obesity')]",No
"Consequently, healthy cells are commonly damaged in the process of treating the cancer, which results in side effects.",CauseNet-noncause.csv,,1,[],"['Consequently', 'results in']",explicit,"[('cancer', 'side_effects')]",No
"Disruption of this balance results in serious diseases such as fibrosis, arthritis, and tumour growth.",CauseNet-noncause.csv,,1,[],['results in'],explicit,"[('disruption_of_this_balance', 'serious_diseases')]",No
He further suggests that this is most likely after period of overproduction resulting in depression and weakening of the parties who control the current political system.,CauseNet-noncause.csv,,1,[],['resulting in'],explicit,"[('overproduction', 'depression')]",No
"Poor posture and other back and neck problems can also trigger headaches, along with hunger (which results in a drop in blood sugar), oral contraceptives, changes in weather, bright lights, excessive noise, cigarette smoke, allergies, and disruptions in sleep patterns.",CauseNet-noncause.csv,,1,[],['results in'],explicit,"[('poor_posture', 'headaches')]",No
"Conversely, highly public losses such as the September 11th tragedy, Littleton Shootings or losses due to war can result in a greater community response and demonstration of support, allowing survivors to bond and grieve together.",CauseNet-noncause.csv,,1,[],"['due to', 'result in']",explicit,"[('war', 'losses')]",No
This exploration work resulted in approximately 9400m diamond drilling and extensive ground-based exploration work facilitating the advancement of more than 15 projects at various stages of development.,CauseNet-noncause.csv,,1,[],['resulted in'],explicit,"[('exploration_work', 'extensive_ground-based_exploration_work')]",No
"Because the letter of the Law, serves only to produce condemnation and adverse judgment, which leads to death.",CauseNet-noncause.csv,,1,[],"['Because', 'leads to']",explicit,"[('condemnation', 'death')]",No
"Thus this coverage will make payments on your behalf to that injured third-party, in the event your car is involved in an accident that results in serious injury or death to others or damage to their property.",CauseNet-noncause.csv,,1,[],"['Thus', 'results in']",explicit,"[('accident', 'serious_injury')]",No
"Because of delays due to war, construction continued until 1833.",CauseNet-noncause.csv,,1,[],"['Because', 'due to']",explicit,"[('war', 'delays')]",No
"Because of the repeated need to extend the period to reform governing instruments and the fact that the failure to meet the 1969 Act rules often resulted in reduced amounts passing to charity, in the Tax Reform Act of 1984 (1984 Act) Congress enacted a permanent rule permitting the reformation of split-interest charitable contributions.",CauseNet-noncause.csv,,1,[],"['Because', 'resulted in']",explicit,"[('failure_to_meet_the_1969_act_rules', 'reduced_amounts_passing_to_charity')]",No
"Thirdly, on account of the reverence due to God: because blood is most necessary for life, for which reason ""life"" is said to be ""in the blood"" (Lev.",CauseNet-noncause.csv,,1,[],"['due to', 'because']",explicit,"[('god', 'reverence')]",No
"When someone is negligent and that negligence results in injuries or even death or permanent disability, never let them get away with it.",CauseNet-noncause.csv,,1,[],['results in'],explicit,"[('negligence', 'death')]",No
"Because of high blood flow and pressure imbalances, AVMs in the brain are at risk of hemorrhage or rupture, which can lead to stroke, severe disability and even death.",CauseNet-noncause.csv,,1,[],"['Because', 'lead to']",explicit,"[('hemorrhage', 'stroke')]",No
This results in flicker that can lead to eye fatigue and soreness.,CauseNet-noncause.csv,,1,[],"['results in', 'lead to']",explicit,"[('flicker', 'eye_fatigue')]",No
"In children who have undergone an organ transplant, or who experience other conditions resulting in a weakened immune system, adenovirus infections are something that can be very severe and have the potential to result in overwhelming infection, or even death.",CauseNet-noncause.csv,,1,[],"['resulting in', 'result in']",explicit,"[('conditions', 'weakened_immune_system')]",No
"When doing anything complex in the air, any sort of mishap can lead to a fall that may result in serious injury or death.",CauseNet-noncause.csv,,1,[],"['lead to', 'result in']",explicit,"[('fall', 'death')]",No
"Inaction, rather than action, results in the penalty.",CauseNet-noncause.csv,,1,[],['results in'],explicit,"[('action', 'penalty')]",No
Accumulation of fatty acid and fatty acid metabolites in these insulin-responsive tissues leads to acquired insulin signaling defects and insulin resistance resulting in a reduced glucose transport [43].,CauseNet-noncause.csv,,1,[],"['leads to', 'resulting in']",explicit,"[('accumulation_of_fatty_acid', 'insulin_resistance')]",No
"From this experience (I was doing more than 8 hours of output, quite easily, by the way, within 8 hours because the standards had been set too easily by someone) I learned that concentration of power leads to corruption (a powerful supplier selling to an indifferent purchaser with the US taxpayer geting soaked for inflated prices).",CauseNet-noncause.csv,,1,[],"['because', 'leads to']",explicit,"[('concentration_of_power', 'corruption')]",No
"Conflict results in anxiety, anguish, stress, tension.",CauseNet-noncause.csv,,1,[],['results in'],explicit,"[('conflict', 'anxiety')]",No
"The low yields and gradual ripening resulted in wines with good intensity, lower than normal alcohols and an appealing gentle minerality.",CauseNet-noncause.csv,,1,[],['resulted in'],explicit,"[('low_yields', 'wines')]",No
Both of these viruses maintain latent infections in their human host but intermittently lead to uncontrolled cellular proliferation that results in cancer.,CauseNet-noncause.csv,,1,[],"['lead to', 'results in']",explicit,"[('uncontrolled_cellular_proliferation', 'cancer')]",No
Limited visibility can lead to confrontations with humans and to accidents because their biting inhibition is considerably reduced due to the unusual environmental conditions.,CauseNet-noncause.csv,,1,[],"['lead to', 'because', 'due to']",explicit,"[('limited_visibility', 'accidents')]",No
Problems that are uncovered during an investigative hearing can often lead to new legislation that may relate to federal funding or result in referral to a federal or state court.,CauseNet-noncause.csv,,1,[],"['lead to', 'result in']",explicit,"[('problems', 'new_legislation')]",No
"first, I had a trauma that resulted in neuropathic pain two years ago.",CauseNet-noncause.csv,,1,[],['resulted in'],explicit,"[('trauma', 'neuropathic_pain')]",No
"Software may be designed to use in several different special cases, but they all target to help alleviate the effects of the accidents or mistakes that resulted in data loss.",CauseNet-noncause.csv,,1,[],['resulted in'],explicit,"[('accidents', 'data_loss')]",No
"Sanctuary staff works to protect marine resources because in the absence of active management, many of these special features can suffer from degradation due to human actions, both inadvertent and intentional.",CauseNet-noncause.csv,,1,[],"['because', 'due to']",explicit,"[('human_actions', 'degradation')]",No
This misconception resulted in frustration when it came to imposing a statute against it until finally in 1970 when the federal government made it as a controlled substance.,CauseNet-noncause.csv,,1,[],['resulted in'],explicit,"[('misconception', 'frustration')]",No
The strong convection which developed resulted in one fatality in the Forest Falls area as heavy rainfall produced flash flooding.,CauseNet-noncause.csv,,1,[],['resulted in'],explicit,"[('heavy_rainfall', 'flash_flooding')]",No
"A study by the National Council on Aging shows that, left untreated, hearing loss often results in distorted communication, isolation, withdrawal, depression, anger, and severely reduced overall psychological health, in addition to an average loss of income per household of up to $12,000 per year.",CauseNet-noncause.csv,,1,[],['results in'],explicit,"[('hearing_loss', 'withdrawal')]",No
"Humulus helps relieve tension and anxiety and may be used where tension results in restlessness, headache and indigestion.",CauseNet-noncause.csv,,1,[],['results in'],explicit,"[('tension', 'headache')]",No
"Phenylketonuria (PKU), inborn error of metabolism, characterized by a virtual absence of phenylalanine hydroxylase activity and an elevation of plasma phenylalanine, that frequently results in mental retardation.",CauseNet-noncause.csv,,1,[],['results in'],explicit,"[('phenylketonuria', 'mental_retardation')]",No
"Moreover, driving quads by means of beaches and uneven terrain increases the probabilities of accidents resulting in serious injuries and large monetary expenditures for medical assist.",CauseNet-noncause.csv,,1,[],['resulting in'],explicit,"[('accidents', 'serious_injuries')]",No
"The capital contribution to the Bank resulted in the Bank's capital adequacy ratios exceeding the minimum capital levels required to be categorized as ""well capitalized"".",CauseNet-noncause.csv,,1,[],['resulted in'],explicit,"[('capital_contribution_to_the_bank', ""bank_'s_capital_adequacy_ratios_exceeding_the_minimum_capital_levels_required_to_be_categorized"")]",No
"Each year in the United States, nearly 1,800 infants die as a result of congenital heart defects and another 350 develop heart disease, which leads to heart failure for many.",CauseNet-noncause.csv,,1,[],"['as a result', 'leads to']",explicit,"[('heart_disease', 'heart_failure')]",No
"Capacitive dielectric loss becomes the dominant factor in attenuation as frequencies rise because its effect is proportional to frequency, whereas losses due to skin effect are proportional to the square root of frequency.",CauseNet-noncause.csv,,1,[],"['because', 'due to']",explicit,"[('skin_effect', 'losses')]",No
People should make sure to wear sunglasses in bright sunlight especially between 11:00am and 4:00 pm because the ultraviolet rays are very strong and directly falls on the eyes and slowly leads to eye damage.,CauseNet-noncause.csv,,1,[],"['because', 'leads to']",explicit,"[('ultraviolet_rays', 'eye_damage')]",No
The accident happened just an hour north of Los Angeles and resulted in very serious injuries to Rapp.,CauseNet-noncause.csv,,1,[],['resulted in'],explicit,"[('accident', 'very_serious_injuries')]",No
"The planning process resulting in these benefits is discussed in this letter; also, there will be a fee quote for our services to help make this plan a reality.",CauseNet-noncause.csv,,1,[],['resulting in'],explicit,"[('planning_process', 'benefits')]",No
You still have to show that your lawyer violated the duty of care described above and that the violation resulted in a loss.,CauseNet-noncause.csv,,1,[],['resulted in'],explicit,"[('violation', 'loss')]",No
Heavy rains last week resulted in localized ponding and flooding of corn fields; mainly in parts of south central and southwest Ohio.,CauseNet-noncause.csv,,1,[],['resulted in'],explicit,"[('heavy_rains', 'localized_ponding')]",No
"Risk of Cardiac Arrhythmia and Sudden Cardiac Death During General Anesthesia for Central Venous Catheter Placement: Cardiac arrhythmia, including ventricular fibrillation, ventricular tachycardia and bradycardia, resulting in cardiac arrest or death, or requiring cardiac resuscitation or defibrillation have been observed in infantile-onset Pompe disease patients with cardiac hypertrophy, associated with the use of general anesthesia for the placement of a central venous catheter intended for MYOZYME infusion.",CauseNet-noncause.csv,,1,[],['resulting in'],explicit,"[('cardiac_arrhythmia', 'cardiac_arrest')]",No
"Increases in the number of families and the more affluent, 55-and-older population will lead to more restaurants that offer table service and more varied menus-resulting in faster-than-average growth among higher-skilled restaurant cooks.",CauseNet-noncause.csv,,1,[],"['lead to', 'resulting in']",explicit,"[('55-and-older_population', 'restaurants')]",No
This insulin spike results in fat storage resulting in weight gain.,CauseNet-noncause.csv,,1,[],"['results in', 'resulting in']",explicit,"[('fat_storage', 'weight_gain')]",No
"We have a limited supply of oil, and the CO2 emmisions contribute to global warming, which results in rising seas and stronger storms.",CauseNet-noncause.csv,,1,[],['results in'],explicit,"[('global_warming', 'rising_seas')]",No
"Drug therapies are primarily geared towards halting cell death, switching the gene off or interfering with the RNA, which eventually creates the toxic protein that results in cell death.",CauseNet-noncause.csv,,1,[],['results in'],explicit,"[('toxic_protein', 'cell_death')]",No
"More than half of all accidents resulting in eye injuries happen to persons under age 25, and many of these injuries occur during sports or recreational activities.",CauseNet-noncause.csv,,1,[],['resulting in'],explicit,"[('accidents', 'eye_injuries')]",No
"The condition results in formation of blood clots that may lead to heart attacks, strokes and death.",CauseNet-noncause.csv,,1,[],"['results in', 'lead to']",explicit,"[('condition', 'formation_of_blood_clots')]",No
"Much like Human Appeal International, Interpal texts refer to a conflict resulting in a humanitarian crisis, but stop short of attributing culpability to any party (Israel, the Palestinian Authority, or terrorist factions).",CauseNet-noncause.csv,,1,[],['resulting in'],explicit,"[('conflict', 'humanitarian_crisis')]",No
"Chronic pain, sleepless nights due to discomfort, lack of social interactions because mobility is so limited, the absence of much pleasure and distraction except eating, are all factors that must be considered.",CauseNet-noncause.csv,,1,[],"['due to', 'because']",explicit,"[('discomfort', 'sleepless_nights')]",No
"Despite budget cuts resulting in layoffs and some classes being eliminated, the construction savings can only be used for other capital projects such as building and renovating schools and buying land.",CauseNet-noncause.csv,,1,[],['resulting in'],explicit,"[('budget_cuts', 'layoffs')]",No
"[ 126] With this expansion, the federal death penalty encompassed about sixty offenses, including murder in a federal facility or during an attack on a federal facility, kidnapping resulting in death, rape or child molestation resulting in death, genocide, murder during a drug-related drive-by shooting, and many others.",CauseNet-noncause.csv,,1,[],"['resulting in', 'resulting in']",explicit,"[('kidnapping', 'death')]",No
"Periodontal disease is an infection of the teeth, and their supporting structures, which results in soft tissue and bone destruction, leading to tooth loss.",CauseNet-noncause.csv,,1,[],"['results in', 'leading to']",explicit,"[('supporting_structures', 'tooth_loss')]",No
Herpetic whitlow is a viral infection of the hands or fingers resulting from contact with an individual experiencing a herpes simplex virus 1 (which results in oral herpes) or herpes simplex 2 (which results in genital herpes) outbreak.,CauseNet-noncause.csv,,1,[],"['results in', 'results in']",explicit,"[('herpes_simplex_2', 'genital_herpes')]",No
It is possible for a man who has mild hemophilia A to reach adulthood without knowing he has the disorder; typically an injury or surgery that results in excessive bleeding triggers the diagnosis.,CauseNet-noncause.csv,,1,[],['results in'],explicit,"[('surgery', 'excessive_bleeding')]",No
"The inflammation results in debris that builds up, encouraging more infection.",CauseNet-noncause.csv,,1,[],['results in'],explicit,"[('inflammation', 'debris')]",No
"The paranoia produced by methamphetamine use results in suspiciousness, hyperactive behavior, and dramatic mood swings.",CauseNet-noncause.csv,,1,[],['results in'],explicit,"[('paranoia', 'dramatic_mood_swings')]",No
"The MDS measurement set currently tracks the prevalence of falls, incidence of new fractures, accidents resulting in falls over 30 and 180 days, and accidents resulting in fractures in the last 180 days.",CauseNet-noncause.csv,,1,[],"['resulting in', 'resulting in']",explicit,"[('accidents', 'fractures')]",No
"The word used for love is ""agape,"" meaning a love that results in action.",CauseNet-noncause.csv,,1,[],['results in'],explicit,"[('love', 'action')]",No
"As plaintiff failed to establish the existence of a genuine issue of fact as to whether she sustained a serious injury as a result of this accident, the complaint was properly dismissed.",CauseNet-noncause.csv,,1,[],['as a result'],explicit,"[('accident', 'serious_injury')]",No
"When a COPD-afflicted horse inhales these particles, it has an allergic reaction which results in inflammation and constriction of the airways (the trachea, bronchi, and bronchioles).",CauseNet-noncause.csv,,1,[],['results in'],explicit,"[('allergic_reaction', 'inflammation')]",No
"Mirage's significant stake in creative control results in a cartoon that hews more closely to the original comics, creating a darker and edgier feel than the 1987 cartoon, but still remaining lighthearted enough to be considered appropriate for children.",CauseNet-noncause.csv,,1,[],['results in'],explicit,"[(""mirage_'s_significant_stake_in_creative_control"", 'cartoon_that_hews_more_closely_to_the_original_comics')]",No
This is a disease that typically leads to spinal curvature and also bone fractures because of vitamin D deficiency.,CauseNet-noncause.csv,,1,[],"['leads to', 'because']",explicit,"[('disease', 'bone_fractures')]",No
"An accident report must be filed with local authorities for any accident involving a vehicle that is owned, leased, donated or otherwise managed by the University if the accident results in personal injury to either party or results in property damage that equals or exceeds $400.",CauseNet-noncause.csv,,1,[],"['results in', 'results in']",explicit,"[('accident', 'personal_injury')]",No
"Frequently, for patients undergoing imaging procedures the continuity of care is broken: Patients circulate quickly through radiology departments, there may be a breakdown in communication between the patient's doctors and nurses and the radiology staff, or there may be miscommunication resulting in medication errors.",CauseNet-noncause.csv,,1,[],['resulting in'],explicit,"[('miscommunication', 'medication_errors')]",No
"Nipah virus infections begin with flu-like symptoms, including high fevers and muscle pains, which may be followed by inflammation of the brain (encephalitis), resulting in drowsiness, disorientation, convulsions, coma, and death.",CauseNet-noncause.csv,,1,[],['resulting in'],explicit,"[('inflammation_of_the_brain', 'convulsions')]",No
Particular attention should be paid to the possibility of the rare occurrence of an extreme decrease in plasma osmolality that may result in seizures which could lead to coma.,CauseNet-noncause.csv,,1,[],"['result in', 'lead to']",explicit,"[('seizures', 'coma')]",No
"Perhaps several chunks of this asteroid hit the Earth, and prompted the mantle plume that eventually resulted in the Deccan Traps volcanic activity.",CauseNet-noncause.csv,,1,[],['resulted in'],explicit,"[('mantle_plume', 'deccan_traps_volcanic_activity')]",No
"Through the work of an independent investigation, such issues may be fully addressed so that the liable parties can be held properly accountable for their negligent behavior that possibly resulted in such a tragic outcome.",CauseNet-noncause.csv,,1,[],['resulted in'],explicit,"[('negligent_behavior', 'tragic_outcome')]",No
Amyotrophic Lateral Sclerosis is a progressive neurodegenerative disease that attacks nerve cells in the brain and spinal cord resulting in muscle weakness and atrophy.,CauseNet-noncause.csv,,1,[],['resulting in'],explicit,"[('spinal_cord', 'atrophy')]",No
Iboga therapies have resulted in successful treatment of addiction as well as disorders as a result of traumas resulting from psychological disorders.,CauseNet-noncause.csv,,1,[],"['resulted in', 'as a result']",explicit,"[('traumas', 'disorders')]",No
"In other words, because SSRIs and similar drugs (e.g., Effexor) have withdrawal symptoms that sometimes lead to depression, it looks like they are effective in preventing depression because people often get worse shortly after stopping their medication.",CauseNet-noncause.csv,,1,[],"['because', 'lead to', 'because']",explicit,"[('withdrawal_symptoms', 'depression')]",No
"gleevec cancer drug , A serious adverse drug event, as defined by the FDA, means an adverse event that resulted in death, a birth defect, disability, hospitalization, or was life-threatening or required intervention to prevent harm, according to background information in the article.",CauseNet-noncause.csv,,1,[],['resulted in'],explicit,"[('adverse_event', 'death')]",No
"In rare cases, it surfaces as psoriatic arthritis - a condition where psoriasis results in joint inflammation much like arthritis.",CauseNet-noncause.csv,,1,[],['results in'],explicit,"[('psoriasis', 'joint_inflammation')]",No
The fire also resulted in water and smoke damage inside the building.,CauseNet-noncause.csv,,1,[],['resulted in'],explicit,"[('fire', 'water')]",No
"Sebum, an oily secretion from the skin, fosters bacterial growth resulting in acne and infection.",CauseNet-noncause.csv,,1,[],['resulting in'],explicit,"[('bacterial_growth', 'acne')]",No
Habitat loss due to urban development has resulted in a 57% loss of open grassland patches that once contained owls since 1988 (Trulio 2003).,CauseNet-noncause.csv,,1,[],"['due to', 'resulted in', 'since']",explicit,"[('urban_development', 'habitat_loss')]",No
"Owners and operators of some buses are exempted from tort liability for non-economic losses as a result of bodily injury unless the plaintiff has sustained a personal injury which results in death; dismemberment; significant disfigurement or significant scarring; displaced fractures; loss of a fetus; or a permanent injury within a reasonable degree of medical probability, other than scarring or disfigurement.",CauseNet-noncause.csv,,1,[],"['as a result', 'results in']",explicit,"[('personal_injury', 'death')]",No
"Also, because kidneys help to maintain the body's bones and blood, kidney failure can lead to weakened bones and anemia (a decrease in red blood cells).",CauseNet-noncause.csv,,1,[],"['because', 'lead to']",explicit,"[('kidney_failure', 'anemia')]",No
"The collapse of the financial system initially led to a major shift in opinion in favor of joining the EU and adopting the euro, although support has dropped substantially because of concern about losing control of their fishing resources and in reaction to measures taken by EU partners following the financial crisis.",CauseNet-noncause.csv,,1,[],"['led to', 'because']",explicit,"[('collapse_of_the_financial_system', 'major_shift_in_opinion_in_favor_of_joining_the_eu')]",No
"If you or a family member has been a victim of a medical mistake resulting in injury, harm, or even death, you might want to speak with a lawyer from the law firm of Seeger Weiss for a free case evaluation.",CauseNet-noncause.csv,,1,[],['resulting in'],explicit,"[('medical_mistake', 'harm')]",No
Constipation may lead to abdominal discomfort and pain and may also result in what appears to be diarrhoea.,CauseNet-noncause.csv,,1,[],"['lead to', 'result in']",explicit,"[('constipation', 'pain')]",No
"But if, from God's perspective, the faith that saves is a faith apart from works, but, from man's perspective, that faith results in good works which people can see, then there is bound to be a ""perspective difference"" in the description of saving faith.",CauseNet-noncause.csv,,1,[],['results in'],explicit,"[('faith', 'good_works')]",No
"The scandal resulted in an investigation, a cleric being fired in March 2014, and the dismissal of most administration members.",CauseNet-noncause.csv,,1,[],['resulted in'],explicit,"[('scandal', 'investigation')]",No
"This breakdown exceeds the ability of the tendon and periosteum to heal completely, which results in injury, more inflammation, and pain.",CauseNet-noncause.csv,,1,[],['results in'],explicit,"[('inflammation', 'injury')]",No
Then she was tested and found to be genetically positive for both ovarian and breast cancer resulting in yet more surgery.,CauseNet-noncause.csv,,1,[],['resulting in'],explicit,"[('breast_cancer', 'surgery')]",No
The casing should be made of steel so as to protect the panel from heat loss due to wind also because of its durability.,CauseNet-noncause.csv,,1,[],"['due to', 'because']",explicit,"[('wind', 'heat_loss')]",No
"Keeping bacteria in the intestine prevents the need for your body to mount a substantial and aggressive immune response, which results in symptoms like fever, swelling, redness and fatigue that are associated with infection.",CauseNet-noncause.csv,,1,[],['results in'],explicit,"[('redness', 'infection')]",No
Acne results from the clogging of sebaceous glands resulting in the formation of pimples and cysts.,CauseNet-noncause.csv,,1,[],['resulting in'],explicit,"[('clogging_of_sebaceous_glands', 'formation_of_pimples')]",No
"I am a firm believer that verbal abuse does indeed lead to physical abuse, and often is more scaring because of the things that can be said.",CauseNet-noncause.csv,,1,[],"['lead to', 'because']",explicit,"[('verbal_abuse', 'physical_abuse')]",No
"Brought to justice means that the offence resulted in a caution, conviction, penalty notice or was admitted by the offender.",CauseNet-noncause.csv,,1,[],['resulted in'],explicit,"[('offence', 'conviction')]",No
"For some cases, infection resulted in invasive illness, such as sepsis and meningitis.",CauseNet-noncause.csv,,1,[],['resulted in'],explicit,"[('infection', 'invasive_illness')]",No
"Their marriage resulted in some eight children, all of whom were reportedly very dark complexioned.",CauseNet-noncause.csv,,1,[],['resulted in'],explicit,"[('marriage', 'eight_children')]",No
"While most ovarian cancer patients respond to available treatments, most patients eventually experience disease progression resulting in death.",CauseNet-noncause.csv,,1,[],['resulting in'],explicit,"[('disease_progression', 'death')]",No
"The destabilising emotion may be guilt, which can result in defensiveness, or fear leading to a nervous or edgy feeling.",CauseNet-noncause.csv,,1,[],"['result in', 'leading to']",explicit,"[('guilt', 'fear')]",No
"Eliminates the require- ment that the motor vehicle must be involved in a motor vehicle accident, leaving the scene of a motor vehicle accident or reckless driving that results in bodily injury.",CauseNet-noncause.csv,,1,[],['results in'],explicit,"[('reckless_driving', 'bodily_injury')]",No
Values that are too large in absolute value may result in a failure due to floating-point overflow.,CauseNet-noncause.csv,,1,[],"['result in', 'due to']",explicit,"[('values', 'failure')]",No
The growth in our emerging and developing markets resulted in unfavorable geographic mix due to the fact that the revenue per unit sold in these markets is generally less than in developed markets.,CauseNet-noncause.csv,,1,[],"['resulted in', 'due to']",explicit,"[('growth_in_our_emerging_and_developing_markets', 'unfavorable_geographic_mix')]",No
"High cholesterol has been researched over and over, and many recent studies have shown that low cholesterol results in more heart issues, depression, and suicide.",CauseNet-noncause.csv,,1,[],['results in'],explicit,"[('low_cholesterol', 'depression')]",No
"Traumatic brain injury applies to open or closed head injuries resulting in impairments in one or more areas, such as cognition; language; memory; attention; reasoning; abstract thinking; judgment; problem-solving; sensory, perceptual and motor abilities; psychosocial behavior; physical functions; information processing; and speech.",CauseNet-noncause.csv,,1,[],['resulting in'],explicit,"[('open_or_closed_head_injuries', 'impairments')]",No
"Steadily, it's the dryness in the skin that results in additional itching and irritation.",CauseNet-noncause.csv,,1,[],['results in'],explicit,"[('dryness_in_the_skin', 'irritation')]",No
"We consciously aimed for simplicity - in planning, use of light and air, building organization and circulation-because it is our experience that simplicity leads to economy, efficiency and improved performance.",CauseNet-noncause.csv,,1,[],"['because', 'leads to']",explicit,"[('simplicity', 'efficiency')]",No
"The earthquake in the Pacific Ocean resulted in a tsunami that devastated the southern coasts of Samoa and American Samoa, as well Niuatoputapu, one of the outlying islands of Tonga.",CauseNet-noncause.csv,,1,[],['resulted in'],explicit,"[('earthquake_in_the_pacific_ocean', 'tsunami')]",No
It is very satisfying for us to see an entire room of people fixated on the projected display in anticipation of their hard work resulting in a successful outcome...if they let us out!,CauseNet-noncause.csv,,1,[],['resulting in'],explicit,"[('hard_work', 'successful_outcome')]",No
"Anaphylactoid and anaphylactic reactions, with cardiovascular, respiratory and/or cutaneous manifestations, resulting in death have occurred.",CauseNet-noncause.csv,,1,[],['resulting in'],explicit,"[('anaphylactic_reactions', 'death')]",No
A weakened immunity results in AIDS making it difficult for your body to fight off infectious diseases.,CauseNet-noncause.csv,,1,[],['results in'],explicit,"[('weakened_immunity', 'aids')]",No
Regional terrorist groups have carried out bombings resulting in injuries and death.,CauseNet-noncause.csv,,1,[],['resulting in'],explicit,"[('bombings', 'death')]",No
"Of course, the costs of mental health care are only a fraction of the costs of mental illness, which can result in substantial costs for co-morbid medical conditions as well as social costs due to disability, unemployment, and incarceration.",CauseNet-noncause.csv,,1,[],"['result in', 'due to']",explicit,"[('unemployment', 'social_costs')]",No
"Because some economists have argued that autism is the result of ""television watching due to precipitation"" and that ""seventeen percent of the growth in autism in California and Pennsylvania during the 1970s and 1980s is due to the growth of cable television,"" some parents have thrown away their TV or moved to less rainy climates (where their children can spend time outdoors, exposing themselves to overhead power lines, which have been variously associated in comparably questionable science with such diverse health outcomes as ""breast cancer, decreased libido, fatigue, depression, birth defects, reproductive problems, heart disease, stress headaches, trouble sleeping, and many other symptoms.",CauseNet-noncause.csv,,1,[],"['Because', 'due to', 'due to']",explicit,"[('television_watching', 'autism')]",No
The disease results in a scarring of the lungs that eventually prevents the lungs from fulfilling their primary mission of delivering oxygen to the body.,CauseNet-noncause.csv,,1,[],['results in'],explicit,"[('disease', 'scarring_of_the_lungs')]",No
"Hairstyles including braids, ponytails and buns can result in stress on your scalp which can also lead to hair loss.",CauseNet-noncause.csv,,1,[],"['result in', 'lead to']",explicit,"[('stress_on_your_scalp', 'hair_loss')]",No
"Many studies have found that unemployment results in family distribution, ill health (both physical and mental), suicide, drug addition, homelessness, malnutrition, racial tensions and a host of other, negative, impacts.",CauseNet-noncause.csv,,1,[],['results in'],explicit,"[('unemployment', 'malnutrition')]",No
"Because macroevolution requires many constructive genetic changes, they argue that microevolution cannot lead to macroevolution.",CauseNet-noncause.csv,,1,[],"['Because', 'lead to']",explicit,"[('microevolution', 'macroevolution')]",No
"By melting the fat before suctioning, the procedure results in minimal swelling, bruising and pain and can be done under local anesthesia in our office.",CauseNet-noncause.csv,,1,[],['results in'],explicit,"[('procedure', 'pain')]",No
Acute exposure also results in gastrointestinal effects.,CauseNet-noncause.csv,,1,[],['results in'],explicit,"[('acute_exposure', 'gastrointestinal_effects')]",No
"Untreated, the disease usually results in death in just a few weeks.",CauseNet-noncause.csv,,1,[],['results in'],explicit,"[('disease', 'death')]",No
"After a bike accident that results in cuts, bruises, and a concussion, he sinks into a depression, and considers the state of the world.",CauseNet-noncause.csv,,1,[],['results in'],explicit,"[('bike_accident', 'cuts')]",No
"The stock market crash of 1929 and the Great Depression resulted in widespread unemployment, worsened by drought and low agricultural prices.",CauseNet-noncause.csv,,1,[],['resulted in'],explicit,"[('great_depression', 'widespread_unemployment')]",No
"4.5 Vigilante action by mobs is an increasing problem and the authorities rarely take any action, even when the violence results in serious injury or even death.",CauseNet-noncause.csv,,1,[],['results in'],explicit,"[('violence', 'serious_injury')]",No
"According to U.S. Patent #4,616,039, too low a body concentration of MSM results in adverse physical and psychological stress, tissue and organ malfunction, fatigue and increased susceptibility to diseases.",CauseNet-noncause.csv,,1,[],['results in'],explicit,"[('low_a_body_concentration_of_msm', 'increased_susceptibility')]",No
"In such cases, where the DUI accident results in death, the driver could also face vehicular manslaughter charges under California Penal Code section 191.5 (a).",CauseNet-noncause.csv,,1,[],['results in'],explicit,"[('dui_accident', 'death')]",No
"This raises tension around the anal and rectal blood vessels, which results in hemorrhoids bleeding.",CauseNet-noncause.csv,,1,[],['results in'],explicit,"[('tension_around_the_anal_and_rectal_blood_vessels', 'hemorrhoids_bleeding')]",No
"During that involvement the US overthrew the democratically elected government of Guatemala, trained and equipped the army and trained an army of clandestine terrorists who were responsible for the assassination and genocide that resulted in the deaths and disappearances of over 200,000 people.",CauseNet-noncause.csv,,1,[],['resulted in'],explicit,"[('genocide', 'deaths')]",No
"Every conviction results in suspension of your driver's license, from a minimum of one year to permanent revocation.",CauseNet-noncause.csv,,1,[],['results in'],explicit,"[('conviction', ""suspension_of_your_driver_'s_license"")]",No
"The rapid growth and prosperity of the Bull Durham Tobacco Company, and Washington Duke's Duke & Sons Tobacco Company, resulted in the rapid growth of the city of Durham.",CauseNet-noncause.csv,,1,[],['resulted in'],explicit,"[('rapid_growth', 'rapid_growth_of_the_city_of_durham')]",No
The condition is characterized by a sensitivity to gluten that results in inflammation and atrophy of the mucosa of the small intestine.,CauseNet-noncause.csv,,1,[],['results in'],explicit,"[('sensitivity_to_gluten', 'inflammation')]",No
"This news resulted in a stock market rally, delivering gains that have only been witnessed a few times before now, ending with the Dow Jones Industrial Average gaining 430 points.",CauseNet-noncause.csv,,1,[],['resulted in'],explicit,"[('news', 'stock_market_rally')]",No
Avoidance of care due to dental anxiety results in a wide range of hygiene and personal health ailments.,CauseNet-noncause.csv,,1,[],"['due to', 'results in']",explicit,"[('dental_anxiety', 'avoidance_of_care')]",No
"Such improvements would reduce the stopping distance disparity with light vehicles, and would result in fewer deaths and injuries and reduce property damage due to fewer crashes between truck tractors and light vehicles.",CauseNet-noncause.csv,,1,[],"['result in', 'due to']",explicit,"[('improvements', 'injuries')]",No
"A broken leg is most commonly due to a motorcycle accident although, because of the nature of the sport, a broken leg can occur in football (soccer) and other contact sports.",CauseNet-noncause.csv,,1,[],"['due to', 'because']",explicit,"[('motorcycle_accident', 'broken_leg')]",No
"Integration in turn results in capacity availability, congestion-free or manageable corridors, and better road and rail interface.",CauseNet-noncause.csv,,1,[],['results in'],explicit,"[('integration', 'capacity_availability')]",No
"Without assistance, entanglement usually results in injury and death.",CauseNet-noncause.csv,,1,[],['results in'],explicit,"[('entanglement', 'injury')]",No
"This has resulted in an explosion in obesity that has been sited as high as 63%, along with climbing rates of diabetes, heart disease, cancer and other diseases associated with lifestyle and behavior choices.",CauseNet-noncause.csv,,1,[],['resulted in'],explicit,"[('lifestyle', 'diseases')]",No
"Satz was also instrumental in the creation of laws that provide criminal penalties for the abuse, neglect and exploitation of elderly persons and disabled adults and laws that increase penalties for drivers who fail to stop and remain at the scene of an accident which results in serious injury or death.",CauseNet-noncause.csv,,1,[],['results in'],explicit,"[('accident', 'serious_injury')]",No
18 They are darkened in their understanding and separated from the life of God because of the ignorance that is in them due to the hardening of their hearts.,CauseNet-noncause.csv,,1,[],"['because', 'due to']",explicit,"[('hardening_of_their_hearts', 'ignorance')]",No
"This type of pain occurs when injury to the spine's discs, facet joints, ligaments, or muscles results in inflammation.",CauseNet-noncause.csv,,1,[],['results in'],explicit,"[('muscles', 'inflammation')]",No
"Ceaselessly, it is the dryness within the pores and skin that results in further itching and irritation.",CauseNet-noncause.csv,,1,[],['results in'],explicit,"[('dryness_within_the_pores_and_skin', 'further_itching')]",No
Others were tired of the heavy taxation which resulted in poverty and inequality for the peasant class.,CauseNet-noncause.csv,,1,[],['resulted in'],explicit,"[('heavy_taxation', 'poverty')]",No
Several accidents resulted in fatalities.,CauseNet-noncause.csv,,1,[],['resulted in'],explicit,"[('accidents', 'fatalities')]",No
"Some of these nerves are stimulated by the refluxed acid, and this stimulation results in pain (usually heartburn).",CauseNet-noncause.csv,,1,[],['results in'],explicit,"[('stimulation', 'pain')]",No
"They point to studies that show that, neurologically, fish are quite similar to ""higher"" vertebrates and that blood chemistry reveals that hormones and blood metabolites associated with stress are quite high in fish struggling against hook and line, resulting in increased mortality.",CauseNet-noncause.csv,,1,[],['resulting in'],explicit,"[('stress', 'hormones')]",No
"In healthy individuals, this action results in diarrhea; however, in patients with IBS-C or chronic constipation, it leads to therapeutic relief of symptoms.13 Furthermore, orally administered cGMP has been demonstrated to reduce response to pain, which may be attributed to linaclotide's action in relieving abdominal pain associated with IBS-C.14,15 Linaclotide has an oral bioavailability of 0.1%, due to its rapid degradation in the intestinal tract (Table 1, page 16).14 Its specificity for the GI tract is the result of minimal systemic absorption after oral administration.",CauseNet-noncause.csv,,1,[],"['results in', 'leads to', 'due to']",explicit,"[('action', 'diarrhea')]",No
Their marriage resulted in two children.,CauseNet-noncause.csv,,1,[],['resulted in'],explicit,"[('marriage', 'two_children')]",No
"If you re involved in a car accident resulting in a personal injury, you may be interested in estimating the value of the claim that will eventually be paid.",CauseNet-noncause.csv,,1,['claim'],['resulting in'],explicit,"[('car_accident', 'personal_injury')]",No
The sale results in a loss.,CauseNet-noncause.csv,,1,[],['results in'],explicit,"[('sale', 'loss')]",No
"The crash resulted in serious injuries, but likely could have been far worse if the officer had been traveling at a high rate of speed responding to an emergency.",CauseNet-noncause.csv,,1,[],['resulted in'],explicit,"[('crash', 'serious_injuries')]",No
The first trial resulted in a hung jury.,CauseNet-noncause.csv,,1,[],['resulted in'],explicit,"[('first_trial', 'hung_jury')]",No
"Faith, as in this form of American Protestantism, and Evangelicalism, often resulted in abuse, either for the mind or for the body.",CauseNet-noncause.csv,,1,[],['resulted in'],explicit,"[('faith', 'abuse')]",No
"However, it is now realized that the orbital resonance that exists between the three innermost galilean satellites results in tidal heating.",CauseNet-noncause.csv,,1,[],['results in'],explicit,"[('orbital_resonance', 'tidal_heating')]",No
"In some jurisdictions assault is a criminal charge which involves violence; the prosecutor would take the case of assault very seriously, especially if the offender used a weapon or if the assault resulted in bodily injury.",CauseNet-noncause.csv,,1,[],['resulted in'],explicit,"[('assault', 'bodily_injury')]",No
"Clear thinking results in better decisions, more creativity and less wasting of energy.",CauseNet-noncause.csv,,1,[],['results in'],explicit,"[('clear_thinking', 'better_decisions')]",No
"Deficiency of iron results in anemia because iron is necessary to make hemoglobin, the key molecule in red blood cells responsible for the transport of oxygen.",CauseNet-noncause.csv,,1,[],"['results in', 'because']",explicit,"[('deficiency_of_iron', 'anemia')]",No
"Continuously, it is the dryness in the pores and skin that results in further itching and irritation.",CauseNet-noncause.csv,,1,[],['results in'],explicit,"[('dryness_in_the_pores_and_skin', 'irritation')]",No
The failure to do so results in irritation and anger.,CauseNet-noncause.csv,,1,[],['results in'],explicit,"[('failure_to_do_so', 'irritation')]",No
"The term ""Occurrence"" where ever used herein shall mean an accident or happening or event or a continuous or repeated exposure to conditions which unexpectedly and unintentionally results in personal injury, property damage or advertising liability during the policy period.",CauseNet-noncause.csv,,1,[],['results in'],explicit,"[('continuous_or_repeated_exposure_to_conditions', 'property_damage')]",No
"It uses ACERT Technology, a series of Caterpillar engineered innovations that provide advanced electronic control, precision fuel delivery and refined air management, resulting in outstanding performance and lower emissions.",CauseNet-noncause.csv,,1,[],['resulting in'],explicit,"[('acert_technology', 'lower_emissions')]",No
"The coups and a 1990 constitution that cemented native Melanesian control of Fiji, led to heavy Indian emigration; the population loss resulted in economic difficulties, but ensured that Melanesians became the majority.",CauseNet-noncause.csv,,1,[],"['led to', 'resulted in']",explicit,"[('coups', 'heavy_indian_emigration')]",No
"The assaults were unsuccessful, and resulted in heavy casualties for both sides.",CauseNet-noncause.csv,,1,[],['resulted in'],explicit,"[('assaults', 'heavy_casualties')]",No
"Helicobacter pylori infection results in chronic gastritis, which may progress to gastric cancer.",CauseNet-noncause.csv,,1,[],['results in'],explicit,"[('helicobacter_pylori_infection', 'chronic_gastritis')]",No
"Postoperative infection in ear surgery may result in: Wound infections Infection of the middle ear or mastoid resulting in discharge from the ear canal Failure of the tympanic membrane to close Labyrinthitis due to infection in, or adjacent to, the inner ear These complications may be associated with discomfort and inconvenience for the patient, an increase in morbidity and an increase in the costs of medical care .",CauseNet-noncause.csv,,1,[],"['result in', 'resulting in', 'due to']",explicit,"[('complications', 'discomfort')]",No
"Because antibiotics kill all the bacterium in your body including normal bacteria in the vagina, Antibiotics often lead to a vaginal yeast infection.",CauseNet-noncause.csv,,1,[],"['Because', 'lead to']",explicit,"[('antibiotics', 'vaginal_yeast_infection')]",No
"Often referred to simply as 9/11, the attacks resulted in extensive death and destruction, triggering major U.S. initiatives to combat terrorism.",CauseNet-noncause.csv,,1,[],['resulted in'],explicit,"[('attacks', 'destruction')]",No
Megaesophagus also leads to aspiration pneumonia because she can very easily inhale some of her food and water into her lungs.,CauseNet-noncause.csv,,1,[],"['leads to', 'because']",explicit,"[('megaesophagus', 'aspiration_pneumonia')]",No
"A Democracy results in demagogism, license, agitation, discontent and anarchy.",CauseNet-noncause.csv,,1,[],['results in'],explicit,"[('democracy', 'anarchy')]",No
"Besides these symptoms, the virus can be lethal and often results in abortions, stillbirths and persistently-infected calves that spread the virus for life.",CauseNet-noncause.csv,,1,[],['results in'],explicit,"[('virus', 'stillbirths')]",No
Spinal stenosis is a narrowing of spaces in the spine (backbone) that results in pressure on the spinal cord and/or nerve roots.,CauseNet-noncause.csv,,1,[],['results in'],explicit,"[('narrowing_of_spaces_in_the_spine', 'pressure_on_the_spinal_cord_and/or_nerve_roots')]",No
Failure to appear (unless notified) results in forfeiture of the game.,CauseNet-noncause.csv,,1,[],['results in'],explicit,"[('failure_to_appear', 'forfeiture_of_the_game')]",No
"It can also increase your risk of heart disease, because second-hand smoke increases the formation of blood clots that can lead to heart attacks and stroke; raises your heart rate and damages your heart muscle; and lowers the level of protective HDL-cholesterol in your blood.",CauseNet-noncause.csv,,1,[],"['because', 'lead to']",explicit,"[('blood_clots', 'stroke')]",No
"This can occur as a result of gallstones, infections or narrowing of the ducts due to previous surgery.",CauseNet-noncause.csv,,1,[],"['as a result', 'due to']",explicit,"[('surgery', 'gallstones')]",No
"Impacts usually strike that emotions resulting in reactions, that result in consequences.",CauseNet-noncause.csv,,1,[],"['resulting in', 'result in']",explicit,"[('emotions', 'reactions')]",No
"It would take much effort and require radical change, but all for the better if the change resulted in better health and environmental stewardship.",CauseNet-noncause.csv,,1,[],['resulted in'],explicit,"[('change', 'better_health')]",No
This flexibility results in another complexity however and that's the problem of discovery: finding out who implements what.,CauseNet-noncause.csv,,1,[],['results in'],explicit,"[('flexibility', 'complexity')]",No
"As a result, blood may clump together, forming a blood clot which can lead to DVT.",CauseNet-noncause.csv,,1,[],"['As a result', 'lead to']",explicit,"[('blood_clot', 'dvt')]",No
"This blockage leads to the accumulation of acetylcholine, an important neurotransmitter, resulting in the insect's paralysis, and eventually death.",CauseNet-noncause.csv,,1,[],"['leads to', 'resulting in']",explicit,"[('blockage', 'death')]",No
"When the muscles which control breathing become paralysed, this results in repiratory arrest and death.",CauseNet-noncause.csv,,1,[],['results in'],explicit,"[('muscles', 'death')]",No
"This combination can result in very low blood pressure that can lead to a stroke, a heart attack, or death.",CauseNet-noncause.csv,,1,[],"['result in', 'lead to']",explicit,"[('low_blood_pressure', 'heart_attack')]",No
Activation of AMPK results in phosphorylation and inhibition of ACC which then results in decreased malonyl-CoA levels in the hypothalamus.,CauseNet-noncause.csv,,1,[],"['results in', 'results in']",explicit,"[('activation_of_ampk', 'phosphorylation')]",No
"The addition of extra vitamins and minerals, rather than helping, can actually lead to gout or other metabolic disease resulting in premature death.",CauseNet-noncause.csv,,1,[],"['lead to', 'resulting in']",explicit,"[('gout', 'premature_death')]",No
Many people don't hold tennis grips in the correct way which ultimately results in either injury or loss of a game.,CauseNet-noncause.csv,,1,[],['results in'],explicit,"[(""people_do_n't_hold_tennis_grips_in_the_correct_way"", 'injury')]",No
"These systems are both used continuously on a daily basis, which means that downtime results in lost productivity and lost income that could jeopardise the organisation.",CauseNet-noncause.csv,,1,[],['results in'],explicit,"[('downtime', 'lost_productivity')]",No
"Bachmann's latest gaffe came as a result of her comments on the suggestion that a vaccine against a sexually transmitted disease could lead to ""retardation.""",CauseNet-noncause.csv,,1,[],"['as a result', 'lead to']",explicit,"[('vaccine', 'retardation')]",No
"If the condition results in seizures, it can be deadly for both the mother and baby.",CauseNet-noncause.csv,,1,[],['results in'],explicit,"[('condition', 'seizures')]",No
"We may tell ourselves that though such incidents are tragic, at least industrial safety has progressed by light years over past decades and accidents resulting in deaths are fewer.",CauseNet-noncause.csv,,1,[],['resulting in'],explicit,"[('accidents', 'deaths')]",No
"This consequently results in increased intracellular acidification and DNA damage, which may lead to mutations and cancer progression.",CauseNet-noncause.csv,,1,[],"['consequently', 'results in', 'lead to']",explicit,"[('dna_damage', 'mutations')]",No
The Cabinet maintained that it would never under any circumstances publicly disclose any information about any case where child abuse or neglect resulted in a fatality or near fatality.,CauseNet-noncause.csv,,1,[],['resulted in'],explicit,"[('neglect', 'fatality')]",No
A selenium or vitamin E deficiency in chicks results in a condition called exudative diathesis.,CauseNet-noncause.csv,,1,[],['results in'],explicit,"[('selenium', 'condition')]",No
"As another example, inappropriately regulated blood flow triggers nausea and abnormal bowel motility resulting in constipation or diarrhea.",CauseNet-noncause.csv,,1,[],['resulting in'],explicit,"[('nausea', 'constipation')]",No
"Because of wartime economies services were reduced to rush hours only, so that after the war the dwindling passenger numbers and a shortage of funds led to the cancellation of the unfinished works in 1950 and passenger services to Crouch End station were ended by British Railways on 3 July 1954 along with the rest of the line between Finsbury Park and Alexandra Palace.",CauseNet-noncause.csv,,1,[],"['Because', 'led to']",explicit,"[('shortage_of_funds', 'cancellation_of_the_unfinished_works')]",No
"The fighting resulted in the deaths of between 3 000 and 5 000 persons, including rebel fighters, ECOWAS Monitoring Group (ECOMOG)11 soldiers and large numbers of civilians.",CauseNet-noncause.csv,,1,[],['resulted in'],explicit,"[('fighting', 'deaths')]",No
"Additional complications can include meningitis due to inner ear fluid leaks or other complications which can result in medical treatment, surgery, and/or removal of the device.",CauseNet-noncause.csv,,1,[],"['due to', 'result in']",explicit,"[('complications', 'surgery')]",No
"Often, this suffering results in illness (everything from flatulence to infertility to irritable bowel syndrome).",CauseNet-noncause.csv,,1,[],['results in'],explicit,"[('suffering', 'illness')]",No
"Further controversy continues because of the long-term side effects that include loss of appetite from nausea resulting in poor weight gain, insomnia and headaches.",CauseNet-noncause.csv,,1,[],"['because', 'resulting in']",explicit,"[('nausea', 'headaches')]",No
The actions resulted in seven charges being brought and two convictions.,CauseNet-noncause.csv,,1,[],['resulted in'],explicit,"[('actions', 'convictions')]",No
"Up to a certain point in a workout, intense exercise stress will create the potential for new size, strength and stamina but beyond a certain point will lead to exhaustion that can result in overtraining or injury.",CauseNet-noncause.csv,,1,[],"['lead to', 'result in']",explicit,"[('exhaustion', 'injury')]",No
"Long term stress invariably leads to severe fatigue from adrenal exhaustion, and can result in depression.",CauseNet-noncause.csv,,1,[],"['leads to', 'result in']",explicit,"[('long_term_stress', 'depression')]",No
"I've been visiting him since I got pregnant with Miss M and I attribute him with my trouble free, morning sickness free, healthy pregnancy that resulted in a healthy child who slept through, fed and ate well and was free and untroubled by her mother's food allergies.",CauseNet-noncause.csv,,1,[],"['since', 'resulted in']",explicit,"[('healthy_pregnancy', 'healthy_child')]",No
"Eating disorders can result in lower estrogen levels and amenorrhea, which can then lead to osteoporosis.",CauseNet-noncause.csv,,1,[],"['result in', 'lead to']",explicit,"[('amenorrhea', 'osteoporosis')]",No
"You must take immediate notice to the ailment because in many cases its seen that sinusitis leads to asthma, throat infection, bronchitis, swollen face, congestion in the nose, throat infection and many more.",CauseNet-noncause.csv,,1,[],"['because', 'leads to']",explicit,"[('sinusitis', 'bronchitis')]",No
"The most common problem was episodes of severe pain called sickle cell crises, which resulted in hospitalization.",CauseNet-noncause.csv,,1,[],['resulted in'],explicit,"[('severe_pain', 'hospitalization')]",No
"A second Green Revolution, however, will encounter new challenges brought on by global climate change, largely resulting in persistent drought, and increasing demands for environmentally friendly farming practices.",CauseNet-noncause.csv,,1,[],['resulting in'],explicit,"[('global_climate_change', 'new_challenges')]",No
The trumpet bell-shaped duct outlet lessens wind noise resulting in extraordinary sound clarity.,CauseNet-noncause.csv,,1,[],['resulting in'],explicit,"[('trumpet_bell-shaped_duct_outlet_lessens_wind_noise', 'extraordinary_sound_clarity')]",No
"The sale resulted in a net gain of approximately $20,000.",CauseNet-noncause.csv,,1,[],['resulted in'],explicit,"[('sale', 'net_gain')]",No
"The resulting imbalance would lead to excess proliferation of cells, loss of form, and eventually tumor production (477).",CauseNet-noncause.csv,,1,[],['lead to'],explicit,"[('resulting_imbalance', 'tumor_production')]",No
"As Christian physicians, it is our mandate to alleviate, to the extent humanly possible, medical conditions resulting in suffering and death.",CauseNet-noncause.csv,,1,[],['resulting in'],explicit,"[('medical_conditions', 'death')]",No
"Where a selection procedure results in an adverse impact on a race, sex, or ethnic group identified in accordance with the classifications set forth in section 4 of this part and that group is a significant factor in the relevant labor market, the user generally should investigate the possible existence of unfairness for that group if it is technically feasible to do so.",CauseNet-noncause.csv,,1,[],['results in'],explicit,"[('selection_procedure', 'adverse_impact')]",No
"The authors concluded that IMRT results in a significant reduction of xerostomia, as well as other head and neck symptoms, compared with standard 3D-CRT in patients with HNSCC.",CauseNet-noncause.csv,,1,[],['results in'],explicit,"[('imrt', 'head_and_neck_symptoms')]",No
"Yet, the election resulted in a peaceful transfer of power, rather than a civil war.",CauseNet-noncause.csv,,1,[],['resulted in'],explicit,"[('election', 'civil_war')]",No
People were in a notion earlier that stress actually results in weight loss.,CauseNet-noncause.csv,,1,[],['results in'],explicit,"[('stress', 'weight_loss')]",No
A plaintiff must allege an actual manifestation of a defect that results in some injury or rational fear of 'future injury in order to state cognizable claims.,CauseNet-noncause.csv,,1,['claims'],['results in'],explicit,"[('defect', 'injury')]",No
"Conviction for a traffic violation can lead to substantial fines and penalties, as well as significant increases in your auto insurance premiums as a result of the points that may be added to your driving record.",CauseNet-noncause.csv,,1,[],"['lead to', 'as a result']",explicit,"[('conviction', 'substantial_fines')]",No
Ever since I lost my temper I have vowed to make sure to never do that again because anger only leads to injury and hatred.,CauseNet-noncause.csv,,1,[],"['since', 'because', 'leads to']",explicit,"[('anger', 'injury')]",No
"In 1893, financial panic resulted in a four year depression.",CauseNet-noncause.csv,,1,[],['resulted in'],explicit,"[('financial_panic', 'four_year_depression')]",No
"The increase was primarily due to increases in sales and marketing expenses, product development expenses and general and administrative expenses as a result of the substantial growth of our business during 2011.",CauseNet-noncause.csv,,1,[],"['due to', 'as a result']",explicit,"[('general_and_administrative_expenses', 'increase')]",No
"This assassination technique will give the victim a massive heart attack or stroke, or both, resulting in his death.",CauseNet-noncause.csv,,1,[],['resulting in'],explicit,"[('massive_heart_attack', 'death')]",No
Chlamydia and gonorrhea can lead to pelvic inflammatory disease which often results in sterility.,CauseNet-noncause.csv,,1,[],"['lead to', 'results in']",explicit,"[('gonorrhea', 'pelvic_inflammatory_disease')]",No
"This study is significant because the sleep-regulating enzyme analyzed in this research is one of only a few possible drug targets for circadian problems that can lead to seasonal affective disorder (SAD), insomnia, and possibly some cancers.",CauseNet-noncause.csv,,1,[],"['because', 'lead to']",explicit,"[('circadian_problems', 'insomnia')]",No
"If you have suffered from medical negligence resulting in birth trauma or birth injuries to yourself or your baby, you may be entitled to compensation.",CauseNet-noncause.csv,,1,[],['resulting in'],explicit,"[('medical_negligence', 'birth_injuries')]",No
The greatest mass extinction occurred about 250 million years ago due to global warming that began as a result of volcanic eruptions.,CauseNet-noncause.csv,,1,[],"['due to', 'as a result']",explicit,"[('global_warming', 'mass_extinction')]",No
"In Part I, we talked about how running is a total body movement, and because of that, can contribute to strength imbalances, which can lead to pain, strain, and injuries.",CauseNet-noncause.csv,,1,[],"['because', 'lead to']",explicit,"[('strength_imbalances', 'pain')]",No
"Counterfeit integrated circuits can result in product or system failure or malfunction, and can lead to costly system repairs, property damage and serious bodily injury, including death.",CauseNet-noncause.csv,,1,[],"['result in', 'lead to']",explicit,"[('counterfeit_integrated_circuits', 'costly_system_repairs')]",No
The war resulted in two victories: the independence of Guinea-Bissau and Cape Verde and democracy in Portugal.,CauseNet-noncause.csv,,1,[],['resulted in'],explicit,"[('war', 'victories')]",No
"If the accident results in serious injury or death, the Insurance Manager and/or the Associate Vice-President for Business Services must be contacted immediately.",CauseNet-noncause.csv,,1,[],['results in'],explicit,"[('accident', 'death')]",No
Athletes who sustained concussions - an impulse blow to the head or body that results in transient neurologic signs or symptoms - in games or practices during the season were given the test immediately on the sidelines.,CauseNet-noncause.csv,,1,[],['results in'],explicit,"[('impulse_blow_to_the_head_or_body', 'transient_neurologic_signs')]",No
"The National Sleep Foundation report on a study by Knipling and Wang showed that car accidents related to sleep deprivation resulted in more than 1,500 fatalities and 71,000 injuries per year.",CauseNet-noncause.csv,,1,[],['resulted in'],explicit,"[('car_accidents', 'fatalities')]",No
"Cholera can lead to severe dehydration, which, untreated, can result in death.",CauseNet-noncause.csv,,1,[],"['lead to', 'result in']",explicit,"[('cholera', 'severe_dehydration')]",No
"If a person violates this section by knowingly loaning a vehicle to a person whose driver's license is suspended and if that vehicle is involved in an accident resulting in bodily injury or death, the driver's license of the person violating this section shall be suspended for 1 year.",CauseNet-noncause.csv,,1,[],['resulting in'],explicit,"[('accident', 'bodily_injury')]",No
"These free radicals then set up a chain reaction, which results in lipid peroxidation, resulting in membrane injury including injury to the mitochondria.",CauseNet-noncause.csv,,1,[],"['results in', 'resulting in']",explicit,"[('chain_reaction', 'lipid_peroxidation')]",No
That a bite resulting in death will eventually get itself reported is reasonably certain.,CauseNet-noncause.csv,,1,[],['resulting in'],explicit,"[('bite', 'death')]",No
"Because they have lost their entire self-awareness -- it's gone, because of chemical imbalance or because of experiences that led to chemical imbalances.",CauseNet-noncause.csv,,1,[],"['Because', 'because', 'because', 'led to']",explicit,"[('experiences', 'chemical_imbalances')]",No
"These rockets had a warhead about 6.5 inches in diameter, and the attack resulted in widespread damage and death throughout the F-4 parking revetments, where many aircraft were loaded with munitions.",CauseNet-noncause.csv,,1,[],['resulted in'],explicit,"[('attack', 'widespread_damage')]",No
"It is a fact that during the Great Leap Forward planning mistakes, political errors, drought, and the Soviet pull-out resulted in starvation and many deaths.",CauseNet-noncause.csv,,1,[],['resulted in'],explicit,"[('drought', 'starvation')]",No
"Aygestin increases the risk of blood clots, which results in phlebitis, breathing problems, vision problems, or stroke.",CauseNet-noncause.csv,,1,[],['results in'],explicit,"[('blood_clots', 'phlebitis')]",No
"If the hands have the same value, the game results in a tie.",CauseNet-noncause.csv,,1,[],['results in'],explicit,"[('game', 'tie')]",No
"One serious injury or mortality of a humpback whale (CA/OR/WA stock) results in an annual mortality and serious injury rate of 0.2 animals per year (when averaged over five years) or 1.7 percent of the stock's PBR of 11.3 (draft 2010 SAR), which is consistent with a Category II classification.",CauseNet-noncause.csv,,1,[],['results in'],explicit,"[('serious_injury', 'serious_injury_rate_of_0.2_animals')]",No
"(You may be able to continue COBRA coverage for 29 months in the case of disability, or 36 months if the loss of coverage is due to divorce, death or if you lose your dependent coverage because your spouse becomes eligible for Medicare.)",CauseNet-noncause.csv,,1,[],"['due to', 'because']",explicit,"[('death', 'loss_of_coverage')]",No
"When a person contracts a viral infection that results in diarrhea, it is extremely important to make sure the body is taking in enough nutrition and fluids to prevent dehydration and malnutrition from occurring.",CauseNet-noncause.csv,,1,[],['results in'],explicit,"[('viral_infection', 'diarrhea')]",No
"Typically, this virus results in clinical disease in only a very small percentage of humans infected.",CauseNet-noncause.csv,,1,[],['results in'],explicit,"[('virus', 'clinical_disease')]",No
"Comfort ultimately results in better sleep, which promotes good health in general.",CauseNet-noncause.csv,,1,[],['results in'],explicit,"[('comfort', 'better_sleep')]",No
"This is an important point, because it can change the current public perception that life extension necessarily leads to overpopulation.""",CauseNet-noncause.csv,,1,[],"['because', 'leads to']",explicit,"[('life_extension', 'overpopulation')]",No
"Under California's Vehicle Code 20001, those involved in an auto accident that results in injury or death must stop at the accident scene immediately, and show officers at the scene the requested documentation such as driver's license or other identification.",CauseNet-noncause.csv,,1,[],['results in'],explicit,"[('auto_accident', 'death')]",No
"It is an autoimmune disorder that results in inflammation and weakness of muscles throughout the body, including those that function in breathing and digestion, and sometimes affects the heart muscle itself.",CauseNet-noncause.csv,,1,[],['results in'],explicit,"[('autoimmune_disorder', 'inflammation')]",No
"This condition contributed to the severity, extent, and magnitude of the mine fire, which ultimately resulted in the two fatalities.",CauseNet-noncause.csv,,1,[],['resulted in'],explicit,"[('condition', 'severity')]",No
"To be eligible for assistance, homeowners must have incomes below 115% of the area median income; less than three months mortgage payments in liquid assets; an outstanding mortgage balance less than the Federal Housing Administration maximum loan limit; and a hardship due to involuntary loss or reduction in income, divorce, disability or illness resulting in a loss of income, or significant medical expenses.",CauseNet-noncause.csv,,1,[],"['due to', 'resulting in']",explicit,"[('hardship', 'loss_of_income')]",No
"Crocker's policy stated passively that it would cover ""accidents"" resulting in bodily injury.",CauseNet-noncause.csv,,1,[],['resulting in'],explicit,"[('accidents', 'bodily_injury')]",No
She has a brachial plexus injury resulting in Erb's palsy.,CauseNet-noncause.csv,,1,[],['resulting in'],explicit,"[('brachial_plexus_injury', ""erb_'s_palsy"")]",No
"High risk patients for screening include patients over 50 years of age or patients who carry a gene resulting in increased susceptibility (eg predisposing versions of BRCA1, BRCA2 or p53); patients with a family history of breast/ovarian cancer; patients with affected siblings; nulliparous women; and women who have a long interval between menarche and menopause.",CauseNet-noncause.csv,,1,[],['resulting in'],explicit,"[('gene', 'increased_susceptibility')]",No
"A quick review of money, inflation, and prices: Inflation is ""too much"" money and results in rising prices and artificially low interest rates that lead to a false boom (a la Austrian bus cycle theory).",CauseNet-noncause.csv,,1,[],"['results in', 'lead to']",explicit,"[('inflation', 'artificially_low_interest_rates')]",No
Even adults become the victims of accidents resulting in bruises.,CauseNet-noncause.csv,,1,[],['resulting in'],explicit,"[('accidents', 'bruises')]",No
New Jersey law requires those in a car accident that results in injury or death or at least $500 in property damage to report the accident to the police.,CauseNet-noncause.csv,,1,[],['results in'],explicit,"[('car_accident', 'injury')]",No
"However, there are variations in the degree of liability in case of an accident and even more variations if the accident results in injury or death.",CauseNet-noncause.csv,,1,[],['results in'],explicit,"[('accident', 'injury')]",No
Participants in both experiments were exposed to short video clips in which an actor described a car accident that resulted in serious injury.,CauseNet-noncause.csv,,1,[],['resulted in'],explicit,"[('car_accident', 'serious_injury')]",No
The asbestos exposure as a result of HVAC technicians working with and furnaces containing these gunning mixture may lead to mesothelioma.,CauseNet-noncause.csv,,1,[],"['as a result', 'lead to']",explicit,"[('asbestos_exposure', 'mesothelioma')]",No
"The driver of a vehicle involved in an accident resulting in injury to or death of any person or property damage to an apparent extent of $500.00 or more shall immediately, by the quickest means of communication, give notice of such accident to the local police department if such accident occurs within a municipality.",CauseNet-noncause.csv,,1,[],['resulting in'],explicit,"[('accident', 'injury')]",No
"Some arborists plant trees, and most can recommend types of trees that are appropriate for a specific location, as the wrong tree in the wrong location could lead to future problems as a result of limited growing space, insects, diseases, or poor growth.",CauseNet-noncause.csv,,1,[],"['lead to', 'as a result']",explicit,"[('diseases', 'future_problems')]",No
Any imbalance or their relative preponderance in the body results in disease and decay.,CauseNet-noncause.csv,,1,[],['results in'],explicit,"[('imbalance', 'disease')]",No
"(German Measles) Usually mild in children and adults, up to 90% of infants born to infected mothers will develop congenital rubella syndrome (CRS), resulting in heart defects, cataracts, mental retardation and deafness.",CauseNet-noncause.csv,,1,[],['resulting in'],explicit,"[('congenital_rubella_syndrome', 'cataracts')]",No
"Polyester cover is UV treated inside and out with added fade blockers, anti-aging, anti-fungal agents, resulting in a cover that withstands the elements.",CauseNet-noncause.csv,,1,[],['resulting in'],explicit,"[('added_fade_blockers', 'cover')]",No
The insulin resistance results in hypertension and a rising cholesterol.,CauseNet-noncause.csv,,1,[],['results in'],explicit,"[('insulin_resistance', 'hypertension')]",No
"Bored with her life and recovering from the recent end of a long-term relationship that almost resulted in marriage, she pounced on the chance to take a three-week photography course in the small colonial town of San Miguel de Allende in central Mexico.",CauseNet-noncause.csv,,1,[],['resulted in'],explicit,"[('long-term_relationship', 'marriage')]",No
"That experience resulted in his first book, The Book of Gryphons (Apple-wood Books, 1982), a lavishly illustrated history of the eagle-lion beast.",CauseNet-noncause.csv,,1,[],['resulted in'],explicit,"[('experience', 'first_book')]",No
"Workers stoned policemen at the refinery gates, with clashes resulting in some deaths.",CauseNet-noncause.csv,,1,[],['resulting in'],explicit,"[('clashes', 'deaths')]",No
It seems that at least some copies of this printer have a firmware bug which results in problems with the PostScript and PCL-XL modes.,CauseNet-noncause.csv,,1,[],['results in'],explicit,"[('firmware_bug', 'problems')]",No
"Based on previous studies showing that Ang II increased ox-CaMKII leading to apoptosis in ventricular myocytes (11), we hypothesized that elevated ox-CaMKII following Ang II infusion resulted in SND, at least in part, by promoting excessive SAN cell death.",CauseNet-noncause.csv,,1,[],"['leading to', 'resulted in']",explicit,"[('elevated_ox-camkii', 'snd')]",No
"But any other people would have acted the same way, because injustice invariably leads to violence.",CauseNet-noncause.csv,,1,[],"['because', 'leads to']",explicit,"[('injustice', 'violence')]",No
This disruption will result in difficulties in obtaining post-mortem evidence and lead to problems during the reconciliation (formal identification) phase of the investigation.,CauseNet-noncause.csv,,1,[],"['result in', 'lead to']",explicit,"[('disruption', 'problems')]",No
"Overheating of the body activates the sweat glands which in turn results in sweating and when the sweat begins to evaporate from the surface of the skin, the end result is to bring the body temperature down to a cooler level.",CauseNet-noncause.csv,,1,[],['results in'],explicit,"[('sweat_glands', 'sweating')]",No
This deficiency results in a condition known as lactose intolerance which is a fairly common ailment.,CauseNet-noncause.csv,,1,[],['results in'],explicit,"[('deficiency', 'condition')]",No
Records compiled by the National Highway Traffic Safety Administration (NHTSA) show that driver distraction is a significant factor in traffic crashes resulting in injury or death.,CauseNet-noncause.csv,,1,[],['resulting in'],explicit,"[('traffic_crashes', 'injury')]",No
"Ceaselessly, it's the dryness in the skin that results in further itching and irritation.",CauseNet-noncause.csv,,1,[],['results in'],explicit,"[('dryness_in_the_skin', 'irritation')]",No
"Both conditions are associated with significant morbidity through fractures resulting in pain, deformity, and immobility.",CauseNet-noncause.csv,,1,[],['resulting in'],explicit,"[('fractures', 'immobility')]",No
"This combination results in a sweeter fruit, loaded with juice, featuring an intense unique flavor of their own.",CauseNet-noncause.csv,,1,[],['results in'],explicit,"[('combination', 'sweeter_fruit')]",No
"The disease eventually results in septicemia (blood poisoning), and the mortality is high.",CauseNet-noncause.csv,,1,[],['results in'],explicit,"[('disease', 'septicemia')]",No
The Court cited to two other sections in the Georgia Code (40-5-55 and 40-5-67.1) that say that someone involved in a traffic accident resulting in serious injuries or fatalities must submit to a chemical test.,CauseNet-noncause.csv,,1,[],['resulting in'],explicit,"[('traffic_accident', 'serious_injuries')]",No
"In 80% of affected individuals, vertigo resulted in a medical consultation, interruption of daily activities, or sick leave.",CauseNet-noncause.csv,,1,[],['resulted in'],explicit,"[('vertigo', 'medical_consultation')]",No
Alternative splicing results in multiple transcripts encoding several different isoforms.,CauseNet-noncause.csv,,1,[],['results in'],explicit,"[('alternative_splicing', 'multiple_transcripts')]",No
Insomnia can lead to fatigue which can ultimately result in workplace incidents and accidents.,CauseNet-noncause.csv,,1,[],"['lead to', 'result in']",explicit,"[('insomnia', 'fatigue')]",No
"FGM results in severe pain, bleeding, disfigurement, urine retention, recurrent infections, painful menstruation, sexual dysfunction, infertility, and complications in childbirth.]",CauseNet-noncause.csv,,1,[],['results in'],explicit,"[('fgm', 'severe_pain')]",No
"Vitamin C deficiency can lead to dry and splitting hair; gingivitis (inflammation of the gums) and bleeding gums; rough, dry, scaly skin; decreased wound-healing rate, easy bruising; nosebleeds; weakened enamel of the teeth; swollen and painful joints; anemia; decreased ability to ward off infection; and, possibly, weight gain because of slowed metabolic rate and energy expenditure.",CauseNet-noncause.csv,,1,[],"['lead to', 'because']",explicit,"[('vitamin_c_deficiency', 'anemia')]",No
They are darkened in their understanding and separated from the life of God because of the ignorance that is in them due to the hardening of their hearts.,CauseNet-noncause.csv,,1,[],"['because', 'due to']",explicit,"[('hardening_of_their_hearts', 'ignorance')]",No
Vegetable-protein diets enhance calcium retention in the body and results in less excretion of calcium in the urine.,CauseNet-noncause.csv,,1,[],['results in'],explicit,"[('vegetable-protein_diets', 'less_excretion_of_calcium_in_the_urine')]",No
"This is a serious illness, often resulting in hospitalization and untreated, can be fatal.",CauseNet-noncause.csv,,1,[],['resulting in'],explicit,"[('serious_illness', 'hospitalization')]",No
The preparation resulting in the actual MCSE exam is significant to each IT skilled who desires to be on prime of their discipline when the outcomes come out.,CauseNet-noncause.csv,,1,[],['resulting in'],explicit,"[('preparation', 'actual_mcse_exam')]",No
"Other acts, such as assault, with or without weapons, can lead to death or serious injury that may result in life-long impairment.",CauseNet-noncause.csv,,1,[],"['lead to', 'result in']",explicit,"[('acts', 'death')]",No
He was only twenty-seven and sadly his life was cut artificially because of a heroin addiction which ultimately led to an overdose.,CauseNet-noncause.csv,,1,[],"['because', 'led to']",explicit,"[('heroin_addiction', 'overdose')]",No
"[ Chronic eosinophilic leukemia (CEL) is a chronic myeloproliferative disorder of unknown etiology in which a clonal proliferation of eosinophilic precursors results in persistently increased numbers of eosinophils in the blood, bone marrow, and peripheral tissues.",CauseNet-noncause.csv,,1,[],['results in'],explicit,"[('clonal_proliferation_of_eosinophilic_precursors', 'persistently_increased_numbers_of_eosinophils_in_the_blood')]",No
"People with diabetes are also at a higher risk for blood clots, which can lead to both heart attacks and stroke, because they have abnormally sticky blood platelets and lack the proteins which break down blood clots.",CauseNet-noncause.csv,,1,[],"['lead to', 'because']",explicit,"[('blood_clots', 'stroke')]",No
"One proposed mechanism is that OSA results in increased sympathetic activity that has detrimental effects on multiple endocrine functions, including the processing of leptin.15 This may be a feed-forward mechanism in which OSA and obesity are individually detrimental to each other.",CauseNet-noncause.csv,,1,[],['results in'],explicit,"[('osa', 'increased_sympathetic_activity')]",No
"After adjusting for demographic variables, number of years of driving and total distance driven per week, logistic regression analysis showed that a high risk acceptance was associated with an eight-fold increased risk of having a crash that resulted in serious injury (OR 7.8, 95% CI 4.2-15.8).",CauseNet-noncause.csv,,1,[],['resulted in'],explicit,"[('crash', 'serious_injury')]",No
"In severe cases, varicose veins can lead to skin changes resulting in eczema, pigmentation, and ulceration or bleeding.",CauseNet-noncause.csv,,1,[],"['lead to', 'resulting in']",explicit,"[('varicose_veins', 'skin_changes')]",No
The trumpet bell-shaped duct outlet lessens wind noise which results in impressive sound clarity.,CauseNet-noncause.csv,,1,[],['results in'],explicit,"[('trumpet_bell-shaped_duct_outlet_lessens_wind_noise', 'impressive_sound_clarity')]",No
"It is of uttermost importance to receive an early diagnosis of arthritis because if left untreated, the illness can lead to serious complications and to unimaginable sufferings, including inability to move.",CauseNet-noncause.csv,,1,[],"['because', 'lead to']",explicit,"[('illness', 'serious_complications')]",No
"The powers of the member of the National Assembly terminate on the expiration of the term of the powers of the National Assembly, the dispersal of the National Assembly, a violation of the terms of the part 1 of Article 79 of the Constitution, invalid absence from more than half of the votes taken during one session, resignation, loss of the Nagorno Karabakh Republic citizenship, conviction for a crime resulting in imprisonment, a finding of incompetence declared legally by the court, declared absent, and death.",CauseNet-noncause.csv,,1,[],['resulting in'],explicit,"[('crime', 'imprisonment')]",No
"Deaths which resulted from fights, duels, the legitimate disciplining of servants and wives, and accidents often resulted in this verdict.",CauseNet-noncause.csv,,1,[],['resulted in'],explicit,"[('accidents', 'deaths')]",No
Second and third California reckless driving offense has the same consequences as a reckless driving resulting in bodily injury.,CauseNet-noncause.csv,,1,[],['resulting in'],explicit,"[('reckless_driving', 'bodily_injury')]",No
"Protein-losing enteropathy (PLE), the manifestation of a diverse set of disorders, is characterized by excessive loss of plasma proteins into the affected portions of the gastrointestinal tract, and this results in hypoalbuminemia.",CauseNet-noncause.csv,,1,[],['results in'],explicit,"[('protein-losing_enteropathy', 'hypoalbuminemia')]",No
Niacin deficiency results in pellagra.,CauseNet-noncause.csv,,1,[],['results in'],explicit,"[('niacin_deficiency', 'pellagra')]",No
"In fact, the lack of sustainability is our culture is already resulting in conflict and war.",CauseNet-noncause.csv,,1,[],['resulting in'],explicit,"[('culture', 'war')]",No
"Flooding from a massive influx of rain in these regions resulted in 100 year floods and resulted in severe river flooding, broken dams, and power outages that are still existing now 8 days later!",CauseNet-noncause.csv,,1,[],"['resulted in', 'resulted in']",explicit,"[('flooding', 'power_outages')]",No
But at the same time you could have one type of mutation resulting in many different phenotypes.,CauseNet-noncause.csv,,1,[],['resulting in'],explicit,"[('mutation', 'different_phenotypes')]",No
"But conception, pregnancy, and delivery are remarkably complicated processes, and sometimes that complexity results in, well, complications.",CauseNet-noncause.csv,,1,[],['results in'],explicit,"[('complexity', 'complications')]",No
"Studies have shown that zinc supplementation provides a prophylactic protection against future bouts of diarrhea, and results in a 25% reduction in duration of acute diarrhea and 40% reduction in treatment failure or death in persistent diarrhea.",CauseNet-noncause.csv,,1,[],['results in'],explicit,"[('zinc_supplementation', 'reduction')]",No
"The agencies created by these statutes will review and reconsider the character and basis for a previously executed discharge to determine whether there are facts or circumstances (e.g., mental or physical disability, substance abuse) that contributed to behavior resulting in discharge.",CauseNet-noncause.csv,,1,[],['resulting in'],explicit,"[('behavior', 'discharge')]",No
"Aging is commonly associated with a loss of muscle mass and strength, resulting in falls, functional decline, and the subjective feeling of weakness.",CauseNet-noncause.csv,,1,[],['resulting in'],explicit,"[('aging', 'loss_of_muscle_mass')]",No
A unanimous decision is required for any offense resulting in expulsion.,CauseNet-noncause.csv,,1,[],['resulting in'],explicit,"[('offense', 'expulsion')]",No
"Lack of vitamin C results in a disease called scurvy, where there is bleeding from gums and the wound healing takes a longer time.",CauseNet-noncause.csv,,1,[],['results in'],explicit,"[('lack_of_vitamin_c', 'disease')]",No
"The notification shall include both the disqualification and the violation that resulted in the disqualification, suspension, revocation or cancellation.",CauseNet-noncause.csv,,1,[],['resulted in'],explicit,"[('violation', 'disqualification')]",No
"Our instincts are what make us human, and our instincts drive us inevitably to conflict, which often results in death.",CauseNet-noncause.csv,,1,[],['results in'],explicit,"[('conflict', 'death')]",No
"But a great many people whom I speak to tend to believe that a lot of their difficulties are similar to the ""sins of the father"" and people believe their problems are due to similar problems which their parents, grandparents, and great grandparents had, and as a result that is why they are suffering and having various difficulties.",CauseNet-noncause.csv,,1,"['believe', 'believe']","['due to', 'as a result']",explicit,"[('similar_problems', 'problems')]",No
"The Cold War resulted in the Arms Race, and the decision of the US government to simply out-spend the Russians and drive their economy into the ground, slowly deteriorating the basis for their system of government.",CauseNet-noncause.csv,,1,[],['resulted in'],explicit,"[('cold_war', 'arms_race')]",No
"For women, stress is a key factor in hormonal imbalances resulting in menstrual irregularities, PMS, fibroids, endometriosis and fertility problems.",CauseNet-noncause.csv,,1,[],['resulting in'],explicit,"[('hormonal_imbalances', 'pms')]",No
This was in relation to an incident that resulted in a fatality.,CauseNet-noncause.csv,,1,[],['resulted in'],explicit,"[('incident', 'fatality')]",No
"overdose resulted in an estimated 56,000 emergency room visits and 458 deaths over an eight-year period, according to a 2006 review of available data.Although there are fewer related cases of acute liver failure in children than in adults, the use of in children is still worrisome.",CauseNet-noncause.csv,,1,[],['resulted in'],explicit,"[('overdose', 'deaths')]",No
This resulted in compromises and half-measures that led to delays and indecision.,CauseNet-noncause.csv,,1,[],"['resulted in', 'led to']",explicit,"[('half-measures', 'delays')]",No
"Attempting to reach some of the points listed in this web site can be dangerous, and could lead to accidents resulting in injury or death.",CauseNet-noncause.csv,,1,[],"['lead to', 'resulting in']",explicit,"[('accidents', 'death')]",No
"Throughout instances when an accident results in deaths, DUI is treated as being synonymous with reckless homicide which carries stiff penalties even bigger than the loss of life penalty alone.",CauseNet-noncause.csv,,1,[],['results in'],explicit,"[('accident', 'deaths')]",No
Plaque lessens flow of blood to the heart; the heart is starved for oxygen resulting in angina pectoris or chest pain.,CauseNet-noncause.csv,,1,[],['resulting in'],explicit,"[('oxygen', 'chest_pain')]",No
"Liberals would rather cut off their own body parts than suggest that gay men have shortened lives due to diseases like HIV, or that promiscuous behavior results in HIV, HPV, Herpes and other diseases leading to pain, infertility and death.",CauseNet-noncause.csv,,1,[],"['due to', 'results in', 'leading to']",explicit,"[('diseases', 'infertility')]",No
"Hepatitis: Inflammation of the liver usually resulting in jaundice (yellowing of the skin), loss of appetite, stomach discomfort, abnormal liver function, clay-colored stools, and dark urine.",CauseNet-noncause.csv,,1,[],['resulting in'],explicit,"[('inflammation_of_the_liver', 'jaundice')]",No
"This reaction, or inflammation, called synovitis, results in the warmth, redness, swelling, and pain that are typical symptoms of RA.",CauseNet-noncause.csv,,1,[],['results in'],explicit,"[('inflammation', 'pain')]",No
"Clearly, your employer witnessed your February seizure, a seizure that apparently resulted in loss of consciousness.",CauseNet-noncause.csv,,1,[],['resulted in'],explicit,"[('seizure', 'loss_of_consciousness')]",No
"These changes resulted in a device that is only 7.5cm x 7.5 cm, which is significantly smaller than the Dumb Controller; and drawing only 10mA of Current (not including the current for each attached sensor), which means that the device can run comfortably on a 9V battery.",CauseNet-noncause.csv,,1,[],['resulted in'],explicit,"[('changes', 'device')]",No
"These incidents resulted in two fatalities, 16 injuries, and eight community evacuations, shelter-in-place events, or transportation disruptions.",CauseNet-noncause.csv,,1,[],['resulted in'],explicit,"[('incidents', 'fatalities')]",No
This isolation can lead to depression which can result in poor bonding between the mothers and their newborn children.,CauseNet-noncause.csv,,1,[],"['lead to', 'result in']",explicit,"[('isolation', 'depression')]",No
"According to the Revised Code of Washington Section 46.52.020: ""A driver of any vehicle involved in an accident resulting in the injury to or death of any person or involving striking the body of a deceased person shall immediately stop such vehicle at the scene of such accident or as close thereto as possible but shall then forthwith return to, and in every event remain at, the scene of such accident until he or she has fulfilled the requirements of subsection (3) of this section; every such stop shall be made without obstructing traffic more than is necessary.""",CauseNet-noncause.csv,,1,[],['resulting in'],explicit,"[('accident', 'injury')]",No
"Vegetarianism is a great investment in a more peaceful, less violent world, because animal-centered diets, by wasting valuable resources, help to perpetuate the widespread hunger and poverty that eventually lead to instability and war.",CauseNet-noncause.csv,,1,[],"['because', 'lead to']",explicit,"[('widespread_hunger', 'instability')]",No
"If such negligence results in injury to a patient, a case could arise against the doctor if his or her actions deviated from generally accepted standards of practice; against the hospital for improper care, such as problems with medications, sanitation or nursing care; or against local, state or federal agencies that operate hospital facilities.",CauseNet-noncause.csv,,1,[],['results in'],explicit,"[('negligence', 'injury_to_a_patient')]",No
"When explicitly seen in The X-Files, sex either results in death, or sex is death.",CauseNet-noncause.csv,,1,[],['results in'],explicit,"[('sex', 'death')]",No
"""Ours had more to do with the making of the loans and discrimination targeting minorities for bad loans, which resulted in foreclosures.""",CauseNet-noncause.csv,,1,[],['resulted in'],explicit,"[('bad_loans', 'foreclosures')]",No
"As recommended by the Standing Committee, Parliament amended section 256 of the Criminal Code in 2000, so that an officer may apply for a warrant to obtain a blood sample from an unconscious driver who is reasonably believed to have committed, in the pervious four hours, a section 253 drug-impaired driving offence involving a collision resulting in injury or death.",CauseNet-noncause.csv,,1,['believed'],['resulting in'],explicit,"[('collision', 'death')]",No
Two of the NHTSA complaints and one received by the Japanese government involved reports of accidents resulting in injuries.,CauseNet-noncause.csv,,1,[],['resulting in'],explicit,"[('accidents', 'injuries')]",No
The study also found that vehicle accidents resulting in death or serious injury declined by three per cent.,CauseNet-noncause.csv,,1,[],['resulting in'],explicit,"[('vehicle_accidents', 'death')]",No
"These pressures are agriculture which results in habitat degradation and loss, and biological resource use which includes threats such as deforestation and unsustainable hunting.",CauseNet-noncause.csv,,1,[],['results in'],explicit,"[('agriculture', 'loss')]",No
"Additionally, continuous vomiting can result in malnutrition and dehydration which can lead to hair, skin, nail, and cardiovascular complications.",CauseNet-noncause.csv,,1,[],"['result in', 'lead to']",explicit,"[('dehydration', 'skin')]",No
Domestic violence that results in an injury is also classified as battery.,CauseNet-noncause.csv,,1,[],['results in'],explicit,"[('domestic_violence', 'injury')]",No
"As they are so popular, over-breeding has lead to an increase in a heart condition called Mitral Valve Disease, which often results in premature death, it is therefore vital you check the medical history several generations back before buying your puppy.",CauseNet-noncause.csv,,1,[],"['lead to', 'results in', 'therefore']",explicit,"[('heart_condition', 'premature_death')]",No
"As noted by the UN High Commissioner for Human Rights, Navi Pillay, the focus of this year's Human Rights Day is ""non-discrimination, because discrimination spreads mistrust and humiliation for victims and leads to violence, conflict and discord generally.""",CauseNet-noncause.csv,,1,[],"['because', 'leads to']",explicit,"[('discrimination', 'violence')]",No
"Ceaselessly, it is the dryness in the skin that results in additional itching and irritation.",CauseNet-noncause.csv,,1,[],['results in'],explicit,"[('dryness_in_the_skin', 'irritation')]",No
"It acts by binding to DNA, which results in single-strand and double-strand breaks following free radical formation, and inhibition of DNA biosynthesis.",CauseNet-noncause.csv,,1,[],['results in'],explicit,"[('dna', 'double-strand_breaks')]",No
"America's anxieties were increased by the steroid scandals in sports, the explosion of the space shuttle Columbia, and the invasion of Iraq, where lack of planning resulted in chaos and increasing terrorism.",CauseNet-noncause.csv,,1,[],['resulted in'],explicit,"[('lack_of_planning', 'chaos')]",No
"I hereby release, waive and discharge the AGCSC and each of its members from any and all liability due to any accident resulting in death or injury, or personal property damage sustained as a participant in the activities of the AGCSC.",CauseNet-noncause.csv,,1,[],"['due to', 'resulting in']",explicit,"[('accident', 'death')]",No
This can damage the blood vessels of the brain heart and kidneys resulting in a stroke heart failure or kidney failure.,CauseNet-noncause.csv,,1,[],['resulting in'],explicit,"[('kidneys', 'kidney_failure')]",No
Severe intoxication results in shock and death.,CauseNet-noncause.csv,,1,[],['results in'],explicit,"[('severe_intoxication', 'death')]",No
Heavy-Duty construction provides a longer service life resulting in lower replacement costs than other brands.Ribs under the lip will prevent jamming when nested.,CauseNet-noncause.csv,,1,[],['resulting in'],explicit,"[('longer_service_life', 'lower_replacement_costs')]",No
"The fungus that causes blast disease, Magnaporthe grisea, spreads through multiple cycles of asexual conidiospore production during the cropping season, causing necrotic spots on leaves and necrosis of panicles.",coling22-mining-health-related-statements_sentence_test_causenet_evaluations.csv,121940,1,[],['causes'],explicit,"[('fungus', 'blast disease')]",No
Death caused by fracture at base of skull caused by falling from a building.,coling22-mining-health-related-statements_sentence_test_causenet_evaluations.csv,121868,1,[],"['caused', 'caused']",explicit,"[('fracture at base of skull', 'death')]",No
Remember that low body temperature can also be caused by poor mitochondrial function - see CFS - The Central Cause: Mitochondrial Failure * If the T4 is low and T3 commensurate with a low T4: I would start with thyroxine 50mcgms (25mcgms for a small person or child or someone very debilitated) and increase in 25mcgms increments every month up to 100mcgms (or 75 mcgms in a small person or child or debilitated person) at which point the blood needs retesting.,coling22-mining-health-related-statements_sentence_test_causenet_evaluations.csv,122270,1,[],"['caused', 'Cause']",explicit,"[('poor mitochondrial function', 'low body temperature')]",No
"In the spring of 2003, the parents learned that certain vaccines and other health-care products contained trace amounts of the mercury-based antimicrobial thimerosal, and that some people believed that thimerosal in medical products could cause neurological damage resulting in autism.",coling22-mining-health-related-statements_sentence_test_causenet_evaluations.csv,121752,1,['believed'],"['cause', 'resulting in']",explicit,"[('thimerosal in medical products', 'neurological damage')]",No
"We are the cup, we are the vessels, we are being prepared to receive the supernatural provision that will result in eternal life.",coling22-mining-health-related-statements_sentence_test_causenet_evaluations.csv,121580,1,[],['result in'],explicit,"[('being prepared to receive the supernatural provision', 'eternal life')]",No
"If the offering is rigorous and results in a material change to behavior, there should be a material change in the subsequent financial situation... just as P90X shows that a material change in your physical behaviors results in a material change in your subsequent physical health and appearance.",coling22-mining-health-related-statements_sentence_test_causenet_evaluations.csv,122410,1,[],"['results in', 'results in']",explicit,"[('material change in your physical behaviors', 'material change in your subsequent physical health')]",No
"Gears can have play or backlash, and thus may cause a gap between motor and roller movement.",coling22-mining-health-related-statements_sentence_test_causenet_evaluations.csv,122062,1,[],"['thus', 'cause']",explicit,"[('gears', 'gap')]",No
DEB is caused by mutations in type VII collagen.,coling22-mining-health-related-statements_sentence_test_causenet_evaluations.csv,122403,1,[],['caused'],explicit,"[('mutations in type vii collagen', 'deb')]",No
Hydrilla causes major problems with water use.,coling22-mining-health-related-statements_sentence_test_causenet_evaluations.csv,121505,1,[],['causes'],explicit,"[('hydrilla', 'major problems')]",No
What This Means: This is but the first step in an Immortal plan that will cause great turmoil in Norwold.,coling22-mining-health-related-statements_sentence_test_causenet_evaluations.csv,121489,1,[],['cause'],explicit,"[('immortal plan', 'great turmoil in norwold')]",No
Resistance to one alkylating agent often implies resistance to other similar drugs and can be caused by increased production of nucleophilic substances that compete with the target DNA for alkylation.,coling22-mining-health-related-statements_sentence_test_causenet_evaluations.csv,121984,1,[],['caused'],explicit,"[('increased production of nucleophilic substances', 'resistance to one alkylating agent')]",No
"Celiac disease, a disorder characterized by an auto-immune response to gluten, also commonly results in demineralization of the enamel.",coling22-mining-health-related-statements_sentence_test_causenet_evaluations.csv,122154,1,[],['results in'],explicit,"[('celiac disease', 'demineralization of the enamel')]",No
This is a disorder that causes severe neck and shoulder contractions and also a very unusual side effect of eye disorder treatments.,coling22-mining-health-related-statements_sentence_test_causenet_evaluations.csv,122422,1,[],['causes'],explicit,"[('disorder', 'shoulder contractions')]",No
"Today, more and more freshwater bodies have become polluted by nutrients originating from agricultural, domestic and industrial sources, a situation which causes them to become eutrophic (where excessive algal growth results in severe changes of water quality and the ecology).",coling22-mining-health-related-statements_sentence_test_causenet_evaluations.csv,122357,1,[],"['causes', 'results in']",explicit,"[('excessive algal growth', 'severe changes of water quality')]",No
"I reasoned that the Jewish people had enough trouble considering our belief that Yeshua is the Messiah, because of the theological issues that have been caused by historic Christianity.",coling22-mining-health-related-statements_sentence_test_causenet_evaluations.csv,122214,1,[],"['because', 'caused']",explicit,"[('historic christianity', 'theological issues')]",No
Synthesis and other transformations such as scan insertion can cause CDC errors.,coling22-mining-health-related-statements_sentence_test_causenet_evaluations.csv,122080,1,[],['cause'],explicit,"[('transformations', 'cdc errors')]",No
"Although ""respiratory disease"" is often thought of as only a lung problem, malfunction of any component of the respiratory system can cause a breathing problem.",coling22-mining-health-related-statements_sentence_test_causenet_evaluations.csv,121532,1,[],['cause'],explicit,"[('malfunction of any component of the respiratory system', 'breathing problem')]",No
"The one thing that Nev probably has in common with Ven is that he also prefers the path which causes the most pain for his enemies, but to a far greater extent.",coling22-mining-health-related-statements_sentence_test_causenet_evaluations.csv,122345,1,[],['causes'],explicit,"[('also prefers the path', 'pain for his enemies')]",No
"The tendency of night bombers to attack fires often leads to action against ""self-creating decoys,"" i.e. genuine fires off the target, caused by forced jettisoning of bombs or by incendiaries dropped after erroneous identification.",coling22-mining-health-related-statements_sentence_test_causenet_evaluations.csv,122198,1,[],"['leads to', 'caused']",explicit,"[('incendiaries dropped', 'action against `` self-creating decoys')]",No
Razor point teeth unrelenting and vicious caused sharp pain shocks to shoot up my leg and make my whole body shudder.,coling22-mining-health-related-statements_sentence_test_causenet_evaluations.csv,122379,1,[],['caused'],explicit,"[('razor point teeth unrelenting', 'sharp pain shocks')]",No
ANEMIA - A common Blood disorder condition that is caused by an acquired or inhered abnormality of red Blood cells to provide adequate oxygen supplies to body tissues.,coling22-mining-health-related-statements_sentence_test_causenet_evaluations.csv,122131,1,[],['caused'],explicit,"[('acquired or inhered abnormality of red blood cells', 'blood disorder condition')]",No
Ask the students to envision and describe the storm that caused the Hesperus to sink.,coling22-mining-health-related-statements_sentence_test_causenet_evaluations.csv,122090,1,[],['caused'],explicit,"[('storm', 'hesperus to sink')]",No
"He explained that he suffers from nearsightedness and nystagmus, a condition that causes his eyes to shift constantly, blurring his vision, which explains his trouble easily recognizing people.",coling22-mining-health-related-statements_sentence_test_causenet_evaluations.csv,121903,1,[],['causes'],explicit,"[('condition', 'eyes to shift constantly')]",No
In rare cases the nodules can develop along the spinal column and put pressure on the spinal cord and in some cases nodules on footpads can cause progressive lameness.,coling22-mining-health-related-statements_sentence_test_causenet_evaluations.csv,122025,1,[],['cause'],explicit,"[('nodules on footpads', 'progressive lameness')]",No
"Foto: AP In 2005, London suffered a terrorist attack in its transportation system that resulted in 52 deaths.",coling22-mining-health-related-statements_sentence_test_causenet_evaluations.csv,122240,1,[],['resulted in'],explicit,"[('terrorist attack in its transportation system', '52 deaths')]",No
This incident caused quite an amount of trouble to the many.,coling22-mining-health-related-statements_sentence_test_causenet_evaluations.csv,122060,1,[],['caused'],explicit,"[('incident', 'amount of trouble')]",No
DOL may issue interim regulations that will result in state legislative changes before employers have the opportunity to provide notice and comment.,coling22-mining-health-related-statements_sentence_test_causenet_evaluations.csv,121447,1,[],['result in'],explicit,"[('dol may issue interim regulations', 'state legislative changes')]",No
"In particular in the winter, when heaters are turned on and off, sudden changes in temperature may be experienced resulting in condensation which can lead to shorts or malfunctions.",coling22-mining-health-related-statements_sentence_test_causenet_evaluations.csv,122040,1,[],"['resulting in', 'lead to']",explicit,"[('condensation', 'malfunctions')]",No
"While there were occasional upheavals throughout its long history, the political instability of recent times was the direct cause of the current poor infrastructure and educational attainment levels.",coling22-mining-health-related-statements_sentence_test_causenet_evaluations.csv,121762,1,[],['cause'],explicit,"[('political instability of recent times', 'current poor infrastructure')]",No
"Also in september 2006, opposite loreal sublime glow medium skin uniform life focused a internet marketing breach that resulted in the refund of its hitch database, endowing the overall programs and bouncers and the numbered consents and sentence information of 650,000 users.",coling22-mining-health-related-statements_sentence_test_causenet_evaluations.csv,122427,1,[],['resulted in'],explicit,"[('internet marketing breach', 'refund of its hitch database')]",No
"Placement of FGF10-containing beads beneath chick ectodermal cells results in the formation a limb bud, AER, ZPA and, subsequently, an entire limb.",coling22-mining-health-related-statements_sentence_test_causenet_evaluations.csv,121947,1,[],['results in'],explicit,"[('placement of fgf10-containing beads beneath chick ectodermal cells', 'formation a limb bud')]",No
"The analysis in Drosophila supports this hypothesis: lack of Dg function results in tumor-like structures and abnormal cell movement because of the lack of epithelial integrity and cellular polarity (Deng, 2003).",coling22-mining-health-related-statements_sentence_test_causenet_evaluations.csv,121500,1,[],"['results in', 'because']",explicit,"[('lack of dg function', 'tumor-like structures')]",No
"A nail or screw can cause dammage to the ball seal, causing it to leak down.",coling22-mining-health-related-statements_sentence_test_causenet_evaluations.csv,122177,1,[],['cause'],explicit,"[('nail or screw', 'dammage to the ball seal')]",No
"DNA repair proteins represent a group of genes whose inappropriate downregulation leads to genomic instability, the underlying cause of cancer.",coling22-mining-health-related-statements_sentence_test_causenet_evaluations.csv,121568,1,[],"['leads to', 'cause']",explicit,"[('inappropriate downregulation', 'genomic instability')]",No
"Their collaboration resulted in the massively successful CD Sister Drum, a New Age fantasy on Tibetan spiritualism and folk music that became the best-selling recording in Chinese history and garnered considerable attention in the West.",coling22-mining-health-related-statements_sentence_test_causenet_evaluations.csv,122086,1,[],['resulted in'],explicit,"[('collaboration', 'massively successful cd sister drum')]",No
Other times it can break the oscillating weight and that broken weight can cause more damage to the movement.,coling22-mining-health-related-statements_sentence_test_causenet_evaluations.csv,122310,1,[],['cause'],explicit,"[('broken weight', 'damage to the movement')]",No
"Spondylolysis is caused by repeated arching and twisting of the back, which puts too much stress on an area of the vertebra known as the Pars Interarticularis.",coling22-mining-health-related-statements_sentence_test_causenet_evaluations.csv,122019,1,[],['caused'],explicit,"[('repeated arching', 'spondylolysis')]",No
"Perchlorate, a rocket fuel ingredient in the 1950s and 1960s, has been linked to disruptions in thyroid gland function, which can result in developmental disabilities.",coling22-mining-health-related-statements_sentence_test_causenet_evaluations.csv,121858,1,[],['result in'],explicit,"[('disruptions in thyroid gland function', 'developmental disabilities')]",No
"Milk allergies are very common in children and cause sinus problems, diarrhoea, constipation and fatigue.",coling22-mining-health-related-statements_sentence_test_causenet_evaluations.csv,121960,1,[],['cause'],explicit,"[('milk allergies', 'sinus problems')]",No
"Impacts on atmospheric O2 caused by changes in the ventilation of deeper, oxygen depleted waters have been observed on interannual time-scales (Keeling et al., 1993, Bender et al., 1996).",coling22-mining-health-related-statements_sentence_test_causenet_evaluations.csv,122029,1,[],['caused'],explicit,"[('changes in the ventilation of deeper , oxygen depleted waters', 'impacts on atmospheric o2')]",No
Either action would presumably result in a collapse in the value of the dollar which wouold potentially hit China cos it has such huge dollar reserves itself.,coling22-mining-health-related-statements_sentence_test_causenet_evaluations.csv,122344,1,[],['result in'],explicit,"[('action', 'collapse in the value of the dollar')]",No
"Wind energy development has been the speed limit, indicating that management has recognized the problems caused by rapid growth of wind energy.",coling22-mining-health-related-statements_sentence_test_causenet_evaluations.csv,122054,1,[],['caused'],explicit,"[('rapid growth of wind energy', 'problems')]",No
"Yet senior Chicago Police Department personnel decided to make an example of Andy by slapping phony felony charges on him which caused him heavy legal fees, 16 months of travel restrictions and numerous court dates.",coling22-mining-health-related-statements_sentence_test_causenet_evaluations.csv,121747,1,[],['caused'],explicit,"[('andy by slapping phony felony charges on', 'heavy legal fees')]",No
"This may be followed by infection of the peduncle, which may result in a weak neck and stalk lodging.",coling22-mining-health-related-statements_sentence_test_causenet_evaluations.csv,122121,1,[],['result in'],explicit,"[('infection of the peduncle', 'weak neck')]",No
"Plus, if you're always hunched over, your spine becomes fixed in a twisted position which can constrict your blood vessels and nerves and lead to muscle, disc and joint problems, which can cause headaches, fatigue and even problems with organs and breathing.",coling22-mining-health-related-statements_sentence_test_causenet_evaluations.csv,122212,1,[],"['lead to', 'cause']",explicit,"[('disc', 'fatigue')]",No
"Moreover, in addition to liability protection, the use of a proper LLC or corporation can result in tax savings which will keep more money in the realtor's pocket.",coling22-mining-health-related-statements_sentence_test_causenet_evaluations.csv,121424,1,[],['result in'],explicit,"[('use of a proper llc or corporation', 'tax savings')]",No
"Based on the analysis contained herein of the likely effects of the specified activity on marine mammals and their habitat, and taking into consideration the implementation of the mitigation and monitoring measures, NMFS preliminarily finds that Shell's proposed Camden Bay exploratory drilling program may result in the incidental take of small numbers of marine mammals, by Level B harassment only, and that the total taking from the exploratory drilling program will have a negligible impact on the affected species or stocks.",coling22-mining-health-related-statements_sentence_test_causenet_evaluations.csv,121770,1,[],['result in'],explicit,"[(""shell 's proposed camden bay exploratory drilling program"", 'incidental take of small numbers of marine mammals')]",No
Robbie's inquisitive personality resulted in his pursuit of a career in mathematics.,coling22-mining-health-related-statements_sentence_test_causenet_evaluations.csv,121495,1,[],['resulted in'],explicit,"[(""robbie 's inquisitive personality"", 'pursuit of a career in mathematics')]",No
"In conditions of high metabolic flux requiring energy production, the mitochondrial failure to meet the energetic demand results in high production of ROS causing cell death.",coling22-mining-health-related-statements_sentence_test_causenet_evaluations.csv,121422,1,[],['results in'],explicit,"[('mitochondrial failure', 'high production of ros')]",No
"The mining and smelting of non-ferrous metals has caused pollution by dispersion of dusts, effluents, seepage, and acid drainage.",coling22-mining-health-related-statements_sentence_test_causenet_evaluations.csv,122010,1,[],['caused'],explicit,"[('mining and smelting of non-ferrous metals', 'pollution')]",No
"Non-physical abuse means psychological abuse or abusive behavior through verbal or written statements which intend to or could reasonably be foreseen to cause embarrassment, humiliation, shame, fright, grief, or intimidation.",coling22-mining-health-related-statements_sentence_test_causenet_evaluations.csv,121796,1,[],['cause'],explicit,"[('verbal or written statements', 'intimidation')]",No
Boring activity often starts a flow of tree sap or results in sawdust-like excrement (frass) which is visible in cracks and crevices.,coling22-mining-health-related-statements_sentence_test_causenet_evaluations.csv,121786,1,[],['results in'],explicit,"[('flow of tree sap', 'sawdust-like excrement')]",No
"Violations of law or University policy by University employees or students may result in prosecution, restriction of access to University electronic resources, and/or disciplinary action, up to and including termination or suspension or expulsion, following due process.",coling22-mining-health-related-statements_sentence_test_causenet_evaluations.csv,122152,1,[],['result in'],explicit,"[('violations of law or university policy by university employees or students', 'prosecution')]",No
"Calcium channel blocking drugs used to treat high blood pressure, abnormal heart rhythm, angina pectoris, panic attacks, manic depression and migraine may occasionally cause drug-induced parkinsonism.",coling22-mining-health-related-statements_sentence_test_causenet_evaluations.csv,122335,1,[],['cause'],explicit,"[('migraine', 'drug-induced parkinsonism')]",No
The beautiful architecture in this temple is the cause of attraction of the tourists.,coling22-mining-health-related-statements_sentence_test_causenet_evaluations.csv,122321,1,[],['cause'],explicit,"[('beautiful architecture in this temple', 'attraction of the tourists')]",No
Reservoir dilation during steam injection causes the overburden to heave which can result in microseismic events.,coling22-mining-health-related-statements_sentence_test_causenet_evaluations.csv,122110,1,[],"['causes', 'result in']",explicit,"[('reservoir dilation', 'overburden to heave')]",No
Any attempt to tamper with the hologram will result in the destruction of the hologram.,coling22-mining-health-related-statements_sentence_test_causenet_evaluations.csv,122149,1,[],['result in'],explicit,"[('attempt to tamper with the hologram', 'destruction of the hologram')]",No
"In this report, we present evidence that infection of mice by an exogenous virus results in the mobilization of complete endogenous retroviruses.",coling22-mining-health-related-statements_sentence_test_causenet_evaluations.csv,121449,1,[],['results in'],explicit,"[('infection of mice by an exogenous virus', 'mobilization of complete endogenous retroviruses')]",No
"Forget the book of Cisco Cisco Specialist 642-415, because Actualtest braindumps for Cisco 642-415 exam provides 642-415 candidates with Cisco 642-415 exam papers, which leads them to C642-415.",coling22-mining-health-related-statements_sentence_test_causenet_evaluations.csv,122055,1,[],['because'],explicit,"[('cisco 642-415 exam papers', 'c642-415')]",No
The force majeure conditions experienced by the resin manufacturers resulted in insufficient resin being available to satisfy the end market demand in the fourth quarter of 2005.,coling22-mining-health-related-statements_sentence_test_causenet_evaluations.csv,122407,1,[],['resulted in'],explicit,"[('force majeure conditions', 'insufficient resin')]",No
The reduced blood supply or complete block in the blood supply to the particular part of the heart leads to the death of heart cell and causes myocardial infraction or heart attack.,coling22-mining-health-related-statements_sentence_test_causenet_evaluations.csv,121628,1,[],"['leads to', 'causes']",explicit,"[('reduced blood supply', 'myocardial infraction')]",No
"In the manic episode, the person with bipolar disorder will have increased energy, talkative, unusually in a high or euphoric mood, irritable, have racing thoughts that can result in loss of concentration and jumping from one idea to another, unrealistic beliefs in their abilities and powers, increased drive, denial that anything is wrong, aggressive behavior, and abuse of substances, such as drugs and alcohol.",coling22-mining-health-related-statements_sentence_test_causenet_evaluations.csv,121604,1,[],['result in'],explicit,"[('racing thoughts', 'loss of concentration')]",No
The BC-3 had a definite edge in the retrieval of detail that resulted in the listener being able to hear into the recording better.,coling22-mining-health-related-statements_sentence_test_causenet_evaluations.csv,122340,1,[],['resulted in'],explicit,"[('definite edge in the retrieval of detail', 'listener being able to hear into the recording better')]",No
Not only that but there would be a high level of disruption caused by the contractors who were turning the electricity off.,coling22-mining-health-related-statements_sentence_test_causenet_evaluations.csv,121588,1,[],['caused'],explicit,"[('contractors who were turning the electricity off', 'high level of disruption')]",No
The media has been big on predictions that Hanson would cause racist thugs to attack Asians.,coling22-mining-health-related-statements_sentence_test_causenet_evaluations.csv,121686,1,[],['cause'],explicit,"[('hanson', 'racist thugs to attack asians')]",No
"Disregarding the formal ruling of Niger's Constitutional Court and prodemocracy complaints from the civil society and political parties, Tandja conducted a costly referendum resulting in a new constitution without term limits and a new Sixth Republic that consolidated presidential powers.",coling22-mining-health-related-statements_sentence_test_causenet_evaluations.csv,122417,1,[],['resulting in'],explicit,"[('tandja conducted a costly referendum', 'new constitution without term limits')]",No
Prolonged constriction of the skin blood vessels results in hypoxemia and vessel wall inflammation.,coling22-mining-health-related-statements_sentence_test_causenet_evaluations.csv,122217,1,[],['results in'],explicit,"[('prolonged constriction of the skin blood vessels', 'vessel wall inflammation')]",No
"By using the information from Crane, Eric finds out that the series of worldwide earthquakes is caused by the gravitational influence of a dark planet approaching our Solar system which will destroy the Earth when the Earth crosses the galactic equator.",coling22-mining-health-related-statements_sentence_test_causenet_evaluations.csv,121615,1,[],['caused'],explicit,"[('gravitational influence of a dark planet approaching our solar system', 'series of worldwide earthquakes')]",No
Lessons: Failure to communicate corporate quality values to all employees during a merger results in reduced performance on the part of many employees.,coling22-mining-health-related-statements_sentence_test_causenet_evaluations.csv,121835,1,[],['results in'],explicit,"[('failure to communicate corporate quality values to all employees', 'reduced performance on the part of many employees')]",No
It traces the increasing skill of planning protests that would elicit outrage and negotiations that would result in actual progress.,coling22-mining-health-related-statements_sentence_test_causenet_evaluations.csv,122368,1,[],['result in'],explicit,"[('negotiations', 'actual progress')]",No
Each susceptibility gene codes for a subtle molecular abnormality that hypothetically causes inefficient information processing in brain circuits that mediate the symptoms of this disorder.,coling22-mining-health-related-statements_sentence_test_causenet_evaluations.csv,121821,1,[],['causes'],explicit,"[('subtle molecular abnormality', 'inefficient information processing in brain circuits')]",No
"Unprocessed thoughts, feelings, experiences and emotions can result in mental indigestion.",coling22-mining-health-related-statements_sentence_test_causenet_evaluations.csv,121451,1,[],['result in'],explicit,"[('feelings', 'mental indigestion')]",No
"The pits are caused by the large pressure gradients that develop close to the bearing surface, and corresponding large shear stress gradients.",coling22-mining-health-related-statements_sentence_test_causenet_evaluations.csv,122313,1,[],['caused'],explicit,"[('large shear stress gradients', 'pits')]",No
"Kirk knew that deafness caused by explosions could be temporary and that given a few hours, it often returned to normal.",coling22-mining-health-related-statements_sentence_test_causenet_evaluations.csv,121805,1,[],['caused'],explicit,"[('explosions', 'deafness')]",No
"While an ""open"" unit may have a bit more room for some patients, others will still encounter a low ceiling which may cause some anxiety for the claustrophobic patient.",coling22-mining-health-related-statements_sentence_test_causenet_evaluations.csv,122258,1,[],['cause'],explicit,"[('low ceiling', 'anxiety')]",No
It was reported that the cardinal's actions caused uneasiness at the Vatican and that he was summoned to Rome to explain himself.,coling22-mining-health-related-statements_sentence_test_causenet_evaluations.csv,121854,1,[],['caused'],explicit,"[(""cardinal 's actions"", 'uneasiness')]",No
"This century has seen great changes in sexual feelings, attitudes, and beliefs in American society resulting in greatly changed sexual activities and habits of Americans.",coling22-mining-health-related-statements_sentence_test_causenet_evaluations.csv,121861,1,[],['resulting in'],explicit,"[('beliefs in american society', 'greatly changed sexual activities')]",No
"Though NONO was associated with PER1, a repressor of circadian gene expression, its depletion resulted in the further repression of Period target loci.",coling22-mining-health-related-statements_sentence_test_causenet_evaluations.csv,121771,1,[],['resulted in'],explicit,"[('nono', 'per1')]",No
"This generates a more vigorous CD4+ T helper 1 T cell activation which can result in intestinal mucosal inflammation, malabsorption, and numerous secondary symptoms and autoimmune diseases.",coling22-mining-health-related-statements_sentence_test_causenet_evaluations.csv,121456,1,[],['result in'],explicit,"[('vigorous cd4 + t helper 1 t cell activation', 'malabsorption')]",No
Closed-head injuries are the leading cause of death in children under 4 years old and the most common cause of physical disability and cognitive impairment in young people.,coling22-mining-health-related-statements_sentence_test_causenet_evaluations.csv,122219,1,[],"['cause', 'cause']",explicit,"[('closed-head injuries', 'death')]",No
"Multiple lesions, multiple time-points, and multiple readers can often result in countless findings.",coling22-mining-health-related-statements_sentence_test_causenet_evaluations.csv,122111,1,[],['result in'],explicit,"[('multiple time-points', 'countless findings')]",No
Zorflex activated carbon cloth has a microporous structure which results in rapid adsorption kinetics and the capability to adsorb to a higher level of purity.,coling22-mining-health-related-statements_sentence_test_causenet_evaluations.csv,121721,1,[],['results in'],explicit,"[('microporous structure', 'rapid adsorption kinetics')]",No
However a few good business clients will result in a more stable income and maybe shorter hours.,coling22-mining-health-related-statements_sentence_test_causenet_evaluations.csv,121464,1,[],['result in'],explicit,"[('good business clients', 'more stable income')]",No
"This is key because a stressed mind and body can cause dryness, irritation, inflammation and premature signs of aging which only adds to things for you to worry about.",coling22-mining-health-related-statements_sentence_test_causenet_evaluations.csv,121706,1,[],"['because', 'cause']",explicit,"[('stressed mind and body', 'irritation')]",No
On April 10 Italians were informed about the disarray on Yugoslav side caused by German advances.,coling22-mining-health-related-statements_sentence_test_causenet_evaluations.csv,121549,1,[],['caused'],explicit,"[('german advances', 'disarray on yugoslav side')]",No
"Culture and climate shock, harsh living and working conditions and controversy caused much discontent.",coling22-mining-health-related-statements_sentence_test_causenet_evaluations.csv,121750,1,[],['caused'],explicit,"[('harsh living', 'much discontent')]",No
"Likewise, civil wars, military coups, and repressive political regimes in South and Central America have caused Argentineans, Bolivians, Dominicans, Uruguayans, Nicaraguans, Salvadorans, Guatemalans, Peruvians, and Haitians to seek asylum in Chicago.",coling22-mining-health-related-statements_sentence_test_causenet_evaluations.csv,121838,1,[],['caused'],explicit,"[('repressive political regimes in south and central america', 'haitians to seek asylum in chicago')]",No
The investigation of this event concluded that it was highly likely that the mid-range sonar used by a passing naval fleet caused serious physical injury to the whales.,coling22-mining-health-related-statements_sentence_test_causenet_evaluations.csv,121608,1,[],['caused'],explicit,"[('mid-range sonar', 'serious physical injury to the whales')]",No
"The research by Elwork, Sales, and Alfini suggests that difficulties in juror comprehension may be caused by the use of common words to convey relatively uncommon meanings.",coling22-mining-health-related-statements_sentence_test_causenet_evaluations.csv,122275,1,[],['caused'],explicit,"[('use of common words to convey relatively uncommon meanings', 'difficulties in juror comprehension')]",No
"In a minor hearing, a finding of guilt can result in punishment ranging from extra duty, restriction to living quarters, suspension of recreation, restriction from making commissary purchases and contact visitation.",coling22-mining-health-related-statements_sentence_test_causenet_evaluations.csv,121629,1,[],['result in'],explicit,"[('finding of guilt', 'punishment')]",No
"For example, a mobile phone tower (a project output) may result in greater access to, and use of, mobile phone services (a program outcome).",coling22-mining-health-related-statements_sentence_test_causenet_evaluations.csv,122301,1,[],['result in'],explicit,"[('mobile phone tower', 'greater access to')]",No
Failure to make your down payment prior to departure will result in the immediate cancellation of your registration.,coling22-mining-health-related-statements_sentence_test_causenet_evaluations.csv,121951,1,[],['result in'],explicit,"[('failure to make your down payment', 'immediate cancellation of your registration')]",No
The data suggested low oxygen bottom waters during high tide resulting in large fluctuations in salinity and oxygen saturation.,coling22-mining-health-related-statements_sentence_test_causenet_evaluations.csv,122079,1,[],['resulting in'],explicit,"[('high tide', 'large fluctuations in salinity')]",No
Another major advantage is the fact that electric oil filled radiators consume lower amounts of electricity resulting in reduced energy bills.,coling22-mining-health-related-statements_sentence_test_causenet_evaluations.csv,121817,1,[],['resulting in'],explicit,"[('electric oil filled radiators consume lower amounts of electricity', 'reduced energy bills')]",No
Snipers and attacks by German aircraft caused an increasing number of casualties; the Germans counter-attacked into the night and the British guns bombarded German troops in their assembly positions.,coling22-mining-health-related-statements_sentence_test_causenet_evaluations.csv,122156,1,[],['caused'],explicit,"[('attacks by german aircraft', 'increasing number of casualties')]",No
"After that, a confident Mohammed starting moving against his enemies in a series of attacks that resulted in the elimination of Jewish tribes and the assassination of certain individuals for the slightest offense.",coling22-mining-health-related-statements_sentence_test_causenet_evaluations.csv,122326,1,[],['resulted in'],explicit,"[('confident mohammed starting moving against his enemies in a series of attacks', 'elimination of jewish tribes')]",No
The SLC4A7 gene encodes the stilbene-insensitive electroneural sodium bicarbonate co-transporter (NBC3) and loss of NBC3 in mice causes degeneration of sensory cells in the inner ear and eye.22 At the beginning of this study SLC4A7 was considered as a potential positional candidate gene for type 2 Usher syndrome in humans.,coling22-mining-health-related-statements_sentence_test_causenet_evaluations.csv,122387,1,[],['causes'],explicit,"[('loss of nbc3 in mice', 'degeneration of sensory cells in the inner ear')]",No
"Uveitis may cause vague clinical signs that can include blinking, squinting, watery discharge, and fear of light (photophobia) without any obvious changes to the eye itself.",coling22-mining-health-related-statements_sentence_test_causenet_evaluations.csv,122382,1,[],['cause'],explicit,"[('uveitis', 'vague clinical signs')]",No
"Yellow fever, cholera and other diseases that are strongly associated with a place will cause people to leave.",coling22-mining-health-related-statements_sentence_test_causenet_evaluations.csv,121633,1,[],['cause'],explicit,"[('yellow fever', 'people to leave')]",No
"The primary cause of this eye disease, as outlined above, is increase in the pressure on the ocular nerve from the fluid present in the eyes (aqueous humor).",coling22-mining-health-related-statements_sentence_test_causenet_evaluations.csv,121420,1,[],['cause'],explicit,"[('increase in the pressure on the ocular nerve from the fluid present in the eyes', 'eye disease')]",No
The labor strikes and violent clashes between protestors and security services and supporters of the government of Hosni Mubarak cause many damages.,coling22-mining-health-related-statements_sentence_test_causenet_evaluations.csv,121816,1,[],['cause'],explicit,"[('labor strikes', 'damages')]",No
"Variations in coverage may be due to color choice, substrate, and rough/textured surfaces that may result in more paint needed.",coling22-mining-health-related-statements_sentence_test_causenet_evaluations.csv,122175,1,[],"['due to', 'result in']",explicit,"[('rough/textured surfaces', 'paint needed')]",No
"Application of somatostatin resulted in increased concentrations of dopamine in striatum, hippocampus and amygdala of anaesthetized mice.",coling22-mining-health-related-statements_sentence_test_causenet_evaluations.csv,122057,1,[],['resulted in'],explicit,"[('application of somatostatin', 'increased concentrations of dopamine in striatum')]",No
"The following bugs are among the worst in history, and have caused many businesses and people to seek some form of insurance just in case.",coling22-mining-health-related-statements_sentence_test_causenet_evaluations.csv,122000,1,[],['caused'],explicit,"[('bugs', 'businesses and people to seek some form of insurance')]",No
"It causes the blood sugar to fall to levels that can cause irritability, confusion, and even seizures.",coling22-mining-health-related-statements_sentence_test_causenet_evaluations.csv,121914,1,[],"['causes', 'cause']",explicit,"[('blood sugar to fall to levels', 'irritability')]",No
The addition of the hyperlink results in the insertion of an <a> tag as the parent of the <g> element that contains the title information and a <rect> element as a sibling to this <g>.,coling22-mining-health-related-statements_sentence_test_causenet_evaluations.csv,122260,1,[],['results in'],explicit,"[('addition of the hyperlink', 'insertion of an < a > tag')]",No
"But the imposition of the Political Zionist programme upon Great Britain set in motion a chain of explosive events leading to the expulsion of the Palestinians from their country, a frightful Palestinian refugee problem, the cynical exploitation of that problem by the Soviet Union, and a Middle East crisis which has resulted in periodic major military explosions between the Arab nations and the Zionist State of Israel.",coling22-mining-health-related-statements_sentence_test_causenet_evaluations.csv,121496,1,[],"['leading to', 'resulted in']",explicit,"[('chain of explosive events', 'expulsion of the palestinians from their country')]",No
"Currently, the primer problem is the salinity of the Colorado River, which results in an annual cost of approximately 330 million dollars (U.S. Department of the Interior, 2001).",coling22-mining-health-related-statements_sentence_test_causenet_evaluations.csv,121723,1,[],['results in'],explicit,"[('salinity of the colorado river', 'annual cost of approximately 330 million dollars')]",No
"Due to the paranoia caused by the assignment, students fail to perform well even on being good in their studies.",coling22-mining-health-related-statements_sentence_test_causenet_evaluations.csv,121592,1,[],"['Due to', 'caused']",explicit,"[('assignment', 'paranoia')]",No
A rib fracture in a child is mainly caused by car accidents.,coling22-mining-health-related-statements_sentence_test_causenet_evaluations.csv,122426,1,[],['caused'],explicit,"[('car accidents', 'rib fracture in a child')]",No
This mild heating is enough to cause the interior of the nitrogen ice to become gas.,coling22-mining-health-related-statements_sentence_test_causenet_evaluations.csv,122016,1,[],['cause'],explicit,"[('mild heating', 'interior of the nitrogen ice to become gas')]",No
Hemoglobin (Hb) released from erythrocytes may cause oxidation of lipids and proteins.,coling22-mining-health-related-statements_sentence_test_causenet_evaluations.csv,121455,1,[],['cause'],explicit,"[('hemoglobin', 'oxidation of lipids')]",No
"In September 2015, McDonnell apologised on Question Time for any offence caused by his remarks on the IRA.",coling22-mining-health-related-statements_sentence_test_causenet_evaluations.csv,121404,1,[],['caused'],explicit,"[('remarks on the ira', 'offence')]",No
"What generally happens is that when the voltage process happens, the low rate of electrical flow causes the silver particles to strip away and ionize correctly.",coling22-mining-health-related-statements_sentence_test_causenet_evaluations.csv,122141,1,[],['causes'],explicit,"[('low rate of electrical flow', 'silver particles')]",No
"The May, 1995 issue of the Townsend Medical Letter reported that cow's milk causes hemoglobin loss.",coling22-mining-health-related-statements_sentence_test_causenet_evaluations.csv,122232,1,[],['causes'],explicit,"[(""cow 's milk"", 'hemoglobin loss')]",No
Management of nematode and insect-borne plant diseases provides detailed descriptions of the management of diseases caused by insect and by plant-parasitic nematodes.,coling22-mining-health-related-statements_sentence_test_causenet_evaluations.csv,122398,1,[],['caused'],explicit,"[('plant-parasitic nematodes', 'diseases')]",No
"In actual browsing, the feeble connection caused problems trying to load pages.",coling22-mining-health-related-statements_sentence_test_causenet_evaluations.csv,122404,1,[],['caused'],explicit,"[('feeble connection', 'problems trying to load pages')]",No
The particular tea contains substances which avoid the output of the bodily hormone which causes woman male pattern hair loss.,coling22-mining-health-related-statements_sentence_test_causenet_evaluations.csv,122137,1,[],['causes'],explicit,"[('output of the bodily hormone', 'woman male pattern hair loss')]",No
"The open architecture and being built upon a robust, highly versatile and enormously popular protocol suite, TCP/IP, resulted in rapid growth and the gradual evolution into the Internet.",coling22-mining-health-related-statements_sentence_test_causenet_evaluations.csv,122170,1,[],['resulted in'],explicit,"[('open architecture', 'gradual evolution into the internet')]",No
"But in 1900 censorship, which put a gag on critiques of bourgeois morality, of the army and the fatherland, caused debate and uproar.",coling22-mining-health-related-statements_sentence_test_causenet_evaluations.csv,121853,1,[],['caused'],explicit,"[('1900 censorship', 'debate')]",No
"Such events may result in an increase in tourists, especially as figures recently released by STR Global revealed positive results across Europe for the hotel industry.",coling22-mining-health-related-statements_sentence_test_causenet_evaluations.csv,121389,1,[],['result in'],explicit,"[('events', 'increase in tourists')]",No
"The second prebasic molt typically results in definitive plumage aspect, although some juvenal and/or formative feathers can be retained through the second cycle.",coling22-mining-health-related-statements_sentence_test_causenet_evaluations.csv,122233,1,[],['results in'],explicit,"[('second prebasic molt', 'definitive plumage aspect')]",No
"In baking, the soda serves as the base, and the dough, when moistened, is acidic enough to cause a bubbly reaction.",coling22-mining-health-related-statements_sentence_test_causenet_evaluations.csv,122389,1,[],['cause'],explicit,"[('dough', 'bubbly reaction')]",No
"* Sometimes any other phone lines running out of the modem, or even hardware on the same line but in another room, can cause noise on the line.",coling22-mining-health-related-statements_sentence_test_causenet_evaluations.csv,121743,1,[],['cause'],explicit,"[('phone lines running out of the modem', 'noise on the line')]",No
"Others may play with your career by giving you plagiarized and low quality custom essays, which can be easily discovered by your teacher, resulting in your disqualification.",coling22-mining-health-related-statements_sentence_test_causenet_evaluations.csv,122333,1,[],['resulting in'],explicit,"[('plagiarized and low quality custom essays', 'disqualification')]",No
Children can cause anxiety and aggression in any dog under the wrong circumstances.,coling22-mining-health-related-statements_sentence_test_causenet_evaluations.csv,122200,1,[],['cause'],explicit,"[('children', 'aggression in any dog under the wrong circumstances')]",No
"In a short time, the moisture will cause the salt to clump into a solid form.",coling22-mining-health-related-statements_sentence_test_causenet_evaluations.csv,121594,1,[],['cause'],explicit,"[('moisture', 'salt to clump into a solid form')]",No
"The stress causes his hand to shake, which affects his hockey performance.",coling22-mining-health-related-statements_sentence_test_causenet_evaluations.csv,122334,1,[],['causes'],explicit,"[('stress', 'hand to shake')]",No
"The CT secreted by these tumors rarely causes hypocalcemia (303), but may possibly induce parathyroid hyperplasia.",coling22-mining-health-related-statements_sentence_test_causenet_evaluations.csv,122309,1,[],['causes'],explicit,"[('ct', 'hypocalcemia')]",No
"His main work focuses on morphological integration, particularly investigating cranial integration among the hominoids, trying to determine if species specific patterns exist, and what evolutionary forces may have caused those differences.",coling22-mining-health-related-statements_sentence_test_causenet_evaluations.csv,122132,1,[],['caused'],explicit,"[('evolutionary forces', 'differences')]",No
"From that day Eddie also stayed after dinner, brought his DVD player and connected it to the TV in the cafeteria, cause the only TV show that could be seen was in Greek.",coling22-mining-health-related-statements_sentence_test_causenet_evaluations.csv,122419,1,[],['cause'],explicit,"[('eddie also stayed after dinner', 'brought his dvd player and connected it to the tv in the cafeteria')]",No
"*Reality check: the ""family"" Courts and their related gender bias are the prime cause of ""child poverty"" and the outfits decrying same merely want an even richer deal for ""poor single moms"".",coling22-mining-health-related-statements_sentence_test_causenet_evaluations.csv,121877,1,[],['cause'],explicit,"[('related gender bias', 'child poverty')]",No
"During the late Middle Ages, copper smelting and more efficient production of calamine (a zinc sulfate used in making brass), combined with hydraulic hammers and various processing technologies, resulted in the manufacture of stronger and smoother sheet metal of consistent quality and thickness.",coling22-mining-health-related-statements_sentence_test_causenet_evaluations.csv,121974,1,[],['resulted in'],explicit,"[('copper smelting', 'manufacture of stronger and smoother sheet metal of consistent quality')]",No
"Coincidentally, her show in Israel was held on the same day as the Labor Party's primary election, which caused the election to be moved the next day due to an insufficient amount of security and traffic congestion from Spears' concert.",coling22-mining-health-related-statements_sentence_test_causenet_evaluations.csv,121999,1,[],"['caused', 'due to']",explicit,"[(""labor party 's primary election"", 'election to be moved the next day')]",No
"Covey claims that Quadrant I time management results in stress, burnout, crisis management; Quadrant III, short-term focus, crisis management, feeling out of control, shallow or broken relationships; and Quadrant III and IV, total irresponsibility, fired from jobs, overdependent on others.",coling22-mining-health-related-statements_sentence_test_causenet_evaluations.csv,122411,1,['claims'],['results in'],explicit,"[('quadrant i time management', 'quadrant iii')]",No
The diversity of SO4-sources is mainly caused by the disagreement on depositional loss of precursor gases and on chemical production.,coling22-mining-health-related-statements_sentence_test_causenet_evaluations.csv,121457,1,[],['caused'],explicit,"[('disagreement on depositional loss of precursor gases', 'diversity of so4-sources')]",No
"These new services have the potential to affect the traditional flows of gas through Ontario, and could even result in US gas flowing into Ontario through traditional export points such as Niagara Falls and Iroquois.",coling22-mining-health-related-statements_sentence_test_causenet_evaluations.csv,122311,1,[],['result in'],explicit,"[('new services', 'us gas flowing into ontario through traditional export points')]",No
"This assists the victim to cough up phlegm, which causes stuffy nose and lungs and associated headaches.",coling22-mining-health-related-statements_sentence_test_causenet_evaluations.csv,121837,1,[],['causes'],explicit,"[('cough up phlegm', 'lungs')]",No
"Augmentin is used in the treatment nus, skin, and zithromax allergy urinary tract infections that are caused by certain specific batrim - Bactrim zithromax allergy , an antibacterial combination drug, is prescribed for the treatact infections zithromax allergy , severe middle ear infections in children, long-lasting or freq",coling22-mining-health-related-statements_sentence_test_causenet_evaluations.csv,121804,1,[],['caused'],explicit,"[('specific batrim - bactrim zithromax allergy', 'zithromax allergy urinary tract infections')]",No
"Recent evidence also suggests that persistent poor sleep, left untreated, may even cause more serious conditions.""",coling22-mining-health-related-statements_sentence_test_causenet_evaluations.csv,121589,1,[],['cause'],explicit,"[('persistent poor sleep', 'serious conditions')]",No
"A less approved cause of angina pectoris is dynamic obstruction, which can be caused by an intense spasm of a segment of an epicardial artery (Prinzmetal) .",coling22-mining-health-related-statements_sentence_test_causenet_evaluations.csv,121839,1,[],"['cause', 'caused']",explicit,"[('intense spasm', 'dynamic obstruction')]",No
"Occasionally, the vagabond sod webworm, Agriphila vulgivagella (Clemens), adults will emerge in large numbers in September that causes considerable alarm.",coling22-mining-health-related-statements_sentence_test_causenet_evaluations.csv,121802,1,[],['causes'],explicit,"[('vagabond sod webworm', 'considerable alarm')]",No
"In the first instance, government is prohibiting the distribution of obscenity because obscenity undermines morality, which leads to promiscuity, abortions, single-parent families, adultery and more single-parent families, sexually transmitted diseases, sexual abuse of children, and rape.",coling22-mining-health-related-statements_sentence_test_causenet_evaluations.csv,121733,1,[],"['because', 'leads to']",explicit,"[('obscenity undermines morality', 'sexually transmitted diseases')]",No
"The most common causes of maternal deaths were hypertension, obstetric haemorrhage, pregnancy-related sepsis, and pre-existing maternal diseases.",coling22-mining-health-related-statements_sentence_test_causenet_evaluations.csv,122038,1,[],['causes'],explicit,"[('hypertension', 'maternal deaths')]",No
"Then with changes in what could be portrayed on screen and how it could be portrayed, Fr Bernard had to face a controversy concerning the OCIC prize at the Venice Film Festival in 1968, which resulted in discussions with Church authorities and the Vatican.",coling22-mining-health-related-statements_sentence_test_causenet_evaluations.csv,121603,1,[],['resulted in'],explicit,"[('controversy', 'discussions with church authorities')]",No
"Not satisfied with simply warning of human-induced killer heat waves - events in Europe this past year were ""like a nature hike through the Book of Revelations,"" he says - he then uses high-tech special effects to show how human-caused climate changes are causing more hurricanes, tornadoes, droughts, floods, infectious diseases, insect plagues, glacial retreats, coral die-outs and the flooding of small island nations due to sea level rise caused by the melting of the polar caps.",coling22-mining-health-related-statements_sentence_test_causenet_evaluations.csv,121992,1,[],"['caused', 'due to', 'caused']",explicit,"[('human-caused climate changes', 'flooding of small island nations')]",No
Tobacco prevention and control - Tobacco use continues to be NY's number one cause of preventable disease and death.,coling22-mining-health-related-statements_sentence_test_causenet_evaluations.csv,122035,1,[],['cause'],explicit,"[('tobacco prevention', 'preventable disease')]",No
"Certain medications can cause a depressive state, as can the misuse of alcohol and other drugs.",coling22-mining-health-related-statements_sentence_test_causenet_evaluations.csv,121600,1,[],['cause'],explicit,"[('medications', 'depressive state')]",No
"Causes for failure of bicycle gearing include: worn teeth, damage caused by a faulty chain, damage due to thermal expansion, broken teeth due to excessive pedaling force, interference by foreign objects, and loss of lubrication due to negligence.",coling22-mining-health-related-statements_sentence_test_causenet_evaluations.csv,122372,1,[],"['Causes', 'caused', 'due to', 'due to', 'due to']",explicit,"[('excessive pedaling force', 'broken teeth')]",No
"Heart disease is caused by a holistically poor diet, and in particular a lack of steady Vitamin C intake (i.e. fruits and vegetables) necessary for the production of collagen which is critical for vascular elasticity and health, as well as healthy skin, joints, you name it.",coling22-mining-health-related-statements_sentence_test_causenet_evaluations.csv,121844,1,[],['caused'],explicit,"[('holistically poor diet', 'heart disease')]",No
The nervous system releases adenosine in order to inhibit excitatory neurotransmitter release and thereby inhibit the rhythmic nerve firing that causes convulsions.,coling22-mining-health-related-statements_sentence_test_causenet_evaluations.csv,121759,1,[],['causes'],explicit,"[('rhythmic nerve firing', 'convulsions')]",No
"We are looking forward to this merge of Rails and Merb for better performance and keeping the best of both frameworks, and a rigorous API which will definitely result in reliable results and lower amount of patching.",coling22-mining-health-related-statements_sentence_test_causenet_evaluations.csv,121678,1,[],['result in'],explicit,"[('rigorous api', 'reliable results')]",No
"This tension will ultimately result in personal dissatisfaction and demotivation with that aspect of the work, even though the person may be good at it.",coling22-mining-health-related-statements_sentence_test_causenet_evaluations.csv,122231,1,[],['result in'],explicit,"[('tension', 'demotivation with that aspect of the work')]",No
The genetic deafness seen in Dalmatians is caused by loss of blood supply to the cochlea and degeneration of the hair cells of the organ of Corti.,coling22-mining-health-related-statements_sentence_test_causenet_evaluations.csv,121498,1,[],['caused'],explicit,"[('loss of blood supply', 'genetic deafness')]",No
Most contamination is caused by contact with faeces.,coling22-mining-health-related-statements_sentence_test_causenet_evaluations.csv,122036,1,[],['caused'],explicit,"[('contact with faeces', 'contamination')]",No
"Given this high degree of co-occurrence, any attempt to calculate a single child maltreatment prevalence rate by simply adding together the prevalence figures of the individual sub-types will result in over-estimation.",coling22-mining-health-related-statements_sentence_test_causenet_evaluations.csv,122012,1,[],['result in'],explicit,"[('prevalence figures of the individual sub-types', 'over-estimation')]",No
PAR causes translocation of apoptosis-inducing factor (AIF) from the mitochondria to the nucleus where it induces DNA fragmentation and ultimately cell death.,coling22-mining-health-related-statements_sentence_test_causenet_evaluations.csv,121564,1,[],['causes'],explicit,"[('par', 'translocation of apoptosis-inducing factor')]",No
"Soft errors are caused by charged particles or radiation, and are transient.",coling22-mining-health-related-statements_sentence_test_causenet_evaluations.csv,121511,1,[],['caused'],explicit,"[('charged particles', 'soft errors')]",No
All opioids can cause physical dependence.,coling22-mining-health-related-statements_sentence_test_causenet_evaluations.csv,121438,1,[],['cause'],explicit,"[('opioids', 'physical dependence')]",No
The continuing harm caused by tobacco use in the United States and abroad necessitates that tobacco policy research remain front and center.,coling22-mining-health-related-statements_sentence_test_causenet_evaluations.csv,121468,1,[],['caused'],explicit,"[('tobacco use', 'continuing harm')]",No
"Use of CTD measurement for determination of sound velocity is appealing because these instruments are simpler and more rugged, and because their resolution, accuracy, and stability lead to far better precision than can be obtained with direct SV measuring devices.",coling22-mining-health-related-statements_sentence_test_causenet_evaluations.csv,121601,1,[],"['because', 'because', 'lead to']",explicit,"[('accuracy', 'far better precision')]",No
Another function is that it provides cooler air for the engine to prevent mechanical inequity that causes its over heating.,coling22-mining-health-related-statements_sentence_test_causenet_evaluations.csv,121896,1,[],['causes'],explicit,"[('mechanical inequity', 'over heating')]",No
"Today new technologies, new curricula, more information, shrinking budgets, and a broader perspective on the global community have caused a change in thinking toward library media centers.",coling22-mining-health-related-statements_sentence_test_causenet_evaluations.csv,121980,1,[],['caused'],explicit,"[('shrinking budgets', 'change in thinking toward library media centers')]",No
"Unauthorized visitors can steal intellectual property, become injured in hazardous manufacturing areas or cause harm to our employees.",coling22-mining-health-related-statements_sentence_test_causenet_evaluations.csv,122101,1,[],['cause'],explicit,"[('unauthorized visitors can steal intellectual property', 'harm to our employees')]",No
It could mean that there was a malfunction in the house which caused a short and the main breaker prevented the house from catching on fire.,coling22-mining-health-related-statements_sentence_test_causenet_evaluations.csv,122083,1,[],['caused'],explicit,"[('malfunction in the house', 'short and the main breaker')]",No
Exposure of HMC-1.1 cells or HMC-1.2 cells to MCL-1-specific antisense oligonucleotides (ASOs) or MCL-1-specific siRNA resulted in reduced survival and increased apoptosis compared with untreated cells.,coling22-mining-health-related-statements_sentence_test_causenet_evaluations.csv,122380,1,[],['resulted in'],explicit,"[('exposure of hmc-1.1 cells', 'increased apoptosis')]",No
"Further, in our work we continuously encounter situations where the absence of readily available information, or its proper processing, resulted in the destruction of vast amounts of shareholder value.",coling22-mining-health-related-statements_sentence_test_causenet_evaluations.csv,122059,1,[],['resulted in'],explicit,"[('absence of readily available information', 'destruction of vast amounts of shareholder value')]",No
"In addition, fragrance oils are synthetically made and may cause an allergic reaction in some people.",coling22-mining-health-related-statements_sentence_test_causenet_evaluations.csv,122142,1,[],['cause'],explicit,"[('fragrance oils', 'allergic reaction')]",No
"All this neural activity ultimately results in a behavioral response, such as walking over to the refrigerator to get the milk bottle out so as to give the cat a snack.",coling22-mining-health-related-statements_sentence_test_causenet_evaluations.csv,121818,1,[],['results in'],explicit,"[('neural activity', 'behavioral response')]",No
Many Las Vegas consumers have been struck with gambling debts that have caused their credit card debts to reach or exceed their limits.,coling22-mining-health-related-statements_sentence_test_causenet_evaluations.csv,121620,1,[],['caused'],explicit,"[('las vegas consumers have been struck with gambling debts', 'credit card debts to reach or exceed their limits')]",No
"Rodenhouse (1992) constructed a detailed simulation model for black-throated blue warbler (Dendroica caerulescens) annual production in northeastern U.S. hardwood forests, by which he then predicted possible changes in production caused by varying temperature and precipitation.",coling22-mining-health-related-statements_sentence_test_causenet_evaluations.csv,122221,1,[],['caused'],explicit,"[('precipitation', 'changes in production')]",No
"Version: 0.9.0 Release date: 17-Feb-2008 Description: Another pre-1.0 release Bug fixes: * JavaTypeMapper and JsonTypeMapper had a bug which resulted in NullPointerException when stream ends, instead of returning null to indicate it.",coling22-mining-health-related-statements_sentence_test_causenet_evaluations.csv,121834,1,[],['resulted in'],explicit,"[('bug', 'nullpointerexception when stream ends')]",No
"Although the time required for seroconversion may be slightly underestimated (because of the estimation using intravenous inoculation rather than that through oral routes), this underestimation would only result in slight underestimation of the force of infection, and thus, the above qualitative discussion of the results and their implications is still valid.",coling22-mining-health-related-statements_sentence_test_causenet_evaluations.csv,122081,1,[],"['because', 'result in', 'thus']",explicit,"[('underestimation', 'slight underestimation of the force of infection')]",No
China uranium mining company causes unrest in Niger: The sun-wizened Tuareg women of Azalik have declared war on China.,coling22-mining-health-related-statements_sentence_test_causenet_evaluations.csv,121640,1,[],['causes'],explicit,"[('china uranium mining company', 'unrest in niger')]",No
"In addition, HP-nGGT caused an increase in the level of 8-OH-dG, indicative of oxidative DNA damage.",coling22-mining-health-related-statements_sentence_test_causenet_evaluations.csv,122046,1,[],['caused'],explicit,"[('hp-nggt', 'increase in the level of 8-oh-dg')]",No
"When we are presented with a collection of uniformly framed paintings from different periods, the distraction and disjunctions caused by the frames tend to alter the viewing experience negatively.",coling22-mining-health-related-statements_sentence_test_causenet_evaluations.csv,121983,1,[],['caused'],explicit,"[('frames', 'distraction')]",No
Simulations with various brain sizes indicated that the increased risk of Subdural Hematoma (SDH) in elderly people may to a part be explained by the reduced brain size resulting in a larger relative motion between the skull and the brain with distension of bridging veins.,coling22-mining-health-related-statements_sentence_test_causenet_evaluations.csv,122138,1,[],['resulting in'],explicit,"[('reduced brain size', 'larger relative motion')]",No
"Many times, anger, mistrust, and other powerful negative emotions cause serious problems and these emotions can lead to physical confrontations.",coling22-mining-health-related-statements_sentence_test_causenet_evaluations.csv,122206,1,[],"['cause', 'lead to']",explicit,"[('serious problems', 'physical confrontations')]",No
"In 1993, he was diagnosed as suffering from nephritic syndrome, a rare kidney complaint which causes the organ to leak proteins.",coling22-mining-health-related-statements_sentence_test_causenet_evaluations.csv,121668,1,[],['causes'],explicit,"[('rare kidney complaint', 'organ to leak proteins')]",No
The Gallatin County Tobacco Use Prevention Program is a community based program that is addressing the public health crisis caused by the use of all forms of commercial tobacco products.,coling22-mining-health-related-statements_sentence_test_causenet_evaluations.csv,121973,1,[],['caused'],explicit,"[('use of all forms of commercial tobacco products', 'public health crisis')]",No
"The complementary elections of March and April 1850 resulted in an unexpected victory for the republicans which alarmed the conservative leaders, Thiers, Berryer and Montalembert.",coling22-mining-health-related-statements_sentence_test_causenet_evaluations.csv,121458,1,[],['resulted in'],explicit,"[('complementary elections of march and april 1850', 'unexpected victory for the republicans')]",No
"More accurate diagnosis, including both improved sensitivity and specificity, should result in better patient outcomes.""",coling22-mining-health-related-statements_sentence_test_causenet_evaluations.csv,121874,1,[],['result in'],explicit,"[('accurate diagnosis', 'better patient outcomes')]",No
"Altogether, the highly politicised context contributed to unstable and inconsistent legislative practices resulting in uncertainty and discriminatory treatment for many investors which are still perceived to be part of the Russian investment climate to this very day.",coling22-mining-health-related-statements_sentence_test_causenet_evaluations.csv,121664,1,[],['resulting in'],explicit,"[('highly politicised context', 'unstable and inconsistent legislative practices')]",No
"Otherwise, a double tap will cause a press (IE_Pressed) of the DoubleTapInputKey on the touch event, a repeat (IE_Repeat) of the DoubleTapInputKey on each update event, and a release)IE_Release) of the DoubleTapInputKey on the untouch or canceled event.",coling22-mining-health-related-statements_sentence_test_causenet_evaluations.csv,122118,1,[],['cause'],explicit,"[('double tap', 'press')]",No
"The game grants the player freedom to move around the convoy at will, but collision with any part of the fleet results in the loss of a life.",coling22-mining-health-related-statements_sentence_test_causenet_evaluations.csv,121606,1,[],['results in'],explicit,"[('collision with any part of the fleet', 'loss of a life')]",No
spirituality caused the negative reaction of Yochum which inspired the fatal argument between the coworkers.,coling22-mining-health-related-statements_sentence_test_causenet_evaluations.csv,121671,1,[],['caused'],explicit,"[('spirituality', 'negative reaction of yochum')]",No
His only one-person exhibition caused a scandal because of his depiction of female public hair (and he is great at this).,coling22-mining-health-related-statements_sentence_test_causenet_evaluations.csv,122207,1,[],"['caused', 'because']",explicit,"[('one-person exhibition', 'scandal')]",No
Failure to name the correct inventors can result in invalidation of the patent.,coling22-mining-health-related-statements_sentence_test_causenet_evaluations.csv,122122,1,[],['result in'],explicit,"[('failure to name the correct inventors', 'invalidation of the patent')]",No
"Our industry specialization results in quicker implementation timeframes, easier ongoing maintenance and upgrades, lower total cost of ownership, and faster returns on investment for you.",coling22-mining-health-related-statements_sentence_test_causenet_evaluations.csv,121907,1,[],['results in'],explicit,"[('industry specialization', 'quicker implementation timeframes')]",No
"Popcorn popped with the Presto Hot Air Popper Orville, for example, will result in up to 18 cups of a healthy, fat-free snack that is finished in about two-and-a-half minutes with hardly any unpopped kernels.",coling22-mining-health-related-statements_sentence_test_causenet_evaluations.csv,121528,1,[],['result in'],explicit,"[('popcorn popped', '18 cups of a healthy , fat-free snack')]",No
Buyer further understands that failure to pay invoices within approved payment terms may result in further shipments being suspended and its account being placed on credit hold.,coling22-mining-health-related-statements_sentence_test_causenet_evaluations.csv,122093,1,[],['result in'],explicit,"[('failure to pay invoices within approved payment terms', 'further shipments being suspended')]",No
"Likewise, other emotions can easily be stirred by lyric-free melodies and rhythms resulting in joy, happiness, excitement, anger, bitterness, depression and rage.",coling22-mining-health-related-statements_sentence_test_causenet_evaluations.csv,121625,1,[],['resulting in'],explicit,"[('lyric-free melodies', 'bitterness')]",No
The sewage canal built by the municipality had cut this bridge into two in the middle and caused the destruction of an area 1.5 m. wide.,coling22-mining-health-related-statements_sentence_test_causenet_evaluations.csv,121631,1,[],['caused'],explicit,"[('sewage canal', 'destruction of')]",No
"They were part of a mid-19th century diaspora, caused by the rise of the Zulu empire or by populations pressure from those escaping slave raiders in coastal areas, depending on which articles you read.",coling22-mining-health-related-statements_sentence_test_causenet_evaluations.csv,122092,1,[],['caused'],explicit,"[('populations pressure', 'mid-19th century diaspora')]",No
Lots of work has to be done with care and dedication and even a slight mistake can cause a huge loss.,coling22-mining-health-related-statements_sentence_test_causenet_evaluations.csv,122096,1,[],['cause'],explicit,"[('slight mistake', 'huge loss')]",No
The subsequent discussions at the prime ministerial level resulted in a wide-ranging set of decisions of crucial significance for intensifying Indo-Nepal cooperation for mutual benefit.,coling22-mining-health-related-statements_sentence_test_causenet_evaluations.csv,121427,1,[],['resulted in'],explicit,"[('discussions at the prime ministerial level', 'wide-ranging set of decisions of crucial significance')]",No
Hormonal balance alteration including changes in luteinizing protein can also result in some birds exposed to petroleum.,coling22-mining-health-related-statements_sentence_test_causenet_evaluations.csv,121777,1,[],['result in'],explicit,"[('hormonal balance alteration', 'birds exposed to petroleum')]",No
Science has shown us that this severe confinement shortens their natural lifespan and causes painful diseases and conditions only found in captive elephants.,coling22-mining-health-related-statements_sentence_test_causenet_evaluations.csv,121959,1,[],['causes'],explicit,"[('severe confinement shortens their natural lifespan', 'painful diseases')]",No
The input current draw of the EEC would cause the voltage drop across the resistor and therefore the LC-1 ground and the EEC ground would have an offset.,coling22-mining-health-related-statements_sentence_test_causenet_evaluations.csv,122252,1,[],"['cause', 'therefore']",explicit,"[('input current draw of the eec', 'voltage drop across the resistor')]",No
"* Each civil or criminal proceeding, or any administrative proceeding, in connection with the award or performance of a federal contract or grant that results in: (1) a criminal conviction; (2) a finding of fault and liability in a civil proceeding that results in the payment of a monetary fine, penalty, reimbursement, restitution, or damages of $5,000 or more; (3) a finding of fault and liability in an administrative proceeding that results in the payment of a monetary fine or penalty of $5,000 or more, or the payment of a reimbursement, restitution, or damages in excess of $100,000; and (4) a disposition of the matter in a criminal, civil, or administrative proceeding by consent or compromise with an acknowledgment of fault by the contractor if the proceeding could have led to any of the outcomes above.",coling22-mining-health-related-statements_sentence_test_causenet_evaluations.csv,122412,1,[],"['results in', 'results in', 'results in', 'led to']",explicit,"[('civil or criminal proceeding', 'criminal conviction')]",No
"This led to a tightening of corporate travel policies, which in turn resulted in a reduction in business travel demand and a decrease in the percentage of full-fare purchases.",coling22-mining-health-related-statements_sentence_test_causenet_evaluations.csv,121569,1,[],"['led to', 'resulted in']",explicit,"[('tightening of corporate travel policies', 'decrease in the percentage of full-fare purchases')]",No
Promises including these kind of ended up clearly using the In german functioning institution generally caused by state's differently abled economy||| commonplace firm pitfalls along with large staying needing work a result of your actually wonderful Significant depressive disorder involving 1929.,coling22-mining-health-related-statements_sentence_test_causenet_evaluations.csv,121756,1,[],['caused'],explicit,"[(""state 's differently abled economy"", 'kind of ended up clearly using the in german functioning institution')]",No
"None of the eternal reorganisation of councils, health services, police has achieved sufficient in improvements to justify the chaos and waste that the reorganisations caused.",coling22-mining-health-related-statements_sentence_test_causenet_evaluations.csv,122238,1,[],['caused'],explicit,"[('reorganisations', 'chaos')]",No
"An overloaded server may cause server time to fall behind the client, in which case the server will think everyone is cheating.",coling22-mining-health-related-statements_sentence_test_causenet_evaluations.csv,121492,1,[],['cause'],explicit,"[('overloaded server', 'server time')]",No
False information or lack of information might be on big cause of people's instinctive fear towards something new that they don't know.,coling22-mining-health-related-statements_sentence_test_causenet_evaluations.csv,121787,1,[],['cause'],explicit,"[('false information', ""people 's instinctive fear towards something new"")]",No
The last wicked triplet has caused some riders to dismount and to refuse to ever ride again.,coling22-mining-health-related-statements_sentence_test_causenet_evaluations.csv,121916,1,[],['caused'],explicit,"[('wicked triplet', 'riders to dismount')]",No
"In addition to these substances, lactic acid bacteria may produce metabolites such as H202, organic acids other than lactic acid or ethanol, that may cause growth inhibition.",coling22-mining-health-related-statements_sentence_test_causenet_evaluations.csv,122242,1,[],['cause'],explicit,"[('h202', 'growth inhibition')]",No
"The change in the course of the river, which resulted in Lop Nur drying up, was also suggested by Hedin as the reason why ancient settlements such as Loulan had perished.",coling22-mining-health-related-statements_sentence_test_causenet_evaluations.csv,121541,1,[],['resulted in'],explicit,"[('change in the course of the river', 'lop nur drying up')]",No
GDV is the second leading cause of death in large-breed (50 - 99 pounds) and giant-breed (100 pounds and over) dogs.,coling22-mining-health-related-statements_sentence_test_causenet_evaluations.csv,122095,1,[],['cause'],explicit,"[('gdv', 'death in large-breed')]",No
"%) and his decision making (19 TD, but 10 INT) that has caused head coach Dave Clawson and his offensive staff headaches at times this season.",coling22-mining-health-related-statements_sentence_test_causenet_evaluations.csv,122089,1,[],['caused'],explicit,"[('decision making', 'offensive staff headaches')]",No
"The gas inhibits the growth of bacteria, yeasts and molds that can cause such foods to spoil; minimizes curdling; and displaces oxygen, which also contributes to spoilage.",coling22-mining-health-related-statements_sentence_test_causenet_evaluations.csv,121429,1,[],['cause'],explicit,"[('yeasts', 'foods to spoil')]",No
"The people over at Natural News say that while a few deaths (34/10years), although tragic, have been caused by the faulty engineering of Toyota, the pharmaceuticals approved by the FDA kill 270 people/day.",coling22-mining-health-related-statements_sentence_test_causenet_evaluations.csv,121428,1,[],['caused'],explicit,"[('faulty engineering of toyota', 'deaths')]",No
Various vascular problems including retinal hemorrhages or diabetic retinopathy can result in the sudden appearance of multiple floaters.,coling22-mining-health-related-statements_sentence_test_causenet_evaluations.csv,122286,1,[],['result in'],explicit,"[('various vascular problems', 'sudden appearance of multiple floaters')]",No
The volcano caused significant damage and flooding at the terminal nearly 20 years ago.,coling22-mining-health-related-statements_sentence_test_causenet_evaluations.csv,121544,1,[],['caused'],explicit,"[('volcano', 'significant damage')]",No
"The storyline follows an investigative team as they try to solve the mystery behind a purported ""cursed video"" which has caused its own significant mayhem.",coling22-mining-health-related-statements_sentence_test_causenet_evaluations.csv,122045,1,[],['caused'],explicit,"[('purported `` cursed video', 'own significant mayhem')]",No
"He made the following statement at an industry agronomic training session in December, ""I am convinced that we are seeing more diseases in soybean because of lowered soil nutrient status caused by higher yields and soil mining.""",coling22-mining-health-related-statements_sentence_test_causenet_evaluations.csv,122161,1,[],"['because', 'caused']",explicit,"[('soil mining', 'lowered soil nutrient status')]",No
"The SJC flyer which caused the MIT police such consternation criticized the NIH funding of a ""bioweapons lab that will bring pathogens like Ebola, smallpox, and anthrax into a densely populated Boston neighborhood.",coling22-mining-health-related-statements_sentence_test_causenet_evaluations.csv,122223,1,[],['caused'],explicit,"[('sjc flyer', 'mit police')]",No
"Acid rain, caused by nitrogen oxide and sulfur dioxide released into the air from power plants and other sources, pollutes park streams and reduces the acid-neutralizing capacity of sensitive watersheds.",coling22-mining-health-related-statements_sentence_test_causenet_evaluations.csv,121929,1,[],['caused'],explicit,"[('sulfur dioxide released into the air from power plants', 'acid rain')]",No
"Continued removal of the creek channel alluvium exposed at the bank toe from storm flows may cause continued bank sloughing during, and after, large storm events.""",coling22-mining-health-related-statements_sentence_test_causenet_evaluations.csv,121553,1,[],['cause'],explicit,"[('continued removal of the creek channel alluvium', 'continued bank sloughing')]",No
"An infection happens when germs (bacteria and viruses) enter the body and cause irritation, pain, and general discomfort.",coling22-mining-health-related-statements_sentence_test_causenet_evaluations.csv,121533,1,[],['cause'],explicit,"[('germs', 'irritation')]",No
"On the other hand, we've got one of the most frustrating companies of all, Microsoft, entering a product in the security software field, which has caused some security software vendors to squawk, cluck and mutter about pesky predatory monopolies.",coling22-mining-health-related-statements_sentence_test_causenet_evaluations.csv,121662,1,[],['caused'],explicit,"[('entering a product in the security software field', 'security software vendors to squawk')]",No
This puts the correct charge back into the cells and breaks up the congestion caused by clusters of water and pooled protein wastes.,coling22-mining-health-related-statements_sentence_test_causenet_evaluations.csv,121923,1,[],['caused'],explicit,"[('clusters of water', 'congestion')]",No
"The interpretation, however, which maintains that destruction layers or the mass abandonment of settlements were caused by seismic or climatic catastrophes, has been disputed due to the ambiguity of the stratigraphical record.",coling22-mining-health-related-statements_sentence_test_causenet_evaluations.csv,121937,1,[],"['caused', 'due to']",explicit,"[('seismic or climatic catastrophes', 'destruction layers')]",No
"FH, the most common endocrine disorder in cats, causes rapid weight loss due to increased concentrations of thyroxine.",coling22-mining-health-related-statements_sentence_test_causenet_evaluations.csv,121442,1,[],"['causes', 'due to']",explicit,"[('fh', 'rapid weight loss')]",No
A global spacetime DG FEM is used to obtain a scheme without the parabolic time-step restriction caused by the presence of the diffusion term in the RE.,coling22-mining-health-related-statements_sentence_test_causenet_evaluations.csv,122087,1,[],['caused'],explicit,"[('presence of the diffusion term in the re', 'parabolic time-step restriction')]",No
"Second, EMP can cause this increase to occur nearly simultaneously over a large area, about one million square kilometers for a high-altitude burst.",coling22-mining-health-related-statements_sentence_test_causenet_evaluations.csv,121810,1,[],['cause'],explicit,"[('emp', 'increase')]",No
"If you have any publicized insights about this drug abruptly, ATIVAN could cause psychological and/or physical dependence.",coling22-mining-health-related-statements_sentence_test_causenet_evaluations.csv,121754,1,[],['cause'],explicit,"[('ativan', 'psychological and/or physical dependence')]",No
"Coupon goyard handbags 20836 As a result of small-scale openings to help you sizeable goyard tote bags white hunting sacks, Goyard plastic bags include quite a few versions and even sizes and shapes.",coling22-mining-health-related-statements_sentence_test_causenet_evaluations.csv,121418,1,[],['As a result'],explicit,"[('small-scale openings', 'coupon goyard handbags 20836')]",No
"A crystallographic superstructure caused by Pd and Si ordering is observed, which is closely related to a generic magnetic structure observed in finite magnetic fields from earlier studies.",coling22-mining-health-related-statements_sentence_test_causenet_evaluations.csv,121388,1,[],['caused'],explicit,"[('si ordering', 'crystallographic superstructure')]",No
"VILLA MASSA Limoncello is produced using the cold infusion technique, which results in a more fragrant liqueur.",coling22-mining-health-related-statements_sentence_test_causenet_evaluations.csv,122371,1,[],['results in'],explicit,"[('cold infusion technique', 'more fragrant liqueur')]",No
Even a slight overdose of Skelaxin may cause serious repercussions on your body.,coling22-mining-health-related-statements_sentence_test_causenet_evaluations.csv,122165,1,[],['cause'],explicit,"[('slight overdose of skelaxin', 'serious repercussions on your body')]",No
"recognizers In fact settelments various online debt consolidate ne organizations call Chisholm for high ky fees, which may springfield be cloaked, annoyance or also stirred urge consumers Bates to make `voluntary` offerings spring that can cause more fairfield calif debt.",coling22-mining-health-related-statements_sentence_test_causenet_evaluations.csv,122195,1,[],['cause'],explicit,"[('voluntary ` offerings spring', 'fairfield calif debt')]",No
Medications that reduce inflammation or a chronic condition; it is caused by arthritis due to thick phlegm.,coling22-mining-health-related-statements_sentence_test_causenet_evaluations.csv,122267,1,[],"['caused', 'due to']",explicit,"[('thick phlegm', 'arthritis')]",No
"Inflammation of urethra, often caused by infection transmitted during sexual intercourse; symptoms are a burning sensation when urinating or ejaculating, and a thick yellowish discharge from tip of penis.",coling22-mining-health-related-statements_sentence_test_causenet_evaluations.csv,122139,1,[],['caused'],explicit,"[('infection', 'inflammation of urethra')]",No
Heavy concentration will also tend to cause your body to become tense and give unwanted signals to your horse as well as make it almost impossible to stay balanced.,coling22-mining-health-related-statements_sentence_test_causenet_evaluations.csv,121400,1,[],['cause'],explicit,"[('heavy concentration', 'body to become tense')]",No
Dryness of the soul is also caused by physical or mental fatigue.,coling22-mining-health-related-statements_sentence_test_causenet_evaluations.csv,121975,1,[],['caused'],explicit,"[('physical or mental fatigue', 'dryness of the soul')]",No
Safety and cost seem to be irreversibly linked but it is inefficiency caused by the lack of a real long term plan that is even more expensive.,coling22-mining-health-related-statements_sentence_test_causenet_evaluations.csv,122236,1,[],['caused'],explicit,"[('lack of a real long term plan', 'inefficiency')]",No
Exposure to the sodium-free buffer resulted in inhibition of the Na+/K+-pump and depletion of intracellular potassium in both cell lines (*** indicates p<0.001).,coling22-mining-health-related-statements_sentence_test_causenet_evaluations.csv,122005,1,[],['resulted in'],explicit,"[('exposure to the sodium-free buffer', 'inhibition of the na + / k + - pump')]",No
"Research indicates that magnesium deficiency can cause a depletion of dopamine levels in the brain, alter the adrenal cortex, elevate aldosterone levels and increase extracellular fluids.",coling22-mining-health-related-statements_sentence_test_causenet_evaluations.csv,122397,1,[],['cause'],explicit,"[('magnesium deficiency', 'depletion of dopamine levels in the brain')]",No
"December saw an amber warning situation resulting from saturated ground conditions, with forecasts of more heavy rainfall and multiple reports of slope instability resulting in likely disruption to infrastructure and people.",coling22-mining-health-related-statements_sentence_test_causenet_evaluations.csv,122024,1,[],['resulting in'],explicit,"[('saturated ground conditions', 'amber warning situation')]",No
"One element of the Western critique of Turkish foreign policy, he noted, is ""Euro-centrism in world politics,"" resulting in the lack of recognition of rising non-Western powers. """,coling22-mining-health-related-statements_sentence_test_causenet_evaluations.csv,122202,1,[],['resulting in'],explicit,"[('euro-centrism in world politics', 'lack of recognition of rising non-western powers')]",No
The debate about human embryonic stem cell research is a distraction that causes too many people to think about biomedical research in politically partisan terms.,coling22-mining-health-related-statements_sentence_test_causenet_evaluations.csv,121823,1,[],['causes'],explicit,"[('distraction', 'people to think about biomedical research in politically partisan terms')]",No
It is best that you can apply the loan when you are in need but the high interest can cause hardness on your behalf and your family.,coling22-mining-health-related-statements_sentence_test_causenet_evaluations.csv,122117,1,[],['cause'],explicit,"[('high interest', 'hardness on your behalf')]",No
"When I think of an underdog, it makes me think of our inordinate and inexplicable faith that an obviously losing battle will actually result in victory.",coling22-mining-health-related-statements_sentence_test_causenet_evaluations.csv,121709,1,[],['result in'],explicit,"[('obviously losing battle', 'victory')]",No
"The main cause of aging is exposure to high temperatures and contact with air that leads to oxidation, decomposition, polymerization and condensation of hydrocarbons.",coling22-mining-health-related-statements_sentence_test_causenet_evaluations.csv,122008,1,[],"['cause', 'leads to']",explicit,"[('contact with air', 'condensation of hydrocarbons')]",No
"Objective: Total dehydration of acid-etched dentin is known to cause the collapse of collagen fiber, which leads to poor hybridization.",coling22-mining-health-related-statements_sentence_test_causenet_evaluations.csv,121591,1,[],"['cause', 'leads to']",explicit,"[('collapse of collagen fiber', 'poor hybridization')]",No
"But even there they continued to hunt down and beat members of rival fan groups, which caused a scandal.",coling22-mining-health-related-statements_sentence_test_causenet_evaluations.csv,121938,1,[],['caused'],explicit,"[('continued to hunt down and beat members of rival fan groups', 'scandal')]",No
A malformed request to port 1682/tcp is known to cause denial of service attacks.,coling22-mining-health-related-statements_sentence_test_causenet_evaluations.csv,121636,1,[],['cause'],explicit,"[('malformed request to port 1682/tcp', 'denial of service attacks')]",No
"Complete alternation would result in the extremes, the incomplete condition in the intermediate states.",coling22-mining-health-related-statements_sentence_test_causenet_evaluations.csv,122278,1,[],['result in'],explicit,"[('complete alternation', 'extremes')]",No
"Sedentary, the body's weight will focus more on the pressure in the lumbosacral, this uneven distribution of pressure easily cause back strain and muscle pain, a prolonged period, can even be caused by intervertebral disc tissue and spinal flexibility Hyperosteogeny receded.",coling22-mining-health-related-statements_sentence_test_causenet_evaluations.csv,122026,1,[],"['cause', 'caused']",explicit,"[('spinal flexibility hyperosteogeny', 'muscle pain')]",No
Tetrahydrobiopterin deficiency results in abnormally high levels of the amino acid phenylalanine in the blood.,coling22-mining-health-related-statements_sentence_test_causenet_evaluations.csv,121665,1,[],['results in'],explicit,"[('tetrahydrobiopterin deficiency', 'abnormally high levels of the amino acid phenylalanine in the blood')]",No
"Postmenopausal symptoms such as hot flushes and night sweats initiated by the fluctuation in endorphins, may cause stress, leading to negativity, depression, and anxiety, which in turn can lead to cognitive decline.",coling22-mining-health-related-statements_sentence_test_causenet_evaluations.csv,121742,1,[],"['cause', 'leading to', 'lead to']",explicit,"[('postmenopausal symptoms', 'stress')]",No
"HPV is a common virus that infects many body parts, can cause warts or cellular abnormalities, and these, in turn, sometimes result in malignancies.",coling22-mining-health-related-statements_sentence_test_causenet_evaluations.csv,122113,1,[],"['cause', 'result in']",explicit,"[('hpv', 'cellular abnormalities')]",No
"Abuse of the use of the calling card may result in disciplinary action, including termination.",coling22-mining-health-related-statements_sentence_test_causenet_evaluations.csv,121392,1,[],['result in'],explicit,"[('abuse of the use of the calling card', 'disciplinary action')]",No
"A primary weakness of structural composites is damage from impact, where resulting microcracks can propagate to allow delamination and/or fiber breakage of the composite, resulting in loss of the excellent physical properties for which composites are selected.",coling22-mining-health-related-statements_sentence_test_causenet_evaluations.csv,122381,1,[],['resulting in'],explicit,"[('damage from impact', 'loss of the excellent physical properties')]",No
Alate emergences caused a flurry of Fan-tailed Widowbirds and set off a colorful show of Yellow-crowned and Yellow Bishops.,coling22-mining-health-related-statements_sentence_test_causenet_evaluations.csv,121952,1,[],['caused'],explicit,"[('alate emergences', 'flurry of fan-tailed widowbirds')]",No
"This ensures that you receive restaurant recommendations according to your type of celebration, the most up to date information on the venue, menus and associated terms and conditions, accordingly to your personal requirements thus avoid the supply of incorrect information which normally only causes confusion and frustration.",coling22-mining-health-related-statements_sentence_test_causenet_evaluations.csv,122125,1,[],"['accordingly', 'thus', 'causes']",explicit,"[('supply of incorrect information', 'frustration')]",No
"He also recommended an end to the competing services of the various operators ""which resulted in loss to all parties"" in favour of coordination by the committee.",coling22-mining-health-related-statements_sentence_test_causenet_evaluations.csv,121902,1,[],['resulted in'],explicit,"[('end to the competing services of the various operators', 'loss to all parties')]",No
"The cell cycle arrest is characterized by alterations in the activation and phosphorylation state of cell division cycle 2 ( Cdc2 ) kinase CITATION TARGET_CITATION and resembles the gap - 2 checkpoint induced by genotoxic agents CITATION , which results in apoptosis CITATION .",coling22-mining-health-related-statements_sentence_test_causenet_evaluations.csv,122166,1,[],['results in'],explicit,"[('genotoxic agents citation', 'apoptosis citation')]",No
The main goal of the operation was likely to see how much territory could be opportunistically grabbed in the chaotic governmental flux caused by the after-effects of WW I in Europe's east before any serious independent governing authorities arose.,coling22-mining-health-related-statements_sentence_test_causenet_evaluations.csv,122237,1,[],['caused'],explicit,"[('after-effects of ww', 'territory could be opportunistically grabbed in the chaotic governmental flux')]",No
"By reducing the retrieval of fearful memories, glucocorticoids can eventually cause these fearful memories to become extinct.",coling22-mining-health-related-statements_sentence_test_causenet_evaluations.csv,121981,1,[],['cause'],explicit,"[('glucocorticoids', 'fearful memories to become extinct')]",No
"Oral administration of 2.5 and 5.0 g/kg body weight of the aqueous extract of the seed for 6 weeks resulted in a significant reduction in blood glucose and an increase in total haemoglobin (Diabetes Test - Blood glucose reduction by Syzigium cumini (Jamun), a folk medicine for diabetes in India, at 2.5 or 5.0 g/kg of seed aqueous extract for 6 weeks in alloxan diabetic rats Prince 1998) Administration of aqueous extracts of V. rosea flower and leaf have been found to regulate the blood sugar level in alloxan diabetic male albino rats.",coling22-mining-health-related-statements_sentence_test_causenet_evaluations.csv,122194,1,[],['resulted in'],explicit,"[('oral administration of 2.5 and 5.0 g/kg body weight of the aqueous extract of the seed', 'increase in total haemoglobin')]",No
BP oil has caused pain and suffering to thousands of fishing families and coastal businesses.,coling22-mining-health-related-statements_sentence_test_causenet_evaluations.csv,121482,1,[],['caused'],explicit,"[('bp oil', 'pain')]",No
IV immunoglobulin may temporarily raisethe which gdzie kupic cialis caused severeerythroderma Szary 23 and IgA in 13.,coling22-mining-health-related-statements_sentence_test_causenet_evaluations.csv,121597,1,[],['caused'],explicit,"[('gdzie kupic cialis', 'iga')]",No
Significant loss of cilia or ciliated epithelial cells results in disruption or even cessation of mucociliary clearance.,coling22-mining-health-related-statements_sentence_test_causenet_evaluations.csv,121766,1,[],['results in'],explicit,"[('loss of cilia or ciliated epithelial cells', 'disruption')]",No
"When she got to the other end, a wave caused her log to bump against something that her senses told her was solid.",coling22-mining-health-related-statements_sentence_test_causenet_evaluations.csv,121521,1,[],['caused'],explicit,"[('wave', 'log to bump against something')]",No
"Headaches in children can be caused by a number of triggers, including emotional problems such as tension between family members, stress from school activities, weather changes, irregular eating and sleep, dehydration, and certain foods and drinks.",coling22-mining-health-related-statements_sentence_test_causenet_evaluations.csv,122358,1,[],['caused'],explicit,"[('irregular eating', 'headaches in children')]",No
"Because certain heart defects are commonly associated with DiGeorge syndrome, the presence of the heart defect itself may prompt your doctor to order a laboratory test for a chromosome 22 deletion.",coling22-mining-health-related-statements_sentence_test_causenet_evaluations.csv,122124,1,[],['Because'],explicit,"[('heart defects', 'digeorge syndrome')]",No
"Common diet aid ingredients such as Green Tea, Cocoa, and Guarana are stimulants and can cause heart palpitations, jitters, or nervousness.",coling22-mining-health-related-statements_sentence_test_causenet_evaluations.csv,121383,1,[],['cause'],explicit,"[('common diet aid ingredients', 'heart palpitations')]",No
Use of some of these services may result in additional charges.,coling22-mining-health-related-statements_sentence_test_causenet_evaluations.csv,121375,1,[],['result in'],explicit,"[('use of some of these services', 'additional charges')]",No
"Some Ciphers spread the chant that the Bleakers had caused the collapse themselves because the Cipher Factol was on the verge of lanning the ""Cadence of the Multiverse"".",coling22-mining-health-related-statements_sentence_test_causenet_evaluations.csv,122327,1,[],"['caused', 'because']",explicit,"[('bleakers', 'collapse')]",No
This change would result in an annual cost savings of $193 million.,coling22-mining-health-related-statements_sentence_test_causenet_evaluations.csv,121703,1,[],['result in'],explicit,"[('change', 'annual cost savings')]",No
"Hence, it is concluded that post-egression host tissue feeding is essential for the normal development of T. nigriceps, as the prevention of feeding resulted in significantly lighter and smaller larvae, cocoons, and adults as well as deformed adults and reduced adult survival.",coling22-mining-health-related-statements_sentence_test_causenet_evaluations.csv,121465,1,[],"['Hence', 'resulted in']",explicit,"[('prevention of feeding', 'reduced adult survival')]",No
"His autopsy indicated that he died because of a ""sudden heart rhythm disturbance caused by an abnormally enlarged heart.""",coling22-mining-health-related-statements_sentence_test_causenet_evaluations.csv,122323,1,[],"['because', 'caused']",explicit,"[('abnormally enlarged heart', 'sudden heart rhythm disturbance')]",No
"This opportunistic condition causes life forms in the blood and nymph to metamorphose, manifest as hepatitis, pneumonia and HIV, bypass the body's immune-system defenses(the T cells) and get a foothold.",coling22-mining-health-related-statements_sentence_test_causenet_evaluations.csv,121407,1,[],['causes'],explicit,"[('opportunistic condition', 'life forms in the blood')]",No
"Commands are then read as described below; the following flags are interpreted by the shell when it is invoked: Errors detected by the shell, such as syntax errors, cause the shell to return a non-zero exit status.",coling22-mining-health-related-statements_sentence_test_causenet_evaluations.csv,121943,1,[],['cause'],explicit,"[('errors detected by the shell', 'shell to return a non-zero exit status')]",No
"But there are several other types of energy, for example heat energy caused as the hurtling bowling ball causes turbulence through the air at high speeds, what is called frictional heating energy.",coling22-mining-health-related-statements_sentence_test_causenet_evaluations.csv,121632,1,[],"['caused', 'causes']",explicit,"[('hurtling bowling ball', 'turbulence through the air at high speeds')]",No
"The first play of the quarter was a 14-yard pass from Taylor to Coale, beginning a seven-play, 67-yard drive resulting in a touchdown.",coling22-mining-health-related-statements_sentence_test_causenet_evaluations.csv,121792,1,[],['resulting in'],explicit,"[('seven-play , 67-yard drive', 'touchdown')]",No
"[ ""The process of migration results in the gradual elimination of the Income differentials which Initially provoked it.",coling22-mining-health-related-statements_sentence_test_causenet_evaluations.csv,122017,1,[],['results in'],explicit,"[('process of migration', 'gradual elimination of the income differentials')]",No
"It is obvious that such an inequity in attention and instructions given by the physician, perhaps unavoidable in every day practice where patients gather in great numbers and time remains limited, results in uneven levels of co-operation and adherence between different patients.",coling22-mining-health-related-statements_sentence_test_causenet_evaluations.csv,122319,1,[],['results in'],explicit,"[('inequity in attention and instructions', 'uneven levels of co-operation')]",No
Dre headphone family unit as a result of Machine.,coling22-mining-health-related-statements_sentence_test_causenet_evaluations.csv,121779,1,[],['as a result'],explicit,"[('machine', 'dre headphone family unit')]",No
"It is characterized by distortions of segments, intersegment transitionalization resulting in extended durations of consonants, vowels and time between sounds, syllables and words.",coling22-mining-health-related-statements_sentence_test_causenet_evaluations.csv,121384,1,[],['resulting in'],explicit,"[('intersegment transitionalization', 'extended durations of consonants')]",No
"Abolishing the Banger which has caused the highest number of injuries to children for the past 60 years, and getting rid of other fireworks which were banned in 1976 by the firework industry in a voluntary agreement and brought back again.",coling22-mining-health-related-statements_sentence_test_causenet_evaluations.csv,122255,1,[],['caused'],explicit,"[('abolishing the banger', 'highest number of injuries to children')]",No
"Intraductal pappilomas grow inside your breast's milk ducts, and can cause benign nipple discharge.",coling22-mining-health-related-statements_sentence_test_causenet_evaluations.csv,122116,1,[],['cause'],explicit,"[(""intraductal pappilomas grow inside your breast 's milk ducts"", 'benign nipple discharge')]",No
A steel building can result in lessened construction costs.,coling22-mining-health-related-statements_sentence_test_causenet_evaluations.csv,121939,1,[],['result in'],explicit,"[('steel building', 'lessened construction costs')]",No
C-reactive protein causes downregulation of vascular angiotensin subtype 2 receptors and systolic hypertension in mice.,coling22-mining-health-related-statements_sentence_test_causenet_evaluations.csv,122295,1,[],['causes'],explicit,"[('c-reactive protein', 'systolic hypertension in mice')]",No
This was the first case of meningitis caused by vancomycin-resistant E. faecium in Taiwan.,coling22-mining-health-related-statements_sentence_test_causenet_evaluations.csv,121692,1,[],['caused'],explicit,"[('vancomycin-resistant e. faecium', 'meningitis')]",No
Failure to meet these indicated corrective requirements will result in the student being placed on academic probation and possibly conversion to graduate non-degree-seeking status by the Dean of the Graduate College.,coling22-mining-health-related-statements_sentence_test_causenet_evaluations.csv,121831,1,[],['result in'],explicit,"[('failure to meet these indicated corrective requirements', 'student being placed on academic probation')]",No
"On just about any machine I've access to, complicated visual sites cause most browsers to go into CPU-overload, which causes fan-noise and heat.",coling22-mining-health-related-statements_sentence_test_causenet_evaluations.csv,121503,1,[],"['cause', 'causes']",explicit,"[('browsers to go into cpu-overload', 'fan-noise')]",No
"Haemorrhage from ruptured bullae, epistaxis or gastrointestinal bleeding is severe and may cause shock and death.",coling22-mining-health-related-statements_sentence_test_causenet_evaluations.csv,121658,1,[],['cause'],explicit,"[('haemorrhage from ruptured bullae', 'shock')]",No
LME is defined as the decrease in strength or ductility of a metal or alloy as a result of contact with a liquid metal.,coling22-mining-health-related-statements_sentence_test_causenet_evaluations.csv,121485,1,[],['as a result'],explicit,"[('contact with a liquid metal', 'decrease in strength')]",No
"Most frequently the problem is caused by a temporary network outage, a software misconfiguration on the receiving end, or a spam-filtering system.",coling22-mining-health-related-statements_sentence_test_causenet_evaluations.csv,122316,1,[],['caused'],explicit,"[('spam-filtering system', 'problem')]",No
"Although high glucocorticoid levels can cause atrophy of skeletal muscle, they stimulate hypertrophy in cardiac muscle (53).",coling22-mining-health-related-statements_sentence_test_causenet_evaluations.csv,121584,1,[],['cause'],explicit,"[('high glucocorticoid levels', 'atrophy of skeletal muscle')]",No
It also added three years of NLDN data resulting in a POR for the warm season months from 1989-2010.,coling22-mining-health-related-statements_sentence_test_causenet_evaluations.csv,122399,1,[],['resulting in'],explicit,"[('nldn data', 'por')]",No
He acted courageously in a series of engagement that later is better known as the Battle of Omdurman resulting in Beatty receiving the Distinguished Service Order.,coling22-mining-health-related-statements_sentence_test_causenet_evaluations.csv,121602,1,[],['resulting in'],explicit,"[('battle of omdurman', 'beatty receiving the distinguished service order')]",No
"In addition, a failure to deliver appropriate standards of service and quality, or a failure or perceived failure to treat customers and clients fairly, can result in customer dissatisfaction, litigation and heightened regulatory scrutiny, all of which can lead to lost revenue, higher operating costs and harm to reputation for the Firm.",coling22-mining-health-related-statements_sentence_test_causenet_evaluations.csv,121439,1,[],"['result in', 'lead to']",explicit,"[('failure or perceived failure to treat customers', 'heightened regulatory scrutiny')]",No
"In 2006, the Osaka High Court stated in another ruling that the state was responsible for failing to properly supervise a manufacturer of the measles-mumps-rubella vaccine, which caused severe side effects in children.",coling22-mining-health-related-statements_sentence_test_causenet_evaluations.csv,121910,1,[],['caused'],explicit,"[('failing to properly supervise a manufacturer of the measles-mumps-rubella vaccine', 'severe side effects')]",No
The lack of structural diversity of vegetative layers in old-field plantations results in low within-stand diversity generally thought to be less attractive to wildlife than plantations on previously forested sites.,coling22-mining-health-related-statements_sentence_test_causenet_evaluations.csv,122280,1,[],['results in'],explicit,"[('lack of structural diversity of vegetative layers in old-field plantations', 'low within-stand diversity')]",No
"The consequent lack of ground moisture resulted in a high proportion of the sun's energy being utilised to heat the air, rather than being used for evaporation.",coling22-mining-health-related-statements_sentence_test_causenet_evaluations.csv,122402,1,[],['resulted in'],explicit,"[('lack of ground moisture', ""high proportion of the sun 's energy being utilised to heat the air"")]",No
"This, after all, is what the reform programme is about: investment, growth and jobs as a result of sustainable and credible public finances, a competitive labour market, a favourable legal framework for investments, and a just and efficient tax system.",coling22-mining-health-related-statements_sentence_test_causenet_evaluations.csv,121798,1,[],['as a result'],explicit,"[('sustainable and credible public finances', 'growth and jobs')]",No
"A coordinated series of attacks against malls would almost certainly result in long-term lost business and serious regional or national economic consequences, as we saw in the airline industry following 9/11.",coling22-mining-health-related-statements_sentence_test_causenet_evaluations.csv,121656,1,[],['result in'],explicit,"[('coordinated series of attacks against malls', 'serious regional or national economic consequences')]",No
Failure to allow any service animal into an establishment or vehicle must result in steep penalties so as to support the importance of these animals in the lives of their owners and to send a clear message that they are to be allowed full access throughout the province.,coling22-mining-health-related-statements_sentence_test_causenet_evaluations.csv,122289,1,[],['result in'],explicit,"[('failure to allow any service animal into an establishment or vehicle', 'steep penalties')]",No
The working hypothesis is that these chemical mediators of inflammation cause cellular damage that eventually leads to the causative mutations of cancer.,coling22-mining-health-related-statements_sentence_test_causenet_evaluations.csv,121467,1,[],"['cause', 'leads to']",explicit,"[('chemical mediators of inflammation', 'causative mutations')]",No
"Lurking on several game-related forums, I discovered that the cause of the problem was lack of support for my video card (an Intel 740i).",coling22-mining-health-related-statements_sentence_test_causenet_evaluations.csv,121412,1,[],['cause'],explicit,"[('lack of support for my video card', 'problem')]",No
Violations of these policies will likely result in a temporary suspension of account privileges; repeated violations will result in banishment and blacklisting from the Host's systems at a higher level on a permanent basis.,coling22-mining-health-related-statements_sentence_test_causenet_evaluations.csv,121842,1,[],"['result in', 'result in']",explicit,"[('violations of these policies', 'temporary suspension of account privileges')]",No
The Windwalkers and the GeeBees had caused relatively little trouble.,coling22-mining-health-related-statements_sentence_test_causenet_evaluations.csv,121534,1,[],['caused'],explicit,"[('windwalkers and the geebees', 'relatively little trouble')]",No
Pregnancy and childbirth can cause urinary incontinence in a number of different ways.,coling22-mining-health-related-statements_sentence_test_causenet_evaluations.csv,122103,1,[],['cause'],explicit,"[('pregnancy', 'urinary incontinence')]",No
"Such blockages can be caused, for example, by the rupture of an atherosclerotic plaque.",coling22-mining-health-related-statements_sentence_test_causenet_evaluations.csv,121848,1,[],['caused'],explicit,"[('rupture of an atherosclerotic plaque', 'blockages')]",No
"However, these activities may result in socially awkward situations, so please proceed with caution.",coling22-mining-health-related-statements_sentence_test_causenet_evaluations.csv,121892,1,[],['result in'],explicit,"[('activities', 'socially awkward situations')]",No
Lost B-cache fill errors that could have caused a machine check are dealt with in the sections on hard and soft error interrupts.,coling22-mining-health-related-statements_sentence_test_causenet_evaluations.csv,122413,1,[],['caused'],explicit,"[('lost b-cache fill errors', 'machine check')]",No
"Before the diagnosis of PTSD was formulated in 1980, it was assumed that posttraumatic mental health disturbances were caused by previous developmental trauma and conflict.",coling22-mining-health-related-statements_sentence_test_causenet_evaluations.csv,122022,1,['assumed'],['caused'],explicit,"[('developmental trauma', 'posttraumatic mental health disturbances')]",No
----The Union's special from Middletown shows that the explosion at Wesleyan College last night was caused by dynamite instead of cannon crackers.,coling22-mining-health-related-statements_sentence_test_causenet_evaluations.csv,122338,1,[],['caused'],explicit,"[('cannon crackers', 'explosion at wesleyan college last night')]",No
An unplanned series of events resulted in an opportunity to drive a car back from Maine to Alaska.,coling22-mining-health-related-statements_sentence_test_causenet_evaluations.csv,121406,1,[],['resulted in'],explicit,"[('unplanned series of events', 'opportunity to drive a car back from maine to alaska')]",No
CHV causes serious disease only in very young puppies.,coling22-mining-health-related-statements_sentence_test_causenet_evaluations.csv,122228,1,[],['causes'],explicit,"[('chv', 'serious disease')]",No
"The external input from the electrodes caused the SGC to send a barrage of synaptic inputs to the mossy cells, which led to their persistent excitable activity.",coling22-mining-health-related-statements_sentence_test_causenet_evaluations.csv,121824,1,[],"['caused', 'led to']",explicit,"[('barrage of synaptic inputs to the mossy cells', 'persistent excitable activity')]",No
DM is the leading cause of end-stage renal disease requiring dialysis or transplantation.,coling22-mining-health-related-statements_sentence_test_causenet_evaluations.csv,121463,1,[],['cause'],explicit,"[('dm', 'end-stage renal disease')]",No
"Toxins associated with smoking may decrease blood flow or cause clots to develop within eye capillaries, cutting off vital nutrients essential for eye health.",coling22-mining-health-related-statements_sentence_test_causenet_evaluations.csv,121690,1,[],['cause'],explicit,"[('toxins', 'clots to develop within eye capillaries')]",No
Dental erosion is caused by dietary or gastric acid.,coling22-mining-health-related-statements_sentence_test_causenet_evaluations.csv,121650,1,[],['caused'],explicit,"[('dietary or gastric acid', 'dental erosion')]",No
"Postdated checks, or checks made out incorrectly will be returned and may result in forfeiture of your schedule or a restriction placed on your account.",coling22-mining-health-related-statements_sentence_test_causenet_evaluations.csv,121446,1,[],['result in'],explicit,"[('postdated checks', 'forfeiture of your schedule')]",No
The ability to control the thermal noise caused by magnetic fluctuations will enable development of smaller and more efficient spintronic devices.,coling22-mining-health-related-statements_sentence_test_causenet_evaluations.csv,122395,1,[],['caused'],explicit,"[('magnetic fluctuations', 'ability to control the thermal noise')]",No
The primary flash is caused by propellant gases exiting the firearm behind the bullet.,coling22-mining-health-related-statements_sentence_test_causenet_evaluations.csv,121921,1,[],['caused'],explicit,"[('propellant gases exiting the firearm', 'primary flash')]",No
"Chronic, untreated metabolic acidosis may increase the risk for nephrolithiasis or nephrocalcinosis, and may also result in osteomalacia (referred to as rickets in pediatric patients) and/or osteoporosis with an increased risk for fractures.",coling22-mining-health-related-statements_sentence_test_causenet_evaluations.csv,121535,1,[],['result in'],explicit,"[('untreated metabolic acidosis', 'osteomalacia')]",No
"Polystone is a compound made up largely of polyurethane resin mixed with stone powder additives that give it added weight and the porcelain or ""stone-like"" feel that resulted in the materials name itself.",coling22-mining-health-related-statements_sentence_test_causenet_evaluations.csv,121617,1,[],['resulted in'],explicit,"[('added weight', 'materials name')]",No
"I have witnessed people who, after having experienced a traumatic event, have to throw out a certain coffee cup or avoid certain streets because the images they will encounter cause an involuntary physical/psychological reaction.",coling22-mining-health-related-statements_sentence_test_causenet_evaluations.csv,122114,1,[],"['because', 'cause']",explicit,"[('images they will encounter', 'involuntary physical/psychological reaction')]",No
"This tetra lives on the ground, where RETIN A causes an lazy redwood, vinca, blistering, or peeling during the first two weeks, your skin RETIN A has overgrown turn to the surface of your mouth and nose.",coling22-mining-health-related-statements_sentence_test_causenet_evaluations.csv,121651,1,[],['causes'],explicit,"[('retin a', 'lazy redwood')]",No
"In that role, she developed and implemented innovative strategic partnering that resulted in win-win financial solutions, thus becoming a role model for other firm/client relationships, and improving the client-service model on a firm-wide basis.",coling22-mining-health-related-statements_sentence_test_causenet_evaluations.csv,121677,1,[],"['resulted in', 'thus']",explicit,"[('innovative strategic partnering', 'win-win financial solutions')]",No
"Drug addiction causes sorrow, anguish, injury, and death.",coling22-mining-health-related-statements_sentence_test_causenet_evaluations.csv,121964,1,[],['causes'],explicit,"[('drug addiction', 'injury')]",No
"He got to interview George Harrison during The Beatles' Australian tour, which resulted in his first front-page story.",coling22-mining-health-related-statements_sentence_test_causenet_evaluations.csv,121871,1,[],['resulted in'],explicit,"[(""beatles ' australian tour"", 'first front-page story')]",No
"""We've also experienced some excessively hot temperatures recently and we're now beginning to see damage to the tobacco plants from essentially sun scald where the plants may have been predisposed to injury by other diseases, making them a little weaker and then the sun scald causing some damage that's followed up by bacteria that works inside the plant and causes the leaves to turn yellow and drop off.""",coling22-mining-health-related-statements_sentence_test_causenet_evaluations.csv,121767,1,[],['causes'],explicit,"[('bacteria', 'leaves to turn yellow')]",No
"Specific individual restrict collocation much time beauty, fine male restrict collocation most typically associated with hairWholesale Headwear New era and then huge right off went up a great many fizzy oxygen, include a manner because of classy horse rider the perfect which can be as rather long simply because remain serviceable by collocation jacket actually neuter girlfriend an outfit will develop into your genuinely elegant.",coling22-mining-health-related-statements_sentence_test_causenet_evaluations.csv,122193,1,[],"['because', 'because']",explicit,"[('hairwholesale headwear new era', 'fine male restrict collocation')]",No
"The immoral behavior of Catholics, both lay and clergy, is a cause of scandal and defections.",coling22-mining-health-related-statements_sentence_test_causenet_evaluations.csv,122078,1,[],['cause'],explicit,"[('immoral behavior of catholics', 'scandal')]",No
"Meanwhile, her cheating husband James LeGros causes her home life to crash down around her.",coling22-mining-health-related-statements_sentence_test_causenet_evaluations.csv,121623,1,[],['causes'],explicit,"[('cheating husband james legros', 'home life to crash down')]",No
"When humans eat affected fish, the toxin attaches itself to the nerve cells in the central nervous system and causes a whole host of symptoms.",coling22-mining-health-related-statements_sentence_test_causenet_evaluations.csv,122259,1,[],['causes'],explicit,"[('toxin attaches itself to the nerve cells in the central nervous system', 'whole host of symptoms')]",No
"Williams Syndrome (WS) is a neurodevelopmental disorder caused by a hemizygous microdeletion on 7q11.23, involving about 25 genes.",coling22-mining-health-related-statements_sentence_test_causenet_evaluations.csv,121596,1,[],['caused'],explicit,"[('hemizygous microdeletion', 'neurodevelopmental disorder')]",No
"With incidence also in Europe, chlamydia can affect the brain, cause blindness and lead to miscarriage, premature birth or premature torn membranes.",coling22-mining-health-related-statements_sentence_test_causenet_evaluations.csv,121832,1,[],"['cause', 'lead to']",explicit,"[('chlamydia', 'premature torn membranes')]",No
"This formulation has caused considerable controversy when applied to Antigone, the figure under discussion in the last section of the seminar.",coling22-mining-health-related-statements_sentence_test_causenet_evaluations.csv,122033,1,[],['caused'],explicit,"[('formulation', 'considerable controversy')]",No
If we now put the rollers on the outside of the Ring the action will now cause the ether to be flung outwards away from the centre additional rings at the right distance (see a planetary Map to work out the sizes / ratios) will intensify the effect.,coling22-mining-health-related-statements_sentence_test_causenet_evaluations.csv,121644,1,[],['cause'],explicit,"[('rollers on the outside of the ring the action', 'ether to be flung outwards away from the centre additional rings at the right distance')]",No
Diabetic retinopathy is caused by changes or abnormalities in the small blood vessels of the retina--changes that take years to occur.,coling22-mining-health-related-statements_sentence_test_causenet_evaluations.csv,122181,1,[],['caused'],explicit,"[('abnormalities in the small blood vessels of the retina -- changes', 'diabetic retinopathy')]",No
The substantial increase in initial box office totals caused optimistic studio executives to forecast that The Lord of the Rings: The Return of the King would surpass The Lord of the Rings: The Two Towers in total earnings.,coling22-mining-health-related-statements_sentence_test_causenet_evaluations.csv,121405,1,[],['caused'],explicit,"[('substantial increase in initial box office totals', 'optimistic studio executives')]",No
"Despite his claims that the brakes on the bus failed, he has been charged with reckless imprudence resulting in multiple injuries and damage to property.",coling22-mining-health-related-statements_sentence_test_causenet_evaluations.csv,122021,1,['claims'],['resulting in'],explicit,"[('reckless imprudence', 'multiple injuries')]",No
"Similarly, the destruction of woodland cover, which may have taken a century or more to develop, may result in soil erosion and stream siltation and in more rapid runoff and increased flooding, as well as destruction of wildlife habitat.",coling22-mining-health-related-statements_sentence_test_causenet_evaluations.csv,121969,1,[],['result in'],explicit,"[('destruction of woodland cover', 'stream siltation')]",No
"Theorist Joe Dispenza explains that this disparity causes new emotions to be encoded with the old memories to, in a sense, neurologically reset emotions associated with past abuse.",coling22-mining-health-related-statements_sentence_test_causenet_evaluations.csv,121957,1,[],['causes'],explicit,"[('past abuse', 'neurologically reset emotions')]",No
"The redemption resulted in a loss of $3.0 million, which is included in interest and other income (expense) on our consolidated statement of operations.",coling22-mining-health-related-statements_sentence_test_causenet_evaluations.csv,121593,1,[],['resulted in'],explicit,"[('redemption', 'loss of $ 3.0')]",No
"The attitudes and beliefs which we inherit from our family, religion, culture, and peer group, results in a complicated mixture that is simultaneously helpful and confounding.",coling22-mining-health-related-statements_sentence_test_causenet_evaluations.csv,122359,1,[],['results in'],explicit,"[('attitudes and beliefs', 'complicated mixture')]",No
Acute bloody diarrhoea is most frequently caused by bacteria of the genus Shigella.,coling22-mining-health-related-statements_sentence_test_causenet_evaluations.csv,121878,1,[],['caused'],explicit,"[('bacteria of the genus shigella', 'acute bloody diarrhoea')]",No
"Mutations in MT-TF can result in mitochondrial deficiencies and associated disorders, including Myoclonic epilepsy with ragged-red fibers (MERRF), Mitochondrial encephalomyopathy, lactic acidosis, and stroke-like episodes (MELAS), Juvenile myopathy, encephalopathy, lactic acidosis, and stroke.",coling22-mining-health-related-statements_sentence_test_causenet_evaluations.csv,122134,1,[],['result in'],explicit,"[('mutations in mt-tf', 'associated disorders')]",No
"This delinking from an institution he had nurtured and created and given his best years to, caused the guru much heartburn and sense of loss, although all stories have two sides.",coling22-mining-health-related-statements_sentence_test_causenet_evaluations.csv,121769,1,[],['caused'],explicit,"[('delinking from an institution he had nurtured', 'sense of loss')]",No
Never mind the fact that you can't prove it was the delay in delivery that caused the problem.,coling22-mining-health-related-statements_sentence_test_causenet_evaluations.csv,122006,1,[],['caused'],explicit,"[('delay in delivery', 'problem')]",No
"According to his pension papers, this wound caused a ""loss of memory and an affliction of the eyes"" which affected him the rest of his life.",coling22-mining-health-related-statements_sentence_test_causenet_evaluations.csv,121499,1,[],['caused'],explicit,"[('wound', 'loss of memory')]",No
"""Since spoilage among inoculated packs caused by survival of the test organism occurred with the process having an average F0 value of 8.5 and the value for the next longer process was 8.8, home canning processes for the vegetable-meat stew should be designed to yield an F0 value of 9.",coling22-mining-health-related-statements_sentence_test_causenet_evaluations.csv,122076,1,[],"['Since', 'caused']",explicit,"[('survival of the test organism', 'spoilage among inoculated packs')]",No
Thus ignorance is the root cause of vices.,coling22-mining-health-related-statements_sentence_test_causenet_evaluations.csv,121672,1,[],"['Thus', 'cause']",explicit,"[('ignorance', 'vices')]",No
"Any security breach or other attempt by an entrant or other party to tamper with the proper administration of the Contest will disqualify the entrant and may result in civil or criminal action against the entrant or other party and may result in the discontinuation, suspension, or cancellation of the Contest.",coling22-mining-health-related-statements_sentence_test_causenet_evaluations.csv,122146,1,[],"['result in', 'result in']",explicit,"[('security breach', 'civil or criminal action against the entrant or other party')]",No
"Problems and assessment of losses caused by insects, pathogens, weeds, nematodes, and other pests.",coling22-mining-health-related-statements_sentence_test_causenet_evaluations.csv,121379,1,[],['caused'],explicit,"[('insects', 'assessment of losses')]",No
"Bruce mcmanus, supports research into the cause, prevention, screening, diagnosis, treatment, support systems, and palliation for heart disease, as well as a wide range of other conditions associated with the lungs, brain, blood and blood vessels.",coling22-mining-health-related-statements_sentence_test_causenet_evaluations.csv,121646,1,[],['cause'],explicit,"[('lungs', 'wide range of other conditions')]",No
The abundant antioxidants found in acai berries can result in improved strength and fitness.,coling22-mining-health-related-statements_sentence_test_causenet_evaluations.csv,121987,1,[],['result in'],explicit,"[('abundant antioxidants', 'fitness')]",No
"ITS America's Bylaws specify that ""the composition of the elected members of the board of directors shall result in a board that represents the spectrum of current and emerging constituents in ITS America.""",coling22-mining-health-related-statements_sentence_test_causenet_evaluations.csv,121479,1,[],['result in'],explicit,"[('composition of the elected members of the board of directors', 'board that represents the spectrum of current and emerging constituents in its america')]",No
"DNA crosslinks are caused by numerous anti-cancer drugs (such as cisplatin), but they also must arise naturally since individuals carrying a genetic defect in crosslink repair suffer from the illness Fanconi anaemia.",coling22-mining-health-related-statements_sentence_test_causenet_evaluations.csv,121507,1,[],"['caused', 'since']",explicit,"[('anti-cancer drugs', 'dna crosslinks')]",No
"Seamus and Eileen joined this group in NYC, and this union led to a series of collaborations that resulted in the formation of Solas, one of the most popular Irish groups today.",coling22-mining-health-related-statements_sentence_test_causenet_evaluations.csv,122065,1,[],"['led to', 'resulted in']",explicit,"[('series of collaborations', 'formation of solas')]",No
The hazards associated with the safety of RFAOs cause concern throughout the food continuum.,coling22-mining-health-related-statements_sentence_test_causenet_evaluations.csv,122377,1,[],['cause'],explicit,"[('safety of rfaos', 'hazards')]",No
Neither mutations affect protein stability or cause a dominant mutator effect.,coling22-mining-health-related-statements_sentence_test_causenet_evaluations.csv,122266,1,[],['cause'],explicit,"[('mutations', 'dominant mutator effect')]",No
"Infested trees are also extremely susceptible to other infestations and diseases, such as armillarial root disease, caused by Armillaria sinapina.",coling22-mining-health-related-statements_sentence_test_causenet_evaluations.csv,121508,1,[],['caused'],explicit,"[('armillaria sinapina', 'infestations')]",No
"It would seem that this line of thinking can result in people being afraid to think certain thoughts, or afraid to experience certain emotions, such as fear, jealousy, anger, grief, and so forth, thus causing more fear, that is, the fear of negativity.",coling22-mining-health-related-statements_sentence_test_causenet_evaluations.csv,121724,1,[],"['result in', 'thus']",explicit,"[('line of thinking', 'people being afraid to think certain thoughts')]",No
"And I have met a few afflicted Kurds who envy their dead compatriots because their sufferings were short, while they themselves have to suffer continuously from the chemical and biological agents which have caused cancers, collapsed lungs, and most dangerous of all, altered DNA.",coling22-mining-health-related-statements_sentence_test_causenet_evaluations.csv,122307,1,[],"['because', 'caused']",explicit,"[('chemical and biological agents', 'cancers')]",No
"He manages to escape - and now recognizing that velocity causes a change in worlds - leaps off a wall back into the desert world, where he meets Rogers.",coling22-mining-health-related-statements_sentence_test_causenet_evaluations.csv,121808,1,[],['causes'],explicit,"[('velocity', 'change in worlds - leaps off a wall back into the desert world')]",No
"Contact with French fur traders, after 1667, caused the Menominee to extend their range west while hunting for fur.",coling22-mining-health-related-statements_sentence_test_causenet_evaluations.csv,122171,1,[],['caused'],explicit,"[('contact with french fur traders', 'menominee to extend their range west')]",No
"Evidence has been mounting, however, that antipsychotic drugs can cause health problems, such as diabetes and significant weight gain.",coling22-mining-health-related-statements_sentence_test_causenet_evaluations.csv,122314,1,[],['cause'],explicit,"[('antipsychotic drugs', 'health problems')]",No
Dostinex may cause dizziness lightheadedness or fainting.,coling22-mining-health-related-statements_sentence_test_causenet_evaluations.csv,122290,1,[],['cause'],explicit,"[('dostinex', 'fainting')]",No
"A special chapter is devoted to the French occupation, caused by the Napoleonic wars.",coling22-mining-health-related-statements_sentence_test_causenet_evaluations.csv,122330,1,[],['caused'],explicit,"[('napoleonic wars', 'french occupation')]",No
"If you consume too little, you can cause electrolyte disturbances which can lead to cramps and other problems.",coling22-mining-health-related-statements_sentence_test_causenet_evaluations.csv,122197,1,[],"['cause', 'lead to']",explicit,"[('electrolyte disturbances', 'cramps')]",No
Now there are some contact lenses that would only caused less than five dollars for a pair.,coling22-mining-health-related-statements_sentence_test_causenet_evaluations.csv,121731,1,[],['caused'],explicit,"[('contact lenses', 'less than five dollars')]",No
Modification of histidine by DEPC results in carbethoxylated derivates at the N - omega-2 nitrogen of the imidazole ring .,medcaus.csv,2351,1,[],['results in'],explicit,"[('Modification of histidine by DEPC', 'carbethoxylated derivates at the N - omega-2 nitrogen of the imidazole ring')]",No
Pyelonephritis is infection of the kidneys and is frequently caused by complication of a urinary tract infection .,medcaus.csv,13746,1,[],['caused'],explicit,"[('complication of a urinary tract infection', 'Pyelonephritis')]",No
"A distress call , emitted by some frogs when they are in danger , is produced with the mouth open resulting in a higher - pitched call .",medcaus.csv,11748,1,[],['resulting in'],explicit,"[('A distress call is produced with the mouth open', 'a higher - pitched call')]",No
"""Pancreatitis is likely to cause intense pain in the central abdomen , that often radiates to the back , and may be associated with jaundice .""",medcaus.csv,7341,1,[],['cause'],explicit,"[('``', 'cause intense pain in the central')]",No
The rash caused by herpes zoster ( Shingles ) follows such dermatomal lines .,medcaus.csv,4454,1,[],['caused'],explicit,"[('herpes zoster Shingles', 'The rash follows such dermatomal lines')]",No
A shortage in tetrahydrofolic acid ( FH4 ) can cause megaloblastic anemia .,medcaus.csv,13830,1,[],['cause'],explicit,"[('A shortage in tetrahydrofolic acid -LRB- FH4 -RRB-', 'megaloblastic anemia')]",No
The 1550 nm wavelength is especially important for optical communications because standard single mode optical fibers have minimal loss at this particular wavelength .,medcaus.csv,10062,1,[],['because'],explicit,"[('standard single mode optical fibers have minimal loss at this particular wavelength', 'The 1550 nm wavelength is especially important for optical communications')]",No
Treatment may also involve correction of orthodontic abnormalities that may have been caused by the enlarged tongue .,medcaus.csv,11801,1,[],['caused'],explicit,"[('the enlarged tongue', 'correction of orthodontic abnormalities')]",No
The sting can be quite painful and in some individuals results in swelling that may last for several days .,medcaus.csv,4052,1,[],['results in'],explicit,"[('The sting', 'swelling')]",No
"""As Kenny states , that the pentad can be used to examine sociology because , """" sociology is predicated on the notion that human action is neither random nor mystical , and this sets up the initial condition necessary for an inquiry into the motivating principles that give rise to social order and disorder . """"""",medcaus.csv,1063,1,[],['because'],explicit,"[(""'' '' sociology is predicated on the notion that human action is neither random mystical , and this sets up the initial condition necessary for an inquiry into the motivating principles that give rise to social order"", 'that the pentad can be used to examine')]",No
"Idiosyncratic ( type B ) injury occurs without warning , when agents cause non - predictable hepatotoxicity in susceptible individuals , which is not related to dose and has a variable latency period .",medcaus.csv,14896,1,[],['cause'],explicit,"[('agents', 'non - predictable hepatotoxicity in susceptible individuals')]",No
Toxigenic strains in susceptible individuals can cause disease by multiplying and secreting diphtheria toxin into either skin or nasopharyngeal lesions .,medcaus.csv,8233,1,[],['cause'],explicit,"[('Toxigenic strains in susceptible individuals', 'disease by multiplying and secreting diphtheria toxin into either skin or nasopharyngeal lesions')]",No
"The best studied of these are the Anopheles mosquitoes which host the Plasmodium parasites of human malaria , as well as Culex mosquitoes which host the Plasmodium species that cause malaria in birds .",medcaus.csv,14882,1,[],['cause'],explicit,"[('the Plasmodium species that', 'malaria in birds')]",No
It may also cause production of growth hormones in other parts of the body .,medcaus.csv,3538,1,[],['cause'],explicit,"[('It', 'production of growth hormones in other parts of the body')]",No
The latter is easily absorbed by the body and causes less spasm .,medcaus.csv,9538,1,[],['causes'],explicit,"[('The latter is easily absorbed by the body', 'less spasm')]",No
"""Making healthy food choices is important because it can lower your risk of heart disease , developing some types of cancer , and it will contribute to maintaining a healthy weight .""",medcaus.csv,5546,1,[],['because'],explicit,"[('because it can lower your risk of heart', '`` Making healthy food choices is')]",No
"""Intramuscular administration of lincosamides results in strong absorption , with peak plasma levels being reached in 1 - 2 hours .""",medcaus.csv,8371,1,[],['results in'],explicit,"[('`` Intramuscular administration of', 'in strong')]",No
"""It 's hard to fix what """" an appropriate price """" is , and when it is appropriate because no one makes a purchase or a sale absolutely in his most favorable situation .""",medcaus.csv,9153,1,[],['because'],explicit,"[('is appropriate because no one makes a purchase or a sale absolutely in his', ""`` It 's hard to fix what '' '' an appropriate price '' '' is , and when"")]",No
"""In dogs treated for hypothyroidism ( lack of thyroid hormone ) , hyperthyroidism may occur as a result of an overdose of the thyroid hormone replacement medication , levothyroxine ; in this case treatment involves reducing the dose of levothyroxine .""",medcaus.csv,4047,1,[],['as a result'],explicit,"[('of an overdose of the thyroid hormone replacement ,', '`` In dogs treated for -LRB- lack of thyroid , hyperthyroidism may')]",No
The widespread use of such types of GM soybeans in the Americas has caused problems with exports to some regions .,medcaus.csv,893,1,[],['caused'],explicit,"[('The widespread use of such types of GM soybeans in the Americas', 'problems with exports to some regions')]",No
"""The term """" ratite """" is from the Latin word for raft , ratis , because they possess a flat breastbone , or sternum , shaped like a raft .""",medcaus.csv,11514,1,[],['because'],explicit,"[('ratis , because they possess a flat breastbone , or sternum , shaped', ""`` The term '' '' ratite '' '' is from the Latin word for"")]",No
"The supporters of phrenology in Ireland were relegated to scientific subcultures because the Irish scholars neglected marginal movements like phrenology , denying it scientific support in Ireland .",medcaus.csv,11592,1,[],['because'],explicit,"[('the Irish scholars neglected marginal movements like phrenology', 'The supporters of phrenology in Ireland were relegated to scientific subcultures')]",No
"""Central ulcers are typically caused by trauma , dry eye , or exposure from facial nerve paralysis or exophthalmos .""",medcaus.csv,2254,1,[],['caused'],explicit,"[('by , dry , or exposure from facial nerve paralysis or', '`` Central')]",No
GPCR 's are intramembrane proteins than bind to an extracellular ligand- in this case chemicals from food- and begin a diverse array of signaling cascades that can result in an action potential registering as input in an organism 's brain .,medcaus.csv,12172,1,[],['result in'],explicit,"[('and begin a diverse array of', 'result in an action potential registering as input in an organism')]",No
It does not cleave DNA strands without terminal 3'-OH groups   because they are blocked by phosphoryl or acetyl groups .,medcaus.csv,8067,1,[],['because'],explicit,"[('OH groups because they are blocked by phosphoryl', ""It does not cleave DNA strands without terminal 3 '"")]",No
"""They may cause carcinoid syndrome , a type of paraneoplastic syndrome .""",medcaus.csv,5457,1,[],['cause'],explicit,"[('``', 'cause carcinoid')]",No
Hepatotoxicity ( liver damage ) can be caused by many cytotoxic drugs .,medcaus.csv,14994,1,[],['caused'],explicit,"[('many cytotoxic drugs', 'Hepatotoxicity -LRB- liver damage -RRB-')]",No
The sap of the plant causes skin rashes .,medcaus.csv,11697,1,[],['causes'],explicit,"[('The sap of the plant', 'skin rashes')]",No
Dexlansoprazole is an enantiomerically pure active ingredient of a commercial drug as a result of the enantiomeric shift .,medcaus.csv,6170,1,[],['as a result'],explicit,"[('the enantiomeric shift', 'Dexlansoprazole is an enantiomerically pure active ingredient of a commercial drug')]",No
"""Hopes of totally controlling the disease have been dramatically dampened because of a number of factors , including the difficulty of developing an effective vaccine , the expensive and time - consuming diagnostic process , the necessity of many months of treatment , the increase in HIV - associated tuberculosis , and the emergence of drug - resistant cases in the 1980s .""",medcaus.csv,2447,1,[],['because'],explicit,"[('of a number of , including the difficulty of developing an effective , the expensive and - consuming diagnostic , the necessity of many months of , the increase in - associated , and the emergence of - resistant cases in the', '`` Hopes of totally controlling the disease have been dramatically')]",No
The chariot was revolutionary and effective because it delivered fresh warriors to crucial areas of battle with swiftness .,medcaus.csv,3404,1,[],['because'],explicit,"[('it delivered fresh warriors to crucial areas of battle with swiftness', 'The chariot was revolutionary and effective')]",No
"""This equation gives the approximate ideal radius of the plastic zone deformation beyond the crack tip , which is useful to many structural scientists because it gives a good estimate of how the material behaves when subjected to stress .""",medcaus.csv,8386,1,[],['because'],explicit,"[('because it gives a good estimate of how the material behaves when subjected to', '`` This equation gives the approximate ideal radius of the plastic zone deformation beyond the crack tip , which is useful to many structural')]",No
Refractive index gradients can be caused either by changes of temperature / pressure of the same fluid or by the variations of the concentration of components in mixtures and solutions .,medcaus.csv,7963,1,[],['caused'],explicit,"[('changes of temperature / pressure of the same fluid or by the variations of the concentration of components in mixtures and solutions', 'Refractive index gradients')]",No
"""Clindamycin accumulates in macrophages and other white blood cells , which can result in concentrations 50 times higher than plasma levels .""",medcaus.csv,8372,1,[],['result in'],explicit,"[('`` Clindamycin accumulates in macrophages and other white blood', 'in concentrations 50 times higher than plasma')]",No
"""The syndrome also causes increased risk of extraintestinal cancer such as that involving breast , ovary , cervix , fallopian tubes , thyroid , lung , gallbladder , bile ducts , pancreas , and testicles .""",medcaus.csv,8911,1,[],['causes'],explicit,"[('`` The', 'causes increased risk of extraintestinal cancer such as that involving breast , ovary , cervix , fallopian tubes , thyroid , lung , gallbladder , bile ducts , pancreas , and')]",No
"In the past , steel facilities would cast the raw steel product into ingots which would be stored until use in further refinement processes that resulted in the finished product .",medcaus.csv,14508,1,[],['resulted in'],explicit,"[('further refinement processes', 'the finished product')]",No
"""In 2013 , cocaine use directly resulted in 4,300 deaths , up from 2,400 in 1990 .""",medcaus.csv,7758,1,[],['resulted in'],explicit,"[('`` In , cocaine use', 'in 4,300')]",No
"""Less commonly , the epididymis , testicles , prostate , ovaries , fallopian tubes , uterus , or the vulva may be affected , the latter may cause vulva itchiness .""",medcaus.csv,2522,1,[],['cause'],explicit,"[(', the', 'cause vulva')]",No
"Certain frogs change colour between night and day , as light and moisture stimulate the pigment cells and cause them to expand or contract .",medcaus.csv,11743,1,[],['cause'],explicit,"[('light and moisture stimulate the pigment cells', 'them to expand or contract')]",No
"However , a decision by an American representative in the World Health Assembly banned the publication of the study , because it seemed to make a case for the positive uses of cocaine .",medcaus.csv,14738,1,[],['because'],explicit,"[('it seemed to make a case for the positive uses of cocaine', 'a decision by an American representative in the World Health Assembly banned the publication of the study')]",No
"""While vaginitis is an inflammation of the vagina , and is attributed to infection , hormonal issues , or irritants , vaginismus is an involuntary tightening of the vagina muscles during vaginal penetration that is caused by a conditioned reflex or disease .""",medcaus.csv,3585,1,[],['caused'],explicit,"[('by a conditioned reflex or', ', vaginismus is an involuntary tightening of the vagina muscles during vaginal')]",No
Osteochondromas do not result from injury and the exact cause remains unknown .,medcaus.csv,12887,1,[],['cause'],explicit,"[('injury', 'Osteochondromas')]",No
"A pinched nerve occurs when pressure is placed on a nerve , usually from swelling due to an injury , or pregnancy and can result in pain , weakness , numbness or paralysis , an example being carpal tunnel syndrome .",medcaus.csv,13777,1,[],"['due to', 'result in']",explicit,"[('A pinched nerve', 'pain , weakness , numbness or paralysis')]",No
Oxygen is generally the preferred electron acceptor because of the higher energy yield and because oxygen is required for some enzyme systems to initiate the degradation process .,medcaus.csv,9272,1,[],"['because', 'because']",explicit,"[('the higher energy yield and oxygen is required for some enzyme systems to initiate the degradation process', 'Oxygen is generally the preferred electron acceptor')]",No
Excessive use will cause nausea and vomiting .,medcaus.csv,10151,1,[],['cause'],explicit,"[('Excessive use', 'nausea and vomiting')]",No
"""However , because agriculture has to compete for increasingly scarce water resources with industry and municipal users ( see Water scarcity below ) , there is often no alternative for farmers but to use water polluted with urban waste , including sewage , directly to water their crops .""",medcaus.csv,4842,1,[],['because'],explicit,"[('because agriculture has to compete for increasingly scarce water resources with industry and municipal', 'often no alternative for farmers but to use water polluted with urban to water their')]",No
The theory holds that an amyloid - related mechanism that prunes neuronal connections in the brain in the fast - growth phase of early life may be triggered by ageing - related processes in later life to cause the neuronal withering of Alzheimer 's disease .,medcaus.csv,431,1,[],['cause'],explicit,"[('The theory holds that an amyloid related mechanism that prunes neuronal connections in the brain in the fast growth phase of early life may be triggered by ageing - related processes in later life', ""the neuronal withering of Alzheimer 's disease"")]",No
"Male and female genitals have many nerve endings , resulting in pleasurable and highly sensitive touch .",medcaus.csv,13681,1,[],['resulting in'],explicit,"[('Male and female genitals have many nerve endings', 'pleasurable and highly sensitive touch')]",No
"""Churchill told the Irish Ambassador to London in 1946 , """" I said a few words in parliament the other day about your country because I still hope for a united Ireland .""",medcaus.csv,1508,1,[],['because'],explicit,"[('country because I still hope for a', ""'' '' I said a few words in parliament the other day about"")]",No
"""Some people consider Eskimo derogatory because it is widely perceived to mean """" eaters of raw meat """" in Algonquian languages common to people along the Atlantic coast .""",medcaus.csv,1938,1,[],['because'],explicit,"[(""because it is widely perceived to '' '' eaters of meat '' '' in Algonquian languages common to people along"", '`` Some people consider Eskimo')]",No
Healthy people usually do not suffer ( severely ) from superficial infections caused by a local alteration in cellular immunity as seen by asthma patients that use oral corticosteroids .,medcaus.csv,11121,1,[],['caused'],explicit,"[('a local alteration in cellular immunity', 'superficial infections')]",No
"However , several allelic polymorphic variants of this region occur , the most common of which results from adding another dinucleotide repeat TA to the promoter region , resulting in A(TA)7TAA , which is called UGT1A1",medcaus.csv,12203,1,[],['resulting in'],explicit,"[('adding another dinucleotide repeat TA to the promoter region', 'the most common of which')]",No
No evidence shows regular allergy testing results in identification of a problem or relief for people with chronic hives .,medcaus.csv,2007,1,[],['results in'],explicit,"[('No evidence shows regular allergy testing', 'identification of a problem or relief for people with chronic hives')]",No
The continual rhythmic discharge generates a wavelike movement of electrical ripples that stimulate the smooth muscles of the myocardium and cause rhythmic contractions to progress from top to bottom of the heart .,medcaus.csv,13575,1,[],['cause'],explicit,"[('wavelike movement of electrical ripples that stimulate the smooth muscles of the myocardium', 'rhythmic contractions to progress from top to bottom of the heart')]",No
"""Some forms of cancer can cause SIADH , particularly small cell lung carcinoma but also a number of other tumors .""",medcaus.csv,88,1,[],['cause'],explicit,"[('`` Some forms of', 'cause particularly small cell lung carcinoma but also a number of other')]",No
This constituted a plausibility result in computability theory .,medcaus.csv,949,1,[],['result in'],explicit,"[('This constituted a plausibility', 'computability theory')]",No
"""He was n't interested in creating socialist martyrs , rather he sought acquittal or an appropriate punishment , which caused him some conflicts with the Rote Hilfe and the KPD .""",medcaus.csv,4354,1,[],['caused'],explicit,"[('rather he sought acquittal or an appropriate', 'him some conflicts with the Rote Hilfe and the')]",No
"""This study was a meta - analysis , and demonstrated harm mainly in short - acting forms of nifedipine ( that could cause large fluctations in blood pressure ) and at high doses of 80 mg a day and more .""",medcaus.csv,6939,1,[],['cause'],explicit,"[('demonstrated harm mainly in short - acting forms of', 'large fluctations in blood')]",No
Holographic interferometry was discovered by accident as a result of mistakes committed during the making of holograms .,medcaus.csv,8157,1,[],['as a result'],explicit,"[('mistakes committed during the making of holograms', 'Holographic interferometry was discovered by accident')]",No
Spermatophore storage results in sperm competition ; which states that the female controls which mate fertilizes the eggs .,medcaus.csv,7513,1,[],['results in'],explicit,"[('Spermatophore storage', 'sperm competition')]",No
"""Although CLE may be caused by abnormal development of airways ( bronchi , for example ) or compression of airways by nearby tissues , no cause is identified in half of cases .""",medcaus.csv,7280,1,[],"['caused', 'cause']",explicit,"[('by abnormal development of airways -LRB- bronchi , for example -RRB- or compression of airways by nearby', '`` Although')]",No
Movement of these quills causes the tips to rub together and create a high frequency sound .,medcaus.csv,10465,1,[],['causes'],explicit,"[('Movement of these quills', 'the tips to rub together and create a high frequency sound')]",No
"Many frogs are able to absorb water and oxygen directly through the skin , especially around the pelvic area , but the permeability of a frog 's skin can also result in water loss .",medcaus.csv,11740,1,[],['result in'],explicit,"[(""the permeability of a frog 's skin"", 'water loss')]",No
Weight gain can also be caused by some steroid medications .,medcaus.csv,14976,1,[],['caused'],explicit,"[('some steroid medications', 'Weight gain')]",No
"""The erupted mass was 100 times greater than that of the largest volcanic eruption in recent history , including the 1815 eruption of Mount Tambora in Indonesia , which caused the 1816 """" Year Without a Summer """" in the Northern Hemisphere .""",medcaus.csv,7580,1,[],['caused'],explicit,"[('the 1815 eruption of Mount Tambora in', ""caused the 1816 '' '' Year Without a Summer '' '' in"")]",No
"""On August 3 , 1905 at San Francisco , California , Elizabeth Fleischman , American X - ray pioneer , died from complications as a result of her work with X - rays .""",medcaus.csv,778,1,[],['as a result'],explicit,"[('of her work with -', ', died from')]",No
This leads to issues with drug delivery because many drugs will be delivered to the tumor by the circulatory system .,medcaus.csv,14999,1,[],"['leads to', 'because']",explicit,"[('many drugs will be delivered to the tumor by the circulatory system', 'This leads to issues with drug delivery')]",No
"Although it is self - limiting , epiploic appendagitis can cause severe pain and discomfort .",medcaus.csv,12962,1,[],['cause'],explicit,"[('epiploic appendagitis', 'severe pain and discomfort')]",No
"""It can be caused by hallucinogenic drugs such as LSD and mescalin , epileptic auras , and sometimes migraines .""",medcaus.csv,7841,1,[],['caused'],explicit,"[('by hallucinogenic drugs such as LSD and mescalin , epileptic auras , and sometimes', '``')]",No
"""Evangelista Torricelli produced the first laboratory vacuum in 1643 , and other experimental techniques were developed as a result of his theories of atmospheric pressure .""",medcaus.csv,9961,1,[],['as a result'],explicit,"[('of his theories of atmospheric', '`` Evangelista Torricelli produced the first laboratory vacuum in 1643 , and other experimental techniques were')]",No
"""IARC also classified red meat as """" probably carcinogenic to humans ( Group 2A ) , based on limited evidence that the consumption of red meat causes cancer in humans and strong mechanistic evidence supporting a carcinogenic effect . """"""",medcaus.csv,8106,1,[],['causes'],explicit,"[('-RRB- , based on limited evidence that the consumption of red meat causes cancer', ""`` also classified red meat as '' '' probably carcinogenic"")]",No
"It has been shown that Butyrate inhibits activity of HDAC1 that is bound to the Fas gene promoter in T cells , resulting in hyperacetylation of the Fas promoter and upregulation of Fas receptor on the T cell surface .",medcaus.csv,12629,1,[],['resulting in'],explicit,"[('Butyrate inhibits activity of HDAC1 that is bound to the Fas gene promoter in T cells', 'hyperacetylation of the Fas promoter and upregulation of Fas receptor on the T cell surface')]",No
It may also occur in great toenails as a result of trauma from footwear .,medcaus.csv,12637,1,[],['as a result'],explicit,"[('trauma from footwear', 'It may also occur in great toenails')]",No
Malfunction in heparin sulfate synthesis causes chondrocytes to rapidly differentiate .,medcaus.csv,12903,1,[],['causes'],explicit,"[('Malfunction in heparin sulfate synthesis', 'chondrocytes to rapidly differentiate')]",No
"Excluding loop diuretic use , the usual situation that causes a reduction in reabsorption of NaCl via the NKCC2 at the macula densa is a low tubular lumen concentration of NaCl .",medcaus.csv,14109,1,[],['causes'],explicit,"[('the usual situation', 'a reduction in reabsorption of NaCl via the NKCC2 at the macula densa')]",No
Vitamin C deficiency results in scurvy when plasma concentrations fall below 0.2 mg / dL.,medcaus.csv,13382,1,[],['results in'],explicit,"[('Vitamin C deficiency', 'scurvy')]",No
Sometimes dental materials or certain medications can cause a lichenoid reaction .,medcaus.csv,12854,1,[],['cause'],explicit,"[('dental materials or certain medications', 'a lichenoid reaction')]",No
This happens because the surface of the core acts like a perfect mirror and the angle of the light is always larger than the critical angle .,medcaus.csv,11436,1,[],['because'],explicit,"[('the surface of the core acts like a perfect mirror and the angle of the light is always larger than the critical angle', 'This happens')]",No
A disruption of the growing phase causes abnormal loss of anagen hairs ( anagen effluvium ) .,medcaus.csv,5961,1,[],['causes'],explicit,"[('A disruption of the growing phase', 'abnormal loss of anagen hairs -LRB- anagen effluvium -RRB-')]",No
"Product commercially known as SpayVac , a single injection causes a treated female mammal to produce antibodies that bind to ZP3 on the surface of her ovum , blocking sperm from fertilizing it for periods from 22 months up to 7 years ( depending on the animal ) .",medcaus.csv,14047,1,[],['causes'],explicit,"[('a single injection', 'a treated female mammal to produce antibodies that bind to ZP3 on the surface of her ovum')]",No
"""However , peritonitis may also be caused by the rare case of a sterile foreign body inadvertently left in the abdomen after surgery ( e.g. , gauze , sponge ) .""",medcaus.csv,6065,1,[],['caused'],explicit,"[('by the rare case of a sterile foreign body inadvertently left in the abdomen after surgery -LRB- e.g. , gauze , sponge -RRB-', ', peritonitis may also')]",No
"""The interaction between the SRK and SCR / SP11 proteins results in autophosphorylation of the intracellular kinase domain of SRK , and a signal is transmitted into the papilla cell of the stigma .""",medcaus.csv,4735,1,[],['results in'],explicit,"[('`` The interaction between the SRK and SCR / SP11', 'in autophosphorylation of the intracellular kinase domain of')]",No
Some species can cause infection in humans and other animals .,medcaus.csv,9008,1,[],['cause'],explicit,"[('Some species', 'infection in humans and other animals')]",No
"""For example , they participate in the formation of granulomas , inflammatory lesions that may be caused by a large number of diseases .""",medcaus.csv,4633,1,[],['caused'],explicit,"[('by a large number of', 'in the formation of granulomas , inflammatory')]",No
"""In a study with recreational users of sedative and hypnotic drugs , a 450 mg dose of pregabalin resulted in subjective ratings of a """" good drug effect """" and """" high """" and """" liking """" similar to 30 mg of diazepam .""",medcaus.csv,13370,1,[],['resulted in'],explicit,"[(', a 450 mg dose of', ""in subjective ratings of a '' '' good drug effect '' '' and '' '' high '' '' and '' '' liking ''"")]",No
"""Nevertheless , the quality of this reasoning depends on knowledge , because a well - informed mind will be more capable of making good choices , and it also depends on mental condition .""",medcaus.csv,4705,1,[],['because'],explicit,"[('because a well - informed mind will be more capable of making good', ', the quality of this reasoning depends on')]",No
"""Pollen is shed on the style while still in the bud , and in the species and early hybrids some is also found on the stigma because of the high position of the anther , which means that they are self - pollinating .""",medcaus.csv,1948,1,[],['because'],explicit,"[('of the high position of the', '`` Pollen is shed on the style while still in the , and in the species and early hybrids some is also found on the')]",No
"Indeed , it has recently been argued that low protein diets cause poor bone health .",medcaus.csv,12811,1,[],['cause'],explicit,"[('low protein diets', 'poor bone health')]",No
The cause of biliary atresia in Egyptian infants has been proved to be result of aflatoxin induced cholangiopathy acquired prenatally in infants who have glutathione S transferase M1 deficiency .,medcaus.csv,1293,1,[],['cause'],explicit,"[('aflatoxin induced cholangiopathy acquired prenatally in infants who have glutathione S transferase M1 deficiency', 'biliary atresia in Egyptian infants')]",No
Rare human mutations can cause accelerated aging diseases .,medcaus.csv,7170,1,[],['cause'],explicit,"[('Rare human mutations', 'accelerated aging diseases')]",No
Plato continued saying rhetoric is not an art but an experience because it fails to explain the nature of its own application .,medcaus.csv,11075,1,[],['because'],explicit,"[('it fails to explain the nature of its own application', 'rhetoric is not an art but an experience')]",No
"""S2 may split into two distinct sounds , either as a result of inspiration or different valvular or cardiac problems .""",medcaus.csv,9199,1,[],['as a result'],explicit,"[('of inspiration or different valvular or cardiac', '`` S2 may split into two distinct')]",No
"""The largest part of the heart is usually slightly offset to the left side of the chest ( though occasionally it may be offset to the right ) and is felt to be on the left because the left heart is stronger and larger , since it pumps to all body parts .""",medcaus.csv,9161,1,[],"['because', 'since']",explicit,"[('because the left heart is stronger and', '`` The largest part of the heart is usually slightly offset to the left side of the -RRB- and is felt to be on the')]",No
"An inflammatory condition , also involving the larynx and bronchi , called croup can result in a barking cough .",medcaus.csv,14094,1,[],['result in'],explicit,"[('An inflammatory condition , also involving the larynx and bronchi , called croup', 'in a barking cough')]",No
This is supplemented by testing for the two genes in which pathogenic variants are known to cause HMO namely EXT1 and EXT2 .,medcaus.csv,13644,1,[],['cause'],explicit,"[('the two genes in which pathogenic variants are known', 'HMO namely EXT1 and EXT2')]",No
"Differing outcomes in frequency of Cesarean section may be explained by differing institutions or their practitioners : epidural anesthesia and analgesia administered at top - rated institutions does not generally result in a clinically significant increase in caesarean rates , whereas the risk of caesarean delivery at poorly ranked facilities seems to increase with the use of epidural .",medcaus.csv,13166,1,[],['result in'],explicit,"[('epidural anesthesia and analgesia administered at top - rated institutions', 'a clinically significant increase in caesarean rates')]",No
It has been speculated that the RNA to DNA transcription processes used by retroviruses may have first caused DNA to be used as genetic material .,medcaus.csv,13792,1,[],['caused'],explicit,"[('the RNA to DNA transcription processes used by retroviruses', 'DNA to be used as genetic material')]",No
An increase in cumulus cell number causes a concomitant increase in antrum fluid volume that can swell the follicle to over 20 mm in diameter .,medcaus.csv,3266,1,[],['causes'],explicit,"[('An increase in cumulus cell number', 'a concomitant increase in antrum fluid volume that can swell the follicle to over 20 mm in diameter')]",No
Lung cancer is largely caused by tobacco smoke .,medcaus.csv,1037,1,[],['caused'],explicit,"[('tobacco smoke', 'Lung cancer is largely')]",No
"""It causes , and manifests as , a humoral immune deficiency .""",medcaus.csv,1407,1,[],['causes'],explicit,"[('``', ', a humoral immune')]",No
"""Cilia are also responsible for clearing mucus from the lung , and the dysfunction causes increased susceptibility to lung infections .""",medcaus.csv,3472,1,[],['causes'],explicit,"[('and the', 'causes increased susceptibility to lung')]",No
"""The cholinergic hypothesis has not maintained widespread support , largely because medications intended to treat acetylcholine deficiency have not been very effective .""",medcaus.csv,427,1,[],['because'],explicit,"[('because medications intended to treat acetylcholine deficiency have not been very', '`` The cholinergic hypothesis has not maintained widespread')]",No
Subsequent surveys resulted in the establishment of a national leprosy registry to study the causes of leprosy and for tracking of the rate of infection .,medcaus.csv,12107,1,[],"['resulted in', 'causes']",explicit,"[('Subsequent surveys', 'the establishment of a national leprosy registry to study the causes of leprosy')]",No
"""Reports of two - headed kittens are common , relative to other animals , because of their status as household pets .""",medcaus.csv,267,1,[],['because'],explicit,"[('`` Reports of - headed kittens are , relative to other', 'because of their status as household')]",No
"""Heartbeat detection is commonly used because of its ability discern an individual 's performance above chance levels , so - called """" good detectors . """"""",medcaus.csv,565,1,[],['because'],explicit,"[(""of its ability discern an individual 's performance above chance , - '' ''"", '`` Heartbeat detection is commonly')]",No
"As a result of the country 's entry to the European Community , much of its agricultural infrastructure has been upgraded and agricultural output increased .",medcaus.csv,10301,1,[],['As a result'],explicit,"[(""the country 's entry to the European Community"", 'much of its agricultural infrastructure has been upgraded and agricultural output increased')]",No
"""Lat paid attention to family life and children because of his idolisation of Raja Hamzah , a senior cartoonist who was also popular in the 1960s with his comics about swashbuckling heroes .""",medcaus.csv,4123,1,[],['because'],explicit,"[('of his idolisation of Raja Hamzah , a senior cartoonist who was also popular in the 1960s with his comics about swashbuckling', '`` Lat paid attention to family life and')]",No
"""Many biochemical or cellular processes deviate significantly from these conditions , because of macromolecular crowding and constrained molecular movement .""",medcaus.csv,8932,1,[],['because'],explicit,"[('of macromolecular crowding and constrained molecular', '`` Many biochemical or cellular processes deviate significantly from these')]",No
Dysfunction is caused when the tumor compresses the normal kidney parenchyma .,medcaus.csv,7328,1,[],['caused'],explicit,"[('when the tumor compresses the normal kidney parenchyma', 'Dysfunction')]",No
Abrasion or corrasion is caused by waves launching sea load at the cliff .,medcaus.csv,6080,1,[],['caused'],explicit,"[('waves launching sea load at the cliff', 'Abrasion or corrasion')]",No
Others may represent compatible symbionts that remain as low - abundance background populations because of competitive inferiority under the prevailing external environmental conditions ( e.g.,medcaus.csv,7531,1,[],['because'],explicit,"[('competitive inferiority under the prevailing external environmental conditions', 'Others may represent compatible symbionts that remain as low - abundance background populations')]",No
The risks of maternal chorioamnionitis or fetal death as a result of the fetoscopic procedure run below 5 % .,medcaus.csv,4939,1,[],['as a result'],explicit,"[('the fetoscopic procedure run below 5 %', 'The risks of maternal chorioamnionitis or fetal death')]",No
"While a convenient category for newly discovered microfilariae which can not be assigned to a known species because the adults are unknown , it is seldom used today .",medcaus.csv,10845,1,[],['because'],explicit,"[('the adults are unknown', 'a convenient category for newly discovered microfilariae which can not be assigned to a known species')]",No
"""As this distinction does not change management or prognosis , but causes significant confusion due to alternate definitions and misunderstandings , it is generally established that pathophysiological discussions of """" dry """" versus """" wet """" drowning are not relevant to drowning care .""",medcaus.csv,11388,1,[],"['causes', 'due to']",explicit,"[('As this', 'causes significant confusion due to alternate definitions and')]",No
"""embolism : this can be caused by air , a thrombus , or fragment of a catheter breaking off and entering the venous system .""",medcaus.csv,866,1,[],['caused'],explicit,"[('by , a , or fragment of a catheter breaking off and entering the venous', '``')]",No
Fertilization of two different oocytes by two different spermatozoa results in fraternal twins .,medcaus.csv,3269,1,[],['results in'],explicit,"[('Fertilization of two different oocytes by two different spermatozoa', 'fraternal twins')]",No
The investigation ( including analyses of the products ) is still ongoing and the FDA does not know yet if the deaths and illnesses were caused by the products .,medcaus.csv,5726,1,[],['caused'],explicit,"[('the deaths and illnesses were caused by the products', 'The investigation -LRB- including analyses of the products -RRB- is still ongoing and the FDA does not know yet')]",No
Phenytoin may accumulate in the cerebral cortex over long periods of time which can cause atrophy of the cerebellum .,medcaus.csv,12300,1,[],['cause'],explicit,"[('Phenytoin may accumulate in the cerebral cortex over long periods of time which', 'atrophy of the cerebellum')]",No
"Smelting , using carbon to reduce iron oxides , results in an alloy ( pig iron ) that retains too much carbon to be called steel .",medcaus.csv,14497,1,[],['results in'],explicit,"[('Smelting , using carbon to reduce iron oxides', 'an alloy -LRB- pig iron -RRB- that retains too much carbon to be called steel')]",No
"Bites are usually not fatal , but do cause a significant amount of pain in addition to muscle spasms .",medcaus.csv,13253,1,[],['cause'],explicit,"[('Bites', 'a significant amount of pain in addition to muscle spasms')]",No
"""Edison , however , abandoned his researches in 1903 because of the health hazards that accompanied use of these early devices .""",medcaus.csv,9524,1,[],['because'],explicit,"[('of the health hazards that accompanied use of these early', '`` , abandoned his researches in')]",No
"""Accidental intravascular injections are more difficult with blunt - tip microcannulas , reducing the risk of skin necrosis , ulcers , and embolization to the retinal artery which can result in blindness .""",medcaus.csv,869,1,[],['result in'],explicit,"[('`` Accidental intravascular injections are more difficult with - tip , reducing the risk of skin , , and embolization to the retinal', 'in')]",No
"""This reaction results in disproportionation , producing a mixture of alcohol and carboxylic acid .""",medcaus.csv,1721,1,[],['results in'],explicit,"[('`` This', 'in')]",No
Subsequent damage occurs from vascular constriction and nerve compression due to uncontrolled fibrous tissue growth caused by radiation .,medcaus.csv,12427,1,[],"['due to', 'caused']",explicit,"[('radiation', 'fibrous tissue growth')]",No
"About 6 to 19 per 1,000 cause a moderate to severe degree of problems .",medcaus.csv,14612,1,[],['cause'],explicit,"[('About 6 to 19 per 1,000', 'a moderate to severe degree of problems')]",No
"The Avengers of Earth became involved in the conflict when the Shi'ar opened a wormhole in Earth 's solar system to gain rapid access to Kree territory , unconcerned about the damage that would be caused to Earth 's Sun as a result .",medcaus.csv,12319,1,[],"['caused', 'as a result']",explicit,"[(""the Shi'ar opened a wormhole in Earth 's solar system to gain rapid access to Kree territory"", ""the damage that would be caused to Earth 's Sun"")]",No
"Infection is caused by a lack of sterilization , but at that time it was believed to be caused by use of the wrong needle , or needling in the wrong place , or at the wrong time .",medcaus.csv,14427,1,['believed'],"['caused', 'caused']",explicit,"[('a lack of sterilization', 'Infection')]",No
"""However , more recent research shows that cerebral softening in newborns and the degeneration of white matter is caused by asphyxia and/or later infection .""",medcaus.csv,8664,1,[],['caused'],explicit,"[('by asphyxia and/or later', 'that cerebral softening in newborns and the degeneration of white')]",No
"""The safety and effectiveness of these new agents are still uncertain , because they are based on the results of relatively small studies .""",medcaus.csv,2462,1,[],['because'],explicit,"[('because they are based on the results of relatively small', '`` The safety and effectiveness of these new agents are still')]",No
"""The evidence , however , is not convincing because of methodological shortcomings and inconsistencies . """"""",medcaus.csv,5717,1,[],['because'],explicit,"[('of methodological shortcomings and', '`` The evidence , however , is not')]",No
Horses sleep better when in groups because some animals will sleep while others stand guard to watch for predators .,medcaus.csv,34,1,[],['because'],explicit,"[('some animals will sleep while others stand guard to watch for predators', 'Horses sleep better when in groups')]",No
"""Cholecystokinin deficiency caused by celiac disease increases risk of gallstone formation , especially when diagnosis of celiac disease is delayed .""",medcaus.csv,5565,1,[],['caused'],explicit,"[('`` Cholecystokinin', 'by celiac disease increases risk of gallstone')]",No
"""Blocking sodium channels in the conduction system , as well as the muscle cells of the heart , raises the depolarization threshold , making the heart less likely to initiate or conduct early action potentials that may cause an arrhythmia .""",medcaus.csv,1988,1,[],['cause'],explicit,"[('`` Blocking sodium channels in the conduction , as well as the muscle cells of the , raises the depolarization , making the heart less likely to initiate or conduct early action', 'cause an')]",No
"""The inflammation causes pain , often described as sharp or stabbing , located on the left , right , or central regions of the abdomen .""",medcaus.csv,7293,1,[],['causes'],explicit,"[('`` The', 'causes')]",No
Rest includes both physical and cognitive rest until symptoms clear and a gradual return to normal activities at a pace that does not cause symptoms to worsen is recommended .,medcaus.csv,12786,1,[],['cause'],explicit,"[('normal activities at a pace that', 'symptoms to worsen')]",No
"Black hairy tongue - some factors thought to cause black hairy tongue are environmental , such as eating a soft diet , poor oral hygiene , smoking and antibiotic use .",medcaus.csv,14294,1,[],['cause'],explicit,"[('some factors such as eating a soft diet , poor oral hygiene , smoking and antibiotic use', 'black hairy tongue')]",No
This is because the brain is situated at the superior part of the head whereas the nose is situated in the anterior part .,medcaus.csv,8223,1,[],['because'],explicit,"[('the brain is situated at the superior part of the head whereas the nose is situated in the anterior part', 'This')]",No
It is also noteworthy that the presence of athetosis in cerebral palsy ( as well as other conditions ) causes a significant increase in a person,medcaus.csv,4013,1,[],['causes'],explicit,"[('the presence of athetosis in cerebral palsy as well as other conditions', 'a significant increase in a person')]",No
"""In 4,560 women , after 35 months , the administration of exemestane at a dose of 25 mg / day resulted in a 65 % reduction in the risk of breast cancer compared with placebo ; annual incidence rates were 0.19 % and 0.55 % , respectively ( hazard ratio : 0.35 ; 95 % CI [ 0.18 - 0.70 ] ; p = 0.002 ) .""",medcaus.csv,6580,1,[],['resulted in'],explicit,"[(', the administration of exemestane at a dose of 25 mg /', 'in a 65 reduction in the risk of breast')]",No
"""Depending on the procedure and the technology , a single dental X - ray of a human results in an exposure of 0.5 to 4 mrem .""",medcaus.csv,802,1,[],['results in'],explicit,"[(', a single dental - ray of a', 'in an exposure of 0.5 to 4')]",No
"""Massage has been shown to decrease cortisol levels , and cause a rise in dopamine and serotonin .""",medcaus.csv,1086,1,[],['cause'],explicit,"[('`` Massage has been shown to decrease cortisol', 'cause a rise in dopamine and')]",No
"For those who were on double antiplatelet agents for indwelling stent in blood vessels , both antiplatelet agents should not be stopped because there is high risk of stent thrombosis .",medcaus.csv,13726,1,[],['because'],explicit,"[('there is high risk of stent thrombosis', 'For those who were on double antiplatelet agents for indwelling stent in blood vessels , both antiplatelet agents should not be stopped')]",No
News sources reported that government officials theorized that this strange phenomenon may have been caused by a shift in the soil underneath the lake that allowed its water to drain through channels leading to the Oka River .,medcaus.csv,3801,1,[],"['caused', 'leading to']",explicit,"[('a shift in the soil underneath the lake that allowed its water to drain through channels leading to the Oka River', 'this strange phenomenon')]",No
"""For example , an open real interval X = ( 0 , 1 ) is not compact because its hyperreal extension * ( 0,1 ) contains infinitesimals , which are infinitely close to 0 , which is not a point of X.""",medcaus.csv,3881,1,[],['because'],explicit,"[('because its hyperreal extension -LRB- -RRB- contains , which are infinitely close to , which is not a point of', ', an open real interval X -LRB- , -RRB- is not')]",No
"""In this instance , neoteny is present because there is no need for the males to molt early and it would be a waste of energy for them to try to mate while the females are still immature .""",medcaus.csv,7858,1,[],['because'],explicit,"[('because there is no need for the males to molt early and it would be a waste of energy for them to try to mate while the females are still', '`` In this instance , neoteny is')]",No
"""In compiled languages , the same compiler used to compile programs may be embedded in programs using the eval function ; separate interpreters are sometimes used , though this results in code duplication .""",medcaus.csv,7456,1,[],['results in'],explicit,"[('the same compiler used to compile programs may be embedded in programs using the eval function ; separate interpreters are sometimes', 'in code')]",No
"""It may occur spontaneously in nature , or as a result of exposure to mutagens .""",medcaus.csv,3619,1,[],['as a result'],explicit,"[('of exposure to', '`` It may')]",No
"It involves the concept of purinergic signaling , in which an increased distal tubular sodium chloride concentration causes a basolateral release of adenosine from the macula densa cells .",medcaus.csv,14102,1,[],['causes'],explicit,"[('an increased distal tubular sodium chloride concentration', 'a basolateral release of adenosine from the macula densa cells')]",No
"""One cause of hyperthyroidism in cats is the presence of benign tumors , but the reason these cats develop such tumors continues to be studied .""",medcaus.csv,4042,1,[],['cause'],explicit,"[('is the presence of benign', 'of hyperthyroidism in')]",No
The hepatic endodermal cells undergo a morphological transition from columnar to pseudostratified resulting in thickening into the early liver bud .,medcaus.csv,14620,1,[],['resulting in'],explicit,"[('The hepatic endodermal cells undergo a morphological transition from columnar to pseudostratified', 'thickening into the early liver bud')]",No
"""Beatmakers who own DAWs do not have to buy all the hardware that a recording studio needed in the 1980s ( huge 72 channel audio consoles , multitrack recorders , racks of rackmount effects units ) , because 2010-era DAWs have everything they need to make""",medcaus.csv,9882,1,[],['because'],explicit,"[('because 2010-era DAWs have everything they need to', '`` Beatmakers who own DAWs do not have to buy all the hardware that a recording studio needed in the')]",No
"""Factors that can cause the fungus to become more visible include high humidity , as well as immune or hormone abnormalities .""",medcaus.csv,1314,1,[],['cause'],explicit,"[('``', 'cause the fungus to become more visible include high')]",No
Refrigerator mother theory is a discarded theory that autism is caused by a lack of maternal warmth .,medcaus.csv,3808,1,[],['caused'],explicit,"[('a lack of maternal warmth', 'Refrigerator mother theory is a discarded theory that autism')]",No
"""However , this is not the case for nerves and blood vessels around the tooth , because of different rates of development .""",medcaus.csv,1881,1,[],['because'],explicit,"[('of different rates of', ', this is not the case for nerves and blood vessels around the')]",No
"Thinning allows the best trees to grow much faster , because it prevents weaker trees from competing for sunlight , water , and nutrients .",medcaus.csv,14471,1,[],['because'],explicit,"[('it prevents weaker trees from competing for sunlight , water , and nutrients', 'Thinning allows the best trees to grow much faster')]",No
"""One Cynic , Peregrinus Proteus , lived for a time as a Christian before converting to Cynicism , whereas in the 4th century , Maximus of Alexandria , although a Christian , was also called a Cynic because of his ascetic lifestyle .""",medcaus.csv,6740,1,[],['because'],explicit,"[('of his ascetic', ', Maximus of , was also called a')]",No
"It is a reagent used in organic synthesis because of a combination of convenient properties : volatility , solubility in organic solvents , and its strength as an acid .",medcaus.csv,14661,1,[],['because'],explicit,"[('a combination of convenient properties : volatility , solubility in organic solvents , and its strength as an acid', 'It is a reagent used in organic synthesis')]",No
"""Prior to haematopoietic stem cell transplantation , radiation or chemotherapy results in damage and activation of host tissues , especially intestinal mucosa .""",medcaus.csv,8623,1,[],['results in'],explicit,"[(', radiation or', 'in damage and activation of host')]",No
"""Jupiter 's large moon Io is volcanically active , and as a result sulfur deposits have accumulated on the surface .""",medcaus.csv,3803,1,[],['as a result'],explicit,"[(""`` Jupiter 's large moon Io is volcanically"", 'result sulfur deposits have accumulated on the')]",No
"At the show jumping events of the 2008 Summer Olympics , four horses tested positive for the substance , which resulted in disqualification .",medcaus.csv,10754,1,[],['resulted in'],explicit,"[('four horses tested positive for the substance', 'disqualification')]",No
"Other conditions that are closely linked to cerebellar degeneration include the idiopathic progressive neurological disorders multiple system atrophy and Ramsay Hunt syndrome type I , and the autoimmune disorder paraneoplastic cerebellar degeneration , in which tumors elsewhere in the body elicit an autoimmune response that causes neuronal loss in the cerebellum .",medcaus.csv,10353,1,[],['causes'],explicit,"[('tumors elsewhere in the body elicit an autoimmune response', 'neuronal loss in the cerebellum')]",No
"""Subsequently , as a result of this announcement , Rentech stock ( RTK ) dropped 44 % , initiating legal action of investors .""",medcaus.csv,7729,1,[],['as a result'],explicit,"[('of this', ', Rentech stock -LRB- RTK -RRB- dropped 44 % , initiating legal action of')]",No
The difference in mechanism of action between methylphenidate and amphetamine results in methylphenidate inhibiting amphetamine 's effects on monoamine transporters when they are co - administered .,medcaus.csv,9438,1,[],['results in'],explicit,"[('The difference in mechanism of action between methylphenidate and amphetamine', ""methylphenidate inhibiting amphetamine 's effects on monoamine transporters when they are co - administered"")]",No
"""( Uranus and Neptune were also Greek and Roman gods , but neither planet was known in Antiquity because of their low brightness .""",medcaus.csv,2319,1,[],['because'],explicit,"[('of their low', 'but neither planet was known in')]",No
"""Although most people find it unpleasant , being tickled often causes heavy laughter , thought to be an ( often uncontrollable ) reflex of the body .""",medcaus.csv,5315,1,[],['causes'],explicit,"[(', being tickled', 'causes heavy')]",No
"An increase in the number of frogs eaten by birds may actually increase the likelihood of parasitism of other frogs , because the trematode 's complex lifecycle includes the ramshorn snail and several intermediate hosts such as birds .",medcaus.csv,11779,1,[],['because'],explicit,"[(""the trematode 's complex lifecycle includes the ramshorn snail and several intermediate hosts such as birds"", 'An increase in the number of frogs eaten by birds may actually increase the likelihood of parasitism of other frogs')]",No
"""They are classified as """" type I """" and are more severe in their propensity to cause thrombosis .""",medcaus.csv,1160,1,[],['cause'],explicit,"[(""`` They are classified '' '' I '' '' and are more severe"", 'propensity')]",No
A chief mechanism for widespread reef degradation has been stress - induced coral bleaching caused by unusually high seawater temperature .,medcaus.csv,7527,1,[],['caused'],explicit,"[('unusually high seawater temperature', 'been stress - induced coral bleaching')]",No
"Especially , for the immune system to cause inflammatory response anywhere in the central nervous system , the cells from the immune system must pass through the blood brain barrier .",medcaus.csv,12722,1,[],['cause'],explicit,"[('the immune system', 'inflammatory response anywhere in the central nervous system')]",No
"""One such trait is dwarfism ; another is the doppelender or """" double muscling """" condition , which causes muscle hypertrophy and thereby increases the animal 's commercial value .""",medcaus.csv,8078,1,[],['causes'],explicit,"[(""the doppelender or '' '' double muscling"", ', which causes muscle hypertrophy and thereby increases the animal')]",No
"""In almost all extant insects , the precosta is fused with the costa ; the costa rarely ever branches because it is at the leading edge , which is associated at its base with the humeral plate .""",medcaus.csv,6360,1,[],['because'],explicit,"[('because it is at the leading edge , which is associated at its base with the humeral', '`` In almost all extant insects , the precosta is fused with the costa ; the costa rarely ever')]",No
The heterogonic life cycle is advantageous to the parasite because it allows reproduction for one or more generations in the absence of a host .,medcaus.csv,9920,1,[],['because'],explicit,"[('it allows reproduction for one or more generations in the absence of a host', 'The heterogonic life cycle is advantageous to the parasite')]",No
Insufficient intake of both vitamin A and B results in fragile nails with horizontal and vertical ridges .,medcaus.csv,10900,1,[],['results in'],explicit,"[('Insufficient intake of both vitamin A and B', 'fragile nails with horizontal and vertical ridges')]",No
A CSF culture examination may yield the microorganism that caused the infection .,medcaus.csv,3500,1,[],['caused'],explicit,"[('A CSF culture examination may yield the microorganism', 'the infection')]",No
"Cholera is caused by a number of types of Vibrio cholerae , with some types producing more severe disease than others .",medcaus.csv,11201,1,[],['caused'],explicit,"[('a number of types of Vibrio cholerae', 'Cholera')]",No
"This effect might be caused by intense training suppressing menstruation , producing amenorrhea , and it is part of the female athlete triad .",medcaus.csv,12813,1,[],['caused'],explicit,"[('intense training suppressing menstruation', 'This effect')]",No
"However , if both a and b are 0 , this formula would cause division by zero ; lcm(0 , 0 ) = 0 is a special case .",medcaus.csv,12350,1,[],['cause'],explicit,"[('this formula', 'division zero')]",No
"""Land improvement and land development are general terms that in some contexts may include infrastructure , but in the context of a discussion of infrastructure would refer only to smaller scale systems or works that are not included in infrastructure , because they are typically limited to a single parcel of land , and are owned and operated by the land owner .""",medcaus.csv,8748,1,[],['because'],explicit,"[('because they are typically limited to a single parcel of', '`` Land improvement and land but in the context of a discussion of infrastructure would refer only to smaller scale systems or works that are not included in')]",No
"The equatorial segment is the last phase of the break - up , but , because it is located on the Equator , magnetic anomalies can not be used for dating .",medcaus.csv,13020,1,[],['because'],explicit,"[('it is located on the Equator', 'magnetic anomalies can not be used for dating')]",No
"The most common reservoir of the disease is rats because nearly all domestic and wild rats are colonized by the causative bacterial agent , Streptobacillus moniliformis .",medcaus.csv,10054,1,[],['because'],explicit,"[('nearly all domestic and wild rats are colonized by the causative bacterial agent , Streptobacillus moniliformis', 'The most common reservoir of the disease is rats')]",No
"""The disorder can also be caused secondary to a compression , co - morbid vascular disease , infection , or may be idiopathic with an unknown cause .""",medcaus.csv,270,1,[],"['caused', 'cause']",explicit,"[('to a , - morbid vascular , , or may be idiopathic with an unknown', '`` The disorder can')]",No
COPD [ especially chronic bronchitis ] may cause false readings .,medcaus.csv,2310,1,[],['cause'],explicit,"[('COPD especially chronic bronchitis', 'false readings')]",No
Age : should be taken into account for both prepubescent and the elderly because of hormonal changes .,medcaus.csv,5382,1,[],['because'],explicit,"[('hormonal changes', 'Age : should be taken into account for both prepubescent and the elderly')]",No
The inaction of this exchanger causes an increase in the intracellular calcium concentration that is available to the contractile proteins .,medcaus.csv,1039,1,[],['causes'],explicit,"[('The inaction of this exchanger', 'an increase in the intracellular calcium concentration that is available to the contractile proteins')]",No
"When prey ( plants ) are numerous their predators ( herbivores ) increase in numbers , reducing the prey population , which in turn causes predator number to decline .",medcaus.csv,12990,1,[],['causes'],explicit,"[('When prey -LRB- plants -RRB- are numerous their predators -LRB- herbivores -RRB- increase in numbers , reducing the prey population', 'predator number to decline')]",No
"""Initially , the ability of radiation and chemical mutagens to cause mutation was exploited to generate random mutations.""",medcaus.csv,3625,1,[],['cause'],explicit,"[(', the ability of radiation and chemical mutagens to cause mutation was', 'to generate random')]",No
"""Norepinephrine is stored in these vesicles until it is ejected into the synaptic cleft , typically after an action potential causes the vesicles to release their contents directly into the synaptic cleft through a process called exocytosis .""",medcaus.csv,8355,1,[],['causes'],explicit,"[('`` Norepinephrine is stored in these vesicles until it is ejected into the synaptic cleft , typically after an action', 'causes the vesicles to release their contents directly into the synaptic cleft through a process called')]",No
This amino acid protects the plants from predators such as insects and can cause illness in people if some types of legumes are eaten without processing .,medcaus.csv,5179,1,[],['cause'],explicit,"[('if some types of legumes are eaten without processing', 'can cause illness in people')]",No
"""It is unclear whether people with bruxism tend to notice problems with the bite because of their clenching and grinding habit , or whether these act as a causative factor in the development of the condition .""",medcaus.csv,6906,1,[],['because'],explicit,"[('of their clenching and grinding', 'whether people with bruxism tend to notice problems with the')]",No
"The genus Ricinus   also exists in zoology , and designates insects ( not ticks ) which are parasites of birds ; this is possible because the names of animals and plants are governed by different nomenclature codes .",medcaus.csv,11689,1,[],['because'],explicit,"[('the names of animals and plants are governed by different nomenclature codes', 'this is possible')]",No
"Still , because cardiovascular disease is relatively rare in the younger population , the impact of high cholesterol on health is still larger in older people .",medcaus.csv,10254,1,[],['because'],explicit,"[('cardiovascular disease is relatively rare in the younger population', 'the impact of high cholesterol on health is still larger in older people')]",No
"""In theory , other transport proteins such as albumin or transferrin could be used , but transthyretin is preferred because of its shorter half - life , although this means that its concentration more closely reflects recent dietary intake rather than overall nutritional status .""",medcaus.csv,3454,1,[],['because'],explicit,"[('of its shorter half -', ', other transport proteins such as albumin or transferrin could be , but transthyretin is')]",No
"""These western lands were of vital importance because they included the Ruhr Area , the centre of Germany 's fledgling industrialisation , especially in the arms industry .""",medcaus.csv,8639,1,[],['because'],explicit,"[('because they included the Ruhr', '`` These western lands were of vital')]",No
"""Saturation happens because , as substrate concentration increases , more and more of the free enzyme is converted into the substrate - bound ES complex .""",medcaus.csv,8930,1,[],['because'],explicit,"[(', more and more of the free enzyme is converted into the substrate - bound ES', '`` Saturation')]",No
"""It has been known to cause fat and muscle loss at an injection site , leaving a large divot bone deep .""",medcaus.csv,4345,1,[],['cause'],explicit,"[('`` It has been known', 'cause fat and muscle loss at an injection site , leaving a large divot bone')]",No
"The comorbidities were not simplified as an index because each comorbidity affected outcomes ( length of hospital stay , hospital changes , and mortality ) differently among different patients groups .",medcaus.csv,12488,1,[],['because'],explicit,"[('each comorbidity affected outcomes -LRB- length of hospital stay hospital changes , and mortality -RRB- differently among different patients groups', 'The comorbidities were not simplified as an index')]",No
This can result in effective forces even between hard spheres .,medcaus.csv,4224,1,[],['result in'],explicit,"[('This', 'effective forces even between hard spheres')]",No
"""Carried away by his emotions , Robert kisses """" Mimi """" because she seems just like Janet .""",medcaus.csv,1275,1,[],['because'],explicit,"[(""'' '' because she seems"", ""`` Carried away by his , Robert ''"")]",No
"""( it is ) only when plans for uniting Europe take a federal form that we can not take part , because we can not subordinate ourselves or the control of British policy to federal authorities"""".In 1956 , after retiring as Prime Minister""",medcaus.csv,1509,1,[],['because'],explicit,"[('because we can not subordinate ourselves or the control of British policy to federal', '-LRB- it -RRB- only when plans for uniting Europe take a federal form that we can not take')]",No
"""Although Thoroughbred race horses are put on the track as young as the age of two in some countries , horses specifically bred for sports such as dressage are generally not put under saddle until they are three or four years old , because their bones and muscles are not solidly developed .""",medcaus.csv,20,1,[],['because'],explicit,"[('because their bones and muscles are not solidly', ', dressage are generally not put under saddle until they are three or four years')]",No
"""Conversely , peat soils in a marsh can naturally burn and reverse this process to recreate a shallow lake resulting in a dynamic equilibrium between marsh and lake .""",medcaus.csv,3798,1,[],['resulting in'],explicit,"[(', peat soils in a marsh can naturally burn and reverse this process to recreate a shallow', 'in a dynamic equilibrium between marsh and')]",No
Accommodative esotropia is a form of strabismus caused by refractive error in one or both eyes .,medcaus.csv,5275,1,[],['caused'],explicit,"[('refractive error in one or both eyes', 'Accommodative esotropia is a form of strabismus')]",No
"""These can be activated by enzyme hydrolysis , which causes the sugar part to be broken off , making the chemical available for use .""",medcaus.csv,3291,1,[],['causes'],explicit,"[('by enzyme', 'causes the sugar part to be broken')]",No
Left atrial contraction ( left atrial systole ) ( during left ventricular diastole ) causes added blood to flow across the mitral valve immediately before left ventricular systole .,medcaus.csv,13451,1,[],['causes'],explicit,"[('Left atrial contraction -LRB- left atrial systole -RRB- -LRB- during left ventricular diastole -RRB-', 'added blood to flow across the mitral valve immediately before left ventricular systole')]",No
This classification was widely accepted but has also been criticized mainly because the underlying causes of epilepsy ( which are a major determinant of clinical course and prognosis ) were not covered in detail .,medcaus.csv,2055,1,[],"['because', 'causes']",explicit,"[('the underlying causes of epilepsy were not covered in detail', 'This classification was widely accepted but has also been criticized mainly')]",No
Because of this he changed his name to Talandar .,medcaus.csv,9820,1,[],['Because'],explicit,"[('this', 'he changed his name to Talandar')]",No
"""This results in both hyperuricemia and hyperuricosuria , associated with severe gout and kidney problems .""",medcaus.csv,9234,1,[],['results in'],explicit,"[('``', 'in both hyperuricemia and')]",No
The flash is caused by light from the Sun just below the horizon being bent ( usually through a temperature inversion ) towards the observer .,medcaus.csv,3129,1,[],['caused'],explicit,"[('light from the Sun just below the horizon being bent usually through a temperature inversion towards the observer', 'The flash')]",No
"""The IP3 causes the release of intracellular calcium , which spreads to neighboring cells via gap junctions creating a """" TGF calcium wave """" .""",medcaus.csv,14119,1,[],['causes'],explicit,"[('`` The', 'causes the release of intracellular')]",No
"Alcohol might increase GGT production by inducing hepatic microsomal production , or it might cause the leakage of GGT from hepatocytes .",medcaus.csv,12605,1,[],['cause'],explicit,"[('Alcohol', 'the leakage of GGT from hepatocytes')]",No
Scabies is caused by infection with the female mite Sarcoptes scabiei var .,medcaus.csv,1959,1,[],['caused'],explicit,"[('infection with the female mite Sarcoptes scabiei var', 'Scabies is')]",No
A negative Ames test result could suggest that the substance is not a mutagen and would not cause tumor formation in living organisms .,medcaus.csv,14335,1,[],['cause'],explicit,"[('the substance', 'tumor formation in living organisms')]",No
"""Absolute fluorescence sensitivity is generally lower in confocal microscopy because out - of - focus signals are rejected by the confocal optical system and because the image is built up serially from individual measurements at every location across the cell , reducing the amount of time available to collect signal .""",medcaus.csv,4480,1,[],"['because', 'because']",explicit,"[('because out - of - focus signals are rejected by the confocal optical because the image is built up serially from individual measurements at every location across the cell , reducing the amount of time available to collect', '`` Absolute fluorescence sensitivity is generally lower in confocal')]",No
"""Though creosote is used as a pesticide preservative , studies have shown that Limnoria is resistant to wood preservative pesticides and can cause small holes in the wood which creosote can then be secreted from .""",medcaus.csv,3170,1,[],['cause'],explicit,"[('that Limnoria is resistant to wood preservative', 'cause small holes in the wood which creosote can then be secreted')]",No
"In 2008 , a large clinical trial reported that , in apparently healthy adults with increased levels of the inflammatory biomarker high - sensitivity C - reactive protein but with low initial LDL , 20 mg / day of rosuvastatin for 1.9 years resulted in a 44 % reduction in the incidence of cardiovascular events and a 20 % reduction in all - cause mortality ; the effect was statistically significant for both genders .",medcaus.csv,10258,1,[],"['resulted in', 'cause']",explicit,"[('20 mg / day of rosuvastatin for 1.9 years', 'a 44 % reduction in the incidence of cardiovascular events and a 20 % reduction in all - cause mortality')]",No
"""One explanation offered in ancient times for why the Cynics were called """" dogs """" was because the first Cynic , Antisthenes , taught in the Cynosarges gymnasium at Athens .""",medcaus.csv,6729,1,[],['because'],explicit,"[(""'' was because the first Cynic , Antisthenes , taught in the Cynosarges"", ""`` One explanation offered in ancient times for why the Cynics were called '' ''"")]",No
Generally the Lemba have not been accepted as Jews because of their lack of matrilineal descent .,medcaus.csv,10612,1,[],['because'],explicit,"[('their lack of matrilineal descent', 'Generally the Lemba have not been accepted as Jews')]",No
This is because energy is the quantity which is canonical conjugate to time .,medcaus.csv,5628,1,[],['because'],explicit,"[('energy is the quantity which is canonical conjugate to time', 'This is')]",No
"""When the tannins are metabolized in cattle , the tannic acid produced can cause ulceration and kidney failure .""",medcaus.csv,6403,1,[],['cause'],explicit,"[('`` When the tannins are metabolized in cattle , the tannic acid', 'cause ulceration and kidney')]",No
"Collimators are used for X - ray , gamma - ray , and neutron imaging because it is not yet possible to focus these types of radiation into an image using lenses , as is routine with electromagnetic radiation at optical or near - optical wavelengths .",medcaus.csv,10988,1,[],['because'],explicit,"[('it is not yet possible to focus these types of radiation into an image using lenses', 'Collimators are used for X - ray , gamma - ray , and neutron imaging')]",No
"""Like many human diseases , environmental effects and genetic modifiers result in incomplete penetrance .""",medcaus.csv,424,1,[],['result in'],explicit,"[(', environmental effects and genetic', 'in incomplete')]",No
"""As a result of operation TKO , U.S. and Mexican authorities shut down the Mexico City company Laboratorios Ttokkyo , which was the biggest producer of ketamine in Mexico .""",medcaus.csv,6643,1,[],['As a result'],explicit,"[('of operation', ', U.S. and Mexican authorities shut down the Mexico City company Laboratorios')]",No
"Isomerization is more specific than older chemical methods of fructose production , resulting in a higher yield of fructose and no side products .",medcaus.csv,11709,1,[],['resulting in'],explicit,"[('Isomerization', 'a higher yield of fructose and no side products')]",No
The disparate village administrations of Apia has resulted in a lack of a unified and codified legislative approach to sewerage disposal .,medcaus.csv,12264,1,[],['resulted in'],explicit,"[('The disparate village administrations of Apia', 'a lack of a unified and codified legislative approach to sewerage disposal')]",No
"An estimated 33 % of persons with myocardial infarction in the United States do not present with chest pain , and carry a significantly higher mortality as a result of delayed treatment .",medcaus.csv,12246,1,[],['as a result'],explicit,"[('delayed treatment', 'An estimated 33 % of persons with myocardial infarction in the United States carry a significantly higher mortality')]",No
"Some English grammar rules were adopted from Latin , for example John Dryden is thought to have created the rule no sentences can end in a preposition because Latin can not end sentences in prepositions .",medcaus.csv,12653,1,[],['because'],explicit,"[('Latin can not end sentences in prepositions', 'no sentences can end in a preposition')]",No
"In 2013 , cocaine use directly resulted in 4,300 deaths , up from 2,400 in 1990 .",medcaus.csv,14688,1,[],['resulted in'],explicit,"[('cocaine use', '4,300 deaths')]",No
"Because of the structure of the cochlea and the basilar membrane , different frequencies of sound cause the maximum amplitudes of the waves to occur at different places on the basilar membrane along the coil of the cochlea .",medcaus.csv,11415,1,[],"['Because', 'cause']",explicit,"[('the structure of the cochlea and the basilar membrane', 'different frequencies of sound cause the maximum amplitudes of the waves to occur at different places on the basilar membrane along the coil of the cochlea')]",No
Agricultural workers are at increased risk for AKI because of occupational hazards such as dehydration and heat illness .,medcaus.csv,411,1,[],['because'],explicit,"[('occupational hazards such as dehydration and heat illness', 'Agricultural workers are at increased risk for AKI')]",No
"""Some vaccines used in livestock , most notably B. abortus strain 19 , also cause disease in humans if accidentally injected .""",medcaus.csv,6561,1,[],['cause'],explicit,"[('`` Some vaccines used in', 'cause disease in')]",No
"""At this stage , pollen inhibition is still reversible , and elongation can be resumed by applying certain manipulations , resulting in ovule fertilization .""",medcaus.csv,4732,1,[],['resulting in'],explicit,"[('by applying certain', 'in ovule')]",No
"Disruptions of submarine communications cables may cause blackouts or slowdowns to large areas , such as in the 2008 submarine cable disruption .",medcaus.csv,12712,1,[],['cause'],explicit,"[('Disruptions of submarine communications cables', 'blackouts or slowdowns to large areas')]",No
"""For anilines , the lone pair of electrons on nitrogen delocalises into the ring , resulting in decreased basicity .""",medcaus.csv,1793,1,[],['resulting in'],explicit,"[('`` For , the lone pair of electrons on nitrogen delocalises into the', 'in decreased')]",No
"""Borges , then suffering from depression caused by a failed romance , reluctantly accepted .""",medcaus.csv,1531,1,[],['caused'],explicit,"[('by a failed , reluctantly', '`` , then suffering from')]",No
A long - standing patella baja may result in extensor dysfunction .,medcaus.csv,1907,1,[],['result in'],explicit,"[('A long standing patella baja', 'extensor dysfunction')]",No
"For example , chronic exposure to low levels of dichlorvos , an organophosphate used as a pesticide , has been shown to cause liver dysfunction .",medcaus.csv,13356,1,[],['cause'],explicit,"[('chronic exposure to low levels of dichlorvos', 'liver dysfunction')]",No
Sensory loss will not present because PIN is purely motor .,medcaus.csv,11172,1,[],['because'],explicit,"[('PIN is purely motor', 'Sensory loss will not present')]",No
Defects that affect both the T cell and B cell lymphocyte lineages result in severe combined immunodeficiency ( SCID ) .,medcaus.csv,12278,1,[],['result in'],explicit,"[('Defects that affect both the T cell and B cell lymphocyte lineages', 'severe combined immunodeficiency -LRB- SCID -RRB-')]",No
"Such non - spiking neurons tend to be sensory neurons or interneurons , because they can not carry signals long distances .",medcaus.csv,13881,1,[],['because'],explicit,"[('they can not carry signals long distances', 'Such non - spiking neurons tend to be sensory neurons or interneurons')]",No
"Many Taraxacum species produce seeds asexually by apomixis , where the seeds are produced without pollination , resulting in offspring that are genetically identical to the parent plant .",medcaus.csv,14371,1,[],['resulting in'],explicit,"[('Many Taraxacum species produce seeds asexually by apomixis , where the seeds are produced without pollination', 'offspring that are genetically identical to the parent plant')]",No
Activated oncogenes can cause those cells designated for apoptosis to survive and proliferate instead .,medcaus.csv,3523,1,[],['cause'],explicit,"[('Activated oncogenes', 'those cells designated for apoptosis to survive and proliferate instead')]",No
"""However , because phylogenetic methods require sufficient quantities of biological materials ( spores or fresh specimens ) that are from pure ( i.e. , uncontaminated ) fungal cultures , for many asexual species their exact relationship with other fungal species has yet to be determined .""",medcaus.csv,8046,1,[],['because'],explicit,"[('because phylogenetic methods require sufficient quantities of biological materials -LRB- spores or fresh specimens -RRB- that are from fungal cultures', 'for many asexual species their exact relationship with other fungal species has yet to be determined')]",No
"""The Sun is gradually becoming hotter during its time on the main sequence , because the helium atoms in the core occupy less volume than the hydrogen atoms that were fused .""",medcaus.csv,3100,1,[],['because'],explicit,"[('because the helium atoms in the core occupy less volume than the hydrogen atoms that were', '`` The Sun is gradually becoming hotter during its time on the main')]",No
"As a result of prolonged depolarization , endogenous acetylcholine released from the presynaptic membrane of the motor neuron does not produce any additional change in membrane potential after binding to its receptor on the myocyte .",medcaus.csv,14143,1,[],['As a result'],explicit,"[('prolonged depolarization', 'endogenous acetylcholine released from the presynaptic membrane of the motor neuron does not produce any additional change in membrane potential after binding to its receptor on the myocyte')]",No
Surgical excision is reserved for cysts that cause a great amount of discomfort to the patient .,medcaus.csv,10,1,[],['cause'],explicit,"[('cysts', 'a great amount of discomfort to the patient')]",No
"""The latter is of particular concern to scientists because it inhabited the pristine Monteverde Cloud Forest Reserve and its population crashed in 1987 , along with about 20 other frog species in the area .""",medcaus.csv,6548,1,[],['because'],explicit,"[('because it inhabited the pristine Monteverde Cloud Forest Reserve and its population crashed in', '`` The latter is of particular concern to')]",No
"""Unprotected bore evacuators damaged by bullets have caused considerable problems in past conflicts , but up - armouring solved this problem .""",medcaus.csv,1438,1,[],['caused'],explicit,"[('`` Unprotected bore evacuators damaged by', 'caused considerable problems in past')]",No
Esophagitis can develop due to many causes .,medcaus.csv,10575,1,[],"['due to', 'causes']",explicit,"[('many causes', 'Esophagitis can develop')]",No
"""Again , some species of Plasmodium can cause severe disease in some of these hosts , while many appear not to .""",medcaus.csv,1376,1,[],['cause'],explicit,"[(', some species of', 'cause severe disease in some of these')]",No
"The Axis II personality disorders are often criticized because their comorbidity rates are excessively high , approaching 60 % in some cases , indicating to critics the possibility that these categories of mental illness are too imprecisely distinguished to be usefully valid for diagnostic purposes and , thus , for deciding how treatment resources should be allocated .",medcaus.csv,12489,1,[],"['because', 'thus']",explicit,"[('their comorbidity rates are excessively high', 'The Axis II personality disorders are often criticized')]",No
"""S. dysgalactiae is also a member of group C , beta - haemolytic streptococci that can cause pharyngitis and other pyogenic infections similar to group A streptococci .""",medcaus.csv,6701,1,[],['cause'],explicit,"[('`` S.', 'cause pharyngitis and other pyogenic infections similar to group A')]",No
"However , because of homeostasis , discerning between internal and external influences is often difficult .",medcaus.csv,11883,1,[],['because'],explicit,"[('homeostasis', 'discerning between internal and external influences is often difficult')]",No
"The lymphatic drainage of the breasts is especially relevant to oncology because breast cancer is common to the mammary gland , and cancer cells can metastasize ( break away ) from a tumour and be dispersed to other parts of the body by means of the lymphatic system .",medcaus.csv,10832,1,[],['because'],explicit,"[('breast cancer is common to the mammary gland', 'The lymphatic drainage of the breasts is especially relevant to oncology')]",No
"""The Japanese doomsday cult Aum Shinrikyo produced botulinum toxin and spread it as an aerosol in downtown Tokyo during the 1990s , but the attacks caused no fatalities .""",medcaus.csv,3054,1,[],['caused'],explicit,"[('but the', 'caused no')]",No
They are hard to open and close because the zipper anvil must bend apart teeth that are being held under tension .,medcaus.csv,2186,1,[],['because'],explicit,"[('the zipper anvil must bend apart teeth that are being held under tension', 'They are hard to open and close')]",No
Megavoltage x - ray units were first built in the late 1930s but because of cost were limited to a few institutions .,medcaus.csv,12452,1,[],['because'],explicit,"[('cost', 'were limited to a few institutions')]",No
"""Acute glomerulonephritis resulted in 19,000 deaths in 2013 down from 24,000 deaths in 1990 worldwide .""",medcaus.csv,6678,1,[],['resulted in'],explicit,"[('`` Acute', 'in 19,000')]",No
"""The final genital response stage recognizes that with both attention and closer proximity , physical reactions result in genital tumescence .""",medcaus.csv,7909,1,[],['result in'],explicit,"[(', physical', 'in genital')]",No
"""During such gaze saccades , first the eye produces a saccade to get gaze on target , whereas the head follows more slowly and the vestibulo - ocular reflex ( VOR ) causes the eyes to roll back in the head to keep gaze on the target .""",medcaus.csv,360,1,[],['causes'],explicit,"[('`` During such gaze saccades , first the eye produces a saccade to get gaze on target , whereas the head follows more slowly and the - ocular -LRB-', 'causes the eyes to roll back in the head to keep gaze on the')]",No
Between 1767 and 1925 there were 11 major incidents recorded at the colliery resulting in over 209 deaths .,medcaus.csv,14321,1,[],['resulting in'],explicit,"[('11 major incidents recorded at the colliery', 'over 209 deaths')]",No
"""Neutropenia itself is a rare entity , but can be clinically common in oncology and immunocompromised individuals as a result of chemotherapy ( drug - induced neutropenia ) .""",medcaus.csv,7602,1,[],['as a result'],explicit,"[('of', '`` but can be clinically common in oncology and immunocompromised')]",No
Tinea versicolor is caused by a fungus that lives in the skin of some adults .,medcaus.csv,1312,1,[],['caused'],explicit,"[('a fungus that lives in the skin of some adults', 'Tinea versicolor')]",No
"""Although everything in the tissue is stained , structural details are clearly visible because of the thinness of the sections .""",medcaus.csv,4221,1,[],['because'],explicit,"[('of the thinness of the', ', structural details are clearly')]",No
S. neurona causes equine protozoal myeloencephalitis .,medcaus.csv,6478,1,[],['causes'],explicit,"[('S. neurona', 'equine protozoal myeloencephalitis')]",No
Levels of DMPA which caused malignant mammary tumors in dogs were equivalent to 25 times the amount of the normal luteal phase progesterone level for dogs .,medcaus.csv,491,1,[],['caused'],explicit,"[('DMPA', 'malignant mammary tumors in dogs')]",No
"Surgery is often recommended for patients with an acute , traumatic rotator cuff tear resulting in substantial weakness .",medcaus.csv,11720,1,[],['resulting in'],explicit,"[('acute , traumatic rotator cuff tear', 'substantial weakness')]",No
"Assignment to work , when a work reduction , or a reduction in available work hours results in layoffsSeniority also has an influence over bumping rights , which is a reassignment of jobs , possibly for many people at a time .",medcaus.csv,12667,1,[],['results in'],explicit,"[('a reduction in available work hours', 'layoffsSeniority')]",No
"""Unlike other forms of jaundice , however , biliary - atresia - related cholestasis mostly does not result in kernicterus , a form of brain damage resulting from liver dysfunction .""",medcaus.csv,1300,1,[],['result in'],explicit,"[('from liver', 'in , a form of brain')]",No
This will usually decrease a little when a child hits puberty and gains height and weight because walking becomes harder during this changing period .,medcaus.csv,3424,1,[],['because'],explicit,"[('a child hits puberty gains height weight because walking becomes harder during this changing period', 'This will usually decrease a little')]",No
"Polycythemia vera ( PCV ) , polycythemia rubra vera ( PRV ) , or erythremia , occurs when excess red blood cells are produced as a result of an abnormality of the bone marrow .",medcaus.csv,14020,1,[],['as a result'],explicit,"[('an abnormality of the bone marrow', 'excess red blood cells are produced')]",No
"""Pharmaceutical firms and biotechnology companies have little incentive to develop vaccines for these diseases , because there is little revenue potential .""",medcaus.csv,7376,1,[],['because'],explicit,"[('because there is little revenue', '`` Pharmaceutical firms and biotechnology companies have little incentive to develop vaccines for these')]",No
Toynbee had the view that the atomic bomb was an invention that had caused warfare to escalate from a political scale to catastrophic proportions and threatened humanity 's very existence .,medcaus.csv,7244,1,[],['caused'],explicit,"[('atomic bomb was an invention that', 'warfare to escalate from a political scale to catastrophic proportions')]",No
"Over - breathing ( hyperventilation ) and under - breathing ( hypoventilation ) , which decrease and increase the arterial partial pressure of carbon dioxide respectively , cause a rise in the pH of ECF in the first case , and a lowering of the pH in the second .",medcaus.csv,10707,1,[],['cause'],explicit,"[('Over - breathing -LRB- hyperventilation -RRB- and under - breathing -LRB- hypoventilation -RRB-', 'a rise in the pH of ECF in the first case , and a lowering of the pH in the second')]",No
"""Harris stated that her goal would be achieving 100 % of U.S. electricity from renewable energy sources , and that she supports a Green New Deal , an idea made popular by first term Congresswoman Alexandria Ocasio - Cortez , because """" climate change is an existential threat to all of us .""",medcaus.csv,10084,1,[],['because'],explicit,"[(""'' '' climate change is an existential threat to all"", ', an idea made popular by first term Congresswoman Alexandria Ocasio -')]",No
The condition does not seem to be directly related to sensory loss but is thought to be caused by damage to higher level neurocognitive processes that are involved in integrating sensory information with processes that support spatial or bodily representations ( including the somatosensory system ) .,medcaus.csv,10921,1,[],['caused'],explicit,"[('damage to higher level neurocognitive processes', 'The condition')]",No
"""Some of these can remain in """" spoiled """" food even after cooking and cause illness when the contaminated food is consumed .""",medcaus.csv,6459,1,[],['cause'],explicit,"[(""`` Some of these can remain in '' '' spoiled '' '' food even"", 'cooking and cause illness when the contaminated')]",No
"Cocaine can often cause reduced food intake , many chronic users lose their appetite and can experience severe malnutrition and significant weight loss .",medcaus.csv,14723,1,[],['cause'],explicit,"[('Cocaine', 'reduced food intake')]",No
"""Eventually , the antigen presentation results in the production of antibodies that attach to the antigens of pathogens , making them easier for macrophages to adhere to with their cell membrane and phagocytose .""",medcaus.csv,4624,1,[],['results in'],explicit,"[(', the antigen', 'in the production of antibodies that attach to the antigens of')]",No
Most of these compounds cause DNA damage by forming DNA adducts or by inducing other alterations in DNA .,medcaus.csv,1140,1,[],['cause'],explicit,"[('Most of these compounds', 'DNA damage by forming DNA adducts or by inducing other alterations in DNA')]",No
"However , for many commercial farmers of crops other than dandelions , they can cause significant economic damage because of their infestation in many crops worldwide ; in some jurisdictions , the species T. officinale is listed as a noxious weed .",medcaus.csv,14377,1,[],"['cause', 'because']",explicit,"[('their infestation in many crops worldwide', 'they can cause significant economic damage')]",No
"""For example , in the idiom """" lead foot """" , meaning someone who drives fast , lead is a heavy substance , and a heavy foot on the accelerator pedal would cause a vehicle to go quickly .""",medcaus.csv,5517,1,[],['cause'],explicit,"[('substance , and a heavy foot on', 'pedal would cause a vehicle')]",No
"Usually , hypomorphic mutations are recessive , but haploinsufficiency causes some alleles to be dominant .",medcaus.csv,14257,1,[],['causes'],explicit,"[('haploinsufficiency', 'some alleles to be dominant')]",No
"""It can be caused by Clostridium , most commonly alpha toxin - producing C. perfringens , or various nonclostridial species .""",medcaus.csv,2474,1,[],['caused'],explicit,"[('by , most commonly alpha - producing C. , or various nonclostridial', '``')]",No
"Bond cleavage results in an oxycarbonium ion on the ribose , stabilized by Glu177 .",medcaus.csv,13914,1,[],['results in'],explicit,"[('Bond cleavage', 'an oxycarbonium ion on the ribose')]",No
"""Cases of sarcoidosis have also been reported as part of the immune reconstitution syndrome of HIV , that is , when people receive treatment for HIV their immune system rebounds and the result is that it starts to attack the antigens of opportunistic infections caught prior to said rebound and the resulting immune response starts to damage healthy tissue .""",medcaus.csv,2533,1,[],[],explicit,"[(', when people receive treatment for HIV their immune system rebounds and', 'that it starts to attack the antigens of opportunistic infections caught prior to said rebound and the resulting immune response starts to damage healthy')]",No
The reticular formation is not anatomically well defined because it includes neurons located in different parts of the brain .,medcaus.csv,11288,1,[],['because'],explicit,"[('it includes neurons located in different parts of the brain', 'The reticular formation is not anatomically well defined')]",No
The polysomnogram also helps to detect other possible sleep disorders that could cause daytime sleepiness .,medcaus.csv,9370,1,[],['cause'],explicit,"[('sleep disorders', 'daytime sleepiness')]",No
They recognize transplanted tissue because of expression of alloantigens .,medcaus.csv,2597,1,[],['because'],explicit,"[('expression of alloantigens', 'They recognize transplanted tissue')]",No
"Many low - dose palliative treatments ( for example , radiation therapy to bony metastases ) cause minimal or no side effects , although short - term pain flare - up can be experienced in the days following treatment due to oedema compressing nerves in the treated area .",medcaus.csv,12412,1,[],"['cause', 'due to']",explicit,"[('Many low - dose palliative treatments', 'minimal or no side effects')]",No
"He believed that the cause was backed - up black bile , and that epilepsy was caused by phlegm .B2753+B2837",medcaus.csv,11445,1,['believed'],"['cause', 'caused']",explicit,"[('phlegm', 'epilepsy')]",No
Lactation in newborns is caused by hormones from the mother that crossed into the baby 's bloodstream during pregnancy .,medcaus.csv,10839,1,[],['caused'],explicit,"[(""hormones from the mother that crossed into the baby 's bloodstream during pregnancy"", 'Lactation in newborns')]",No
"""When the upcurrent amount of sediment is greater , sand or gravel banks will tend to form as a result of deposition .""",medcaus.csv,6081,1,[],['as a result'],explicit,"[('of', '`` When the upcurrent amount of sediment is greater , sand or gravel banks will tend to')]",No
"Women with PCOS experience an increased frequency of hypothalamic GnRH pulses , which in turn results in an increase in the LH / FSH ratio .",medcaus.csv,11955,1,[],['results in'],explicit,"[('an increased frequency of hypothalamic GnRH pulses', 'an increase in the LH / FSH ratio')]",No
It is unknown how exactly the complex results in the death of the cell .,medcaus.csv,13419,1,[],['results in'],explicit,"[('the complex', 'the death of the cell')]",No
"""A. israelii and A. bovis infections usually cause actinomycotic infections , but sometimes and very rarely will the pathogen be A. viscosus .""",medcaus.csv,8198,1,[],['cause'],explicit,"[('`` A. israelii and A. bovis', 'cause actinomycotic')]",No
"""One study reported 85 % of adult with strabismus   """" reported that they had problems with work , school , and sports because of their strabismus . """"""",medcaus.csv,5301,1,[],['because'],explicit,"[('because of', 'reported that they had problems with work , school ,')]",No
"""Also , new epithelium is formed here , which is important because the cells at this site are continuously worn away by the passing food .""",medcaus.csv,3310,1,[],['because'],explicit,"[('because the cells at this site are continuously worn away by the passing', ', new epithelium is formed , which is')]",No
"""The initial wave is a phagocytic population that comes along during periods of increased muscle use that are sufficient to cause muscle membrane lysis and membrane inflammation , which can enter and degrade the contents of injured muscle fibers .""",medcaus.csv,4629,1,[],['cause'],explicit,"[('`` The initial wave is a phagocytic population that comes along during periods of increased muscle', 'cause muscle membrane and membrane')]",No
He compared it to cookery and medicine saying cookery pretends to know what is best for the body because it is pleasurable while medicine knows what is for the best of the health of the human body .,medcaus.csv,11076,1,[],['because'],explicit,"[('it is pleasurable', 'cookery pretends to know what is best for the body')]",No
"""The first one shown to cause cancer in animals is Rous sarcoma virus , discovered in 1910 by Peyton Rous .""",medcaus.csv,3285,1,[],['cause'],explicit,"[('`` The first one shown animals is Rous sarcoma', 'cause cancer in')]",No
"In the short run , ISDN can cause severe headaches , necessitating analgesic ( very rarely up to morphine )   administration for relief of pain , as well as severe hypotension , and , in certain cases , bradycardia .",medcaus.csv,12512,1,[],['cause'],explicit,"[('ISDN', 'severe headaches')]",No
Global cooling during the Pleistocene caused continent - wide drying and rainforest retractions in Australia and New Guinea .,medcaus.csv,1145,1,[],['caused'],explicit,"[('Global cooling during the Pleistocene', 'continent wide drying and rainforest retractions in Australia and New Guinea')]",No
"However , mild environmental changes in temperature , CO2 , nutrients and pH can result in a morphological shift to filamentous growth .",medcaus.csv,11116,1,[],['result in'],explicit,"[('mild environmental changes in temperature , CO2 , nutrients and pH', 'a morphological shift to filamentous growth')]",No
Other bacteria may also cause botryomycosis .,medcaus.csv,9285,1,[],['cause'],explicit,"[('Other bacteria', 'botryomycosis')]",No
Substances such as piperine and capsaicin cause a burning sensation by inducing a trigeminal nerve reaction together with normal taste reception .,medcaus.csv,3994,1,[],['cause'],explicit,"[('Substances such as piperine and capsaicin', 'a burning sensation by inducing a trigeminal nerve reaction together with normal taste reception')]",No
"""This process , which consumes the CO , requires a relatively long time ( """" relatively """" is used because the combustion process happens incredibly quickly ) , high temperatures , and high pressures .""",medcaus.csv,3520,1,[],['because'],explicit,"[('is used because the combustion process', ""'' relatively ''"")]",No
"""In women and children , AAS can cause irreversible masculinization .""",medcaus.csv,1092,1,[],['cause'],explicit,"[(',', 'cause irreversible')]",No
"""NMDA receptor antagonism results in analgesia by preventing central sensitization in dorsal horn neurons ; in other words , ketamine 's actions interfere with pain transmission in the spinal cord .""",medcaus.csv,6630,1,[],['results in'],explicit,"[('`` NMDA receptor', 'in analgesia by preventing central sensitization in dorsal horn')]",No
"Some breeders also prefer to declaw the dogs to prevent future injuries caused by scratching , or in the case of dewclaws , ingrown and ripped - off nails .",medcaus.csv,12682,1,[],['caused'],explicit,"[('scratching', 'future injuries')]",No
"""Low blood pressure is harmful in people with severe head injury and ketamine is least likely to cause low blood pressure , often even able to prevent it .""",medcaus.csv,6610,1,[],['cause'],explicit,"[('and ketamine is least', 'cause low blood')]",No
"These mediators subsequently increase the contraction of bronchial smooth muscles , trigger vasodilation , increase the leakage of fluid from blood vessels , and cause heart muscle depression .",medcaus.csv,10944,1,[],['cause'],explicit,"[('These mediators', 'heart muscle depression')]",No
"""Compulsions in male lab mice , such as those in obsessive - compulsive disorder ( OCD ) , may be caused by low estrogen levels .""",medcaus.csv,7874,1,[],['caused'],explicit,"[('by low estrogen levels', '`` Compulsions in male lab')]",No
The iodide leaving group in methyl iodide may cause unwanted side reactions .,medcaus.csv,692,1,[],['cause'],explicit,"[('The iodide leaving group in methyl iodide', 'unwanted side reactions')]",No
"Early human embryos , cancer cells , infected or intoxicated cells can also suffer from pathological division into three or more daughter cells ( tripolar or multipolar mitosis ) , resulting in severe errors in their chromosomal complements .",medcaus.csv,11192,1,[],['resulting in'],explicit,"[('Early human embryos , cancer cells , infected or intoxicated cells can also suffer from pathological division into three or more daughter cells', 'severe errors in their chromosomal complements')]",No
"""It may be caused by nutritional factors , some diseases ( such as undiagnosed and untreated celiac disease , chicken pox , congenital syphilis ) , hypocalcemia , fluoride ingestion , birth injury , preterm birth , infection or trauma from a deciduous tooth .""",medcaus.csv,1896,1,[],['caused'],explicit,"[('by nutritional , some , , fluoride , birth , preterm , infection or trauma from a deciduous', '``')]",No
"""The abundance of some genetic changes within the gene pool can be reduced by natural selection , while other """" more favorable """" mutations may accumulate and result in adaptive changes .""",medcaus.csv,14199,1,[],['result in'],explicit,"[(""while other '' '' more favorable"", 'and result')]",No
"""It shelters the soil from winds , which results in decreased wind erosion , as well as advantageous changes in microclimate .""",medcaus.csv,6101,1,[],['results in'],explicit,"[('`` It shelters the soil from winds ,', 'in decreased wind erosion , as well as advantageous changes in')]",No
The production of two powerful exotoxins and lethal toxin by the bacteria causes death .,medcaus.csv,13411,1,[],['causes'],explicit,"[('The production of two powerful exotoxins and lethal toxin by the bacteria', 'death')]",No
"""The word """" elk """" remained in usage because of its existence in continental Europe""",medcaus.csv,13212,1,[],['because'],explicit,"[('usage because of its existence', ""`` The word '' '' elk '' ''"")]",No
"""Finasteride causes an increase in hair retention , the weight of hair , and some increase in regrowth .""",medcaus.csv,5964,1,[],['causes'],explicit,"[('``', 'causes an increase in hair retention , the weight of hair , and some increase in')]",No
Helminth infection causes an increase in eosinophils .,medcaus.csv,11156,1,[],['causes'],explicit,"[('Helminth infection', 'an increase in eosinophils')]",No
Papillomatosis of skin is skin surface elevation caused by hyperplasia and enlargement of contiguous dermal papillae .,medcaus.csv,8470,1,[],['caused'],explicit,"[('hyperplasia and enlargement of contiguous dermal papillae', 'Papillomatosis of skin is skin surface elevation')]",No
"""These drugs have antipsychotic and , often , antiemetic properties , although they may also cause severe side effects such as extrapyramidal symptoms ( including akathisia and tardive dyskinesia ) , hyperprolactinaemia , and the rare but potentially fatal neuroleptic malignant syndrome , as well as substantial weight gain .""",medcaus.csv,1669,1,[],['cause'],explicit,"[('`` These drugs have antipsychotic , antiemetic', 'cause severe side effects such as extrapyramidal -LRB- including akathisia and tardive , , and the rare but potentially fatal neuroleptic malignant , as well as substantial weight')]",No
"""Continuous exposure to a toxicant over an extended period of time , often measured in months or years ; it can cause irreversible side effects .""",medcaus.csv,5061,1,[],['cause'],explicit,"[('`` Continuous exposure to a toxicant over an extended period of time , often measured in months or years ; it', 'cause irreversible side')]",No
Concussion may be under - diagnosed because of the lack of the highly noticeable signs and symptoms while athletes may minimize their injuries to remain in the competition .,medcaus.csv,12782,1,[],['because'],explicit,"[('the lack of the highly noticeable signs and symptoms', 'Concussion may be under - diagnosed')]",No
Tactile hallucinations are also caused by drugs such as cocaine and alcohol .,medcaus.csv,10154,1,[],['caused'],explicit,"[('drugs such as cocaine and alcohol', 'Tactile hallucinations')]",No
"""The most visible natural occurrence of this is lightning , caused when charge becomes separated in the clouds by rising columns of air , and raises the electric field in the air to greater than it can withstand .""",medcaus.csv,4411,1,[],['caused'],explicit,"[('when charge becomes separated in the clouds by rising columns of', 'is , and raises the electric field in the air to greater than it can')]",No
"Not all types of neoplasms cause a tumorous overgrowth of tissue , however ( such as leukemia or carcinoma in situ ) and similarities between neoplasmic growths and regenerative processes , e.g. , dedifferentiation and rapid cell proliferation , have been pointed out .",medcaus.csv,10121,1,[],['cause'],explicit,"[('Not all types of neoplasms', 'a tumorous overgrowth of tissue')]",No
"Large doses of epidurally administered opioids may cause troublesome itching , and respiratory depression .",medcaus.csv,13156,1,[],['cause'],explicit,"[('Large doses of epidurally administered opioids', 'troublesome itching , and respiratory depression')]",No
Older dogs are generally more prone to side effects caused by carprofen .,medcaus.csv,10117,1,[],['caused'],explicit,"[('carprofen', 'side effects')]",No
"""This is because although teeth may be aligned with their main axes within the jaw , some different relationships require special terminology as well ; for example teeth also can be rotated , and in such contexts terms like """" anterior """" or """" lateral """" become ambiguous .""",medcaus.csv,8224,1,[],['because'],explicit,"[('because although teeth may be aligned with their main axes within the jaw , some different relationships require special terminology as', '``')]",No
"This is because cold water can have other lethal effects on the body , so hypothermia is not usually a reason for drowning or the clinical cause of death for those who drown in cold water .",medcaus.csv,11375,1,[],"['because', 'cause']",explicit,"[('hypothermia', 'death')]",No
About 10 % of thyroid tumors are benign ; these often cause few symptoms .,medcaus.csv,4046,1,[],['cause'],explicit,"[('About 10 % of thyroid tumors are benign these often', 'few symptoms')]",No
"""A small fraction of men have a disease called postorgasmic illness syndrome ( POIS ) , which causes severe muscle pain throughout the body and other symptoms immediately following ejaculation .""",medcaus.csv,7560,1,[],['causes'],explicit,"[('a disease called postorgasmic illness', 'causes severe muscle pain throughout the body and other symptoms immediately following')]",No
"""On one side of the meter ( A ) , the teeth of the gears close off the fluid flow because the elongated gear on side A is protruding into the measurement chamber , while on the other side of the meter ( B ) , a cavity holds a fixed volume of fluid in a measurement chamber .""",medcaus.csv,4395,1,[],['because'],explicit,"[('because the elongated gear on side A is protruding into the measurement', ', the teeth of the gears close off the fluid')]",No
In certain respects these are important because they share SAR overlap with GBR 12909 and related analogs .,medcaus.csv,12212,1,[],['because'],explicit,"[('they share SAR overlap with GBR 12909 and related analogs', 'In certain respects these are important')]",No
These activate the motor fibers of the genital branch of the genitofemoral nerve which causes the cremaster muscle to contract and elevate the testis .,medcaus.csv,8483,1,[],['causes'],explicit,"[('These activate the motor fibers of the genital branch of the genitofemoral nerve', 'the cremaster muscle to contract and elevate the testis')]",No
Nonhemolytic streptococci rarely cause illness .,medcaus.csv,6702,1,[],['cause'],explicit,"[('Nonhemolytic streptococci', 'illness')]",No
""" Men whose laughter deserves report are marked , because laughter connotes scornful disdain , disdain feeling of superiority , and this feeling and the actions which stem from it attract the wrath of the gods . """,medcaus.csv,5321,1,[],['because'],explicit,"[('laughter connotes scornful disdain , disdain feeling of superiority , and this feeling and the actions which stem from it attract the wrath of the gods', ""'' Men whose laughter deserves report are marked"")]",No
( 1993 ) did just this by studying individuals with delusions of which more than half had reportedly taken action or behaved as a result of these delusions .,medcaus.csv,10189,1,[],['as a result'],explicit,"[('these delusions', 'more than half had reportedly taken action or behaved')]",No
"Unencapsulated strains are termed nontypable ( NTHi ) because they lack capsular serotypes ; however , they can be classified by multilocus sequence typing .",medcaus.csv,10586,1,[],['because'],explicit,"[('they lack capsular serotypes', 'Unencapsulated strains are termed nontypable')]",No
"""During a hemisphere 's fall , winter , and spring , the atmosphere over continents can be cold enough through the depth of the troposphere to cause snowfall .""",medcaus.csv,2142,1,[],['cause'],explicit,"[(""`` During a hemisphere 's , , and , the atmosphere over continents can be cold enough through the depth of the"", 'cause')]",No
"""From 1933 , Prussia lost its independence as a result of the Prussian coup , when the Nazi regime was successfully establishing its Gleichschaltung laws in pursuit of a unitary state .""",medcaus.csv,8628,1,[],['as a result'],explicit,"[('of the Prussian', '`` From 1933 , Prussia lost its')]",No
"""Analysis of the FRAS1 gene revealed homozygosity for a splice site mutation ( 607830.0008 ) , resulting in a severely truncated protein in both sibs and heterozygosity for the mutation in both parents .""",medcaus.csv,100,1,[],['resulting in'],explicit,"[('revealed homozygosity for a splice site -LRB-', 'in a severely truncated protein in both sibs and heterozygosity for the mutation in both')]",No
The middle lobe of the prostate causes an elevation in the mucous membrane behind the internal urethral orifice called the uvula of urinary bladder .,medcaus.csv,6328,1,[],['causes'],explicit,"[('The middle lobe of the prostate', 'an elevation in the mucous membrane behind the internal urethral orifice called the uvula of urinary bladder')]",No
"Because neurotoxic venoms must travel farther in the body to do harm and are produced in smaller quantities , it is easier to develop resistance to them than directly cytotoxic venoms ( such as those of most vipers ) that are injected in large quantity and damage immediately upon injection .",medcaus.csv,13132,1,[],['Because'],explicit,"[('neurotoxic venoms must travel farther in the body to do harm and are produced in smaller quantities', 'it is easier to develop resistance to them than directly cytotoxic venoms')]",No
It was created for those who struggled in society and did n't seem to have a voice in the community that surrounded them because of their lack of wealth .,medcaus.csv,1261,1,[],['because'],explicit,"[('their lack of wealth', ""It was created for those who struggled in society and did n't seem to have a voice in the community that surrounded them"")]",No
"Overdoses cause hyperthermia and a marked elevation of blood pressure , which can be life - threatening , arrhythmias , and death .",medcaus.csv,14705,1,[],['cause'],explicit,"[('Overdoses', 'hyperthermia and a marked elevation of blood pressure')]",No
"""Hip hop gave young African Americans a voice to let their issues be heard ; """" Like rock - and - roll , hip hop is vigorously opposed by conservatives because it romanticizes violence , law - breaking , and gangs """" .""",medcaus.csv,9863,1,[],['because'],explicit,"[('conservatives because it romanticizes violence , law - breaking ,', 'roll , hip hop is vigorously opposed')]",No
Intakes of more than 0.5 grams per day for 50 days cause minor digestive and other problems suggestive of toxicity .,medcaus.csv,3213,1,[],['cause'],explicit,"[('Intakes of more than 0.5 grams per day for 50 days', 'minor digestive other problems suggestive of toxicity')]",No
Biofuels are in theory carbon - neutral because the carbon dioxide that is absorbed by the plants is equal to the carbon dioxide that is released when the fuel is burned .,medcaus.csv,14526,1,[],['because'],explicit,"[('the carbon dioxide that is absorbed by the plants is equal to the carbon dioxide that is released when the fuel is burned', 'Biofuels are in theory carbon - neutral')]",No
"""The principal Satyaprakash ( Alok Nath ) is helpless to stop him because Kali is the son of Dabala ( played by Paresh Rawal ) , who is one of the biggest gangsters in town .""",medcaus.csv,2106,1,[],['because'],explicit,"[('because Kali is the son of', '`` The principal -RRB- is helpless to stop')]",No
"""This is likely to be an underestimate because it excludes 1,427 species for which evidence was insufficient to assess their status .""",medcaus.csv,6547,1,[],['because'],explicit,"[('because it excludes 1,427 species for which evidence was insufficient to assess their', '`` This is likely to be an')]",No
"The characteristic flavor of cabbage is caused by glucosinolates , a class of sulfur - containing glucosides .",medcaus.csv,14003,1,[],['caused'],explicit,"[('glucosinolates', 'The characteristic flavor of cabbage')]",No
"Additionally , HPIV-1 tends to cause biennial outbreaks of croup in the Fall .",medcaus.csv,10201,1,[],['cause'],explicit,"[('HPIV-1', 'biennial outbreaks of croup in the Fall')]",No
Mulvey stated that women were objectified in film because heterosexual men were in control of the camera .,medcaus.csv,3550,1,[],['because'],explicit,"[('heterosexual men were in control of the camera', 'Mulvey stated that women were objectified in film')]",No
"""Inhibition of CYP3A4 in a child who was , in addition , a poor CYP2D6 metabolizer , resulted in a fatal overdose of hydrocodone .""",medcaus.csv,1548,1,[],['resulted in'],explicit,"[('`` Inhibition of CYP3A4 in a child who , a poor CYP2D6', 'in a fatal overdose of')]",No
There is no evidence for changes in the iris pattern other than variations in pigmentation in the first year of life and variations caused by glaucoma treatment .,medcaus.csv,2127,1,[],['caused'],explicit,"[('glaucoma treatment', 'iris pattern variations in pigmentation in the first year of life and variations')]",No
"""These are known as """" pale """" or """" anemic infarcts """" and are areas that contain dead neuronal tissue , which result in a softening of the cerebrum .""",medcaus.csv,8663,1,[],['result in'],explicit,"[(""`` These are known as '' '' pale '' '' or '' '' anemic infarcts '' '' and are areas"", 'tissue , which result in')]",No
Vampiric entities have been recorded in most cultures ; the term vampire was popularised in Western Europe after reports of an 18th century mass hysteria of a pre - existing folk belief in the Balkans and Eastern Europe that in some cases resulted in corpses being staked and people being accused of vampirism .,medcaus.csv,9389,1,[],['resulted in'],explicit,"[('the term vampire was popularised in Western Europe after reports of an 18th century mass hysteria of a pre - existing folk belief in the Balkans and Eastern Europe that in some cases', 'corpses being staked and people being accused of vampirism')]",No
"""The nucleus is bi- or tri - lobed , but it is hard to see because of the number of coarse granules that hide it .""",medcaus.csv,2097,1,[],['because'],explicit,"[('because of the number of coarse granules that', ', but it is hard')]",No
"Though rare , infection within the sacroiliac joints or another part of the body , such as a urinary tract infection , can cause inflammation .",medcaus.csv,14558,1,[],['cause'],explicit,"[('infection within the sacroiliac joints or another part of the body , such as a urinary tract infection', 'inflammation')]",No
"""Other arguments propose that asexuality is the denial of one 's natural sexuality , and that it is a disorder caused by shame of sexuality , anxiety or sexual abuse , sometimes basing this belief on asexuals who masturbate or occasionally engage in sexual activity simply to please a romantic partner .""",medcaus.csv,3370,1,[],['caused'],explicit,"[('by shame of , anxiety or sexual', 'that it is a')]",No
"These advances allowed radiation oncologists to better see and target tumors , which have resulted in better treatment outcomes , more organ preservation and fewer side effects .",medcaus.csv,12454,1,[],['resulted in'],explicit,"[('These advances allowed radiation oncologists to better see and target tumors', 'better treatment outcomes , more organ preservation and fewer side effects')]",No
"STEC - HUS is usually preceded by a prodrome of diarrhea , which is often bloody , and is caused by Shiga - like toxin - producing bacteria such as enterohemorrhagic Escherichia coli ( EHEC ) , of which E. coli O157:H7 is the most common serotype .",medcaus.csv,11662,1,[],['caused'],explicit,"[('Shiga - like toxin', 'STEC - HUS')]",No
Death can occur rapidly following overdose as a result of respiratory arrest and paralysis of the heart .,medcaus.csv,13676,1,[],['as a result'],explicit,"[('respiratory arrest and paralysis of the heart', 'Death can occur rapidly following overdose')]",No
"On land in our daily lives , the pressure in our air spaces is usually exactly the same as the pressure outside , because our air spaces are connected to the outside world .",medcaus.csv,13612,1,[],['because'],explicit,"[('our air spaces are connected to the outside world', 'On land in our daily lives , the pressure in our air spaces is usually exactly the same as the pressure outside')]",No
"Typically , this hemolysis results in a hemoglobin level of less than 80 g / L.",medcaus.csv,11669,1,[],['results in'],explicit,"[('this hemolysis', 'a hemoglobin level of less than 80 g / L.')]",No
"""This synergism is mostly used in calciferol low concentration baits , because effective concentrations of calciferols are more expensive than effective concentrations of most anticoagulants .""",medcaus.csv,8213,1,[],['because'],explicit,"[('because effective concentrations of calciferols are more expensive than effective concentrations of most', '`` This synergism is mostly used in calciferol low concentration')]",No
"""Contrary to popular belief , both ingestion and insufflation result in approximately the same proportion of the drug being absorbed : 30 to 60 % .""",medcaus.csv,7763,1,[],['result in'],explicit,"[(', both ingestion and', 'in approximately the same proportion of the drug being absorbed : 30 to 60')]",No