SentenceID,sentence,source,IntervsIntra,implicit_vs_explicit,multiple_c_e,causal_marker,ExpTag,CauseEffect Answer,Model Answer CE,EXPorIMP,sentential_scope,Evaluation,Primary Error,EvalCE,EvalModelCM,EvalEXPorIMP,Evalsentential_scope,Model,Prompt style,Score,CauseEffect_is_list,Exact Match
7153,"Continuing the theme of scenario 9, A country's significant investment in renewable energy coincided with a reduction in unemployment rates. During the same period, there was a global economic upturn and advancements in automation technology.",causalnet.csv,Intersentencial,implicit,Yes,,2h,"[('significant investment in renewable energy', 'reduction in unemployment rates'), ('significant investment in renewable energy', 'a global economic upturn and advancements in automation technology.')]","[(""A country's significant investment in renewable energy"", 'a reduction in unemployment rates'), ('global economic upturn', 'a reduction in unemployment rates'), ('advancements in automation technology', 'a reduction in unemployment rates')]","['implicit', 'implicit', 'implicit']","['intersentential', 'intersentential', 'intersentential']",0.5,Incorrect matching,0,incorrect,correct,correct,Qwen2.5-Coder-32B-Instruct,Few Shot,,TRUE,0.5
5525,And the U.S. is taking similar steps to ensure that its naval force is adequate to carry out a blockade of Iraq and support a war if necessary .,ECI-B_CTB_EN.csv,Intrasentencial,implicit,No,,2b,"[('need to carry out a blockade/support war', 'u.s. is taking similar steps to ensure naval adequacy')]","[('the U.S. is taking similar steps', 'ensure that its naval force is adequate to carry out a blockade of Iraq'), ('the U.S. is taking similar steps', 'support a war if necessary')]","['implicit', 'implicit']","['intrasentential', 'intrasentential']",0,Switch Cause and Effect,0,incorrect,correct,correct,Qwen2.5-Coder-32B-Instruct,Few Shot,,TRUE,0
4462,"Upjohn Co. said it will offer an early retirement package to as many as 1,100 employees in a cost-cutting move expected to result in a fourth-quarter charge .",ECI-B_CTB_EN.csv,intrasentencial,explicit,Yes,['result in'],2e,"[('cost-cutting move', 'upjohn co. will offer an early retirement package to as many as 1,100 employees'), ('cost-cutting move', 'expected to result in a fourth-quarter charge')]","[('Upjohn Co. said it will offer an early retirement package to as many as 1,100 employees', 'cost-cutting move'), ('cost-cutting move', 'fourth-quarter charge')]","['explicit', 'explicit']","['intrasentential', 'intrasentential']",0.5,Switch Cause and Effect,0,incorrect,correct,correct,Qwen2.5-Coder-32B-Instruct,Few Shot,,TRUE,0
3397,"Interesting piece in the New York Times on the effect of interruptions caused by email, IM etc. [Image] 28% of the day handling non-urgent unimportant things, and 15% of the day spent searching for information.",CauseNet-cause.csv,Intrasentencial,explicit,No,"['cause', 'caused', 'effect']",2a,"[('email', 'interruptions')]","[('interruptions caused by email, IM etc.', '28% of the day handling non-urgent unimportant things'), ('interruptions caused by email, IM etc.', '15% of the day spent searching for information')]","['explicit', 'explicit']","['intrasentential', 'intrasentential']",0,Hallucination of data,0,incorrect,correct,correct,Qwen2.5-Coder-32B-Instruct,Few Shot,,TRUE,0.5
2311,Injury is a leading cause of morbidity and mortality in Canada and health care costs associated with injury and trauma are significant.,CauseNet-cause.csv,Intrasentencial,explicit,Yes,['cause'],2e,"[('injury', 'morbidity'), ('trauma', 'morbidity')]","[('Injury', 'a leading cause of morbidity'), ('Injury', 'mortality'), ('health care costs associated with injury and trauma', 'are significant')]","['explicit', 'explicit', 'explicit']","['intrasentential', 'intrasentential', 'intrasentential']",0.5,Hallucination of data,0,incorrect,correct,correct,Qwen2.5-Coder-32B-Instruct,Few Shot,,TRUE,0.5
6039,"Using rockets fired on several Israeli towns as a diversion , Hezbollah militants crossed from Lebanon into Israel and ambushed two Israeli Army vehicles , killing three soldiers and capturing two other soldiers .",ECI-B_MAVEN-ERE_EN.csv,Intrasentencial,implicit,Yes,,2f,"[('rockets fired on several isreali towns', 'a diversion'), ('hezbollah millitants ambushed two isreali army vehicles', 'three soldiers killed'), ('hezbollah millitants ambushed two isreali army vehicles', 'two soldiers captured')]","[('Using rockets fired on several Israeli towns as a diversion', 'Hezbollah militants crossed from Lebanon into Israel'), ('Using rockets fired on several Israeli towns as a diversion', 'ambushed two Israeli Army vehicles'), ('ambushed two Israeli Army vehicles', 'killing three soldiers'), ('ambushed two Israeli Army vehicles', 'capturing two other soldiers')]","['implicit', 'implicit', 'implicit', 'implicit']","['intrasentential', 'intrasentential', 'intrasentential', 'intrasentential']",0.6667,Incorrect matching,0,incorrect,correct,correct,Qwen2.5-Coder-32B-Instruct,Few Shot,,TRUE,0
1287,"Clearly, money and his own life are more important to Mr. Wells than undoing all of the harm caused by his product.",CauseNet-cause.csv,Intrasentencial,explicit,No,"['cause', 'caused']",2a,"[('product', 'harm')]","[('money and his own life are more important to Mr. Wells', 'undoing all of the harm caused by his product')]",['explicit'],['intrasentential'],0,Incorrect matching,0,incorrect,correct,correct,Qwen2.5-Coder-32B-Instruct,Few Shot,,TRUE,0.5
5617,"The opinion , which found the gender distinction reasonable , relied heavily on outmoded generalities about family roles , including the flawed presumption that mothers have a closer relationship to their children than fathers do .",ECI-B_CTB_EN.csv,Intrasentencial,implicit,No,,2b,"[('outmoded generalities about family roles', 'the opinion... found the gender distinction reasonable')]","[('outmoded generalities about family roles', 'relied heavily'), ('flawed presumption that mothers have a closer relationship to their children than fathers do', 'relied heavily')]","['implicit', 'implicit']","['intrasentential', 'intrasentential']",0,Incorrect matching,0,incorrect,correct,correct,Qwen2.5-Coder-32B-Instruct,Few Shot,,TRUE,0
6622,"An intervention that guarantees rukz aligns with the scenarios under which pexu occurs, contributing directly to rukz. Thus, it is likely that pexu occurred if rukz is guaranteed through intervention.",CausalBench_Text_Part.csv,Intrasentencial,implicit,No,,2b,"[('""if rukz is guaranteed through intervention"",', '""it is likely that pexu occurred""]')]","[('An intervention that guarantees rukz aligns with the scenarios under which pexu occurs', 'contributing directly to rukz'), ('pexu occurred', 'rukz is guaranteed through intervention')]","['implicit', 'implicit']","['intrasentential', 'intrasentential']",0,Switch Cause and Effect,0,incorrect,correct,correct,Qwen2.5-Coder-32B-Instruct,Few Shot,,TRUE,0
5678,"Net income includes an extraordinary gain of about $ 100,000 from the reversal of bad debt and interest income .",ECI-B_CTB_EN.csv,Intrasentencial,implicit,No,,2b,"[('reversal of bad debt and interest income', 'extraordinary gain of about $100,000')]","[('reversal of bad debt', 'extraordinary gain of about $ 100,000'), ('interest income', 'extraordinary gain of about $ 100,000')]","['implicit', 'implicit']","['intrasentential', 'intrasentential']",0.5,Incorrect matching,0,incorrect,correct,correct,Qwen2.5-Coder-32B-Instruct,Few Shot,,TRUE,0.5
8790,"""Among emergency department patients with nontraumatic headache, certain warning signs‚Äîincluding changes in headache pattern, motor deficits, and altered consciousness‚Äîstrongly predicted intracranial pathology. Recognition of these predictors can guide clinical imaging decisions, potentially preventing missed diagnoses.""",PubMed,Intersentential,explicit,Yes,"""strongly predicted"", ""can guide"", ""potentially preventing""",2g,"[('warning signs', 'predicted pathology'), ('recognition', 'guide decisions'), ('guidance', 'prevent missed diagnoses')]","[('certain warning signs‚Äîincluding changes in headache pattern, motor deficits, and altered consciousness', 'intracranial pathology'), ('Recognition of these predictors', 'guide clinical imaging decisions'), ('Recognition of these predictors', 'potentially preventing missed diagnoses')]","['explicit', 'explicit', 'explicit']","['intersentential', 'intersentential', 'intersentential']",0.6667,Incorrect matching,0,incorrect,correct,incorrect,Qwen2.5-Coder-32B-Instruct,Few Shot,,TRUE,0
4191,"Given that lung cancer is caused by high tar deposits and smoking prevents tar deposits, the likelihood of a person having lung cancer is more probable if they were nonsmoking.",CausalBench_Text_Part.csv,intrasentencial,explicit,Yes,['caused'],2e,"[('hugh tar deposit', 'lung cancer'), ('smoking', 'absence of tar deposit'), ('non smoking', 'lung cancer')]","[('lung cancer is caused by high tar deposits', 'the likelihood of a person having lung cancer is more probable'), ('smoking prevents tar deposits', 'the likelihood of a person having lung cancer is more probable')]","['explicit', 'explicit']","['intrasentential', 'intrasentential']",0.5,Mixed (correct + False Positive),0,incorrect,correct,correct,Qwen2.5-Coder-32B-Instruct,Few Shot,,TRUE,0
6790,"Given the substantial difference in the probability of death (78% vs. 40%), a prisoner's death more likely follows the captain's decision to execute. This suggests that when a prisoner dies, it is more probable that the decision to execute, as opposed to release, was made.",CausalBench_Text_Part.csv,Intrasentencial,implicit,No,,2b,"[('""when a prisoner dies"",', '""it is more probable that the decision to execute, as opposed to release, was made""]')]","[('Given the substantial difference in the probability of death (78% vs. 40%)', ""a prisoner's death more likely follows the captain's decision to execute""), (""a prisoner's death more likely follows the captain's decision to execute"", 'when a prisoner dies, it is more probable that the decision to execute, as opposed to release, was made')]","['implicit', 'implicit']","['intrasentential', 'intrasentential']",0.5,Switch Cause and Effect,0,incorrect,correct,correct,Qwen2.5-Coder-32B-Instruct,Few Shot,,TRUE,0.5
3058,"Both smoking and obesity may cause certain illnesses which are life threatening....i.e., cancer, diabetes, etc. and yet, the insurance companies pick and choose where they will gain the most $!!",CauseNet-cause.csv,Intrasentencial,explicit,Yes,['cause'],2e,"[('smoking', 'illnesses'), ('obesity', 'illnesses')]","[('Both smoking and obesity', 'certain illnesses'), ('Both smoking and obesity', 'life threatening'), ('insurance companies', 'pick and choose where they will gain the most $!!')]","['explicit', 'explicit', 'explicit']","['intrasentential', 'intrasentential', 'intrasentential']",0.33,Mixed (Incorrect matching / Hallucination of data),0,incorrect,correct,correct,Qwen2.5-Coder-32B-Instruct,Few Shot,,TRUE,0.5
1844,"To date, funds have been distributed based on the prevalence of actual AIDS cases in a given area; the House bill (H.R. 4807) would also include persons infected with HIV, the virus which causes AIDS.",CauseNet-cause.csv,Intrasentencial,explicit,No,"['cause', 'causes']",2a,"[('virus', 'aids')]","[('the prevalence of actual AIDS cases in a given area', 'funds have been distributed'), ('persons infected with HIV', 'include'), ('the virus which causes AIDS', 'persons infected with HIV')]","['explicit', 'explicit', 'explicit']","['intrasentential', 'intrasentential', 'intrasentential']",0.33,Incorrect matching,0,incorrect,correct,correct,Qwen2.5-Coder-32B-Instruct,Few Shot,,TRUE,0.5
7593,"U.N. chief Guterres sees the private sector as crucial to securing more ambitious pledges at Monday's Climate Action Summit in New York, which aims to boost the Paris deal before it enters a crucial implementation phase next year.",fincausal.csv,Intrasentencial,implicit,No,,2b,"[('""monday\'s climate action summit"",', '""to boost the paris deal before it enters a crucial implementation phase next year""]')]","[('U.N. chief Guterres sees the private sector as crucial', ""securing more ambitious pledges at Monday's Climate Action Summit in New York""), ('boost the Paris deal', 'Paris deal enters a crucial implementation phase next year')]","['implicit', 'implicit']","['intrasentential', 'intrasentential']",0,Incorrect matching,0,incorrect,correct,correct,Qwen2.5-Coder-32B-Instruct,Few Shot,,TRUE,0.5
56,"One possible reason for this could be due to the flawed idea that Goldenrod pollen is annoying to the ""allergy-prone,"" when in fact, the Goldenrod is falsely blamed for reactions caused by ragweed.",CauseNet-cause.csv,Intrasentencial,explicit,No,"['cause', 'caused', 'due to']",2a,"[('ragweed', 'reactions')]","[('the flawed idea that Goldenrod pollen is annoying to the ""allergy-prone""', 'reactions'), ('Goldenrod pollen', 'falsely blamed for reactions'), ('reactions', 'caused by ragweed')]","['explicit', 'explicit', 'explicit']","['intrasentential', 'intrasentential', 'intrasentential']",0,None (all wrong),0,incorrect,correct,correct,Qwen2.5-Coder-32B-Instruct,Few Shot,,TRUE,0.5
1008,"Use of CTD measurement for determination of sound velocity is appealing because these instruments are simpler and more rugged, and because their resolution, accuracy, and stability lead to far better precision than can be obtained with direct SV measuring devices.",coling22-mining-health-related-statements_sentence_test_causenet_evaluations.csv,Intrasentencial,explicit,No,"['cause', 'lead to', 'because']",2a,"[('accuracy', 'far better precision')]","[('Use of CTD measurement for determination of sound velocity', 'appealing'), ('these instruments are simpler and more rugged', 'appealing'), ('their resolution, accuracy, and stability', 'far better precision'), ('far better precision', 'can be obtained with direct SV measuring devices')]","['explicit', 'explicit', 'explicit', 'explicit']","['intrasentential', 'intrasentential', 'intrasentential', 'intrasentential']",0.25,Mixed (Incorrect matching / Switch C&E),0,incorrect,correct,correct,Qwen2.5-Coder-32B-Instruct,Few Shot,,TRUE,0.5
8327,The teenager snuck out of the house. His parents grounded him.,copa,Intersentential,implicit,No,,2d,"[('His parents grounded him', 'The teenager snuck out of the house')]","[('The teenager snuck out of the house', 'His parents grounded him')]",['implicit'],['intersentential'],0,Switch Cause and Effect,0,incorrect,correct,incorrect,Qwen2.5-Coder-32B-Instruct,Few Shot,,TRUE,0
4230,"Given that every camper lights a match, the probability of forest fire remains 53%. However, compared to a hypothetical scenario where campers might not light a match (where the forest fire probability is 87%), it shows a decrease but does not impact the overall assertion because all campers do indeed light a match.",CausalBench_Text_Part.csv,intrasentencial,explicit,Yes,['because'],2e,"[('camper lights a match', 'probability of forest fire remains 53%'), ('campers might not light a match', 'forest fire probability is 87%')]","[('every camper lights a match', 'the probability of forest fire remains 53%'), ('campers might not light a match', 'forest fire probability is 87%'), ('every camper lights a match', 'decrease in forest fire probability')]","['explicit', 'explicit', 'explicit']","['intrasentential', 'intrasentential', 'intrasentential']",0.67,Mixed (False Positive),0,incorrect,correct,correct,Qwen2.5-Coder-32B-Instruct,Few Shot,,TRUE,0.7
6292,"Once finished, Moria reached into his coat and produced a small bag of herbs, a vial of oils, as well as a single candle.",coling22-mining-health-related-statements_sentence_test_causenet_evaluations.csv,Intrasentencial,implicit,No,,2b,"[('moria effect: produced items', 'produced items')]","[('Once finished', 'Moria reached into his coat'), ('Moria reached into his coat', 'produced a small bag of herbs'), ('Moria reached into his coat', 'produced a vial of oils'), ('Moria reached into his coat', 'produced a single candle')]","['implicit', 'implicit', 'implicit', 'implicit']","['intrasentential', 'intrasentential', 'intrasentential', 'intrasentential']",0,Hallucination of data,0,incorrect,correct,correct,Qwen2.5-Coder-32B-Instruct,Few Shot,,TRUE,0
4342,"Given that both the husband's and the wife's setting of the alarm can cause it to ring, the situation where the alarm rings likely aligns with at least one of them setting it. However, the direct causal relationship from the husband to the wife in setting the alarm makes it more probable that the husband indeed set the alarm if it rings.",CausalBench_Text_Part.csv,intrasentencial,explicit,Yes,['cause'],2e,"[('husband sets alarm', 'wife sets alarm'), ('husband sets alarm', 'alarm rings'), ('wife sets alarm', 'alarm rings')]","[(""both the husband's and the wife's setting of the alarm"", 'it to ring'), (""the husband's setting of the alarm"", 'the alarm rings'), (""the husband's setting of the alarm"", 'more probable that the husband indeed set the alarm if it rings')]","['explicit', 'explicit', 'explicit']","['intrasentential', 'intrasentential', 'intrasentential']",0.67,Mixed (Other like / mismatched inference),0,incorrect,correct,correct,Qwen2.5-Coder-32B-Instruct,Few Shot,,TRUE,0.5
6082,"In one place the sea had a sweep fifteen feet of the were upturned, and a big <e1>pile</e1> of human <e2>bones</e2> was exhumed.",Semeval2010Task8.csv,Intrasentencial,implicit,No,,2b,"[('the sea had a sweep', 'a big pile of human bones were exhumed')]","[('the sea had a sweep fifteen feet', 'the were upturned'), ('the sea had a sweep fifteen feet', 'a big pile of human bones was exhumed')]","['implicit', 'implicit']","['intrasentential', 'intrasentential']",0.5,Incorrect matching,0,incorrect,correct,correct,Qwen2.5-Coder-32B-Instruct,Few Shot,,TRUE,0.5
442,The injury resulted in a permanent handicap and Webb was declared unfit for combat duty.,CauseNet-noncause.csv,Intrasentencial,explicit,No,['resulted in'],2a,"[('injury', 'permanent_handicap')]","[('The injury', 'a permanent handicap'), ('The injury', 'Webb was declared unfit for combat duty')]","['explicit', 'explicit']","['intrasentential', 'intrasentential']",0.5,Hallucination of data,0,incorrect,correct,correct,Qwen2.5-Coder-32B-Instruct,Few Shot,,TRUE,0.5
4750,"Myanmar's military and an alliance of armed ethnic minority groups have agreed to a ceasefire mediated by China after months of conflict that has resulted in hundreds of casualties and displaced over half a million people. The ceasefire comes after the alliance launched an offensive against the junta, seizing key towns and border hubs in Myanmar's northern Shan state.",causalprobe.csv,intrasentencial,explicit,Yes,['resulted in'],2e,"[('months of conflict between myanmar‚Äö√Ñ√¥s military and ethnic minority groups', 'hundreds of casualties and displacement of over half a million people'), ('offensive by the ethnic alliance against the junta', 'seizure of key towns and border hubs in northern shan state'), ('mediation efforts by china', 'ceasefire agreement between the military and ethnic alliance')]","[('months of conflict', 'hundreds of casualties'), ('months of conflict', 'displaced over half a million people'), ('alliance launched an offensive against the junta', 'ceasefire')]","['explicit', 'explicit', 'explicit']","['intrasentential', 'intrasentential', 'intrasentential']",0.67,Incorrect matching,0,incorrect,correct,correct,Qwen2.5-Coder-32B-Instruct,Few Shot,,TRUE,0
4256,"This shifts the focus to the effect (child's intelligence) and queries the probable causes. The negative response suggests that observing high intelligence in a child does not necessarily imply it's more likely due to the parents' intelligence over their social status, indicating other factors like social status and unobserved variables also significantly impact the child's intelligence.",CausalBench_Text_Part.csv,intrasentencial,explicit,Yes,"['causes', 'due to']",2e,"[('parent‚Äö√Ñ√¥s intelligence', 'child‚Äö√Ñ√¥s intelligence'), ('parent‚Äö√Ñ√¥s social status', 'child‚Äö√Ñ√¥s intelligence')]","[('observing high intelligence in a child', ""does not necessarily imply it's more likely due to the parents' intelligence""), ('observing high intelligence in a child', ""social status and unobserved variables also significantly impact the child's intelligence"")]","['explicit', 'explicit']","['intrasentential', 'intrasentential']",0,False Negative,0,incorrect,correct,correct,Qwen2.5-Coder-32B-Instruct,Few Shot,,TRUE,0.5
3376,"this patient my have an undiagnosed neuromuscular disease which caused a fall resulting in head injury, or possibly a stroke that caused a fall with an undiagnosed early neuromuscular disease. >",CauseNet-cause.csv,Intrasentencial,explicit,Yes,"['cause', 'caused', 'resulting']",2e,"[('fall', 'head_injury'), ('stroke', 'fall'), ('fall', 'stroke')]","[('undiagnosed neuromuscular disease', 'fall resulting in head injury'), ('stroke', 'fall'), ('fall', 'undiagnosed early neuromuscular disease')]","['explicit', 'explicit', 'explicit']","['intrasentential', 'intrasentential', 'intrasentential']",0.33,Incorrect matching,0,incorrect,correct,correct,Qwen2.5-Coder-32B-Instruct,Few Shot,,TRUE,0
5282,"Although being female causes smoking and indirectly leads to the absence of tar deposits, the causal pathway detailed requires high tar deposits combined with being female to cause peanut allergies. Thus, simply being female does not increase the chance of peanut allergy without considering the tar deposit status.",CausalBench_Text_Part.csv,intersentencial,explicit,Yes,"['causes', 'leads to', 'cause', 'Thus']",2g,"[('being female', 'increased likelihood of smoking'), ('smoking', 'absence of tar deposit'), ('high tar deposit', 'peanut allergy'), ('being female combined with high tar deposit', 'peanut allergy')]","[('being female', 'smoking'), ('being female', 'absence of tar deposits'), ('high tar deposits combined with being female', 'peanut allergies'), ('simply being female', 'increase the chance of peanut allergy')]","['explicit', 'explicit', 'explicit', 'explicit']","['intersentential', 'intersentential', 'intersentential', 'intersentential']",0.5,Incorrect matching,0,incorrect,correct,correct,Qwen2.5-Coder-32B-Instruct,Few Shot,,TRUE,0
7074,"Expanding upon scenario 28, Following the launch of a new public health campaign, a city noted a decrease in smoking rates. At the same time, there was an increase in fitness center memberships and a new regulation on tobacco advertising.",causalnet.csv,Intersentencial,implicit,Yes,,2h,"[('launch of a public health campaign', 'decrease in smoking rates.'), ('launch of a public health campaign', 'increase in fitness center memberships and a new regulation on tobacco advertising.')]","[('Following the launch of a new public health campaign', 'a city noted a decrease in smoking rates'), ('Following the launch of a new public health campaign', 'there was an increase in fitness center memberships')]","['implicit', 'implicit']","['intersentential', 'intersentential']",0.67,False Negative,0,incorrect,correct,correct,Qwen2.5-Coder-32B-Instruct,Few Shot,,TRUE,0
4434,"Based on the given conditions, where the CEO's decision leads to both having visited England and the director's letter, which in turn, directly cause the employee's termination, the logical conclusion is that the employee is indeed fired.",CausalBench_Text_Part.csv,intrasentencial,explicit,Yes,"['leads to', 'cause']",2e,"[('ceo‚Äö√Ñ√¥s decision', 'visited england'), ('ceo‚Äö√Ñ√¥s decision', 'director signs termination letter'), ('visited england', 'employee is fired'), ('director signs termination letter', 'employee is fired'), ('ceo‚Äö√Ñ√¥s decision', 'employee is fired through combined downstream')]","[(""the CEO's decision"", 'having visited England'), (""the CEO's decision"", ""the director's letter""), (""the director's letter"", ""the employee's termination""), (""the employee's termination"", 'the employee is indeed fired')]","['explicit', 'explicit', 'explicit', 'explicit']","['intrasentential', 'intrasentential', 'intrasentential', 'intrasentential']",0.6,False Negative,0,incorrect,correct,correct,Qwen2.5-Coder-32B-Instruct,Few Shot,,TRUE,0
6699,"Given that lirg probabilities are generally higher among non-jyka individuals, an intervention guaranteeing lirg supports the scenario more aligned with being non-jyka. Thus, it is less likely that an individual with consistent lirg is jyka.",CausalBench_Text_Part.csv,Intrasentencial,implicit,Yes,,2f,"[('""an intervention guaranteeing lirg"",', '""supports the scenario more aligned with being non-jyka""] ['), ('""an individual with consistent lirg"",', '""it is less likely that (the individual) is jyka""]')]","[('Given that lirg probabilities are generally higher among non-jyka individuals', 'an intervention guaranteeing lirg supports the scenario more aligned with being non-jyka'), ('an intervention guaranteeing lirg supports the scenario more aligned with being non-jyka', 'it is less likely that an individual with consistent lirg is jyka')]","['implicit', 'implicit']","['intrasentential', 'intrasentential']",0,Switch Cause and Effect,0,incorrect,correct,correct,Qwen2.5-Coder-32B-Instruct,Few Shot,,TRUE,0.5
1322,"Madjid, along with Dr. S. Ward Casscells, has conducted significant research at THI at St. Luke's which has demonstrated this cascade process with regard to infections caused by the flu.",CauseNet-cause.csv,Intrasentencial,explicit,No,"['cause', 'caused']",2a,"[('flu', 'infections')]","[(""significant research at THI at St. Luke's"", 'demonstrated this cascade process with regard to infections caused by the flu')]",['explicit'],['intrasentential'],0,Incorrect matching,0,incorrect,correct,correct,Qwen2.5-Coder-32B-Instruct,Few Shot,,TRUE,0.5
8844,"Living kidney donors are sometimes older or have pre-existing health conditions. As the criteria for donation broadened, the importance of long-term monitoring for preventable illnesses increased. Because ongoing monitoring can facilitate early intervention, annual assessments and follow-up were recommended to improve donor safety.",PubMed,Intersentential,explicit,Yes,"""As"", ""Because""",2g,"[('criteria for donation broadened', 'importance of long-term monitoring for preventable illnesses increased'), ('ongoing monitoring can facilitate early intervention', 'annual assessments and follow-up were recommended to improve donor safety')]","[('criteria for donation broadened', 'improve donor safety'), ('ongoing monitoring', ''), ('facilitate early intervention', ''), ('annual assessments and follow-up', '')]","['explicit', 'explicit', 'explicit', 'explicit']","['intersentential', 'intersentential', 'intersentential', 'intersentential']",0,False Negative,0,incorrect,correct,incorrect,Qwen2.5-Coder-32B-Instruct,Few Shot,,TRUE,0
4215,"The scenario indicates that either high poverty or clean water can cause cholera. Even if the water were polluted instead of clean, the presence of high poverty, which is another independent cause of cholera, implies that the likelihood of avoiding cholera does not increase with polluted water.",CausalBench_Text_Part.csv,intrasentencial,explicit,Yes,"['cause', 'cause']",2e,"[('high poverty', 'cholera'), ('clean water', 'cholera')]","[('high poverty', 'cholera'), ('clean water', 'cholera'), ('water were polluted', 'cholera'), ('high poverty', 'likelihood of avoiding cholera does not increase with polluted water')]","['explicit', 'explicit', 'explicit', 'explicit']","['intrasentential', 'intrasentential', 'intrasentential', 'intrasentential']",0.5,Incorrect matching,0,incorrect,correct,correct,Qwen2.5-Coder-32B-Instruct,Few Shot,,TRUE,1
411,This means that any work or undertaking that results in HADD is a contravention of Subsection 35(1).,CauseNet-noncause.csv,Intrasentencial,explicit,No,['results in'],2a,"[('work_or_undertaking', 'hadd')]","[('any work or undertaking that results in HADD', 'a contravention of Subsection 35(1)')]",['explicit'],['intrasentential'],0,Incorrect matching,0,incorrect,correct,correct,Qwen2.5-Coder-32B-Instruct,Few Shot,,TRUE,0.5
6561,"Given that the occurrence of kwox is much more likely when jyka does not happen (71% vs. 24%), an intervention that assures kwox would more likely align with scenarios where jyka is absent.",CausalBench_Text_Part.csv,Intrasentencial,implicit,No,,2b,"[('""an intervention that assures kwox"",', '""would more likely align with scenarios where jyka is absent""]')]","[('the occurrence of kwox is much more likely when jyka does not happen (71% vs. 24%)', 'an intervention that assures kwox would more likely align with scenarios where jyka is absent')]",['implicit'],['intrasentential'],0,Switch Cause and Effect,0,incorrect,correct,correct,Qwen2.5-Coder-32B-Instruct,Few Shot,,TRUE,0.5
4329,"Given that a healthy heart in this scenario is conditioned upon high blood pressure resulting from taking medication, a healthy heart implies that it's more likely the person took the medication, which caused the high blood pressure and ultimately the healthy heart.",CausalBench_Text_Part.csv,intrasentencial,explicit,Yes,['caused'],2e,"[('taking medication', 'high blood pressure'), ('high blood pressure', 'healthy heart'), ('healthy heart', 'more likely medication was taken')]","[('taking medication', 'high blood pressure'), ('high blood pressure', 'healthy heart'), ('taking medication', 'high blood pressure'), ('high blood pressure', 'healthy heart')]","['explicit', 'explicit', 'explicit', 'explicit']","['intrasentential', 'intrasentential', 'intrasentential', 'intrasentential']",0.67,False Negative,0,incorrect,correct,correct,Qwen2.5-Coder-32B-Instruct,Few Shot,,TRUE,0
2783,"Tobacco use causes approximately 443,000 premature deaths per year, more than HIV, illegal drugs, alcohol, motor vehicle injuries, suicides and murders combined.",CauseNet-cause.csv,Intrasentencial,explicit,Yes,"['cause', 'causes']",2e,"[('tobacco_use', 'premature_deaths'), ('tobacco_use', 'alcohol')]","[('Tobacco use', 'approximately 443,000 premature deaths per year')]",['explicit'],['intrasentential'],0.5,False Negative,0,incorrect,correct,correct,Qwen2.5-Coder-32B-Instruct,Few Shot,,TRUE,0
7028,"Extending scenario 17, A country's shift to organic farming practices coincided with an increase in life expectancy. During this period, there was also a rise in health awareness programs and improvements in medical technology.",causalnet.csv,Intersentencial,implicit,No,,2d,"[('shift to organic farming practices', 'increase in life expectancy. efeect 2: a rise in health awareness programs and improvements in medical technology.')]","[(""A country's shift to organic farming practices"", 'an increase in life expectancy'), ('there was also a rise in health awareness programs', 'an increase in life expectancy'), ('improvements in medical technology', 'an increase in life expectancy')]","['implicit', 'implicit', 'implicit']","['intersentential', 'intersentential', 'intersentential']",0.33,Switch Cause and Effect,0,incorrect,correct,correct,Qwen2.5-Coder-32B-Instruct,Few Shot,,TRUE,0
7936,The woman's makeup smeared. She wiped her eyes.,copa,Intersentential,implicit,No,,2d,"[('She wiped her eyes', ""The woman's makeup smeared"")]","[(""The woman's makeup smeared"", 'She wiped her eyes')]",['implicit'],['intersentential'],0,Switch Cause and Effect,0,incorrect,correct,incorrect,Qwen2.5-Coder-32B-Instruct,Few Shot,,TRUE,0
5272,"Even though the dry season negates rain as a cause of a wet ground, the ground could still be wet due to the sprinkler possibly being on. Therefore, one cannot conclusively predict that the ground will remain dry.",CausalBench_Text_Part.csv,intersentencial,explicit,Yes,"['cause', 'due to', 'Therefore']",2g,"[('dry season', 'no rain'), ('sprinkler is on', 'wet ground'), ('rain', 'wet ground')]","[('dry season negates rain as a cause of a wet ground', 'the ground could still be wet'), ('sprinkler possibly being on', 'the ground could still be wet'), ('one cannot conclusively predict that the ground will remain dry', 'the ground could still be wet')]","['explicit', 'explicit', 'explicit']","['intersentential', 'intersentential', 'intersentential']",0.33,Incorrect matching,0,incorrect,correct,correct,Qwen2.5-Coder-32B-Instruct,Few Shot,,TRUE,0.5
1752,"In his new book's introductory chapter, Mr. Frum writes that few problems caused by government ""can be fixed by Reagan-style tax cutting and deregulation.""",CauseNet-cause.csv,Intrasentencial,explicit,No,"['cause', 'caused']",2a,"[('government', 'problems')]","[('few problems caused by government', 'can be fixed by Reagan-style tax cutting and deregulation')]",['explicit'],['intrasentential'],0,Incorrect matching,0,incorrect,correct,correct,Qwen2.5-Coder-32B-Instruct,Few Shot,,TRUE,0.5
6354,Those are the rent-seekers who enjoy the benefits of government policies.,fincausal.csv,Intrasentencial,implicit,No,,2b,"[('government policies', 'rent-seekers benefit')]","[('Those are the rent-seekers', 'enjoy the benefits of government policies')]",['implicit'],['intrasentential'],0,Switch Cause and Effect,0,incorrect,correct,correct,Qwen2.5-Coder-32B-Instruct,Few Shot,,TRUE,0.5
7784,The man removed his coat. He entered the house.,copa,Intersentential,implicit,No,,2d,"[('He entered the house', 'The man removed his coat')]","[('The man removed his coat', 'He entered the house')]",['implicit'],['intersentential'],0,Switch Cause and Effect,0,incorrect,correct,incorrect,Qwen2.5-Coder-32B-Instruct,Few Shot,,TRUE,0
1657,The parasite that causes malaria (Plasmodium spp.) infects red blood cells.,CauseNet-cause.csv,Intrasentencial,explicit,No,"['cause', 'causes']",2a,"[('parasite', 'malaria')]","[('The parasite that causes malaria (Plasmodium spp.)', 'infects red blood cells')]",['explicit'],['intrasentential'],0,Incorrect matching,0,incorrect,correct,correct,Qwen2.5-Coder-32B-Instruct,Few Shot,,TRUE,0.5
5697,"Along with reduced volume , analysts said the nation 's fifth largest steelmaker was hurt by holding higher-cost inventory when raw material costs of such key products as nickel dropped .",ECI-B_CTB_EN.csv,Intrasentencial,implicit,No,,2b,"[(""the nation's fifth largest steelmaker was holding higher-cost inventory when raw material costs of such key products as nickel dropped"", ""the nation's fifth largest steelmaker was hurt"")]","[('reduced volume', ""the nation 's fifth largest steelmaker was hurt""), ('holding higher-cost inventory', ""the nation 's fifth largest steelmaker was hurt""), ('raw material costs of such key products as nickel dropped', ""the nation 's fifth largest steelmaker was hurt"")]","['implicit', 'implicit', 'implicit']","['intrasentential', 'intrasentential', 'intrasentential']",0.5,Incorrect matching,0,incorrect,correct,correct,Qwen2.5-Coder-32B-Instruct,Few Shot,,TRUE,0.5
4951,"This is worth your money because it won't matter how successful you are if you don't have a competent patent lawyer protecting your money, or if your taxes aren't filed properly and you end up having to paying fines.",fincausal.csv,intrasentencial,explicit,Yes,['because'],2e,"[('not having a competent patent lawyer', 'risk of losing money'), ('taxes not filed properly', 'risk of paying fines')]","[('having a competent patent lawyer protecting your money', ""it won't matter how successful you are""), (""your taxes aren't filed properly"", 'you end up having to paying fines')]","['explicit', 'explicit']","['intrasentential', 'intrasentential']",0.5,Switch Cause and Effect,0,incorrect,correct,correct,Qwen2.5-Coder-32B-Instruct,Few Shot,,TRUE,0
3675,"You and 12,000 other individuals who regularly support the research programs of the Institute deal in these media when you make a gift, and everyone at the Institute thanks you for keeping Dr. That mission is the identification and investigation of vitamins and food constituents that promote health and reduce suffering caused by disease.",CauseNet-cause.csv,Intrasentencial,explicit,No,"['cause', 'caused']",2a,"[('disease', 'suffering')]","[('You and 12,000 other individuals who regularly support the research programs of the Institute deal in these media when you make a gift', 'everyone at the Institute thanks you'), ('You and 12,000 other individuals who regularly support the research programs of the Institute deal in these media when you make a gift', 'keeping Dr.')]","['explicit', 'explicit']","['intrasentential', 'intrasentential']",0,Hallucination of totally new sentence,0,incorrect,correct,correct,Qwen2.5-Coder-32B-Instruct,Few Shot,,TRUE,0
7045,"Similar to scenario 7, A nation introduced a universal basic income (UBI) policy, and subsequently, there was a notable increase in small business startups. Around the same time, the country experienced a significant advancement in digital technology infrastructure.",causalnet.csv,Intersentencial,implicit,Yes,,2h,"[('introduction of a ubi policy', 'increase in small business startups.'), ('introduction of a ubi policy', 'significant advancement in digital technology infrastructure.')]","[('A nation introduced a universal basic income (UBI) policy', 'there was a notable increase in small business startups')]",['implicit'],['intersentential'],0.5,False Negative,0,incorrect,correct,correct,Qwen2.5-Coder-32B-Instruct,Few Shot,,TRUE,0
5445,"Given that the probability of obtaining a high salary is lower (35%) for those who like spicy food compared to those who don't (52%), it indicates that liking spicy food does not increase the chance of a high salary.",CausalBench_Text_Part.csv,Intrasentencial,implicit,No,,2b,"[('likes spicy food', 'high salary probability does not increase')]","[(""probability of obtaining a high salary is lower (35%) for those who like spicy food compared to those who don't (52%)"", 'liking spicy food does not increase the chance of a high salary')]",['implicit'],['intrasentential'],0,Switch Cause and Effect,0,incorrect,correct,correct,Qwen2.5-Coder-32B-Instruct,Few Shot,,TRUE,0.5
3596,"Check out past yahoo! Iv tylenol fda approved May cause drowsiness.This combination medication is used to temporarily treat symptoms caused by the common cold, flu, allergies, or other breathing illnesses (such as sinusitis, bronchitis).",CauseNet-cause.csv,Intrasentencial,explicit,Yes,"['cause', 'caused']",2e,"[('allergies', 'symptoms'), ('flu', 'symptoms'), ('common_cold', 'symptoms'), ('breathing_illnesses', 'symptoms')]","[('May cause drowsiness', 'This combination medication is used to temporarily treat symptoms')]",['explicit'],['intrasentential'],0,Incorrect matching,0,incorrect,correct,correct,Qwen2.5-Coder-32B-Instruct,Few Shot,,TRUE,0
1924,"We may need to send returned items back to the original manufacturer to help determine if the problem was caused by abuse or mishandling (i.e. cameras blown by wrong voltage, batteries connected backwards, etc.).",CauseNet-cause.csv,Intrasentencial,explicit,No,"['cause', 'caused']",2a,"[('abuse', 'problem')]","[('problem was caused by abuse or mishandling', 'cameras blown by wrong voltage'), ('problem was caused by abuse or mishandling', 'batteries connected backwards')]","['explicit', 'explicit']","['intrasentential', 'intrasentential']",0,Incorrect matching,0,incorrect,correct,correct,Qwen2.5-Coder-32B-Instruct,Few Shot,,TRUE,0.5
1686,"He would have testified that G.F. became severely hypotensive in a very short period of time, and that the likely cause of his death was an arrhythmia combined with severe hypotension.",CauseNet-cause.csv,Intrasentencial,explicit,No,['cause'],2a,"[('arrhythmia', 'death')]","[('G.F. became severely hypotensive in a very short period of time', 'the likely cause of his death was an arrhythmia combined with severe hypotension')]",['explicit'],['intrasentential'],0,Incorrect matching,0,incorrect,correct,correct,Qwen2.5-Coder-32B-Instruct,Few Shot,,TRUE,0.5
1654,"Decades after the link between asbestos exposure and lung disease has been conclusively demonstrated, S. 758 and H.R. 1283 would create an ultra-strict burden of proof for establishing that asbestos-induced lung cancer or other diseases were caused by asbestos exposure.",CauseNet-cause.csv,Intrasentencial,explicit,No,"['cause', 'caused', 'induce', 'induced']",2a,"[('asbestos_exposure', 'diseases')]","[('link between asbestos exposure and lung disease has been conclusively demonstrated', 'S. 758 and H.R. 1283 would create an ultra-strict burden of proof')]",['explicit'],['intrasentential'],0,Incorrect matching,0,incorrect,correct,correct,Qwen2.5-Coder-32B-Instruct,Few Shot,,TRUE,0.5
6271,"Corez was getting real frustrated and brought a chair in at one point, but the ref took that away and the slight distraction allowed Torres to spear Corez to the mat and pummel him with punches.",coling22-mining-health-related-statements_sentence_test_causenet_evaluations.csv,Intrasentencial,implicit,No,,2b,"[('slight distraction', 'torres speared corez and pummeled him')]","[('Corez was getting real frustrated and brought a chair in at one point', 'Torres to spear Corez to the mat and pummel him with punches'), ('the ref took that away', ''), ('the ref took that away', '')]","['implicit', 'implicit', 'implicit']","['intrasentential', 'intrasentential', 'intrasentential']",0,Incorrect matching,0,incorrect,correct,correct,Qwen2.5-Coder-32B-Instruct,Few Shot,,TRUE,0
459,"In other words, because SSRIs and similar drugs (e.g., Effexor) have withdrawal symptoms that sometimes lead to depression, it looks like they are effective in preventing depression because people often get worse shortly after stopping their medication.",CauseNet-noncause.csv,Intrasentencial,explicit,No,"['cause', 'effect', 'lead to', 'because']",2a,"[('withdrawal_symptoms', 'depression')]","[('SSRIs and similar drugs (e.g., Effexor) have withdrawal symptoms', 'sometimes lead to depression'), ('people often get worse shortly after stopping their medication', 'it looks like they are effective in preventing depression')]","['explicit', 'explicit']","['intrasentential', 'intrasentential']",0.5,Incorrect matching,0,incorrect,correct,correct,Qwen2.5-Coder-32B-Instruct,Few Shot,,TRUE,0.5
1722,"v. Telford Justices, Ex parte Badhan [1991] 2 Q.B. 78, where the Divisional Court prohibited the magistrates from further hearing committal proceedings on the ground that, by reason of the prejudice caused by delay, to proceed against the accused would amount to an abuse of process.",CauseNet-cause.csv,Intrasentencial,explicit,No,"['cause', 'caused']",2a,"[('delay', 'prejudice')]","[('prejudice caused by delay', 'prohibited the magistrates from further hearing committal proceedings'), ('prejudice caused by delay', 'to proceed against the accused would amount to an abuse of process')]","['explicit', 'explicit']","['intrasentential', 'intrasentential']",0,Switch Cause and Effect,0,incorrect,correct,correct,Qwen2.5-Coder-32B-Instruct,Few Shot,,TRUE,0.5
6317,"Decades of frustration and anger at this policy, which contributed greatly to the impoverishment of the Mi'kmaq People, gave way to hope when Donald Marshall - himself a victim of systemic racism in the justice system - successfully challenged the government, by fishing out of season.",coling22-mining-health-related-statements_sentence_test_causenet_evaluations.csv,Intrasentencial,implicit,No,,2b,"[('decades of frustration and anger at this policy', ""impoverishment of the mi'kmaq people"")]","[(""Decades of frustration and anger at this policy, which contributed greatly to the impoverishment of the Mi'kmaq People"", 'gave way to hope')]",['implicit'],['intrasentential'],0,Incorrect matching,0,incorrect,correct,correct,Qwen2.5-Coder-32B-Instruct,Few Shot,,TRUE,0.5
5122,"This happens because revenue erosion is faster than cost reductions, showing that stabilizing revenues is critical for the bank to improve its financial profile.",fincausal.csv,intrasentencial,explicit,Yes,['because'],2e,"[('revenue erosion is faster than cost reductions', 'weakens the bank‚Äö√Ñ√¥s financial profile'), ('stabilizing revenues', 'improves the bank‚Äö√Ñ√¥s financial profile')]","[('revenue erosion is faster than cost reductions', 'stabilizing revenues is critical for the bank to improve its financial profile')]",['explicit'],['intrasentential'],0,Incorrect matching,0,incorrect,correct,correct,Qwen2.5-Coder-32B-Instruct,Few Shot,,TRUE,0
4840,"The World Bank official is calling for a shake-up of the G20 debt relief scheme, as it has failed to produce any results in providing debt relief to the world's poorest countries. The common framework designed to simplify debt restructuring has not delivered any new money after four years, leading to high repayments that entrench poverty in many countries.",causalprobe.csv,intrasentencial,explicit,Yes,"['results in', 'leading to']",2e,"[('failure of g20 debt relief scheme', 'no debt relief for poorest countries'), ('inefficiency of common framework', 'no new money delivered after four years'), ('lack of debt restructuring', 'high repayments'), ('high repayments', 'entrenched poverty in many countries'), ('call by world bank official', 'push for reform of debt relief scheme')]","[(""it has failed to produce any results in providing debt relief to the world's poorest countries"", 'a shake-up of the G20 debt relief scheme'), ('The common framework designed to simplify debt restructuring has not delivered any new money after four years', 'high repayments'), ('high repayments', 'entrench poverty in many countries')]","['explicit', 'explicit', 'explicit']","['intrasentential', 'intrasentential', 'intrasentential']",0.67,Incorrect matching,0,incorrect,correct,correct,Qwen2.5-Coder-32B-Instruct,Few Shot,,TRUE,0
4919,"Forensic audit activity - In this experiential activity, delegates are confronted with a number of exhibits from a real, and well known, control failure and asked to identify as many of the root causes as possible.",fincausal.csv,intrasentencial,explicit,Yes,['causes'],2e,"[('control failure in real case', 'forensic audit activity using real exhibits'), ('exposure to real-life audit scenario', 'delegates identify root')]","[('Forensic audit activity', 'delegates are confronted with a number of exhibits'), ('Forensic audit activity', 'asked to identify as many of the root causes as possible')]","['explicit', 'explicit']","['intrasentential', 'intrasentential']",0.5,Switch Cause and Effect,0,incorrect,correct,correct,Qwen2.5-Coder-32B-Instruct,Few Shot,,TRUE,0
2876,The Pinellas-Pasco medical examiner originally blamed McPherson's death on a blood clot caused by dehydration and too much bed rest during her stay at the Fort Harrison.,CauseNet-cause.csv,Intrasentencial,explicit,Yes,"['cause', 'caused']",2e,"[('dehydration', 'blood_clot'), ('blood_clot', ""mcpherson_'s_death"")]","[('dehydration and too much bed rest during her stay at the Fort Harrison', 'blood clot')]",['explicit'],['intrasentential'],0.5,False Negative,0,incorrect,correct,correct,Qwen2.5-Coder-32B-Instruct,Few Shot,,TRUE,0
6262,"On January 12, 2009, Bret Schundler dropped his bid for mayor citing financial difficulties due in part to the ongoing financial meltdown on Wall Street.",coling22-mining-health-related-statements_sentence_test_causenet_evaluations.csv,Intrasentencial,implicit,No,,2b,"[('ongoing financial meltdown on wall street', 'bret schundler dropped his bid for mayor')]","[('ongoing financial meltdown on Wall Street', 'financial difficulties')]",['implicit'],['intrasentential'],0,Incorrect matching,0,incorrect,correct,correct,Qwen2.5-Coder-32B-Instruct,Few Shot,,TRUE,0
1374,"Negligence can cause floods and fire, and greed can keep U.N. relief from reaching victims.",CauseNet-cause.csv,Intrasentencial,explicit,No,['cause'],2a,"[('negligence', 'fire')]","[('Negligence', 'floods'), ('Negligence', 'fire'), ('greed', 'U.N. relief from reaching victims')]","['explicit', 'explicit', 'explicit']","['intrasentential', 'intrasentential', 'intrasentential']",0.5,Incorrect matching,0,incorrect,correct,correct,Qwen2.5-Coder-32B-Instruct,Few Shot,,TRUE,1
5516,"Observing that a patient has curly hair, which has a higher occurrence probability of 57% among those who consume citrus than the 47% among those who do not, logically infers that having curly hair is more likely associated with the consumption of citrus.",CausalBench_Text_Part.csv,Intrasentencial,implicit,No,,2b,"[('consumes citrus', 'has curly hair')]","[('curly hair', 'higher occurrence probability of 57% among those who consume citrus'), ('curly hair', 'higher occurrence probability of 47% among those who do not consume citrus')]","['implicit', 'implicit']","['intrasentential', 'intrasentential']",0,Switch Cause and Effect,0,incorrect,correct,correct,Qwen2.5-Coder-32B-Instruct,Few Shot,,TRUE,0
4283,"Smoking, despite leading to a higher probability of tar deposit, results in a lowered probability of peanut allergy as compared to nonsmokers with high tar deposit (52% vs 62%). Thus, smoking does not negatively affect peanut allergy through tar deposit.",CausalBench_Text_Part.csv,intrasentencial,explicit,Yes,"['leading to', 'results in', 'Thus']",2e,"[('smoking', 'higher probability of tar deposit'), ('high tar deposit in nonsmokers', 'higher probability of peanut allergy'), ('high tar deposit in smokers', 'lower probability of peanut allergy')]","[('smoking', 'does not negatively affect peanut allergy through tar deposit')]",['explicit'],['intrasentential'],0,False Negative,0,incorrect,correct,correct,Qwen2.5-Coder-32B-Instruct,Few Shot,,TRUE,0
4262,"Given the absence of traffic, if Alice still arrives on time, it is more plausible that this was caused by a solar eclipse since the only other condition leading to her timely arrival is not present.",CausalBench_Text_Part.csv,intrasentencial,explicit,Yes,"['caused', 'since', 'leading to']",2e,"[('heavy traffic', 'alice arrives on time'), ('solar eclipse', 'alice arrives on time')]","[('absence of traffic', 'Alice still arrives on time'), ('solar eclipse', 'Alice still arrives on time'), ('only other condition leading to her timely arrival', 'Alice still arrives on time')]","['explicit', 'explicit', 'explicit']","['intrasentential', 'intrasentential', 'intrasentential']",0.5,Incorrect matching,0,incorrect,correct,correct,Qwen2.5-Coder-32B-Instruct,Few Shot,,TRUE,0
8174,The boy threw a temper tantrum. His brother took his toys from him.,copa,Intersentential,implicit,No,,2d,"[('His brother took his toys from him', 'The boy threw a temper tantrum')]","[('The boy threw a temper tantrum', 'His brother took his toys from him')]",['implicit'],['intersentential'],0,Switch Cause and Effect,0,incorrect,correct,incorrect,Qwen2.5-Coder-32B-Instruct,Few Shot,,TRUE,0
5831,"His supervision was revoked and he returned to prison in May 1984 with a new charge of indecency with a child , given a new 20 year sentence .",ECI-B_ESC_EN.csv,Intrasentencial,implicit,Yes,,2f,"[('his supervision was revoked', 'he returned to prison in may 1984'), ('a new charge of indecency with a child', 'he was given a new 20 year sentence')]","[('His supervision was revoked', 'he returned to prison in May 1984'), ('His supervision was revoked', 'given a new 20 year sentence'), ('he returned to prison in May 1984', 'given a new 20 year sentence')]","['implicit', 'implicit', 'implicit']","['intrasentential', 'intrasentential', 'intrasentential']",0.5,Incorrect matching,0,incorrect,correct,correct,Qwen2.5-Coder-32B-Instruct,Few Shot,,TRUE,0
8379,The woman sighed with frustration. Her husband misunderstood her concerns.,copa,Intersentential,implicit,No,,2d,"[('Her husband misunderstood her concerns', 'The woman sighed with frustration')]","[('The woman sighed with frustration', 'Her husband misunderstood her concerns')]",['implicit'],['intersentential'],0,Switch Cause and Effect,0,incorrect,correct,incorrect,Qwen2.5-Coder-32B-Instruct,Few Shot,,TRUE,0
6010,The result of the conference was a series of bilateral agreements that would last for at least 5 years .,ECI-B_MAVEN-ERE_EN.csv,Intrasentencial,implicit,No,,2b,"[('the conference', 'a series of bilateral agreements that would last for at least 5 years')]","[('The result of the conference', 'a series of bilateral agreements')]",['implicit'],['intrasentential'],0.5,False Negative,0,incorrect,correct,correct,Qwen2.5-Coder-32B-Instruct,Few Shot,,TRUE,0
5086,"Great West Casualty Company shall have neither liability nor responsibility to any person or entity with respect to any loss, action, or inaction alleged to be caused directly or indirectly as a result of the information contained herein.",fincausal.csv,intrasentencial,explicit,Yes,"['caused', 'as a result']",2e,"[('information contained herein', 'no liability or responsibility for loss'), ('alleged loss', 'no liability or responsibility for loss'), ('alleged action', 'no liability or responsibility for loss'), ('alleged inaction', 'no liability or responsibility for loss')]","[('information contained herein', 'liability'), ('information contained herein', 'responsibility')]","['explicit', 'explicit']","['intrasentential', 'intrasentential']",0,Switch Cause and Effect,0.25,incorrect,correct,correct,Qwen2.5-Coder-32B-Instruct,Few Shot,,TRUE,0
1720,"Coroner Howe of Phelps was notified, and in the afternoon Drs. Turck, of this place, and P. Howe of Manchester, made a post mortem examination, and pronounced the cause of death to be fatty degeneration of the heart.",CauseNet-cause.csv,Intrasentencial,explicit,No,['cause'],2a,"[('fatty_degeneration_of_the_heart', 'death')]","[('Coroner Howe of Phelps was notified', 'Drs. Turck, of this place, and P. Howe of Manchester, made a post mortem examination'), ('Drs. Turck, of this place, and P. Howe of Manchester, made a post mortem examination', 'pronounced the cause of death to be fatty degeneration of the heart')]","['explicit', 'explicit']","['intrasentential', 'intrasentential']",0,Incorrect matching,0,incorrect,correct,correct,Qwen2.5-Coder-32B-Instruct,Few Shot,,TRUE,0.5
6506,"When their Kree origin and behind - the - scenes manipulations were revealed , the Kree managed to free themselves from Shi'ar rule .",medcaus.csv,Intrasentencial,implicit,No,,2b,"[('""antiaromatic"",', '""disfavoured""]')]","[('their Kree origin and behind - the - scenes manipulations were revealed', ""the Kree managed to free themselves from Shi'ar rule"")]",['implicit'],['intrasentential'],0,Hallucination of totally new sentence,0,incorrect,correct,correct,Qwen2.5-Coder-32B-Instruct,Few Shot,,TRUE,0
5822,"His supervision was revoked and he returned to prison in May 1984 with a new charge of indecency with a child , given a new 20 year sentence .",ECI-B_ESC_EN.csv,Intrasentencial,implicit,Yes,,2f,"[('his supervision was revoked', 'he returned to prison in may 1984'), ('a new charge of indecency with a child', 'he received a new 20-year sentence')]","[('His supervision was revoked', 'he returned to prison'), ('His supervision was revoked', 'given a new 20 year sentence'), ('he returned to prison', 'given a new 20 year sentence')]","['implicit', 'implicit', 'implicit']","['intrasentential', 'intrasentential', 'intrasentential']",0.5,Incorrect matching,0,incorrect,correct,correct,Qwen2.5-Coder-32B-Instruct,Few Shot,,TRUE,0
251,"After all, his hypothesis stated that HIV caused AIDS, and therefore they must be infected.",CauseNet-cause.csv,Intrasentencial,explicit,No,"['cause', 'caused', 'therefore']",2a,"[('hiv', 'aids')]","[('HIV caused AIDS', 'they must be infected')]",['explicit'],['intrasentential'],0,Hallucination of data,0,incorrect,correct,correct,Qwen2.5-Coder-32B-Instruct,Few Shot,,TRUE,0.5
5371,"Given that the probability of freckles is higher among smokers (71%) compared to nonsmokers (48%), it logically follows that smoking does not decrease the chance of developing freckles but rather increases it.",CausalBench_Text_Part.csv,Intrasentencial,implicit,No,,2b,"[('smoking occurs', 'chance of developing freckles increases')]","[('Given that the probability of freckles is higher among smokers (71%) compared to nonsmokers (48%)', 'smoking does not decrease the chance of developing freckles'), ('Given that the probability of freckles is higher among smokers (71%) compared to nonsmokers (48%)', 'smoking increases the chance of developing freckles')]","['implicit', 'implicit']","['intrasentential', 'intrasentential']",0,Switch Cause and Effect,0,incorrect,correct,correct,Qwen2.5-Coder-32B-Instruct,Few Shot,,TRUE,0
5370,"Comparing the probabilities, since the likelihood of the forest being on fire is significantly higher when a match is lit (80%), it logically follows that if the forest is on fire, it is more likely that the event was preceded by a camper lighting a match.",CausalBench_Text_Part.csv,Intrasentencial,implicit,No,,2b,"[('camper lights a match', 'forest catches fire')]","[('the likelihood of the forest being on fire is significantly higher when a match is lit', 'if the forest is on fire, it is more likely that the event was preceded by a camper lighting a match')]",['implicit'],['intrasentential'],0,Switch Cause and Effect,0,incorrect,correct,correct,Qwen2.5-Coder-32B-Instruct,Few Shot,,TRUE,0
5259,"The question incorrectly states ""yes"" but should be ""no,"" because the probability of lung cancer when smoking (27%) is higher than when not smoking (10%); hence, lung cancer is less likely when observing nonsmoking.",CausalBench_Text_Part.csv,intersentencial,explicit,Yes,"['because', 'hence']",2g,"[('smoking', 'higher probability of lung cancer'), ('nonsmoking', 'lower probability of lung cancer')]","[('The probability of lung cancer when smoking (27%) is higher than when not smoking (10%)', 'lung cancer is less likely when observing nonsmoking')]",['explicit'],['intersentential'],0.5,False Negative,0,incorrect,correct,correct,Qwen2.5-Coder-32B-Instruct,Few Shot,,TRUE,0
7894,The boy climbed the tree. A cat got stuck in the tree.,copa,Intersentential,implicit,No,,2d,"[('A cat got stuck in the tree', 'The boy climbed the tree')]","[('The boy climbed the tree', 'A cat got stuck in the tree')]",['implicit'],['intersentential'],0,Switch Cause and Effect,0,incorrect,correct,incorrect,Qwen2.5-Coder-32B-Instruct,Few Shot,,TRUE,0
1300,"Floods caused by heavy rains last week have killed at least 81 people and injured 82 in North Korea, a U.N. report said Monday.",CauseNet-cause.csv,Intrasentencial,explicit,No,"['cause', 'caused']",2a,"[('heavy_rains', 'floods')]","[('Floods caused by heavy rains last week', 'have killed at least 81 people'), ('Floods caused by heavy rains last week', 'injured 82 in North Korea')]","['explicit', 'explicit']","['intrasentential', 'intrasentential']",0,False Negative,0,incorrect,correct,correct,Qwen2.5-Coder-32B-Instruct,Few Shot,,TRUE,0.5
4620,The painting shows a historical view of the <e1>damage</e1> caused by the 1693 Catania earthquake and the <e2>reconstruction</e2> activities.,Semeval2010Task8.csv,intrasentencial,explicit,Yes,['caused'],2e,"[('1693 catania earthquake', 'damage'), ('reconstruction activities', 'historical view shown in the painting')]","[('the 1693 Catania earthquake', 'damage'), ('the 1693 Catania earthquake', 'reconstruction activities')]","['explicit', 'explicit']","['intrasentential', 'intrasentential']",0.5,Incorrect matching,0.5,incorrect,correct,correct,Qwen2.5-Coder-32B-Instruct,Few Shot,,TRUE,0
2287,"In China alone, WHO estimates that it will forego $558 billion in national income over the next ten years as a result of premature deaths caused by heart disease, stroke and diabetes.",CauseNet-cause.csv,Intrasentencial,explicit,Yes,"['cause', 'caused', 'as a result']",2e,"[('heart_disease', 'premature_deaths'), ('stroke', 'premature_deaths')]","[('premature deaths caused by heart disease, stroke and diabetes', 'it will forego $558 billion in national income over the next ten years')]",['explicit'],['intrasentential'],0,Switch Cause and Effect,0,incorrect,correct,correct,Qwen2.5-Coder-32B-Instruct,Few Shot,,TRUE,0.5
830,"""Acetylcholinesterase inhibitors are employed to reduce the rate at which acetylcholine ( ACh ) is broken down , thereby increasing the concentration of ACh in the brain and combating the loss of ACh caused by the death of cholinergic neurons .""",medcaus.csv,Intrasentencial,explicit,No,"['cause', 'caused', 'thereby']",2a,"[('by the death of cholinergic', '`` Acetylcholinesterase inhibitors are employed to reduce the rate at which -LRB- -RRB- is broken , thereby increasing the concentration of ACh in the brain and combating the loss of')]","[('Acetylcholinesterase inhibitors are employed to reduce the rate at which acetylcholine ( ACh ) is broken down', 'increasing the concentration of ACh in the brain'), ('Acetylcholinesterase inhibitors are employed to reduce the rate at which acetylcholine ( ACh ) is broken down', 'combating the loss of ACh caused by the death of cholinergic neurons')]","['explicit', 'explicit']","['intrasentential', 'intrasentential']",0,Switch Cause and Effect,0,incorrect,correct,correct,Qwen2.5-Coder-32B-Instruct,Few Shot,,TRUE,0
7368,"The article discusses the presence of Asian hornets in the UK and the fear and panic surrounding their impact on bee populations. The author argues that while the Asian hornet is a threat to bees, there are more significant issues facing pollinators, such as the use of bee-killing pesticides.",causalprobe.csv,Intersentencial,implicit,No,,2d,"[('""fear and panic about asian hornets‚Äö√Ñ√¥ impact on bees""', '""more significant threats exist (e.g., pesticides)""')]","[('use of bee-killing pesticides', 'more significant issues facing pollinators')]",['implicit'],['intersentential'],0,Incorrect matching,0,incorrect,correct,correct,Qwen2.5-Coder-32B-Instruct,Few Shot,,TRUE,0
2906,"Third-degree burns are classified as critical if they occur on more than 10 percent of the total body surface, if there is any involvement of the face, hands, feet, or genital area, or if the burns are caused by chemicals or electricity.",CauseNet-cause.csv,Intrasentencial,explicit,Yes,"['cause', 'caused']",2e,"[('chemicals', 'burns'), ('electricity', 'burns')]","[('burns occur on more than 10 percent of the total body surface', 'classified as critical'), ('any involvement of the face, hands, feet, or genital area', 'classified as critical'), ('burns are caused by chemicals or electricity', 'classified as critical')]","['explicit', 'explicit', 'explicit']","['intrasentential', 'intrasentential', 'intrasentential']",0,Incorrect matching,0,incorrect,correct,correct,Qwen2.5-Coder-32B-Instruct,Few Shot,,TRUE,0.5
1245,"During the 2005 flooding of the majority of New Orleans due to levee failures caused by Hurricane Katrina, St. Charles Avenue and the portion of Uptown closer to the Mississippi River escaped significant flooding.",CauseNet-cause.csv,Intrasentencial,explicit,No,"['cause', 'caused', 'due to']",2a,"[('hurricane_katrina', 'levee_failures')]","[('levee failures', 'St. Charles Avenue and the portion of Uptown closer to the Mississippi River escaped significant flooding')]",['explicit'],['intrasentential'],0,Switch Cause and Effect,0,incorrect,correct,correct,Qwen2.5-Coder-32B-Instruct,Few Shot,,TRUE,0
7918,The smoke alarm went off. I burnt my dinner.,copa,Intersentential,implicit,No,,2d,"[('I burnt my dinner', 'The smoke alarm went off')]","[('The smoke alarm went off', 'I burnt my dinner')]",['implicit'],['intersentential'],0,Switch Cause and Effect,0,incorrect,correct,incorrect,Qwen2.5-Coder-32B-Instruct,Few Shot,,TRUE,0
2030,"Common causes of cellular hypoxia resulting in elevated levels of EPO ( up to 10 000 mU / mL ) include any anemia , and hypoxemia due to chronic lung disease .",medcaus.csv,Intrasentencial,explicit,Yes,"['cause', 'causes', 'resulting', 'due to']",2e,"[('cellular hypoxia', 'elevated levels of EPO')]","[('Common causes of cellular hypoxia', 'elevated levels of EPO ( up to 10 000 mU / mL )'), ('any anemia', 'elevated levels of EPO ( up to 10 000 mU / mL )'), ('hypoxemia due to chronic lung disease', 'elevated levels of EPO ( up to 10 000 mU / mL )')]","['explicit', 'explicit', 'explicit']","['intrasentential', 'intrasentential', 'intrasentential']",0.5,Incorrect matching,0,incorrect,correct,correct,Qwen2.5-Coder-32B-Instruct,Few Shot,,TRUE,0.5
902,Tobacco prevention and control - Tobacco use continues to be NY's number one cause of preventable disease and death.,coling22-mining-health-related-statements_sentence_test_causenet_evaluations.csv,Intrasentencial,explicit,No,['cause'],2a,"[('tobacco prevention', 'preventable disease')]","[('Tobacco use', ""NY's number one cause of preventable disease and death"")]",['explicit'],['intrasentential'],0,Switch Cause and Effect,0,incorrect,correct,correct,Qwen2.5-Coder-32B-Instruct,Few Shot,,TRUE,0
8572,The child's shoelaces came untied. He ran around on the playground.,copa,Intersentential,implicit,No,,2d,"[('He ran around on the playground', ""The child's shoelaces came untied"")]","[(""The child's shoelaces came untied"", 'He ran around on the playground')]",['implicit'],['intersentential'],0,Switch Cause and Effect,0,incorrect,correct,incorrect,Qwen2.5-Coder-32B-Instruct,Few Shot,,TRUE,0
6742,"Given the overall probabilities for the circumstances of Alice waking up, the high rainfall probability specifically when waking up late is considerably higher (78%) compared to when waking up on time (46%). However, since waking up late only happens 5% of the time, the cumulative probability accounting for both scenarios favors low rainfall overall.",CausalBench_Text_Part.csv,Intrasentencial,implicit,No,,2b,"[('""waking up late only happens 5% of the time"",', '""the cumulative probability accounting for both scenarios favors low rainfall overall""]')]","[('high rainfall probability specifically when waking up late', 'the cumulative probability accounting for both scenarios favors low rainfall overall'), ('waking up late only happens 5% of the time', '')]","['implicit', 'implicit']","['intrasentential', 'intrasentential']",0,Incorrect matching,0,incorrect,correct,correct,Qwen2.5-Coder-32B-Instruct,Few Shot,,TRUE,0.5
4290,"Since drinking coffee directly causes the wife to set the alarm, and either activity results in the ringing of the alarm, it logically follows that if coffee is drunk, the probability of the alarm ringing increases.",CausalBench_Text_Part.csv,intrasentencial,explicit,Yes,"['Since', 'causes', 'results in']",2e,"[('drinking coffee', 'wife sets alarm'), ('drinking coffee', 'alarm rings'), ('wife sets alarm', 'alarm rings')]","[('drinking coffee directly', 'the wife to set the alarm'), ('either activity', 'the ringing of the alarm'), ('coffee is drunk', 'the probability of the alarm ringing increases')]","['explicit', 'explicit', 'explicit']","['intrasentential', 'intrasentential', 'intrasentential']",0.5,False Negative,0,incorrect,correct,correct,Qwen2.5-Coder-32B-Instruct,Few Shot,,TRUE,0
1339,"If you or someone you love has been involved in an auto accident that was caused by a drunk driver, an auto accident lawyer from LaMarca & Landry, P.C. can help.",CauseNet-cause.csv,Intrasentencial,explicit,No,"['cause', 'caused', 'drive']",2a,"[('drunk_driver', 'auto_accident')]","[('auto accident that was caused by a drunk driver', 'an auto accident lawyer from LaMarca & Landry, P.C. can help')]",['explicit'],['intrasentential'],0,Incorrect matching,0,incorrect,correct,correct,Qwen2.5-Coder-32B-Instruct,Few Shot,,TRUE,0.5
1366,Although there has been a great deal of debate over the proof for the existence of HIV and retroviruses both the views represented by Duesberg and Papadopulos-Eleopulos et al. deliver the same important message; HIV cannot be the cause of AIDS.,CauseNet-cause.csv,Intrasentencial,explicit,No,['cause'],2a,"[('hiv', 'aids')]","[('there has been a great deal of debate over the proof for the existence of HIV and retroviruses', 'both the views represented by Duesberg and Papadopulos-Eleopulos et al. deliver the same important message'), ('both the views represented by Duesberg and Papadopulos-Eleopulos et al.', 'HIV cannot be the cause of AIDS')]","['explicit', 'explicit']","['intrasentential', 'intrasentential']",0,False Negative,0,incorrect,correct,correct,Qwen2.5-Coder-32B-Instruct,Few Shot,,TRUE,0.5
8470,The enemy ship blew up. It passed over the mine.,copa,Intersentential,implicit,No,,2d,"[('It passed over the mine', 'The enemy ship blew up')]","[('The enemy ship blew up', 'It passed over the mine')]",['implicit'],['intersentential'],0,Switch Cause and Effect,0,incorrect,correct,incorrect,Qwen2.5-Coder-32B-Instruct,Few Shot,,TRUE,0
4269,"Considering that citrus intake leads to vitamin C deficiency and insufficient vitamin C prevents curly hair, a patient's lack of curly hair suggests more likely that there was citrus intake resulting in the deficiency of vitamin C.",CausalBench_Text_Part.csv,intrasentencial,explicit,Yes,"['leads to', 'resulting in']",2e,"[('citrus intake', 'vitamin c deficiency'), ('vitamin c deficiency', 'no curly hair'), ('insufficient vitamin c', 'no curly hair')]","[('citrus intake', ""patient's lack of curly hair""), ('insufficient vitamin C', ''), ('citrus intake', ''), ('deficiency of vitamin C', '')]","['explicit', 'explicit', 'explicit', 'explicit']","['intrasentential', 'intrasentential', 'intrasentential', 'intrasentential']",0,Incorrect matching,0,incorrect,correct,correct,Qwen2.5-Coder-32B-Instruct,Few Shot,,TRUE,0.5
1790,"No longer satisfied with repairing the damage caused by chronic diseases, Dr. Gundry accepted a position in Palm Springs, California, that would enable him to devote his efforts to disease reversal.",CauseNet-cause.csv,Intrasentencial,explicit,No,"['cause', 'caused']",2a,"[('chronic_diseases', 'damage')]","[('No longer satisfied with repairing the damage caused by chronic diseases', 'Dr. Gundry accepted a position in Palm Springs, California'), ('Dr. Gundry accepted a position in Palm Springs, California', 'enable him to devote his efforts to disease reversal')]","['explicit', 'explicit']","['intrasentential', 'intrasentential']",0,False Negative,0,incorrect,correct,correct,Qwen2.5-Coder-32B-Instruct,Few Shot,,TRUE,0.5
5437,"Given the probability of not having curly hair is notably increased by consuming citrus (from 47% to 85% when considering the complement), it is more likely that patients without curly hair are those who consume citrus.",CausalBench_Text_Part.csv,Intrasentencial,implicit,No,,2b,"[('consumes citrus', 'does not have curly hair')]","[('consuming citrus', 'probability of not having curly hair is notably increased'), ('probability of not having curly hair is notably increased', 'patients without curly hair are those who consume citrus')]","['implicit', 'implicit']","['intrasentential', 'intrasentential']",0.5,Switch Cause and Effect,0,incorrect,correct,correct,Qwen2.5-Coder-32B-Instruct,Few Shot,,TRUE,0
5999,"In 2012 , AQIM and Islamist allies captured the northern half of Mali , until being fought back less than a year later following a French-led foreign intervention , which was succeeded by the Sahel-wide Operation Barkhane .",ECI-B_MAVEN-ERE_EN.csv,Intrasentencial,implicit,No,,2b,"[('a french-led foreign intervention', 'aqim and islamist allies were fought back in less than a year')]","[('AQIM and Islamist allies captured the northern half of Mali', 'succeeded by the Sahel-wide Operation Barkhane'), ('French-led foreign intervention', ''), ('French-led foreign intervention', '')]","['implicit', 'implicit', 'implicit']","['intrasentential', 'intrasentential', 'intrasentential']",0,False Negative,0,incorrect,correct,correct,Qwen2.5-Coder-32B-Instruct,Few Shot,,TRUE,0
6499,"""hematoma : a collection of blood , which can result from failure to puncture the vein when the cannula is inserted or when the cannula is removed .""",medcaus.csv,Intrasentencial,implicit,No,,2b,"[('""hematoma : a collection of blood"",', '""when the cannula is inserted or when the cannula is removed""]')]","[('failure to puncture the vein when the cannula is inserted', 'hematoma'), ('failure to puncture the vein when the cannula is removed', 'hematoma')]","['implicit', 'implicit']","['intrasentential', 'intrasentential']",0,Incorrect matching,0,incorrect,correct,correct,Qwen2.5-Coder-32B-Instruct,Few Shot,,TRUE,0
826,"Like has been shown with cocaine , methylenedioxypyrovalerone ( MDPV ) has been shown to similarly be neuroprotective against the neural damage caused by amphetamine type drugs ( i.e.",medcaus.csv,Intrasentencial,explicit,No,"['cause', 'caused']",2a,"[('amphetamine type drugs', 'neural damage')]","[('amphetamine type drugs ( i.e. amphetamine, methamphetamine, and ecstasy )', 'neural damage'), ('Like has been shown with cocaine , methylenedioxypyrovalerone ( MDPV )', 'neuroprotective against the neural damage')]","['explicit', 'explicit']","['intrasentential', 'intrasentential']",0.5,False Positive,0,incorrect,correct,correct,Qwen2.5-Coder-32B-Instruct,Few Shot,,TRUE,0.5
7272,"Similar to scenario 9, A country's significant investment in renewable energy coincided with a reduction in unemployment rates. During the same period, there was a global economic upturn and advancements in automation technology.",causalnet.csv,Intersentencial,implicit,Yes,,2h,"[('significant investment in renewable energy', 'reduction in unemployment rates'), ('significant investment in renewable energy', 'a global economic upturn and advancements in automation technology.')]","[(""A country's significant investment in renewable energy"", 'reduction in unemployment rates')]",['implicit'],['intersentential'],0.5,False Negative,0,incorrect,correct,correct,Qwen2.5-Coder-32B-Instruct,Few Shot,,TRUE,0
7032,"Similar to scenario 57, A nation's shift to online tax filing systems was followed by an increase in timely tax submissions. Concurrently, there were improvements in internet infrastructure and public awareness campaigns about tax compliance.",causalnet.csv,Intersentencial,implicit,Yes,,2h,"[('shift to online tax filing systems', 'increase in timely tax submissions.'), ('shift to online tax filing systems', 'improvements in internet infrastructure and public awareness campaigns about tax compliance.')]","[(""A nation's shift to online tax filing systems"", 'an increase in timely tax submissions'), ('improvements in internet infrastructure', 'an increase in timely tax submissions'), ('public awareness campaigns about tax compliance', 'an increase in timely tax submissions')]","['implicit', 'implicit', 'implicit']","['intersentential', 'intersentential', 'intersentential']",0.67,Switch Cause and Effect,0,incorrect,correct,correct,Qwen2.5-Coder-32B-Instruct,Few Shot,,TRUE,0.5
115,"Data loss can be caused by disk drive failure, hacker (internal or external) malicious attacks or outright theft of the data.",CauseNet-cause.csv,Intrasentencial,explicit,No,"['cause', 'caused', 'drive']",2a,"[('malicious_attacks', 'data_loss')]","[('disk drive failure', 'Data loss'), ('hacker (internal or external) malicious attacks', 'Data loss'), ('outright theft of the data', 'Data loss')]","['explicit', 'explicit', 'explicit']","['intrasentential', 'intrasentential', 'intrasentential']",0.33,Incorrect matching,0,incorrect,correct,correct,Qwen2.5-Coder-32B-Instruct,Few Shot,,TRUE,0.5
2583,"2 For example in Rwanda donor funding in health was unevenly allocated, with $47 million for HIV/AIDS, $ 18 million for malaria (which is the leading cause of morbidity and mortality in the country), and only $1 million for management of childhood diseases.",CauseNet-cause.csv,Intrasentencial,explicit,Yes,['cause'],2e,"[('malaria', 'morbidity'), ('malaria', 'mortality')]","[('uneven allocation of donor funding in health', '$47 million for HIV/AIDS'), ('uneven allocation of donor funding in health', '$18 million for malaria'), ('uneven allocation of donor funding in health', '$1 million for management of childhood diseases')]","['explicit', 'explicit', 'explicit']","['intrasentential', 'intrasentential', 'intrasentential']",0,False Negative,0,incorrect,correct,correct,Qwen2.5-Coder-32B-Instruct,Few Shot,,TRUE,0
485,"Satz was also instrumental in the creation of laws that provide criminal penalties for the abuse, neglect and exploitation of elderly persons and disabled adults and laws that increase penalties for drivers who fail to stop and remain at the scene of an accident which results in serious injury or death.",CauseNet-noncause.csv,Intrasentencial,explicit,No,"['results in', 'drive']",2a,"[('accident', 'serious_injury')]","[('Satz', 'instrumental in the creation of laws that provide criminal penalties for the abuse, neglect and exploitation of elderly persons and disabled adults'), ('Satz', 'instrumental in the creation of laws that increase penalties for drivers who fail to stop and remain at the scene of an accident which results in serious injury or death')]","['explicit', 'explicit']","['intrasentential', 'intrasentential']",0,Incorrect matching,0,incorrect,correct,correct,Qwen2.5-Coder-32B-Instruct,Few Shot,,TRUE,0.5
7256,"Similar to scenario 94, Following a nation's investment in high-speed internet infrastructure, there was a boost in e-commerce and remote working. During the same period, there was a trend towards digital transformation in businesses and advancements in cybersecurity.",causalnet.csv,Intersentencial,implicit,Yes,,2h,"[(""nation's investment in high-speed internet infrastructure"", 'boost in e-commerce and remote working.'), (""nation's investment in high-speed internet infrastructure"", 'a trend towards digital transformation in businesses and advancements in cybersecurity.')]","[(""Following a nation's investment in high-speed internet infrastructure"", 'there was a boost in e-commerce'), (""Following a nation's investment in high-speed internet infrastructure"", 'remote working'), ('During the same period', 'a trend towards digital transformation in businesses'), ('During the same period', 'advancements in cybersecurity')]","['implicit', 'implicit', 'implicit', 'implicit']","['intersentential', 'intersentential', 'intersentential', 'intersentential']",0.5,Incorrect matching,0,incorrect,correct,correct,Qwen2.5-Coder-32B-Instruct,Few Shot,,TRUE,0.5
6063,"On 24 January an action against a larger French squadron was fought in the Strait itself , but ended inconclusively and the squadrons divided , the British receiving the Dutch frigate `` Amazone '' as reinforcements .",ECI-B_MAVEN-ERE_EN.csv,Intrasentencial,implicit,No,,2b,"[('inconclusive ending', 'the squadrons divided')]","[('an action against a larger French squadron was fought in the Strait itself', 'ended inconclusively'), ('an action against a larger French squadron was fought in the Strait itself', 'the squadrons divided'), ('the squadrons divided', ""the British receiving the Dutch frigate `` Amazone '' as reinforcements"")]","['implicit', 'implicit', 'implicit']","['intrasentential', 'intrasentential', 'intrasentential']",0.5,Incorrect matching,0,incorrect,correct,correct,Qwen2.5-Coder-32B-Instruct,Few Shot,,TRUE,0
3440,"Lili killed eight people in Jamaica and St. With sustained winds of 85 m.p.h., the hurricane caused massive damage.",CauseNet-cause.csv,Intrasentencial,explicit,No,"['cause', 'caused']",2a,"[('hurricane', 'massive_damage')]","[('Lili killed eight people in Jamaica and St.', 'sustained winds of 85 m.p.h.'), ('sustained winds of 85 m.p.h.', 'massive damage')]","['explicit', 'explicit']","['intrasentential', 'intrasentential']",0.5,Incorrect matching,0,incorrect,correct,correct,Qwen2.5-Coder-32B-Instruct,Few Shot,,TRUE,0
7257,"Extending scenario 64, After a government's investment in rural healthcare facilities, there was a notable improvement in healthcare access in rural areas. During the same period, there was an increase in telemedicine services and a rise in health awareness initiatives.",causalnet.csv,Intersentencial,implicit,Yes,,2h,"[(""government's investment in rural healthcare facilities"", 'notable improvement in healthcare access in rural areas.'), (""government's investment in rural healthcare facilities"", 'an increase in telemedicine services and a rise in health awareness initiatives.')]","[(""a government's investment in rural healthcare facilities"", 'a notable improvement in healthcare access in rural areas')]",['implicit'],['intersentential'],0.5,False Negative,0,incorrect,correct,correct,Qwen2.5-Coder-32B-Instruct,Few Shot,,TRUE,0
5197,3. Sanction would be reduced for inaccurate tax reports Sanctions will be eased for taxpayers who have misstated information in their tax filing because they pay less than they are required.,fincausal.csv,intrasentencial,explicit,Yes,['because'],2e,"[('taxpayers misstated information in tax filing', 'they pay less than required'), ('taxpayers pay less than required', 'sanctions will be eased')]","[('inaccurate tax reports', 'Sanction would be reduced'), ('taxpayers who have misstated information in their tax filing', 'Sanctions will be eased'), ('pay less than they are required', 'Sanctions will be eased')]","['explicit', 'explicit', 'explicit']","['intrasentential', 'intrasentential', 'intrasentential']",0.67,Incorrect matching,0,incorrect,correct,correct,Qwen2.5-Coder-32B-Instruct,Few Shot,,TRUE,0.5
2259,Water shortages caused by droughts and floods will continue to show a steady rise.,CauseNet-cause.csv,Intrasentencial,explicit,Yes,"['cause', 'caused']",2e,"[('droughts', 'water_shortages'), ('floods', 'water_shortages')]","[('Water shortages caused by droughts and floods', 'will continue to show a steady rise')]",['explicit'],['intrasentential'],0,Incorrect matching,0,incorrect,correct,correct,Qwen2.5-Coder-32B-Instruct,Few Shot,,TRUE,0.5
2326,Transcription of cypB was shown to be induced by stress caused by unfolded proteins and heat shock whereas the transcription of cypA only increases moderately after heat shock.,CauseNet-cause.csv,Intrasentencial,explicit,Yes,"['cause', 'caused', 'induce', 'induced']",2e,"[('heat_shock', 'stress'), ('unfolded_proteins', 'stress')]","[('stress caused by unfolded proteins', 'induced transcription of cypB'), ('heat shock', 'induced transcription of cypB'), ('heat shock', 'transcription of cypA only increases moderately')]","['explicit', 'explicit', 'explicit']","['intrasentential', 'intrasentential', 'intrasentential']",0,False Negative,0,incorrect,correct,correct,Qwen2.5-Coder-32B-Instruct,Few Shot,,TRUE,0.5
5468,"Given the high prevalence (90%) of having a brother and the higher likelihood of a high salary among those who have a brother, an intervention ensuring a high salary logically aligns more with those who have a brother, making it likely that the person has a brother.",CausalBench_Text_Part.csv,Intrasentencial,implicit,No,,2b,"[('intervention ensures high salary', 'has a brother')]","[('Given the high prevalence (90%) of having a brother', 'intervention ensuring a high salary logically aligns more with those who have a brother'), ('higher likelihood of a high salary among those who have a brother', 'intervention ensuring a high salary logically aligns more with those who have a brother'), ('intervention ensuring a high salary logically aligns more with those who have a brother', 'making it likely that the person has a brother')]","['implicit', 'implicit', 'implicit']","['intrasentential', 'intrasentential', 'intrasentential']",0.5,Switch Cause and Effect,0,incorrect,correct,correct,Qwen2.5-Coder-32B-Instruct,Few Shot,,TRUE,0
4348,"Given that both large kidney stones and treatment potentially cause recovery, the presence of a large kidney stone might be sufficient for recovery even without any treatment.",CausalBench_Text_Part.csv,intrasentencial,explicit,Yes,['cause'],2e,"[('large kidney stone', 'recovery'), ('treatment', 'recovery')]","[('Given that both large kidney stones and treatment potentially cause recovery', 'the presence of a large kidney stone might be sufficient for recovery'), ('Given that both large kidney stones and treatment potentially cause recovery', 'even without any treatment')]","['explicit', 'explicit']","['intrasentential', 'intrasentential']",0,Incorrect matching,0,incorrect,correct,correct,Qwen2.5-Coder-32B-Instruct,Few Shot,,TRUE,0.5
2835,"Overall, food-borne diseases appear to cause more illnesses but fewer deaths than previously estimated (Mead et al.",CauseNet-cause.csv,Intrasentencial,explicit,Yes,['cause'],2e,"[('food-borne_diseases', 'illnesses'), ('food-borne_diseases', 'deaths')]","[('food-borne diseases', 'appear to cause more illnesses'), ('food-borne diseases', 'appear to cause fewer deaths')]","['explicit', 'explicit']","['intrasentential', 'intrasentential']",0.5,Incorrect matching,0,incorrect,correct,correct,Qwen2.5-Coder-32B-Instruct,Few Shot,,TRUE,0.5
6924,"He was sentenced to life in prison for indecency with a child , aggravated sexual assault and two counts of aggravated assault with a deadly weapon , MyFoxHouston . com reports .",ECI-B_ESC_EN.csv,Intrasentencial,implicit,Yes,,2f,"[(""committing indecency with a child, aggravated sexual assault, and aggravated assault with a deadly weapon''."", ""life sentence in prison''.""), ("" aggravated sexual assault''."", ""life sentence in prison''.""), (""two counts of aggravated assault with a deadly weapon''. "", ""life sentence in prison''."")]","[('He was sentenced to life in prison', 'for indecency with a child'), ('He was sentenced to life in prison', 'aggravated sexual assault'), ('He was sentenced to life in prison', 'two counts of aggravated assault with a deadly weapon')]","['implicit', 'implicit', 'implicit']","['intrasentential', 'intrasentential', 'intrasentential']",0,Switch Cause and Effect,0,incorrect,correct,correct,Qwen2.5-Coder-32B-Instruct,Few Shot,,TRUE,0
6865,"Upjohn Co. said it will offer an early retirement package to as many as 1,100 employees in a cost-cutting move expected to result in a fourth-quarter charge .",ECI-B_CTB_EN.csv,Intrasentencial,implicit,No,,2b,"[('offering an early retirement package', 'expected fourth-quarter charge.')]","[('Upjohn Co. said it will offer an early retirement package to as many as 1,100 employees', 'cost-cutting move'), ('cost-cutting move', 'fourth-quarter charge')]","['implicit', 'implicit']","['intrasentential', 'intrasentential']",0.5,Switch Cause and Effect,0,incorrect,correct,correct,Qwen2.5-Coder-32B-Instruct,Few Shot,,TRUE,0
6641,"An intervention ensuring that kwoz occurs aligns with scenarios where the absence of kwox has a higher probability. Since the probability of kwoz occurring without kwox is substantially higher, this conclusion is logical and supported by the given probabilities.",CausalBench_Text_Part.csv,Intrasentencial,implicit,No,,2b,"[('""an intervention ensuring that kwoz occurs"",', '""aligns with scenarios where the absence of kwox has a higher probability""]')]","[('the absence of kwox', 'a higher probability of kwoz occurring'), ('the probability of kwoz occurring without kwox', 'substantially higher')]","['implicit', 'implicit']","['intrasentential', 'intrasentential']",0,Incorrect matching,0,incorrect,correct,correct,Qwen2.5-Coder-32B-Instruct,Few Shot,,TRUE,0
7023,"Expanding upon scenario 29, A rural area's decision to introduce high-speed internet was followed by a surge in local online businesses. This period also saw a government initiative for small business funding and a global increase in e-commerce.",causalnet.csv,Intersentencial,implicit,No,,2d,"[('decision to introduce high-speed internet', 'surge in local online businesses. effect 2"" a government initiative for small business funding and a global increase in e-commerce.')]","[(""A rural area's decision to introduce high-speed internet"", 'a surge in local online businesses'), ('a government initiative for small business funding', 'a surge in local online businesses'), ('a global increase in e-commerce', 'a surge in local online businesses')]","['implicit', 'implicit', 'implicit']","['intersentential', 'intersentential', 'intersentential']",0.33,Incorrect matching,0,incorrect,correct,correct,Qwen2.5-Coder-32B-Instruct,Few Shot,,TRUE,0
6628,"The data shows that the overall likelihood of peanut allergy is actually higher in instances of high tar deposit, regardless of smoking status, and the incidence is lower in smokers without high tar deposit. Thus, the assumption of peanut allergy does not necessarily indicate the individual was smoking.",CausalBench_Text_Part.csv,Intrasentencial,implicit,No,,2b,"[('""the assumption of peanut allergy"",', '""does not necessarily indicate the individual was smoking""]')]","[('high tar deposit', 'overall likelihood of peanut allergy is actually higher'), ('smokers without high tar deposit', 'incidence is lower'), ('assumption of peanut allergy', 'individual was smoking')]","['implicit', 'implicit', 'implicit']","['intrasentential', 'intrasentential', 'intrasentential']",0,Incorrect matching,0,incorrect,correct,correct,Qwen2.5-Coder-32B-Instruct,Few Shot,,TRUE,0
5511,"Given that recovery rates are substantially higher among those who get vaccinated (73%), it is more likely that individuals who are recovering had received the vaccine.",CausalBench_Text_Part.csv,Intrasentencial,implicit,No,,2b,"[('is vaccinated', 'recovery occurs')]","[('recovery rates are substantially higher among those who get vaccinated (73%)', 'individuals who are recovering had received the vaccine')]",['implicit'],['intrasentential'],0,Switch Cause and Effect,0,incorrect,correct,correct,Qwen2.5-Coder-32B-Instruct,Few Shot,,TRUE,0
4212,"The logic here is that a high school degree or lower, in contrast to having a college degree or higher, potentially leads to a high skill level. Given that high skill levels cause black hair, the employee with a high school degree or lower is more likely not to have blond hair.",CausalBench_Text_Part.csv,intrasentencial,explicit,Yes,"['leads to', 'cause']",2e,"[('high school degree or lower', 'high skill level'), ('high skill level', 'black hair')]","[('a high school degree or lower', 'potentially leads to a high skill level'), ('high skill levels', 'cause black hair'), ('employee with a high school degree or lower', 'more likely not to have blond hair')]","['explicit', 'explicit', 'explicit']","['intrasentential', 'intrasentential', 'intrasentential']",0.67,Hallucination of data,0,incorrect,correct,correct,Qwen2.5-Coder-32B-Instruct,Few Shot,,TRUE,0.5
2695,Generally tsunamis caused by landslides or volcanic eruptions dissipate more quickly than Pacific-wide tsunamis caused by some earthquakes and rarely affect coastlines distant from the source.,CauseNet-cause.csv,Intrasentencial,explicit,Yes,"['cause', 'caused', 'affect']",2e,"[('volcanic_eruptions', 'tsunamis'), ('landslides', 'tsunamis')]","[('landslides or volcanic eruptions', 'tsunamis dissipate more quickly'), ('some earthquakes', 'Pacific-wide tsunamis'), ('tsunamis caused by landslides or volcanic eruptions', 'rarely affect coastlines distant from the source')]","['explicit', 'explicit', 'explicit']","['intrasentential', 'intrasentential', 'intrasentential']",0,Incorrect matching,0,incorrect,correct,correct,Qwen2.5-Coder-32B-Instruct,Few Shot,,TRUE,0.5
4472,"If the government succeeds in seizing Mr. Antar 's assets , he could be left without top-flight legal representation , because his attorneys are likely to quit , according to individuals familiar with the case .",ECI-B_CTB_EN.csv,intrasentencial,explicit,Yes,['because'],2e,"[('attorneys are likely to quit', 'mr. antar could be left without top-flight legal representation'), ('government succeeds in seizing mr. antar‚Äö√Ñ√¥s assets', 'attorneys are likely to quit')]","[(""the government succeeds in seizing Mr. Antar 's assets"", 'he could be left without top-flight legal representation'), ('his attorneys are likely to quit', 'he could be left without top-flight legal representation')]","['explicit', 'explicit']","['intrasentential', 'intrasentential']",0.5,False Negative,0,incorrect,correct,correct,Qwen2.5-Coder-32B-Instruct,Few Shot,,TRUE,0
2097,Surgical failures were caused by core detachment resulting in large tears of the sinus membrane.,CauseNet-cause.csv,Intrasentencial,explicit,Yes,"['cause', 'caused', 'resulting']",2e,"[('core_detachment', 'surgical_failures'), ('core_detachment', 'large_tears_of_the_sinus_membrane')]","[('core detachment', 'large tears of the sinus membrane')]",['explicit'],['intrasentential'],0.5,False Negative,0,incorrect,correct,correct,Qwen2.5-Coder-32B-Instruct,Few Shot,,TRUE,0
8816,"Among patients with metabolic dysfunction-associated steatotic liver disease, some developed moderate to severe periodontitis. This severity of periodontitis resulted in higher all-cause mortality. Additionally, cardiovascular mortality rates increased in those with more advanced periodontitis. Because mortality was greater, attention to periodontal health became a priority in this patient group.",PubMed,Intersentential,explicit,Yes,"""resulted in"", ""Because""",2g,"[('developed moderate to severe periodontitis', 'higher all-cause mortality'), ('advanced periodontitis', 'cardiovascular mortality rates increased'), ('mortality was greater', 'attention to periodontal health became a priority')]","[('patients with metabolic dysfunction-associated steatotic liver disease', 'attention to periodontal health became a priority in this patient group'), ('severity of periodontitis', ''), ('more advanced periodontitis', ''), ('mortality was greater', '')]","['explicit', 'explicit', 'explicit', 'explicit']","['intersentential', 'intersentential', 'intersentential', 'intersentential']",0,False Negative,0,incorrect,correct,incorrect,Qwen2.5-Coder-32B-Instruct,Few Shot,,TRUE,0
7206,"Building on scenario 89, A nation's initiative to digitize public services was followed by an increase in government efficiency. Concurrently, there was a rise in digital literacy among the population and advancements in digital security technologies.",causalnet.csv,Intersentencial,implicit,Yes,,2h,"[('initiative to digitize public services', 'increase in government efficiency.'), ('initiative to digitize public services', 'global environmental agreements and an increase in public funding for sustainability initiatives.')]","[(""A nation's initiative to digitize public services"", 'an increase in government efficiency'), (""A nation's initiative to digitize public services"", 'a rise in digital literacy among the population'), (""A nation's initiative to digitize public services"", 'advancements in digital security technologies')]","['implicit', 'implicit', 'implicit']","['intersentential', 'intersentential', 'intersentential']",0.33,False Negative,0,incorrect,correct,correct,Qwen2.5-Coder-32B-Instruct,Few Shot,,TRUE,0
8644,I took the garbage out. The garbage made the kitchen smell bad.,copa,Intersentential,implicit,No,,2d,"[('The garbage made the kitchen smell bad', 'I took the garbage out')]","[('I took the garbage out', 'The garbage made the kitchen smell bad')]",['implicit'],['intersentential'],0,Switch Cause and Effect,0,incorrect,correct,incorrect,Qwen2.5-Coder-32B-Instruct,Few Shot,,TRUE,0
5956,"The Unforgiving World Tour was a concert tour by Dutch symphonic metal band Within Temptation in support of their fifth studio album , `` The Unforgiving '' , released by Roadrunner Records on 25 March 2011 .",ECI-B_MAVEN-ERE_EN.csv,Intrasentencial,implicit,No,,2b,"[('to support their fifth studio album ‚Äö√Ñ√≤the unforgiving‚Äö√Ñ√¥', 'within temptation launched the unforgiving world tour')]","[('The Unforgiving World Tour', 'support of their fifth studio album')]",['implicit'],['intrasentential'],0,Switch Cause and Effect,0,incorrect,correct,correct,Qwen2.5-Coder-32B-Instruct,Few Shot,,TRUE,0
6338,"So if the Market Price RAD is $400,000 and you pay $200,000, you will pay the remaining $200,000 at 5.54 per cent interest as a daily fee, which is $30.36 a day.",fincausal.csv,Intrasentencial,implicit,No,,2b,"[('unpaid $200,000 at 5.54% interest', 'daily fee of $30.36')]","[('you pay $200,000', 'you will pay the remaining $200,000 at 5.54 per cent interest as a daily fee'), ('you will pay the remaining $200,000 at 5.54 per cent interest as a daily fee', 'which is $30.36 a day')]","['implicit', 'implicit']","['intrasentential', 'intrasentential']",0.5,Incorrect matching,0,incorrect,correct,correct,Qwen2.5-Coder-32B-Instruct,Few Shot,,TRUE,0
4534,"Aware of the <e1>suffering</e1> caused by <e2>exploitation</e2>, social injustice, stealing, and oppression, I am committed to cultivate loving kindness and learn ways to work for the well-being of people, animals, plants, and minerals.",Semeval2010Task8.csv,intrasentencial,explicit,Yes,['caused'],2e,"[('exploitation', 'suffering'), ('social injustice', 'suffering'), ('stealing', 'suffering'), ('oppression', 'suffering')]","[('exploitation', 'suffering')]",['explicit'],['intrasentential'],0.25,False Negative,0.25,incorrect,correct,correct,Qwen2.5-Coder-32B-Instruct,Few Shot,,TRUE,0
4459,"Peter DaPuzzo , head of retail equity trading at Shearson Lehman Hutton , acknowledges that he was n't troubled by program trading when it began in the pre-crash bull market because it added liquidity and people were pleased to see stock prices rising .",ECI-B_CTB_EN.csv,intrasentencial,explicit,Yes,['because'],2e,"[('added liquidity', 'pre-cash trading market'), ('added liquidity', 'rise of stock prices')]","[('program trading added liquidity', 'people were pleased to see stock prices rising'), ('people were pleased to see stock prices rising', ""Peter DaPuzzo wasn't troubled by program trading"")]","['explicit', 'explicit']","['intrasentential', 'intrasentential']",0.5,False Negative / Hallucination of data,0,incorrect,correct,correct,Qwen2.5-Coder-32B-Instruct,Few Shot,,TRUE,0
4360,"Given that both waking up late and heavy traffic contribute to arriving on time, and in this scenario, there's no traffic, waking up on time (changing one of the conditions known to result in timely arrival) would logically reduce the likelihood of arriving on time.",CausalBench_Text_Part.csv,intrasentencial,explicit,Yes,['result in'],2e,"[('waking up late', 'arriving on time'), ('heavy traffic', 'arriving on time'), ('waking up on time with no heavy traffic', 'less likely to arrive on time')]","[('waking up late', 'arriving on time'), ('heavy traffic', 'arriving on time'), ('waking up on time (changing one of the conditions known to result in timely arrival)', 'logically reduce the likelihood of arriving on time')]","['explicit', 'explicit', 'explicit']","['intrasentential', 'intrasentential', 'intrasentential']",0.67,Incorrect matching,0,incorrect,correct,correct,Qwen2.5-Coder-32B-Instruct,Few Shot,,TRUE,0
7136,"Extending scenario 78, Following a city's investment in smart street lighting, there was a reduction in energy consumption and improved public safety. During the same period, there was a rise in community safety initiatives and advancements in renewable energy use.",causalnet.csv,Intersentencial,implicit,Yes,,2h,"[('investment in smart street lighting', 'reduction in energy consumption and improved public safety.'), ('investment in smart street lighting', 'a rise in community safety initiatives and advancements in renewable energy use.')]","[(""Following a city's investment in smart street lighting"", 'reduction in energy consumption'), (""Following a city's investment in smart street lighting"", 'improved public safety')]","['implicit', 'implicit']","['intersentential', 'intersentential']",0.67,False Negative,0,incorrect,correct,correct,Qwen2.5-Coder-32B-Instruct,Few Shot,,TRUE,0
3839,"Lohan caused a stir on Thursday after she checked out of Morningside Recovery after only a few minutes , risking jail time with a probation violation .",ECI-B_ESC_EN.csv,intrasentencial,explicit,No,['caused'],2a,"[('lohan checked out of morningside recovery after only a few minutes', '')]","[('Lohan caused a stir on Thursday after she checked out of Morningside Recovery after only a few minutes', 'risking jail time with a probation violation')]",['explicit'],['intrasentential'],0,Hallucination of totally new sentence,0,incorrect,correct,correct,Qwen2.5-Coder-32B-Instruct,Few Shot,,TRUE,0.5
7411,"Google has confirmed that it is restricting the types of election-related questions users can ask its AI chatbot Gemini in preparation for elections happening around the world, including in India. This move aims to avoid controversy over AI technology, particularly in light of concerns about misinformation and the need for regulation.",causalprobe.csv,Intersentencial,implicit,Yes,,2h,"[('""elections happening around the world"" (contextual trigger)', '""restricting election-related questions on gemini"" (action taken)'), ('""concerns about misinformation and regulation"" (underlying motivation)', '""restricting election-related questions on gemini"" (action taken)')]","[('Google has confirmed that it is restricting the types of election-related questions users can ask its AI chatbot Gemini', 'avoid controversy over AI technology'), ('Google has confirmed that it is restricting the types of election-related questions users can ask its AI chatbot Gemini', 'need for regulation')]","['implicit', 'implicit']","['intersentential', 'intersentential']",0,Switch Cause and Effect,0,incorrect,correct,correct,Qwen2.5-Coder-32B-Instruct,Few Shot,,TRUE,0
5390,"By ensuring that everyone likes spicy food, and given that the probability of cholera amongst those who like spicy food is significantly lower (21%), an intervention would clearly decrease the likelihood of cholera contraction across the population.",CausalBench_Text_Part.csv,Intrasentencial,implicit,No,,2b,"[('intervention ensures everyone likes spicy food', 'cholera contraction probability decreases')]","[('everyone likes spicy food', 'probability of cholera amongst those who like spicy food is significantly lower (21%)'), ('probability of cholera amongst those who like spicy food is significantly lower (21%)', 'intervention would clearly decrease the likelihood of cholera contraction across the population')]","['implicit', 'implicit']","['intrasentential', 'intrasentential']",0.5,False Negative,0,incorrect,correct,correct,Qwen2.5-Coder-32B-Instruct,Few Shot,,TRUE,0
4572,"<e1>Fatigue</e1> <e2>corrosion</e2> and stress corrosion are similar, as both are caused by external stresses applied to the pipe and occur inside of the pipe.",Semeval2010Task8.csv,intrasentencial,explicit,Yes,['caused'],2e,"[('external stresses applied to the pipe', 'fatigue corrosion'), ('external stresses applied to the pipe', 'stress corrosion')]","[('external stresses applied to the pipe', 'Fatigue'), ('external stresses applied to the pipe', 'corrosion'), ('external stresses applied to the pipe', 'stress corrosion')]","['explicit', 'explicit', 'explicit']","['intrasentential', 'intrasentential', 'intrasentential']",0.5,False Negative,0,incorrect,correct,correct,Qwen2.5-Coder-32B-Instruct,Few Shot,,TRUE,0.7
5461,"An intervention ensuring a consistently positive mood potentially stabilizes one variable (mood), highlighting the direct impact of my decision on penguin survival (observed under Method 1), thus maintaining the correctness of using Method 1 over Method 2 which separates the cases based on mood.",CausalBench_Text_Part.csv,Intrasentencial,implicit,No,,2b,"[('intervention ensures positive mood', 'penguin survival')]","[('An intervention ensuring a consistently positive mood', 'potentially stabilizes one variable (mood)'), ('An intervention ensuring a consistently positive mood', 'highlighting the direct impact of my decision on penguin survival (observed under Method 1)'), ('maintaining the correctness of using Method 1 over Method 2', 'separates the cases based on mood')]","['implicit', 'implicit', 'implicit']","['intrasentential', 'intrasentential', 'intrasentential']",0,False Negative,0,incorrect,correct,correct,Qwen2.5-Coder-32B-Instruct,Few Shot,,TRUE,0
8770,"""Women with prior hypertensive disorders of pregnancy were prone to higher BMI after delivery. This, in turn, led to greater cardiovascular disease risk as indicated by adverse blood lipid profiles. Comparison of anthropometric indices revealed that none surpassed BMI in predicting lipid-related CVD risk. Accordingly, BMI remains the preferred metric for postpartum CVD risk assessment.""",PubMed,Intersentential,explicit,Yes,"""were prone to"", ""in turn, led to"", ""Accordingly""",2g,"[('prior HDP', 'higher BMI'), ('higher BMI', 'greater CVD risk'), ('BMI performance', 'preferred metric for CVD risk assessment')]","[('Women with prior hypertensive disorders of pregnancy', 'preferred metric for postpartum CVD risk assessment'), ('higher BMI after delivery', ''), ('greater cardiovascular disease risk', ''), ('BMI', '')]","['explicit', 'explicit', 'explicit', 'explicit']","['intersentential', 'intersentential', 'intersentential', 'intersentential']",0,False Negative,0,incorrect,correct,incorrect,Qwen2.5-Coder-32B-Instruct,Few Shot,,TRUE,0
7068,"Further developing scenario 5, A coastal city noted a decrease in tourism despite recently winning an award for best beach destination. This period saw unusual jellyfish blooms and an international campaign promoting mountain vacations.",causalnet.csv,Intersentencial,implicit,Yes,,2h,"[('unusual jellyfish blooms and an international campaign promoting mountain vacations', 'decrease in tourism.'), ('unusual jellyfish blooms and an international campaign promoting mountain vacations', 'unusual jellyfish blooms and an international campaign promoting mountain vacations.')]","[('unusual jellyfish blooms', 'a decrease in tourism'), ('international campaign promoting mountain vacations', 'a decrease in tourism')]","['implicit', 'implicit']","['intersentential', 'intersentential']",0.5,Incorrect matching,0,incorrect,correct,correct,Qwen2.5-Coder-32B-Instruct,Few Shot,,TRUE,0.5
4284,"Since both pathways (vaccine refusal or getting vaccinated) stemming from pre-conditions result in lactose intolerance, the presence of lactose intolerance strongly suggests the existence of pre-conditions as the common cause.",CausalBench_Text_Part.csv,intrasentencial,explicit,Yes,"['Since', 'result in', 'cause']",2e,"[('vaccine removal', 'lactose intolerance'), ('getting vaccinated', 'lactose intolerance'), ('pre-conditions', 'lactose intolerance')]","[('both pathways (vaccine refusal or getting vaccinated) stemming from pre-conditions', 'lactose intolerance'), ('lactose intolerance', 'presence of lactose intolerance'), ('lactose intolerance', 'existence of pre-conditions'), ('lactose intolerance', 'common cause')]","['explicit', 'explicit', 'explicit', 'explicit']","['intrasentential', 'intrasentential', 'intrasentential', 'intrasentential']",0,Incorrect matching,0,incorrect,correct,correct,Qwen2.5-Coder-32B-Instruct,Few Shot,,TRUE,0
8284,My hand cramped up. I wrote the essay by hand.,copa,Intersentential,implicit,No,,2d,"[('I wrote the essay by hand', 'My hand cramped up')]","[('My hand cramped up', 'I wrote the essay by hand')]",['implicit'],['intersentential'],0,Switch Cause and Effect,0,incorrect,correct,incorrect,Qwen2.5-Coder-32B-Instruct,Few Shot,,TRUE,0
1945,"Although I'm too young to know the trauma caused by the Vietnam War and how it affected the men who were there, Ms. Roy does a wonderful job of portraying Sean's feelings without being overly dramatic.",CauseNet-cause.csv,Intrasentencial,explicit,No,"['cause', 'caused', 'affect', 'affected']",2a,"[('vietnam_war', 'trauma')]","[(""I'm too young to know the trauma caused by the Vietnam War"", ""Sean's feelings portrayed""), (""I'm too young to know the trauma caused by the Vietnam War"", 'how it affected the men who were there'), (""Ms. Roy does a wonderful job of portraying Sean's feelings"", '')]","['explicit', 'explicit', 'explicit']","['intrasentential', 'intrasentential', 'intrasentential']",0,False Negative,0,incorrect,correct,correct,Qwen2.5-Coder-32B-Instruct,Few Shot,,TRUE,0.5
6816,"It received more offers , but the auction was surprisingly won by IMA , which bid $ 28 a share and asked Mr. Gilleland to stay on as an equity participant .",ECI-B_CTB_EN.csv,Intrasentencial,implicit,No,,2b,"[('"" ima‚Äö√Ñ√¥s bid of $28 a share and request for mr. gilleland to stay', 'ima won the auction.')]","[('It received more offers', 'the auction was surprisingly won by IMA'), ('IMA bid $ 28 a share', 'the auction was surprisingly won by IMA'), ('the auction was surprisingly won by IMA', 'Mr. Gilleland was asked to stay on as an equity participant')]","['implicit', 'implicit', 'implicit']","['intrasentential', 'intrasentential', 'intrasentential']",0.5,Switch Cause and Effect,0,incorrect,correct,correct,Qwen2.5-Coder-32B-Instruct,Few Shot,,TRUE,0
5307,"The case mentions that both liking spicy food and the act of a chain-smoker lighting a match cause the forest to catch fire. Therefore, disliking spicy food, while other conditions remain the same (the smoker still lights a match), would not prevent the forest from burning down.",CausalBench_Text_Part.csv,intersentencial,explicit,Yes,"['cause', 'Therefore']",2g,"[('liking spicy food', 'forest catches fire'), ('chain-smoker lighting a match', 'forest catches fire'), ('disliking spicy food', 'forest still catches fire if smoker lights a match')]","[('liking spicy food', 'forest to catch fire'), ('the act of a chain-smoker lighting a match', 'forest to catch fire')]","['explicit', 'explicit']","['intersentential', 'intersentential']",0.67,False Negative,0,incorrect,correct,correct,Qwen2.5-Coder-32B-Instruct,Few Shot,,TRUE,0
2708,"I think most parents understand the difference between an infection caused by a virus and an infection caused by a bacteria, and that only bacterial infections respond to antibiotics.",CauseNet-cause.csv,Intrasentencial,explicit,Yes,"['cause', 'caused']",2e,"[('bacteria', 'infection'), ('virus', 'infection'), ('infection', 'infection')]","[('an infection caused by a virus', 'most parents understand the difference'), ('an infection caused by a bacteria', 'most parents understand the difference'), ('bacterial infections', 'respond to antibiotics')]","['explicit', 'explicit', 'explicit']","['intrasentential', 'intrasentential', 'intrasentential']",0,Incorrect matching,0,incorrect,correct,correct,Qwen2.5-Coder-32B-Instruct,Few Shot,,TRUE,0
3234,"Over thirty years ago, Randle et al. (12, 13) demonstrated that FFAs compete with glucose for oxidation in isolated rat heart and diaphragmatic muscle preparations, and they speculated that increased fat oxidation may cause the insulin resistance associated with diabetes and obesity.",CauseNet-cause.csv,Intrasentencial,explicit,Yes,['cause'],2e,"[('obesity', 'insulin_resistance'), ('diabetes', 'insulin_resistance')]","[('FFAs compete with glucose for oxidation in isolated rat heart and diaphragmatic muscle preparations', 'increased fat oxidation'), ('increased fat oxidation', 'insulin resistance associated with diabetes and obesity')]","['explicit', 'explicit']","['intrasentential', 'intrasentential']",0,Incorrect matching,0,incorrect,correct,correct,Qwen2.5-Coder-32B-Instruct,Few Shot,,TRUE,0.5
629,"""DNase enzymes help because white blood cells accumulate in the mucus , and , when they break down , they release DNA , which adds to the ' stickiness ' of the mucus .""",medcaus.csv,Intrasentencial,explicit,No,"['cause', 'because']",2a,"[('because white blood cells accumulate in the', '`` DNase enzymes')]","[('DNase enzymes help', 'white blood cells accumulate in the mucus'), ('white blood cells accumulate in the mucus', 'they break down'), ('they break down', 'they release DNA'), ('they release DNA', ""which adds to the ' stickiness ' of the mucus"")]","['explicit', 'explicit', 'explicit', 'explicit']","['intrasentential', 'intrasentential', 'intrasentential', 'intrasentential']",0,Incorrect matching,0,incorrect,correct,correct,Qwen2.5-Coder-32B-Instruct,Few Shot,,TRUE,0
1345,"In particular see the ""Undercounting"" section at Casualties of the conflict in Iraq since 2003 which lists many examples of how the media, hospitals, morgues, government, etc. miss some of the deaths caused by the war.",CauseNet-cause.csv,Intrasentencial,explicit,No,"['cause', 'caused']",2a,"[('war', 'deaths')]","[('the war', 'miss some of the deaths')]",['explicit'],['intrasentential'],0,False Negative,0,incorrect,correct,correct,Qwen2.5-Coder-32B-Instruct,Few Shot,,TRUE,0.5
5945,"With Dacia quelled , Trajan subsequently invaded the Parthian empire to the east , his conquests expanding the Roman Empire to its greatest extent .",ECI-B_MAVEN-ERE_EN.csv,Intrasentencial,implicit,Yes,,2f,"[('dacia was quelled', 'trajan invaded the parthian empire'), ('trajan‚Äö√Ñ√¥s conquests', 'the roman empire reached its greatest extent')]","[('Dacia quelled', 'his conquests expanding the Roman Empire to its greatest extent'), ('Trajan subsequently invaded the Parthian empire to the east', '')]","['implicit', 'implicit']","['intrasentential', 'intrasentential']",0,Incorrect matching,0,incorrect,correct,correct,Qwen2.5-Coder-32B-Instruct,Few Shot,,TRUE,0
4295,"Despite upgrading education levels, the lack of active confounders and being far from a college means the high salary determinants (both confounder activity and college proximity) aren't met, suggesting that simply having a higher education alone, under these non-ideal conditions, wouldn't result in a high salary.",CausalBench_Text_Part.csv,intrasentencial,explicit,Yes,['result in'],2e,"[('high education level', 'high salary'), ('active confounder present', 'increases chance of high salary'), ('close proximity to a college', 'increases chance of high salary')]","[('the lack of active confounders and being far from a college', ""simply having a higher education alone, under these non-ideal conditions, wouldn't result in a high salary""), (""high salary determinants (both confounder activity and college proximity) aren't met"", '')]","['explicit', 'explicit']","['intrasentential', 'intrasentential']",0,Incorrect matching,0,incorrect,correct,correct,Qwen2.5-Coder-32B-Instruct,Few Shot,,TRUE,0
1892,"Antioxidants may still have beneficial affects on other parts of the body, says Dr. The molecules, for example, have been shown in some animal studies to protect the arteries from atherosclerosis and the pancreas and other organs from damage caused by diabetes.",CauseNet-cause.csv,Intrasentencial,explicit,No,"['cause', 'caused', 'affect', 'affects']",2a,"[('diabetes', 'damage')]","[('Antioxidants', 'have beneficial affects on other parts of the body'), ('molecules', 'protect the arteries from atherosclerosis'), ('molecules', 'protect the pancreas and other organs from damage caused by diabetes'), ('damage caused by diabetes', 'protect the pancreas and other organs')]","['explicit', 'explicit', 'explicit', 'explicit']","['intrasentential', 'intrasentential', 'intrasentential', 'intrasentential']",0,Hallucination of data,0,incorrect,correct,correct,Qwen2.5-Coder-32B-Instruct,Few Shot,,TRUE,0.5
2929,"Because stress and depression are a leading cause of hair loss, it is important to eat healthy, take in fresh fruits and vegetables for their hair-building vitamins, and to exercise which improves blood circulation to the scalp.",CauseNet-cause.csv,Intrasentencial,explicit,Yes,"['cause', 'because']",2e,"[('stress', 'hair_loss'), ('depression', 'hair_loss')]","[('stress and depression', 'hair loss'), ('eating healthy', 'improves blood circulation to the scalp'), ('taking in fresh fruits and vegetables', 'improves blood circulation to the scalp'), ('exercising', 'improves blood circulation to the scalp')]","['explicit', 'explicit', 'explicit', 'explicit']","['intrasentential', 'intrasentential', 'intrasentential', 'intrasentential']",0.5,Incorrect matching,0,incorrect,correct,correct,Qwen2.5-Coder-32B-Instruct,Few Shot,,TRUE,0.5
3275,"Spinal cord injuries are often caused by negligence on the part of someone other than the victim (i.e. falls on dangerous premises, automobile accidents caused by negligent driving, sports injuries due to defective equipment, etc.).",CauseNet-cause.csv,Intrasentencial,explicit,Yes,"['cause', 'caused', 'driving', 'due to']",2e,"[('negligent_driving', 'automobile_accidents'), ('negligence', 'spinal_cord_injuries')]","[('negligence on the part of someone other than the victim', 'spinal cord injuries'), ('falls on dangerous premises', 'spinal cord injuries'), ('automobile accidents caused by negligent driving', 'spinal cord injuries'), ('sports injuries due to defective equipment', 'spinal cord injuries')]","['explicit', 'explicit', 'explicit', 'explicit']","['intrasentential', 'intrasentential', 'intrasentential', 'intrasentential']",0.5,Incorrect matching,0,incorrect,correct,correct,Qwen2.5-Coder-32B-Instruct,Few Shot,,TRUE,0.5
417,"But if, from God's perspective, the faith that saves is a faith apart from works, but, from man's perspective, that faith results in good works which people can see, then there is bound to be a ""perspective difference"" in the description of saving faith.",CauseNet-noncause.csv,Intrasentencial,explicit,No,['results in'],2a,"[('faith', 'good_works')]","[('the faith that saves is a faith apart from works', ""there is bound to be a 'perspective difference' in the description of saving faith""), ('that faith results in good works which people can see', ""there is bound to be a 'perspective difference' in the description of saving faith"")]","['explicit', 'explicit']","['intrasentential', 'intrasentential']",0.5,False Positive,0,incorrect,correct,correct,Qwen2.5-Coder-32B-Instruct,Few Shot,,TRUE,0.5
5748,"King said that when he broke the news yesterday to O'Brien , ""He asked why , and I told him that I just felt there were some things that took place that I don't think will change and we're going to make a change .",ECI-B_ESC_EN.csv,Intrasentencial,implicit,No,,2b,"[(""i just felt there were some things that took place that i don't think will change"", ""we're going to make a change"")]","[(""King broke the news to O'Brien"", ""O'Brien asked why""), (""King broke the news to O'Brien"", ""King told him that he just felt there were some things that took place that he doesn't think will change""), (""King broke the news to O'Brien"", ""they're going to make a change"")]","['implicit', 'implicit', 'implicit']","['intrasentential', 'intrasentential', 'intrasentential']",0,Incorrect matching,0,incorrect,correct,correct,Qwen2.5-Coder-32B-Instruct,Few Shot,,TRUE,0.5
4380,"Since young age is contrasted with the old age scenario where a high bill leads to recovery, and knowing that old age generally causes low bills associated with recovery, it can be logically inferred that a young person with a high bill is not on the path to recovery, given the reversal of the cost condition associated with successful recovery in old age.",CausalBench_Text_Part.csv,intrasentencial,explicit,Yes,"['Since', 'leads to', 'causes']",2e,"[('old age', 'low hospital bill'), ('low hospital bill in old age', 'recovery'), ('young age with high hospital bill', 'not recovery')]","[('young age', 'high bill leads to recovery'), ('old age', 'high bill leads to recovery'), ('old age', 'low bills associated with recovery'), ('young person with a high bill', 'not on the path to recovery')]","['explicit', 'explicit', 'explicit', 'explicit']","['intrasentential', 'intrasentential', 'intrasentential', 'intrasentential']",0.5,Incorrect matching,0,incorrect,correct,correct,Qwen2.5-Coder-32B-Instruct,Few Shot,,TRUE,0
1385,"If your injuries were caused by another party (a vehicle driver, fellow bicyclist, careless pedestrian, etc.), you may be able to bring a personal injury lawsuit to collect compensation.",CauseNet-cause.csv,Intrasentencial,explicit,No,"['cause', 'caused', 'drive']",2a,"[('party', 'injuries')]","[('your injuries were caused by another party (a vehicle driver, fellow bicyclist, careless pedestrian, etc.)', 'you may be able to bring a personal injury lawsuit'), ('you may be able to bring a personal injury lawsuit', 'collect compensation')]","['explicit', 'explicit']","['intrasentential', 'intrasentential']",0,Incorrect matching,0,incorrect,correct,correct,Qwen2.5-Coder-32B-Instruct,Few Shot,,TRUE,0.5
770,"""These are typically classifiable as either playas or playa lakes because they are periodically flooded by either rain or flood events and then dry up during drier intervals , leaving accumulations of brines and evaporitic minerals .""",medcaus.csv,Intrasentencial,explicit,No,"['cause', 'because']",2a,"[('because they are periodically flooded by either rain or flood', '`` These are typically classifiable as either playas or playa')]","[('periodically flooded by either rain or flood events', 'they dry up during drier intervals'), ('periodically flooded by either rain or flood events', 'leaving accumulations of brines and evaporitic minerals')]","['explicit', 'explicit']","['intrasentential', 'intrasentential']",0,Incorrect matching,0,incorrect,correct,correct,Qwen2.5-Coder-32B-Instruct,Few Shot,,TRUE,0
2136,"Infections that lead to death are generally caused by tuberculosis, meningitis bacilli, systemic blood poisoning, or gangrene.",CauseNet-cause.csv,Intrasentencial,explicit,Yes,"['cause', 'caused', 'lead to']",2e,"[('infections', 'death'), ('tuberculosis', 'infections')]","[('tuberculosis', 'death'), ('meningitis bacilli', 'death'), ('systemic blood poisoning', 'death'), ('gangrene', 'death')]","['explicit', 'explicit', 'explicit', 'explicit']","['intrasentential', 'intrasentential', 'intrasentential', 'intrasentential']",0.5,Incorrect matching,0,incorrect,correct,correct,Qwen2.5-Coder-32B-Instruct,Few Shot,,TRUE,0
1911,"Mac, Danny and Dr. Hawkes investigate if her death was caused by the product that coated her -- but their case becomes even more complex when a second model is found dead in a cargo area staged outside of the fashion show.",CauseNet-cause.csv,Intrasentencial,explicit,No,"['cause', 'caused']",2a,"[('product', 'death')]","[('her death was caused by the product that coated her', 'Mac, Danny and Dr. Hawkes investigate'), ('a second model is found dead in a cargo area staged outside of the fashion show', 'their case becomes even more complex')]","['explicit', 'explicit']","['intrasentential', 'intrasentential']",0,Incorrect matching,0,incorrect,correct,correct,Qwen2.5-Coder-32B-Instruct,Few Shot,,TRUE,0.5
3910,"The <e1>clashes</e1> resulted in a great deal of bloodshed, including the <e2>deaths</e2> of at least 1200 civilians and 180 Pakistani soldiers.",Semeval2010Task8.csv,intrasentencial,explicit,No,['resulted in'],2a,"[('clashes', 'deaths of at least 1200 civilians and 180 pakistani soldiers')]","[('The clashes', 'a great deal of bloodshed'), ('a great deal of bloodshed', 'the deaths of at least 1200 civilians'), ('a great deal of bloodshed', '180 Pakistani soldiers')]","['explicit', 'explicit', 'explicit']","['intrasentential', 'intrasentential', 'intrasentential']",0.5,Incorrect matching,0,incorrect,correct,correct,Qwen2.5-Coder-32B-Instruct,Few Shot,,TRUE,0.5
2006,"""Studies have shown iron deficiency without anemia causes poor school performance and lower IQ in teenage girls , although this may be due to socioeconomic factors .""",medcaus.csv,Intrasentencial,explicit,Yes,"['cause', 'causes', 'due to']",2e,[],"[('iron deficiency without anemia', 'poor school performance'), ('iron deficiency without anemia', 'lower IQ')]","['explicit', 'explicit']","['intrasentential', 'intrasentential']",0,Hallucination of data,0,incorrect,correct,correct,Qwen2.5-Coder-32B-Instruct,Few Shot,,TRUE,0
5791,A Philadelphia judge today found a former Kraft Foods company employee guilty of murder in a workplace rampage exactly two years ago in Northeast Philadelphia that left two women dead and a third employee wounded .,ECI-B_ESC_EN.csv,Intrasentencial,implicit,Yes,,2f,"[('a workplace rampage that left deaths', 'the judge found the employee guilty of murder'), ('a workplace rampage', 'two women died'), ('a workplace rampage', 'an employee was wounded')]","[('workplace rampage', 'left two women dead'), ('workplace rampage', 'a third employee wounded')]","['implicit', 'implicit']","['intrasentential', 'intrasentential']",0.67,False Negative,0,incorrect,correct,correct,Qwen2.5-Coder-32B-Instruct,Few Shot,,TRUE,0
1613,"""Stopping the transmission of HIV, the virus that causes AIDS, is the foundation's number one global health priority,"" affirmed Dr. Helene Gayle, senior advisor on HIV/AIDS for the Bill & Melinda Gates Foundation.",CauseNet-cause.csv,Intrasentencial,explicit,No,"['cause', 'causes']",2a,"[('virus', 'aids')]","[('Stopping the transmission of HIV', 'the virus that causes AIDS'), ('Stopping the transmission of HIV', ""is the foundation's number one global health priority"")]","['explicit', 'explicit']","['intrasentential', 'intrasentential']",0,Incorrect matching,0,incorrect,correct,correct,Qwen2.5-Coder-32B-Instruct,Few Shot,,TRUE,0.5
7859,I wrote a thank-you note to my grandmother. She sent me a gift.,copa,Intersentential,implicit,No,,2d,"[('She sent me a gift', 'I wrote a thank-you note to my grandmother')]","[('I wrote a thank-you note to my grandmother', 'She sent me a gift')]",['implicit'],['intersentential'],0,Switch Cause and Effect,0,incorrect,correct,incorrect,Qwen2.5-Coder-32B-Instruct,Few Shot,,TRUE,0
7579,"For any claim, you'll need to fill in a 'P87' form and send it off. IMPORTANT - you can do it yourself for FREE. We've heard reports of claims handlers offering to do this for you, particularly on Facebook, then taking a cut.",fincausal.csv,Intrasentencial,implicit,No,,2b,"[('""for any claim"",', '""you\'ll need to fill in a \'p87\' form and send it off""]')]","[(""you'll need to fill in a 'P87' form and send it off"", 'you can do it yourself for FREE'), ('claims handlers offering to do this for you', 'taking a cut')]","['implicit', 'implicit']","['intrasentential', 'intrasentential']",0,Incorrect matching,0,incorrect,correct,correct,Qwen2.5-Coder-32B-Instruct,Few Shot,,TRUE,0.5
1837,"As the general counsel of R.J. Reynolds Tobacco Co., Ramm knew that the surgeon general's report had convinced more people that smoking caused cancer.",CauseNet-cause.csv,Intrasentencial,explicit,No,"['cause', 'caused']",2a,"[('smoking', 'cancer')]","[(""the surgeon general's report"", 'convinced more people that smoking caused cancer')]",['explicit'],['intrasentential'],0,Incorrect matching,0,incorrect,correct,correct,Qwen2.5-Coder-32B-Instruct,Few Shot,,TRUE,0.5
1264,"On April 11, 2007, Kurt Vonnegut, Jr. died of brain injuries caused by a fall that happens weeks prior in his Manhattan home.",CauseNet-cause.csv,Intrasentencial,explicit,No,"['cause', 'caused']",2a,"[('fall', 'brain_injuries')]","[('a fall that happens weeks prior in his Manhattan home', 'brain injuries'), ('brain injuries', 'Kurt Vonnegut, Jr. died')]","['explicit', 'explicit']","['intrasentential', 'intrasentential']",0.5,Hallucination of data,0,incorrect,correct,correct,Qwen2.5-Coder-32B-Instruct,Few Shot,,TRUE,0.5
6390,What this means is that the People's Bank of China (PBOC) still has mountains of gold to buy before its finances are adequately diversified.,fincausal.csv,Intrasentencial,implicit,No,,2b,"[(""pboc hasn't yet bought enough gold"", 'its finances are not yet adequately diversified')]","[(""the People's Bank of China (PBOC) still has mountains of gold"", 'finances are adequately diversified')]",['implicit'],['intrasentential'],0,Switch Cause and Effect / Contradiction,0,incorrect,correct,correct,Qwen2.5-Coder-32B-Instruct,Few Shot,,TRUE,0
4219,"Since high rainfall is caused by either increased demand or supply and given the direct effect of supply on rainfall, high rainfall would more likely imply there was an increase in supply.",CausalBench_Text_Part.csv,intrasentencial,explicit,Yes,"['Since', 'caused']",2e,"[('increased demand', 'high rainfall'), ('increase in supply', 'high rainfall'), ('increase in supply', 'direct')]","[('high rainfall', 'caused by either increased demand or supply'), ('supply', 'direct effect on rainfall'), ('high rainfall', 'more likely imply there was an increase in supply')]","['explicit', 'explicit', 'explicit']","['intrasentential', 'intrasentential', 'intrasentential']",0,Incorrect matching,0,incorrect,correct,correct,Qwen2.5-Coder-32B-Instruct,Few Shot,,TRUE,0.5
4288,"Given the configuration that drinking coffee results in the wife setting the alarm (an action that itself triggers the ringing), if the alarm rings, it is more likely that coffee was indeed consumed, as this is a key instigator in the described causal sequence.",CausalBench_Text_Part.csv,intrasentencial,explicit,Yes,['results in'],2e,"[('drinking coffee', 'wife setting the alarm'), ('wife setting the alarm', 'alarm rings')]","[('drinking coffee', 'the wife setting the alarm'), ('the wife setting the alarm', 'the ringing'), ('coffee was indeed consumed', 'alarm rings'), ('drinking coffee', 'key instigator in the described causal sequence')]","['explicit', 'explicit', 'explicit', 'explicit']","['intrasentential', 'intrasentential', 'intrasentential', 'intrasentential']",0.5,Incorrect matching,0,incorrect,correct,correct,Qwen2.5-Coder-32B-Instruct,Few Shot,,TRUE,0.5
3767,"Assuming high infant mortality does not necessarily correlate more strongly to maternal smoking, given that some of the highest mortality rates are observed in non-smoking cases, which suggests that smoking is not the likely cause even under these conditions.",CausalBench_Text_Part.csv,intrasentencial,explicit,No,['cause'],2a,"[('maternity smoking', 'high infant mortality')]","[('high infant mortality does not necessarily correlate more strongly to maternal smoking', 'smoking is not the likely cause'), ('some of the highest mortality rates are observed in non-smoking cases', '')]","['explicit', 'explicit']","['intrasentential', 'intrasentential']",0,False Negative,0,incorrect,correct,correct,Qwen2.5-Coder-32B-Instruct,Few Shot,,TRUE,0
5522,"Since the probability of low cholesterol even with drug intake is only 34% and 27% are taking drugs, while 14% is the low cholesterol rate without taking drugs, aggregating these probabilities (considering the majority of people did not take drugs) signifies that overall, low cholesterol is less likely than high cholesterol.",CausalBench_Text_Part.csv,Intrasentencial,implicit,No,,2b,"[('aggregated low-cholesterol probabilities', 'low cholesterol is less likely than high cholesterol')]","[('probability of low cholesterol even with drug intake is only 34%', 'aggregating these probabilities signifies that overall, low cholesterol is less likely than high cholesterol'), ('27% are taking drugs', ''), ('14% is the low cholesterol rate without taking drugs', '')]","['implicit', 'implicit', 'implicit']","['intrasentential', 'intrasentential', 'intrasentential']",0.5,Incorrect matching,0,incorrect,correct,correct,Qwen2.5-Coder-32B-Instruct,Few Shot,,TRUE,0
2262,"It can also cause skin flushing or hot flashes, which is caused by widening of blood vessels.",CauseNet-cause.csv,Intrasentencial,explicit,Yes,"['cause', 'caused']",2e,"[('widening_of_blood_vessels', 'skin_flushing'), ('widening_of_blood_vessels', 'hot_flashes')]","[('It', 'skin flushing'), ('It', 'hot flashes'), ('widening of blood vessels', 'which is caused by widening of blood vessels')]","['explicit', 'explicit', 'explicit']","['intrasentential', 'intrasentential', 'intrasentential']",0.5,Incorrect matching,0,incorrect,correct,correct,Qwen2.5-Coder-32B-Instruct,Few Shot,,TRUE,0.5
3952,The <e1>women</e1> that caused the <e2>accident</e2> was on the cell phone and ran thru the intersection without pausing on the median.,Semeval2010Task8.csv,intrasentencial,explicit,No,['caused'],2a,"[('the women', 'accident')]","[('The women that caused the accident', 'was on the cell phone'), ('The women that caused the accident', 'ran thru the intersection without pausing on the median')]","['explicit', 'explicit']","['intrasentential', 'intrasentential']",0,Incorrect matching,0,incorrect,correct,correct,Qwen2.5-Coder-32B-Instruct,Few Shot,,TRUE,0.5
8746,"""Older age was common among patients on hemodialysis. This circumstance precipitated a reduction in both muscle strength and nervous system performance. As diminished function took hold, the likelihood of developing locomotive syndrome (LoS) rose. For this reason, those with advanced age required additional preventive strategies for LoS.""",PubMed,Intersentential,explicit,Yes,"""precipitated"", ""As...took hold"", ""For this reason""",2g,"[('older age', 'reduction in function'), ('reduction in function', 'likelihood of developing LoS'), ('likelihood of developing LoS', 'need for preventive strategies')]","[('Older age', 'required additional preventive strategies for LoS'), ('This circumstance', ''), ('diminished function', ''), ('those with advanced age', '')]","['explicit', 'explicit', 'explicit', 'explicit']","['intersentential', 'intersentential', 'intersentential', 'intersentential']",0.5,Incorrect matching,0,incorrect,correct,incorrect,Qwen2.5-Coder-32B-Instruct,Few Shot,,TRUE,0
1923,This summer's recall of 25 million pounds of Hudson Foods Inc. ground beef has focused new attention on meat safety and how to guard against illnesses caused by such foodborne bacteria as E. coli and salmonella.,CauseNet-cause.csv,Intrasentencial,explicit,No,"['cause', 'caused']",2a,"[('foodborne_bacteria', 'illnesses')]","[('recall of 25 million pounds of Hudson Foods Inc. ground beef', 'focused new attention on meat safety'), ('recall of 25 million pounds of Hudson Foods Inc. ground beef', 'how to guard against illnesses'), ('illnesses', 'caused by such foodborne bacteria as E. coli and salmonella')]","['explicit', 'explicit', 'explicit']","['intrasentential', 'intrasentential', 'intrasentential']",0.5,Switch Cause and Effect,0,incorrect,correct,correct,Qwen2.5-Coder-32B-Instruct,Few Shot,,TRUE,0.5
7354,"Experts have detected changes in the orbit of North Korea's first spy satellite, Malligyong-1, indicating that Pyongyang is successfully controlling the spacecraft. The satellite recently conducted manoeuvres to raise its orbit, proving that it is operational and under North Korean control.",causalprobe.csv,Intrasentencial,implicit,No,,2b,"[('""north korea\'s control of the satellite""', '*""changes in the orbit of malligyong-1""* (specifically, altitude adjustments)')]","[(""Experts have detected changes in the orbit of North Korea's first spy satellite, Malligyong-1"", 'indicating that Pyongyang is successfully controlling the spacecraft'), ('The satellite recently conducted manoeuvres to raise its orbit', 'proving that it is operational'), ('The satellite recently conducted manoeuvres to raise its orbit', 'under North Korean control')]","['implicit', 'implicit', 'implicit']","['intrasentential', 'intrasentential', 'intrasentential']",0,Switch Cause and Effect,0,incorrect,correct,correct,Qwen2.5-Coder-32B-Instruct,Few Shot,,TRUE,0
553,"When the speeding actually results in an accident, then the speeder will feel remorse and self loathing.",CauseNet-noncause.csv,Intrasentencial,explicit,No,['results in'],2a,"[('speeding', 'accident')]","[('the speeding actually results in an accident', 'the speeder will feel remorse'), ('the speeding actually results in an accident', 'self loathing')]","['explicit', 'explicit']","['intrasentential', 'intrasentential']",0,False Negative,0,incorrect,correct,correct,Qwen2.5-Coder-32B-Instruct,Few Shot,,TRUE,0.5
6747,"The data shows that uvzi is more probable (43%) when zuph is present compared to when it is not (4%). This implies if uvzi occurs, it is more likely that zuph occurred, not less likely.",CausalBench_Text_Part.csv,Intrasentencial,implicit,No,,2b,"[('""if uvzi occurs"",', '""it is more likely that zuph occurred, not less likely""]')]","[('zuph is present', 'uvzi is more probable (43%)'), ('uvzi occurs', 'it is more likely that zuph occurred')]","['implicit', 'implicit']","['intrasentential', 'intrasentential']",0.5,Incorrect matching,0,incorrect,correct,correct,Qwen2.5-Coder-32B-Instruct,Few Shot,,TRUE,0
4194,"Given that the residency is out-of-state and the competitive department and brown eyes are linked to male gender and in-state residency, it logically follows that the absence of these conditions (male gender and in-state residency together) would result in the non-occurrence of brown eyes, implying the presence of blue eyes.",CausalBench_Text_Part.csv,intrasentencial,explicit,Yes,['result in'],2e,"[('male gender', 'brown eyes'), ('absence of male gender', 'blue eyes')]","[('the residency is out-of-state and the competitive department and brown eyes are linked to male gender and in-state residency', 'the absence of these conditions (male gender and in-state residency together)'), ('the absence of these conditions (male gender and in-state residency together)', 'the non-occurrence of brown eyes'), ('the non-occurrence of brown eyes', 'implying the presence of blue eyes')]","['explicit', 'explicit', 'explicit']","['intrasentential', 'intrasentential', 'intrasentential']",0,Incorrect matching,0,incorrect,correct,correct,Qwen2.5-Coder-32B-Instruct,Few Shot,,TRUE,0.5
285,"Read more November 2, 2011[Freescale introduces advanced airbag sensors for improved vehicle safety] Freescale is offering a family of automotive acceleration sensors designed to expedite development of advanced airbag systems that help save lives and protect against injuries caused by vehicle collisions.",CauseNet-cause.csv,Intrasentencial,explicit,No,"['cause', 'caused']",2a,"[('vehicle_collisions', 'injuries')]","[('Freescale is offering a family of automotive acceleration sensors designed to expedite development of advanced airbag systems', 'help save lives'), ('Freescale is offering a family of automotive acceleration sensors designed to expedite development of advanced airbag systems', 'protect against injuries caused by vehicle collisions')]","['explicit', 'explicit']","['intrasentential', 'intrasentential']",0,Incorrect matching,0,incorrect,correct,correct,Qwen2.5-Coder-32B-Instruct,Few Shot,,TRUE,0.5
4216,"Given that both having visited England and the director signing the termination letter can independently lead to the employee being fired, and since the CEO's decision not to fire is linked to not visiting England, changing this condition to having visited England indicates that the alternative cause (visiting England) would trigger the employee's firing.",CausalBench_Text_Part.csv,intrasentencial,explicit,Yes,"['lead to', 'since', 'cause']",2e,"[('visiting england', 'employee gets fired'), ('director signing termination letter', 'employee gets fired'), ('not visiting england', 'ceo decides not to fire')]","[('having visited England', 'the employee being fired'), ('the director signing the termination letter', 'the employee being fired'), (""the CEO's decision not to fire"", 'not visiting England'), ('changing this condition to having visited England', ""the alternative cause (visiting England) would trigger the employee's firing"")]","['explicit', 'explicit', 'explicit', 'explicit']","['intrasentential', 'intrasentential', 'intrasentential', 'intrasentential']",0.67,Switch Cause and Effect,0,incorrect,correct,correct,Qwen2.5-Coder-32B-Instruct,Few Shot,,TRUE,0
7415,"The Clean Clothes Campaign report reveals evidence of ""wage theft"" in the supply chains of Primark, Nike, and H&M, where garment workers in Indonesia, Cambodia, and Bangladesh were not properly paid during the pandemic. Despite the devastating impact of the pandemic on these workers, the brands continued to make significant profits.",causalprobe.csv,Intrasentencial,implicit,No,,2b,"[('pandemic disruptions to garment industry', 'workers in developing countries not properly paid')]","[(""The Clean Clothes Campaign report reveals evidence of 'wage theft'"", 'garment workers in Indonesia, Cambodia, and Bangladesh were not properly paid during the pandemic'), ('the devastating impact of the pandemic on these workers', 'the brands continued to make significant profits')]","['implicit', 'implicit']","['intrasentential', 'intrasentential']",0.5,Incorrect matching,0,incorrect,correct,correct,Qwen2.5-Coder-32B-Instruct,Few Shot,,TRUE,0
3639,"The pig strain can also be used to test new therapies for CF. While the gene mutation that causes cystic fibrosis has been known for over 20 years, it is still unclear exactly how this mutation results in the condition.",CauseNet-cause.csv,Intrasentencial,explicit,Yes,"['cause', 'causes', 'results in']",2e,"[('mutation', 'condition'), ('gene_mutation', 'cystic_fibrosis')]","[('The pig strain', 'used to test new therapies for CF'), ('gene mutation that causes cystic fibrosis', 'unclear exactly how this mutation results in the condition')]","['explicit', 'explicit']","['intrasentential', 'intrasentential']",0.5,Incorrect matching,0,incorrect,correct,correct,Qwen2.5-Coder-32B-Instruct,Few Shot,,TRUE,0.5
6782,"An intervention that ensures glimx would align with the scenario in which zuph's presence yields a significantly higher probability of glimx (74%). It logically suggests that with the guaranteed occurrence of glimx, zuph was likely involved.",CausalBench_Text_Part.csv,Intersentencial,implicit,Yes,,2h,"[('""an intervention that ensures glimx"",', '""would align with the scenario in which zuph\'s presence yields a significantly higher probability of glimx (74%)""] ['), ('""the guaranteed occurrence of glimx"",', '""zuph was likely involved""]')]","[(""zuph's presence"", 'a significantly higher probability of glimx'), ('guaranteed occurrence of glimx', 'zuph was likely involved')]","['implicit', 'implicit']","['intersentential', 'intersentential']",0.5,Switch Cause and Effect,0,incorrect,correct,correct,Qwen2.5-Coder-32B-Instruct,Few Shot,,TRUE,0
6345,Cloud is the foundation of any digital transformation effort and is of vital importance in a country like India that is undergoing significant push to digitally transform.,fincausal.csv,Intrasentencial,implicit,No,,2b,"[('push to digitally transform', 'importance of cloud')]","[('Cloud is the foundation of any digital transformation effort', 'vital importance in a country like India'), ('India is undergoing significant push to digitally transform', 'vital importance of Cloud')]","['implicit', 'implicit']","['intrasentential', 'intrasentential']",0.5,Incorrect matching,0,incorrect,correct,correct,Qwen2.5-Coder-32B-Instruct,Few Shot,,TRUE,0.5
2060,"The changes in cognitive scope associated with different affective states is evolutionarily adaptive because high motivational intensity affects elicited by stimuli that require movement and action should be focused on , in a phenomenon known as goal - directed behavior .",medcaus.csv,Intrasentencial,explicit,Yes,"['cause', 'affect', 'affects', 'because']",2e,"[('high motivational intensity affects elicited by stimuli that require movement and action should be focused on', 'The changes in cognitive scope associated with different affective states is evolutionarily adaptive'), ('high motivational intensity affects elicited by stimuli that require movement', 'The changes in cognitive scope associated with different affective states is evolutionarily adaptive')]","[('high motivational intensity affects elicited by stimuli that require movement and action', 'should be focused on'), ('should be focused on', 'goal-directed behavior')]","['explicit', 'explicit']","['intrasentential', 'intrasentential']",0,Incorrect matching,0,incorrect,correct,correct,Qwen2.5-Coder-32B-Instruct,Few Shot,,TRUE,0
8445,The girl bit her nails. She was worried.,copa,Intersentential,implicit,No,,2d,"[('She was worried', 'The girl bit her nails')]","[('The girl bit her nails', 'She was worried')]",['implicit'],['intersentential'],0,Switch Cause and Effect,0,incorrect,correct,incorrect,Qwen2.5-Coder-32B-Instruct,Few Shot,,TRUE,0
7770,The children knocked over a lamp. They had a pillow fight.,copa,Intersentential,implicit,No,,2d,"[('They had a pillow fight', 'The children knocked over a lamp')]","[('The children knocked over a lamp', 'They had a pillow fight')]",['implicit'],['intersentential'],0,Switch Cause and Effect,0,incorrect,correct,incorrect,Qwen2.5-Coder-32B-Instruct,Few Shot,,TRUE,0
4225,"The scenario outlines that smoking leads to the absence of tar deposit, and since high tar deposit causes lung cancer, the absence of high tar due to smoking logically decreases the likelihood of lung cancer, leading to a likely scenario where the person does not develop lung cancer if they smoke.",CausalBench_Text_Part.csv,intrasentencial,explicit,Yes,"['leads to', 'since', 'causes', 'due to', 'leading to']",2e,"[('smoking', 'absence of tar deposit'), ('high tar deposit', 'lung cancer'), ('absence of high tar', 'decrease in the likelihood of developing lung cancer')]","[('smoking', 'the absence of tar deposit'), ('high tar deposit', 'lung cancer'), ('the absence of high tar due to smoking', 'decreases the likelihood of lung cancer'), ('decreases the likelihood of lung cancer', 'the person does not develop lung cancer if they smoke')]","['explicit', 'explicit', 'explicit', 'explicit']","['intrasentential', 'intrasentential', 'intrasentential', 'intrasentential']",0.5,Incorrect matching,0,incorrect,correct,correct,Qwen2.5-Coder-32B-Instruct,Few Shot,,TRUE,0
8524,I changed the topic of conversation. The conversation became tense.,copa,Intersentential,implicit,No,,2d,"[('The conversation became tense', 'I changed the topic of conversation')]","[('I changed the topic of conversation', 'The conversation became tense')]",['implicit'],['intersentential'],0,Switch Cause and Effect,0,incorrect,correct,incorrect,Qwen2.5-Coder-32B-Instruct,Few Shot,,TRUE,0
2865,Psychosomatic illness can imitate the symptoms caused by germs and viruses so accurately that the best of doctors can be fooled.,CauseNet-cause.csv,Intrasentencial,explicit,Yes,"['cause', 'caused']",2e,"[('viruses', 'symptoms'), ('germs', 'symptoms')]","[('Psychosomatic illness', 'imitate the symptoms'), ('Psychosomatic illness', 'fool the best of doctors')]","['explicit', 'explicit']","['intrasentential', 'intrasentential']",0,Incorrect matching,0,incorrect,correct,correct,Qwen2.5-Coder-32B-Instruct,Few Shot,,TRUE,0
6827,"The supplement contains various information that has been filed with the Securities and Exchange Commission since Dow Jones launched the offer on Sept . 26 , but it does n't change the terms and conditions of the offer except to extend its expiration date .",ECI-B_CTB_EN.csv,Intrasentencial,implicit,No,,2b,"[('"" filing of information with the securities and exchange commission since sept. 26', 'extension of the offer‚Äö√Ñ√¥s expiration date.')]","[('Dow Jones launched the offer on Sept . 26', 'the supplement contains various information that has been filed with the Securities and Exchange Commission'), ('the supplement', ""does n't change the terms and conditions of the offer""), ('the supplement', 'extend its expiration date')]","['implicit', 'implicit', 'implicit']","['intrasentential', 'intrasentential', 'intrasentential']",0.5,Incorrect matching,0,incorrect,correct,correct,Qwen2.5-Coder-32B-Instruct,Few Shot,,TRUE,0
5458,"Given that the probability of an employee being fired is higher when they have visited England (21% compared to 16% when not), increasing the number of directors who have visited England will likely increase the chances of employee termination.",CausalBench_Text_Part.csv,Intrasentencial,implicit,No,,2b,"[('directors visit england', 'employee termination probability increases')]","[('Given that the probability of an employee being fired is higher when they have visited England (21% compared to 16% when not)', 'increasing the number of directors who have visited England will likely increase the chances of employee termination')]",['implicit'],['intrasentential'],0.5,Switch Cause and Effect,0,incorrect,correct,correct,Qwen2.5-Coder-32B-Instruct,Few Shot,,TRUE,0
6674,"With an intervention ensuring everyone has a brother, the probability aligns with the increased survival rate observed for those who have brothers (46%). Thus, such an intervention would logically increase smallpox survival rates.",CausalBench_Text_Part.csv,Intersentencial,implicit,No,,2d,"[('""an intervention ensuring everyone has a brother"",', '""would logically increase smallpox survival rates""]')]","[('intervention ensuring everyone has a brother', 'probability aligns with the increased survival rate observed for those who have brothers (46%)'), ('probability aligns with the increased survival rate observed for those who have brothers (46%)', 'smallpox survival rates')]","['implicit', 'implicit']","['intersentential', 'intersentential']",0.5,Incorrect matching,0,incorrect,correct,correct,Qwen2.5-Coder-32B-Instruct,Few Shot,,TRUE,0
3756,"Increasing talent does not inherently affect one's ability to speak English as these are distinct skills or attributes. The negative correlation does not imply one causes changes in the other; instead, it suggests a very slight inverse relationship in the specific context of fame.",CausalBench_Text_Part.csv,intrasentencial,explicit,No,['causes'],2a,"[('increase in talent', 'ability to speak english')]","[('Increasing talent', ""does not inherently affect one's ability to speak English""), ('Increasing talent', 'these are distinct skills or attributes'), ('The negative correlation', 'does not imply one causes changes in the other'), ('The negative correlation', 'it suggests a very slight inverse relationship in the specific context of fame')]","['explicit', 'explicit', 'explicit', 'explicit']","['intrasentential', 'intrasentential', 'intrasentential', 'intrasentential']",0,False Negative,0,incorrect,correct,correct,Qwen2.5-Coder-32B-Instruct,Few Shot,,TRUE,0
5069,"During the US Election event, these three investor sectors were buying MXN as it depreciated, trading against the prevailing direction of the exchange rate. It is likely that the active investor sectors were all buying CHF after the SNB event because the surprise announcement did not allow them to prepare.",fincausal.csv,intrasentencial,explicit,Yes,['because'],2e,"[('us election event', 'three investor sectors bought mxn despite depreciation'), ('surprise snb announcement', 'active investor sectors bought chf without preparation')]","[('During the US Election event', 'because the surprise announcement did not allow them to prepare'), ('MXN as it depreciated', ''), ('It is likely that the active investor sectors were all buying CHF', '')]","['explicit', 'explicit', 'explicit']","['intrasentential', 'intrasentential', 'intrasentential']",0,Incorrect matching,0,incorrect,correct,correct,Qwen2.5-Coder-32B-Instruct,Few Shot,,TRUE,0
6726,"The statistics illustrate that normal-weight individuals without diabetes have a higher probability of long lifespan compared to obese individuals with or without diabetes, suggesting that in a scenario where a long lifespan is guaranteed, the individual is more likely to be not obese (non-obese without diabetes at 86% vs. obese without diabetes at 82%).",CausalBench_Text_Part.csv,Intrasentencial,implicit,No,,2b,"[('""a scenario where a long lifespan is guaranteed"",', '""the individual is more likely to be not obese""]')]","[('normal-weight individuals without diabetes', 'higher probability of long lifespan'), ('long lifespan', 'individual is more likely to be not obese')]","['implicit', 'implicit']","['intrasentential', 'intrasentential']",0,Switch Cause and Effect,0,incorrect,correct,correct,Qwen2.5-Coder-32B-Instruct,Few Shot,,TRUE,0
5802,Anthony LaCalamita III was found guilty of first - degree murder and assault with intent to murder in the shotgun slaying of 63 - year - old Madeline Kafoury and assault with intent to kill in the shootings of Paul Riva and Alan Steinberg at the accounting firm .,ECI-B_ESC_EN.csv,Intrasentencial,implicit,Yes,,2f,"[('the shotgun slaying of madeline kafoury', 'anthony lacalamita was found guilty of first-degree murder'), ('the shootings of paul riva and alan steinberg', 'lacalamita was found guilty of assault with intent to kill')]","[('Anthony LaCalamita III was found guilty of first - degree murder', 'shotgun slaying of 63 - year - old Madeline Kafoury'), ('Anthony LaCalamita III was found guilty of assault with intent to murder', 'shotgun slaying of 63 - year - old Madeline Kafoury'), ('Anthony LaCalamita III was found guilty of assault with intent to kill', 'shootings of Paul Riva and Alan Steinberg')]","['implicit', 'implicit', 'implicit']","['intrasentential', 'intrasentential', 'intrasentential']",0.5,Incorrect matching,0,incorrect,correct,correct,Qwen2.5-Coder-32B-Instruct,Few Shot,,TRUE,0.5
3211,"Motherplants Ltd. cannot be held responsible for poor planting conditions, damage caused by severe weather such as drought, frost and wind, or damage from pest and disease after the plants have left the nursery.",CauseNet-cause.csv,Intrasentencial,explicit,Yes,"['cause', 'caused']",2e,"[('damage', 'damage'), ('severe_weather', 'damage')]","[('poor planting conditions', 'Motherplants Ltd. cannot be held responsible'), ('damage caused by severe weather such as drought, frost and wind', 'Motherplants Ltd. cannot be held responsible'), ('damage from pest and disease', 'Motherplants Ltd. cannot be held responsible')]","['explicit', 'explicit', 'explicit']","['intrasentential', 'intrasentential', 'intrasentential']",0,Incorrect matching,0,incorrect,correct,correct,Qwen2.5-Coder-32B-Instruct,Few Shot,,TRUE,0
1080,"It causes the blood sugar to fall to levels that can cause irritability, confusion, and even seizures.",coling22-mining-health-related-statements_sentence_test_causenet_evaluations.csv,Intrasentencial,explicit,No,"['cause', 'causes']",2a,"[('blood sugar to fall to levels', 'irritability')]","[('It', 'the blood sugar to fall to levels'), ('the blood sugar to fall to levels', 'irritability'), ('the blood sugar to fall to levels', 'confusion'), ('the blood sugar to fall to levels', 'seizures')]","['explicit', 'explicit', 'explicit', 'explicit']","['intrasentential', 'intrasentential', 'intrasentential', 'intrasentential']",0.5,Incorrect matching,0,incorrect,correct,correct,Qwen2.5-Coder-32B-Instruct,Few Shot,,TRUE,0.5
7756,The man urgently leaped out of bed. He wanted to shut off the alarm clock.,copa,Intersentential,implicit,No,,2d,"[('He wanted to shut off the alarm clock', 'The man urgently leaped out of bed')]","[('The man urgently leaped out of bed', 'He wanted to shut off the alarm clock')]",['implicit'],['intersentential'],0,Switch Cause and Effect,0,incorrect,correct,incorrect,Qwen2.5-Coder-32B-Instruct,Few Shot,,TRUE,0
4782,"An ammunition explosion at a military base in south-western Cambodia has resulted in the death of 20 soldiers and injuries to several others. The cause of the explosion is not immediately clear, but the incident occurred during an extended heatwave in the region. The explosion destroyed several buildings, military vehicles, and caused damage to nearby villagers' homes.",causalprobe.csv,intrasentencial,explicit,Yes,"['resulted in', 'cause', 'caused']",2e,"[('ammunition explosion at military base', 'death of 20 soldiers and injuries to several others'), ('ammunition explosion', 'destruction of several buildings and military vehicles'), ('ammunition explosion', 'damage to nearby villagers‚Äö√Ñ√¥ homes'), ('extended heatwave in the region', 'possible contributing factor to explosion')]","[('ammunition explosion', 'death of 20 soldiers'), ('ammunition explosion', 'injuries to several others'), ('ammunition explosion', 'destruction of several buildings'), ('ammunition explosion', ""damage to nearby villagers' homes"")]","['explicit', 'explicit', 'explicit', 'explicit']","['intrasentential', 'intrasentential', 'intrasentential', 'intrasentential']",0.8,False Negative,0,incorrect,correct,correct,Qwen2.5-Coder-32B-Instruct,Few Shot,,TRUE,0
7846,The girl handed down her clothes to her younger sister. She outgrew the clothes.,copa,Intersentential,implicit,No,,2d,"[('She outgrew the clothes', 'The girl handed down her clothes to her younger sister')]","[('The girl handed down her clothes to her younger sister', 'She outgrew the clothes')]",['implicit'],['intersentential'],0,Switch Cause and Effect,0,incorrect,correct,incorrect,Qwen2.5-Coder-32B-Instruct,Few Shot,,TRUE,0
1546,"When the loss or damage is caused by an act or omission of the seller, the buyer is discharged from his obligation to pay the purchase price, according to art. 66(ii) CISG.",CauseNet-cause.csv,Intrasentencial,explicit,No,"['cause', 'caused']",2a,"[('act_or_omission_of_the_seller', 'loss_or_damage')]","[('loss or damage is caused by an act or omission of the seller', 'the buyer is discharged from his obligation to pay the purchase price')]",['explicit'],['intrasentential'],0,Switch Cause and Effect,0,incorrect,correct,correct,Qwen2.5-Coder-32B-Instruct,Few Shot,,TRUE,0.5
6188,"Since wearing special clothing on Shabbat is a form of sanctification, among the Hasidim of Galicia and Hungary, the shtreimel is associated with the holiness of Shabbat, a crown such as that worn by royalty, which enhances and beautifies Shabbat.",coling22-mining-health-related-statements_sentence_test_causenet_evaluations.csv,Intrasentencial,implicit,No,,2b,"[('wearing the shtreimel (special clothing) on shabbat', 'enhancement and beautification of shabbat')]","[('wearing special clothing on Shabbat', 'sanctification'), ('the shtreimel is associated with the holiness of Shabbat', 'enhances and beautifies Shabbat')]","['implicit', 'implicit']","['intrasentential', 'intrasentential']",0.5,Other (role conflation),0,incorrect,correct,correct,Qwen2.5-Coder-32B-Instruct,Few Shot,,TRUE,0
4915,"Similarly, because of economic tensions between the US and Iran in the middle east, the crude price and dollar price have fluctuated. These scenarios lead to the shift in the dollar pound exchange rate from .80 to 1.0.",fincausal.csv,intrasentencial,explicit,Yes,"['because', 'lead to']",2e,"[('economic tensions between the us and iran', 'fluctuation in crude and dollar prices'), ('fluctuating crude and dollar prices', 'shift in dollar-pound exchange rate from .80 to 1.0')]","[('economic tensions between the US and Iran in the middle east', 'the crude price and dollar price have fluctuated'), ('These scenarios', 'the shift in the dollar pound exchange rate from .80 to 1.0')]","['explicit', 'explicit']","['intrasentential', 'intrasentential']",0.5,Incorrect matching,0,incorrect,correct,correct,Qwen2.5-Coder-32B-Instruct,Few Shot,,TRUE,0
5448,"Given the higher probability of the forest being on fire when not liking spicy food (35% vs 3%), it is statistically more likely that a person who does not like spicy food is associated with the forest being on fire.",CausalBench_Text_Part.csv,Intrasentencial,implicit,No,,2b,"[('does not like spicy food', 'forest is on fire')]","[('not liking spicy food', 'higher probability of the forest being on fire'), ('not liking spicy food', 'statistically more likely that a person who does not like spicy food is associated with the forest being on fire')]","['implicit', 'implicit']","['intrasentential', 'intrasentential']",0,False Positive,0,incorrect,correct,correct,Qwen2.5-Coder-32B-Instruct,Few Shot,,TRUE,0.5
4237,"Given the direct effect of treatment on recovery, in the absence of treatment, recovery is unlikely, especially since the patient has a small kidney stone which presumably does not cause recovery directly.",CausalBench_Text_Part.csv,intrasentencial,explicit,Yes,"['since', 'cause']",2e,"[('treatment', 'recovery'), ('absence of treatment', 'recovery is unlikely'), ('small kidney stone', 'does not')]","[('direct effect of treatment on recovery', 'recovery is unlikely'), ('absence of treatment', 'recovery is unlikely'), ('small kidney stone', 'does not cause recovery directly')]","['explicit', 'explicit', 'explicit']","['intrasentential', 'intrasentential', 'intrasentential']",0.5,False Negative,0,incorrect,correct,correct,Qwen2.5-Coder-32B-Instruct,Few Shot,,TRUE,0.7
5418,"Since the probability of curly hair is much higher in non-citrus consumers (75%) compared to citrus consumers (40%), it can be inferred that if someone has curly hair, they are more likely to be among those who did not consume citrus.",CausalBench_Text_Part.csv,Intrasentencial,implicit,No,,2b,"[('does not consume citrus', 'has curly hair')]","[('probability of curly hair is much higher in non-citrus consumers (75%) compared to citrus consumers (40%)', 'someone has curly hair'), ('probability of curly hair is much higher in non-citrus consumers (75%) compared to citrus consumers (40%)', 'they are more likely to be among those who did not consume citrus')]","['implicit', 'implicit']","['intrasentential', 'intrasentential']",0.5,Incorrect matching,0,incorrect,correct,correct,Qwen2.5-Coder-32B-Instruct,Few Shot,,TRUE,0.5
5792,"According to Texas authorities , the weapons conviction stemmed from a 1999 incident where he stabbed his wife 17 times while she was visiting him in prison .",ECI-B_ESC_EN.csv,Intrasentencial,implicit,No,,2b,"[('stabbing his wife 17 times in 1999', 'the weapons conviction')]","[('he stabbed his wife 17 times while she was visiting him in prison', 'weapons conviction')]",['implicit'],['intrasentential'],0,Incorrect matching,0,incorrect,correct,correct,Qwen2.5-Coder-32B-Instruct,Few Shot,,TRUE,0
884,"""In an obese individual some adipocytes burst and undergo necrotic death , which causes the residential M2 macrophages to switch to M1 phenotype .""",medcaus.csv,Intrasentencial,explicit,No,"['cause', 'causes']",2a,[],"[('some adipocytes burst and undergo necrotic death', 'the residential M2 macrophages switch to M1 phenotype')]",['explicit'],['intrasentential'],0,Hallucination of data,0,incorrect,correct,correct,Qwen2.5-Coder-32B-Instruct,Few Shot,,TRUE,0
2966,"GHB and Xanax may cause unconsciousness, withdrawal leading to convulsions, and loss of life.",CauseNet-cause.csv,Intrasentencial,explicit,Yes,"['cause', 'leading to']",2e,"[('withdrawal', 'convulsions'), ('ghb', 'withdrawal'), ('ghb', 'unconsciousness'), ('xanax', 'withdrawal')]","[('GHB and Xanax', 'unconsciousness'), ('GHB and Xanax', 'withdrawal leading to convulsions'), ('GHB and Xanax', 'loss of life')]","['explicit', 'explicit', 'explicit']","['intrasentential', 'intrasentential', 'intrasentential']",0.5,Incorrect matching,0,incorrect,correct,correct,Qwen2.5-Coder-32B-Instruct,Few Shot,,TRUE,0.5
5759,"Comeaux was serving a life sentence for indecency with a child , aggravated sexual assault and two counts of aggravated assault with a deadly weapon , it said .",ECI-B_ESC_EN.csv,Intrasentencial,implicit,Yes,,2f,"[('indecency with a child', 'life sentence'), ('aggravated sexual assault', 'life sentence'), ('two counts of aggravated assault with a deadly weapon', 'life sentence')]","[('Comeaux was serving a life sentence for indecency with a child', 'it said'), ('Comeaux was serving a life sentence for aggravated sexual assault', 'it said'), ('Comeaux was serving a life sentence for two counts of aggravated assault with a deadly weapon', 'it said')]","['implicit', 'implicit', 'implicit']","['intrasentential', 'intrasentential', 'intrasentential']",0,Incorrect matching,0,incorrect,correct,correct,Qwen2.5-Coder-32B-Instruct,Few Shot,,TRUE,0.5
5682,"And when he and President Gorbachev spoke about the decision in a talk lasting nearly an hour , the President took pains to listen to what his counterpart had to say , although he already had decided that the Soviet alternative to the allied deadline was unacceptable .",ECI-B_CTB_EN.csv,Intrasentencial,implicit,Yes,,2f,"[('gorbachev‚Äö√Ñ√¥s alternative to the allied deadline was unacceptable', 'implicitly reinforces the u.s. position despite dialogue (outcome: maintained rejection of soviet terms)'), ('the president took pains to listen', 'implicitly reinforces the u.s. position despite dialogue (outcome: maintained rejection of soviet terms)')]","[('he and President Gorbachev spoke about the decision in a talk lasting nearly an hour', 'the President took pains to listen to what his counterpart had to say'), ('he already had decided that the Soviet alternative to the allied deadline was unacceptable', 'the President took pains to listen to what his counterpart had to say')]","['implicit', 'implicit']","['intrasentential', 'intrasentential']",0.5,Incorrect matching,0,incorrect,correct,correct,Qwen2.5-Coder-32B-Instruct,Few Shot,,TRUE,0
8154,The clock chimed. It was the top of the hour.,copa,Intersentential,implicit,No,,2d,"[('It was the top of the hour', 'The clock chimed')]","[('The clock chimed', 'It was the top of the hour')]",['implicit'],['intersentential'],0,Switch Cause and Effect,0,incorrect,correct,incorrect,Qwen2.5-Coder-32B-Instruct,Few Shot,,TRUE,0
8371,The actor's heart was fluttering before his performance. He had stage fright.,copa,Intersentential,implicit,No,,2d,"[('He had stage fright', ""The actor's heart was fluttering before his performance"")]","[(""The actor's heart was fluttering before his performance"", 'He had stage fright')]",['implicit'],['intersentential'],0,Switch Cause and Effect,0,incorrect,correct,incorrect,Qwen2.5-Coder-32B-Instruct,Few Shot,,TRUE,0
1793,"But Dr. William McCormick, the state's former deputy chief medical examiner, concluded in a report prepared for attorneys defending the company in a civil lawsuit that the injuries were ""almost certainly"" caused by the CPR, said Joe Welborn, one of the attorneys.",CauseNet-cause.csv,Intrasentencial,explicit,No,"['cause', 'caused']",2a,"[('cpr', 'injuries')]","[('the injuries', 'almost certainly caused by the CPR')]",['explicit'],['intrasentential'],0,Switch Cause and Effect,0,incorrect,correct,correct,Qwen2.5-Coder-32B-Instruct,Few Shot,,TRUE,0.5
5827,A jury on Tuesday convicted a man charged in an April 2007 shooting at a Troy accounting firm that left a receptionist dead and two managing partners wounded .,ECI-B_ESC_EN.csv,Intrasentencial,implicit,Yes,,2f,"[('an april 2007 shooting at a troy accounting firm that left a receptionist dead ', ' a man was charged'), ('an april 2007 shooting at a troy accounting firm that left two managing partners wounded', 'a was man charged'), ('a man was charged', 'a jury on tuesday convicted him')]","[('A jury on Tuesday convicted a man', 'a man charged in an April 2007 shooting at a Troy accounting firm that left a receptionist dead and two managing partners wounded')]",['implicit'],['intrasentential'],0,Switch Cause and Effect,0,incorrect,correct,correct,Qwen2.5-Coder-32B-Instruct,Few Shot,,TRUE,0.5
7177,"Expanding upon scenario 42, After the implementation of a new environmental policy in a country, there was an increase in renewable energy usage. This period also saw advancements in wind and solar technology and a global shift towards green energy.",causalnet.csv,Intersentencial,implicit,Yes,,2h,"[('implementation of a new environmental policy', 'increase in renewable energy usage.'), ('implementation of a new environmental policy', 'advancements in wind and solar technology and a global shift towards green energy.')]","[('implementation of a new environmental policy in a country', 'increase in renewable energy usage'), ('increase in renewable energy usage', 'advancements in wind and solar technology'), ('increase in renewable energy usage', 'global shift towards green energy')]","['implicit', 'implicit', 'implicit']","['intersentential', 'intersentential', 'intersentential']",0.5,Incorrect matching,0,incorrect,correct,correct,Qwen2.5-Coder-32B-Instruct,Few Shot,,TRUE,0.5
475,"Because they have lost their entire self-awareness -- it's gone, because of chemical imbalance or because of experiences that led to chemical imbalances.",CauseNet-noncause.csv,Intrasentencial,explicit,No,"['cause', 'led to', 'because']",2a,"[('experiences', 'chemical_imbalances')]","[('chemical imbalance', 'they have lost their entire self-awareness'), ('experiences that led to chemical imbalances', 'they have lost their entire self-awareness')]","['explicit', 'explicit']","['intrasentential', 'intrasentential']",0,Incorrect matching,0,incorrect,correct,correct,Qwen2.5-Coder-32B-Instruct,Few Shot,,TRUE,0.5
5463,"With an intervention that ensures a healthy heart condition, the conditions associated with taking medication (73% chance of a healthy heart) make it reasonable to infer that it is more likely the person was under medication given the higher probability associated with its usage.",CausalBench_Text_Part.csv,Intrasentencial,implicit,No,,2b,"[('healthy heart occurs', 'person was medicated')]","[('conditions associated with taking medication', 'higher probability associated with its usage')]",['implicit'],['intrasentential'],0,Switch Cause and Effect,0,incorrect,correct,correct,Qwen2.5-Coder-32B-Instruct,Few Shot,,TRUE,0
4501,"The violence started on 18 September 1969 after Muslims attacked some Hindu sadhus and a temple , after the cows herded by the sadhus caused injury to them .",ECI-B_MAVEN-ERE_EN.csv,intrasentencial,explicit,Yes,['caused'],2e,"[('cows herded by the sadhus', 'injury to muslims'), ('injury to muslims', 'muslims attacked some hindu sadhus and a temple'), ('muslims attacked some hindu sadhus and a temple', 'violence started on 18 september 1969')]","[('cows herded by the sadhus', 'caused injury to them'), ('Muslims attacked some Hindu sadhus and a temple', 'violence started')]","['explicit', 'explicit']","['intrasentential', 'intrasentential']",0.67,False Negative,0,incorrect,correct,correct,Qwen2.5-Coder-32B-Instruct,Few Shot,,TRUE,0
123,"Based on the assumption that every virus particle operates independently from all other virus particles, the researchers set up a probability model to predict how many virus particles have caused an infection and how many different virus genotypes are present in infected hosts.",CauseNet-cause.csv,Intrasentencial,explicit,No,"['cause', 'caused']",2a,"[('virus_particles', 'infection')]","[('every virus particle operates independently from all other virus particles', 'the researchers set up a probability model')]",['explicit'],['intrasentential'],0,Incorrect matching,0,incorrect,correct,correct,Qwen2.5-Coder-32B-Instruct,Few Shot,,TRUE,0
823,"""Apollo granted the request by turning him into the Cypress named after him , which was said to be a sad tree because the sap forms droplets like tears on the trunk .""",medcaus.csv,Intrasentencial,explicit,No,"['cause', 'because']",2a,"[('because the sap forms droplets like tears on the', 'which was said to be a sad')]","[('Apollo granted the request by turning him into the Cypress named after him', 'which was said to be a sad tree'), ('Apollo granted the request by turning him into the Cypress named after him', 'the sap forms droplets like tears on the trunk')]","['explicit', 'explicit']","['intrasentential', 'intrasentential']",0,Incorrect matching,0,incorrect,correct,correct,Qwen2.5-Coder-32B-Instruct,Few Shot,,TRUE,0
2070,This happens because the cells that are floating loosely on top of the stromal cells are spherical and thus refractile .,medcaus.csv,Intrasentencial,explicit,Yes,"['cause', 'because']",2e,[],"[('the cells that are floating loosely on top of the stromal cells are spherical', 'refractile')]",['explicit'],['intrasentential'],0,Hallucination of data,0,incorrect,correct,correct,Qwen2.5-Coder-32B-Instruct,Few Shot,,TRUE,0
5969,"However rumours subsequently circulated that Courtenay had only been knocked unconscious when Edwards gave the order to jettison him , a story that his family credited and was later taken up by the contemporary historian Edward Pelham Brenton , although historian William James subsequently defended Edwards ' actions .",ECI-B_MAVEN-ERE_EN.csv,Intrasentencial,implicit,Yes,,2f,"[('rumours circulated that courtenay had only been knocked unconscious when edwards gave the order to jettison him', 'his family credited the story'), ('rumours circulated and his family credited the story', 'historian edward pelham brenton took up the story'), ('historian edward pelham brenton took up the story', ""historian william james defended edwards' actions"")]","[('Edwards gave the order to jettison him', 'Courtenay had only been knocked unconscious'), ('his family credited [the story]', 'Edward Pelham Brenton took up the story'), ('Edward Pelham Brenton took up the story', ""William James subsequently defended Edwards' actions"")]","['implicit', 'implicit', 'implicit']","['intrasentential', 'intrasentential', 'intrasentential']",0.67,Switch Cause and Effect,0,incorrect,correct,correct,Qwen2.5-Coder-32B-Instruct,Few Shot,,TRUE,0
6101,"With <e1>grain</e1> <e2>spirits</e2>, the initial fermentation takes place after the starch that is naturally present is converted into sugar.",Semeval2010Task8.csv,Intrasentencial,implicit,No,,2b,"[('the starch that is naturally present is converted into sugar', 'the initial fermentation takes place')]","[('With grain spirits', 'the initial fermentation takes place'), ('starch that is naturally present', 'converted into sugar')]","['implicit', 'implicit']","['intrasentential', 'intrasentential']",0.5,Incorrect matching,0,incorrect,correct,correct,Qwen2.5-Coder-32B-Instruct,Few Shot,,TRUE,0.5
912,"Unauthorized visitors can steal intellectual property, become injured in hazardous manufacturing areas or cause harm to our employees.",coling22-mining-health-related-statements_sentence_test_causenet_evaluations.csv,Intrasentencial,explicit,No,['cause'],2a,"[('unauthorized visitors can steal intellectual property', 'harm to our employees')]","[('Unauthorized visitors', 'steal intellectual property'), ('Unauthorized visitors', 'become injured in hazardous manufacturing areas'), ('Unauthorized visitors', 'cause harm to our employees')]","['explicit', 'explicit', 'explicit']","['intrasentential', 'intrasentential', 'intrasentential']",0.5,Incorrect matching,0,incorrect,correct,correct,Qwen2.5-Coder-32B-Instruct,Few Shot,,TRUE,0.5
2832,"Hysterectomies, nerve damage during projector, and illnesses that affect blood vessels, can cause blindness.",CauseNet-cause.csv,Intrasentencial,explicit,Yes,"['cause', 'affect']",2e,"[('nerve_damage', 'blindness'), ('illnesses', 'blindness')]","[('Hysterectomies', 'blindness'), ('nerve damage during projector', 'blindness'), ('illnesses that affect blood vessels', 'blindness')]","['explicit', 'explicit', 'explicit']","['intrasentential', 'intrasentential', 'intrasentential']",0.5,Incorrect matching,0,incorrect,correct,correct,Qwen2.5-Coder-32B-Instruct,Few Shot,,TRUE,0.5
6995,"Further developing scenario 53, A government's policy to offer tax incentives for home solar panel installations was followed by a decrease in overall energy costs. Concurrently, there were technological advancements in solar panels and an increase in public awareness about renewable energy.",causalnet.csv,Intersentencial,implicit,Yes,,2h,"[('tax incentives for home solar panel installations', 'decrease in overall energy costs.'), ('tax incentives for home solar panel installations', 'technological advancements in solar panels and an increase in public awareness about renewable energy.')]","[(""A government's policy to offer tax incentives for home solar panel installations"", 'a decrease in overall energy costs'), ('technological advancements in solar panels', 'a decrease in overall energy costs'), ('an increase in public awareness about renewable energy', 'a decrease in overall energy costs')]","['implicit', 'implicit', 'implicit']","['intersentential', 'intersentential', 'intersentential']",0.5,Incorrect matching,0,incorrect,correct,correct,Qwen2.5-Coder-32B-Instruct,Few Shot,,TRUE,0.5
6547,"The probability of recovery is higher among those who speak English (71%) compared to those who do not (48%). Thus, observing recovery suggests it's more likely that the patient speaks English.",CausalBench_Text_Part.csv,Intersentencial,implicit,No,,2d,"[('""recovery is higher among those who speak english', '""patient speaks english""]')]","[('observing recovery', ""it's more likely that the patient speaks English"")]",['implicit'],['intersentential'],0,Switch Cause and Effect,0,incorrect,correct,correct,Qwen2.5-Coder-32B-Instruct,Few Shot,,TRUE,0
2826,"The rain, brought on by a cold front and a tropical depression, caused landslides and rivers to overflow in the southern island of Mindanao and the central islands of Leyte and Samar, the office said in a statement.",CauseNet-cause.csv,Intrasentencial,explicit,Yes,"['cause', 'caused']",2e,"[('rain', 'landslides'), ('cold_front', 'rain'), ('tropical_depression', 'rain')]","[('a cold front and a tropical depression', 'landslides'), ('a cold front and a tropical depression', 'rivers to overflow')]","['explicit', 'explicit']","['intrasentential', 'intrasentential']",0.5,Incorrect matching,0,incorrect,correct,correct,Qwen2.5-Coder-32B-Instruct,Few Shot,,TRUE,0
7631,"20, 2019, as part of her Back To School Tour. Max Ortiz, The Detroit News Asked about the state control over Detroit Public Schools for more than a decade, DeVos said the district is doing better now that it's under local control.",fincausal.csv,Intrasentencial,implicit,No,,2b,"[('the district being under local control.', 'the district is doing better.')]","[('state control over Detroit Public Schools for more than a decade', 'district is doing better')]",['implicit'],['intrasentential'],0,False Negative,0,incorrect,correct,correct,Qwen2.5-Coder-32B-Instruct,Few Shot,,TRUE,0
3271,"Smaller firms such as Globus Medical Inc. are expected to capture some market share too, as an aging Baby Boom population increases the need for minimally invasive treatments that work quickly to relieve back pain caused by arthritis or fractures.",CauseNet-cause.csv,Intrasentencial,explicit,Yes,"['cause', 'caused']",2e,"[('arthritis', 'back_pain'), ('fractures', 'back_pain')]","[('aging Baby Boom population', 'increases the need for minimally invasive treatments'), ('aging Baby Boom population', 'work quickly to relieve back pain'), ('back pain caused by arthritis or fractures', 'need for minimally invasive treatments')]","['explicit', 'explicit', 'explicit']","['intrasentential', 'intrasentential', 'intrasentential']",0.5,Incorrect matching,0,incorrect,correct,correct,Qwen2.5-Coder-32B-Instruct,Few Shot,,TRUE,0.5
3362,Wound Dr. treats and protects small wounds and stings; relieves pain caused by skin conditions and minor injuries; prevents infection of wounds and cuts on the skin;...,CauseNet-cause.csv,Intrasentencial,explicit,Yes,"['cause', 'caused']",2e,"[('minor_injuries', 'pain'), ('skin_conditions', 'pain')]","[('Wound Dr. treats and protects small wounds and stings', 'relieves pain'), ('Wound Dr. treats and protects small wounds and stings', 'prevents infection of wounds and cuts on the skin')]","['explicit', 'explicit']","['intrasentential', 'intrasentential']",0.5,Incorrect matching,0,incorrect,correct,correct,Qwen2.5-Coder-32B-Instruct,Few Shot,,TRUE,0
3448,"Yet, despite hundreds of millions of dollars fighting the tobacco companies over lung cancer caused by smoking, a compliant Mass Media is helping the Administration cover up the horrific sicknesses and deaths caused by D.U. Now, listen to a time frame issue which is about to hit this country hard, for the clock is ticking.",CauseNet-cause.csv,Intrasentencial,explicit,No,"['cause', 'caused']",2a,"[('smoking', 'lung_cancer')]","[('fighting the tobacco companies over lung cancer caused by smoking', 'a compliant Mass Media is helping the Administration cover up the horrific sicknesses and deaths caused by D.U.')]",['explicit'],['intrasentential'],0,Incorrect matching,0,incorrect,correct,correct,Qwen2.5-Coder-32B-Instruct,Few Shot,,TRUE,0.5
5466,"With an intervention guaranteeing lung cancer, and knowing that lung cancer is more probable in individuals with a brother, it is logical to assume that under these conditions, having a brother would be more likely among those diagnosed.",CausalBench_Text_Part.csv,Intrasentencial,implicit,No,,2b,"[('intervention ensures lung cancer', 'has a brother')]","[('intervention guaranteeing lung cancer', 'lung cancer'), ('lung cancer', 'more probable in individuals with a brother'), ('having a brother', 'more likely among those diagnosed')]","['implicit', 'implicit', 'implicit']","['intrasentential', 'intrasentential', 'intrasentential']",0,False Positive,0,incorrect,correct,correct,Qwen2.5-Coder-32B-Instruct,Few Shot,,TRUE,0
487,"Also, because kidneys help to maintain the body's bones and blood, kidney failure can lead to weakened bones and anemia (a decrease in red blood cells).",CauseNet-noncause.csv,Intrasentencial,explicit,No,"['cause', 'lead to', 'because']",2a,"[('kidney_failure', 'anemia')]","[(""kidneys help to maintain the body's bones and blood"", 'weakened bones'), (""kidneys help to maintain the body's bones and blood"", 'anemia (a decrease in red blood cells)')]","['explicit', 'explicit']","['intrasentential', 'intrasentential']",0.5,Incorrect matching,0,incorrect,correct,correct,Qwen2.5-Coder-32B-Instruct,Few Shot,,TRUE,0
3411,"I suspect that the myth might have come from looking at equations of the type A = B where A represents ascent and B the diabatic heating rate, and unconsciously assuming that B causes A. (Sir James Jeans' cautionary example is A = room temperature, B = thermometer temperature.)",CauseNet-cause.csv,Intrasentencial,explicit,No,"['cause', 'causes']",2a,"[('b', 'a_.')]","[('looking at equations of the type A = B where A represents ascent and B the diabatic heating rate', 'unconsciously assuming that B causes A')]",['explicit'],['intrasentential'],0,Switch Cause and Effect,0,incorrect,correct,correct,Qwen2.5-Coder-32B-Instruct,Few Shot,,TRUE,0.5
4193,"Given the established relationship that citrus intake causes vitamin C deficiency, and knowing that adequate vitamin C results in straight hair, curly hair in a patient implies a higher likelihood of citrus intake leading to insufficient vitamin C.",CausalBench_Text_Part.csv,intrasentencial,explicit,Yes,"['causes', 'results in', 'leading to']",2e,"[('citrus intake', 'vitamin c deficiency'), ('adequate vitamin c', 'straight hair'), ('vitamin c deficiency', 'curly hair'), ('citrus intake', 'insufficient vitamin c')]","[('citrus intake', 'vitamin C deficiency'), ('adequate vitamin C', 'straight hair'), ('curly hair in a patient', 'higher likelihood of citrus intake'), ('higher likelihood of citrus intake', 'insufficient vitamin C')]","['explicit', 'explicit', 'explicit', 'explicit']","['intrasentential', 'intrasentential', 'intrasentential', 'intrasentential']",0,Switch Cause and Effect,0,incorrect,correct,correct,Qwen2.5-Coder-32B-Instruct,Few Shot,,TRUE,0.7
7449,"Scientists have discovered 212 new freshwater fish species, including a blind eel and a fish named Wolverine with a hidden weapons system. These discoveries highlight the diversity and uniqueness of freshwater species, indicating that there are still many more species waiting to be found in lakes, rivers, and wetlands.",causalprobe.csv,Intersentencial,implicit,Yes,,2h,"[('""discoveries of new freshwater fish species""', '""highlight the diversity and uniqueness of freshwater species""'), ('""discoveries of new freshwater fish species""', '""indicate that there are still many more species waiting to be found""')]","[('Scientists have discovered 212 new freshwater fish species, including a blind eel and a fish named Wolverine with a hidden weapons system', 'highlight the diversity and uniqueness of freshwater species'), ('highlight the diversity and uniqueness of freshwater species', 'there are still many more species waiting to be found in lakes, rivers, and wetlands')]","['implicit', 'implicit']","['intersentential', 'intersentential']",0.5,Switch Cause and Effect,0,incorrect,correct,correct,Qwen2.5-Coder-32B-Instruct,Few Shot,,TRUE,0
7580,Helixmith is better known by its 20-year-old name ViroMed. ViroMed was founded in 1999 as a bio venture that develops new and innovative drugs for cardiovascular and neurological diseases.,fincausal.csv,Intrasentencial,implicit,No,,2b,"[('""a bio venture"",', '""that develops new and innovative drugs for cardiovascular and neurological diseases""]')]","[('Helixmith is better known by its 20-year-old name ViroMed', 'ViroMed was founded in 1999')]",['implicit'],['intrasentential'],0,Incorrect matching,0,incorrect,correct,correct,Qwen2.5-Coder-32B-Instruct,Few Shot,,TRUE,0
1306,"However, when cataracts are caused by other diseases (e.g. diabetes, intraocular inflammations, etc.) the primary disease itself should be treated.",CauseNet-cause.csv,Intrasentencial,explicit,No,"['cause', 'caused']",2a,"[('diseases', 'cataracts')]","[('other diseases (e.g. diabetes, intraocular inflammations, etc.)', 'cataracts'), ('cataracts', 'the primary disease itself should be treated')]","['explicit', 'explicit']","['intrasentential', 'intrasentential']",0.5,Incorrect matching,0,incorrect,correct,correct,Qwen2.5-Coder-32B-Instruct,Few Shot,,TRUE,0.5
7221,"Similar to scenario 64, After a government's investment in rural healthcare facilities, there was a notable improvement in healthcare access in rural areas. During the same period, there was an increase in telemedicine services and a rise in health awareness initiatives.",causalnet.csv,Intersentencial,implicit,Yes,,2h,"[(""government's investment in rural healthcare facilities"", 'notable improvement in healthcare access in rural areas.'), (""government's investment in rural healthcare facilities"", 'an increase in telemedicine services and a rise in health awareness initiatives.')]","[(""After a government's investment in rural healthcare facilities"", 'there was a notable improvement in healthcare access in rural areas')]",['implicit'],['intersentential'],0.8,False Negative,0,incorrect,correct,correct,Qwen2.5-Coder-32B-Instruct,Few Shot,,TRUE,0
2942,"The condition can also be caused by some chronic illnesses or conditions, medication and marijuana use.",CauseNet-cause.csv,Intrasentencial,explicit,Yes,"['cause', 'caused']",2e,"[('medication', 'condition'), ('conditions', 'condition')]","[('some chronic illnesses or conditions', 'The condition'), ('medication', 'The condition'), ('marijuana use', 'The condition')]","['explicit', 'explicit', 'explicit']","['intrasentential', 'intrasentential', 'intrasentential']",0.5,Incorrect matching,0,incorrect,correct,correct,Qwen2.5-Coder-32B-Instruct,Few Shot,,TRUE,0.5
3119,"G. L. c. ""If, as a result of such inquiry, the chief medical examiner or such designee is of the opinion that the death was due to violence or other unnatural means or to natural causes that require further investigation, he shall take jurisdiction.""",CauseNet-cause.csv,Intrasentencial,explicit,Yes,"['cause', 'causes', 'due to', 'as a result']",2e,"[('violence', 'death')]","[('the chief medical examiner or such designee is of the opinion that the death was due to violence or other unnatural means or to natural causes that require further investigation', 'he shall take jurisdiction')]",['explicit'],['intrasentential'],0,Incorrect matching,0,incorrect,correct,correct,Qwen2.5-Coder-32B-Instruct,Few Shot,,TRUE,0.5
1950,"On the other hand, the introduction of Roundup Ready soybeans was followed by farmers' concerns about sudden death syndrome caused by Fusarium solani f. sp. glycines in the US (8).",CauseNet-cause.csv,Intrasentencial,explicit,No,"['cause', 'caused']",2a,"[('fusarium_solani_f._sp_._glycines', 'sudden_death_syndrome')]","[('the introduction of Roundup Ready soybeans', ""farmers' concerns about sudden death syndrome""), ('sudden death syndrome', 'caused by Fusarium solani f. sp. glycines')]","['explicit', 'explicit']","['intrasentential', 'intrasentential']",0.5,Incorrect matching,0,incorrect,correct,correct,Qwen2.5-Coder-32B-Instruct,Few Shot,,TRUE,0.5
5664,"The assassination touched off a murderous rampage by Hutu security forces and civilians , who slaughtered mainly Tutsis but also Hutus who favored reconciliation with the minority .",ECI-B_CTB_EN.csv,Intrasentencial,implicit,No,,2b,"[('the assassination', 'touched off a murderous rampage by hutu security forces and civilians')]","[('The assassination', 'slaughtered also Hutus who favored reconciliation with the minority'), ('murderous rampage by Hutu security forces and civilians', ''), ('murderous rampage by Hutu security forces and civilians', '')]","['implicit', 'implicit', 'implicit']","['intrasentential', 'intrasentential', 'intrasentential']",0.5,False Negative,0,incorrect,correct,correct,Qwen2.5-Coder-32B-Instruct,Few Shot,,TRUE,0
6897,But they said Friday 's focus on the top-tier stocks telegraphed active overseas selling and showed the broad-based fears over the status of the U.K. economy and Britain 's currency in the wake of the upheaval in Prime Minister Margaret Thatcher 's cabinet .,ECI-B_CTB_EN.csv,Intrasentencial,implicit,No,,2b,"[('upheaval in prime minister margaret thatcher‚Äö√Ñ√¥s cabinet', 'broad-based fears over the status of the u.k. economy and britain‚Äö√Ñ√¥s currency.')]","[(""Friday 's focus on the top-tier stocks"", 'telegraphed active overseas selling'), (""Friday 's focus on the top-tier stocks"", ""showed the broad-based fears over the status of the U.K. economy and Britain 's currency""), (""upheaval in Prime Minister Margaret Thatcher 's cabinet"", ""broad-based fears over the status of the U.K. economy and Britain 's currency"")]","['implicit', 'implicit', 'implicit']","['intrasentential', 'intrasentential', 'intrasentential']",0.5,Incorrect matching,0,incorrect,correct,correct,Qwen2.5-Coder-32B-Instruct,Few Shot,,TRUE,0.5
7567,Supporters like RSS-affiliated Swadeshi Jagran Manch's leader Ashwani Mahajan say the RBI governor should work with the government or quit. This entire talk of central bank independence is a Western concept. It is not acceptable and feasible here.,fincausal.csv,Intersentencial,implicit,No,,2d,"[('""this entire talk of central bank independence is a western concept"",', '""it is not acceptable and feasible here""]')]","[(""Supporters like RSS-affiliated Swadeshi Jagran Manch's leader Ashwani Mahajan"", 'the RBI governor should work with the government or quit')]",['implicit'],['intersentential'],0,Incorrect matching,0,incorrect,correct,correct,Qwen2.5-Coder-32B-Instruct,Few Shot,,TRUE,0
1396,"The First District Court of Appeal ruled that Florida's ""valued policy law"" required Florida Farm to pay the full policy limit to Mr. Cox if any damage had been caused by winds.",CauseNet-cause.csv,Intrasentencial,explicit,No,"['cause', 'caused']",2a,"[('winds', 'damage')]","[(""Florida's 'valued policy law'"", 'required Florida Farm to pay the full policy limit to Mr. Cox if any damage had been caused by winds')]",['explicit'],['intrasentential'],0,Incorrect matching,0,incorrect,correct,correct,Qwen2.5-Coder-32B-Instruct,Few Shot,,TRUE,0.5
6980,"The <e1>model</e1> developed from that <e2>event</e2> include academic visits and symposia, alumni and. VIP events, together with government and press relations.",Semeval2010Task8.csv,Intrasentencial,implicit,No,,2b,"[('taking time for introductions and a tour', 'pre-service teacher feeling part of the school and aiding their transition.')]","[('event', 'include academic visits and symposia'), ('event', 'alumni and VIP events'), ('event', 'government and press relations')]","['implicit', 'implicit', 'implicit']","['intrasentential', 'intrasentential', 'intrasentential']",0,Incorrect matching,0,incorrect,correct,correct,Qwen2.5-Coder-32B-Instruct,Few Shot,,TRUE,0
3223,"On October 6, 2003, the Georgia Supreme Court held that O.C.G.A. 40-5-55 was unconstitutional to the extent that it required chemical testing of the driver of a vehicle involved in a traffic accident resulting in serious injuries or death regardless of any determination of probable cause.",CauseNet-cause.csv,Intrasentencial,explicit,Yes,"['cause', 'resulting', 'drive']",2e,"[('traffic_accident', 'death'), ('traffic_accident', 'serious_injuries')]","[('O.C.G.A. 40-5-55 required chemical testing of the driver of a vehicle involved in a traffic accident resulting in serious injuries or death regardless of any determination of probable cause', 'was unconstitutional')]",['explicit'],['intrasentential'],0,Incorrect matching,0,incorrect,correct,correct,Qwen2.5-Coder-32B-Instruct,Few Shot,,TRUE,0.5
3245,"Quite clearly, in our view, the programs of O.E.O. are generally applicable throughout the United States, are intended to relieve distress caused by unemployment and conditions resulting therefrom (i.e. poverty) and often entail public projects for the relief of unemployment and to increase employment.",CauseNet-cause.csv,Intrasentencial,explicit,Yes,"['cause', 'caused', 'resulting']",2e,"[('conditions', 'distress'), ('unemployment', 'distress')]","[('unemployment', 'distress'), ('unemployment', 'poverty'), ('public projects for the relief of unemployment', 'increase employment')]","['explicit', 'explicit', 'explicit']","['intrasentential', 'intrasentential', 'intrasentential']",0.5,False Negative,0,incorrect,correct,correct,Qwen2.5-Coder-32B-Instruct,Few Shot,,TRUE,0
3371,"of Specialty Carbon/Zeolite Blend that reduces odors caused by pets and other chemicals, gases and odors such as ammonia... 60 Sq. ft. of Medical-grade True HEPA Filter Medium for removal of 99.97% of particulate pollutants.",CauseNet-cause.csv,Intrasentencial,explicit,Yes,"['cause', 'caused']",2e,"[('pets', 'odors'), ('gases', 'odors')]","[('Specialty Carbon/Zeolite Blend', 'reduces odors'), ('Specialty Carbon/Zeolite Blend', 'reduces odors caused by pets'), ('Specialty Carbon/Zeolite Blend', 'reduces odors caused by other chemicals, gases and odors such as ammonia')]","['explicit', 'explicit', 'explicit']","['intrasentential', 'intrasentential', 'intrasentential']",0,Incorrect matching,0,incorrect,correct,correct,Qwen2.5-Coder-32B-Instruct,Few Shot,,TRUE,0.5
2914,"If your injury was caused by another's carelessness or intentional action, contact an experienced Charleston personal injury attorney.",CauseNet-cause.csv,Intrasentencial,explicit,Yes,"['cause', 'caused']",2e,"[('carelessness', 'injury'), ('intentional_action', 'injury')]","[(""your injury was caused by another's carelessness"", 'contact an experienced Charleston personal injury attorney'), (""your injury was caused by another's intentional action"", 'contact an experienced Charleston personal injury attorney')]","['explicit', 'explicit']","['intrasentential', 'intrasentential']",0,Incorrect matching,0,incorrect,correct,correct,Qwen2.5-Coder-32B-Instruct,Few Shot,,TRUE,0.5
3112,"For nearly a decade, the British General Medical Council (GMC), the equivalent of a U.S State Medical Board on steroids, has been taking Dr. Andrew Wakefield to task for daring to suggest that autism could be caused by the measles, mumps and rubella (MMR) vaccine.",CauseNet-cause.csv,Intrasentencial,explicit,Yes,"['cause', 'caused']",2e,"[('vaccine', 'autism'), ('measles', 'autism'), ('mumps', 'autism')]","[('Dr. Andrew Wakefield suggesting that autism could be caused by the measles, mumps and rubella (MMR) vaccine', 'the British General Medical Council (GMC) taking Dr. Andrew Wakefield to task')]",['explicit'],['intrasentential'],0,Incorrect matching,0,incorrect,correct,correct,Qwen2.5-Coder-32B-Instruct,Few Shot,,TRUE,0.5
7751,The woman hummed to herself. She was in a good mood.,copa,Intersentential,implicit,No,,2d,"[('She was in a good mood', 'The woman hummed to herself')]","[('The woman hummed to herself', 'She was in a good mood')]",['implicit'],['intersentential'],0,Switch Cause and Effect,0,incorrect,correct,incorrect,Qwen2.5-Coder-32B-Instruct,Few Shot,,TRUE,0
3478,Updates for Mac versions only available for Mac OS X. * Fixed a bug that caused RE:Flex to crash when spline vertices were too close to each other.,CauseNet-cause.csv,Intrasentencial,explicit,No,"['cause', 'caused']",2a,"[('fixed_a_bug', 'Flex to crash')]","[('spline vertices were too close to each other', 'RE:Flex to crash')]",['explicit'],['intrasentential'],0,Incorrect matching,0,incorrect,correct,correct,Qwen2.5-Coder-32B-Instruct,Few Shot,,TRUE,0
7211,"Further developing scenario 32, Following a country's investment in renewable energy, there was a noticeable decrease in energy costs. During the same period, there was a global oil crisis and advancements in solar panel technology.",causalnet.csv,Intersentencial,implicit,Yes,,2h,"[(""country's investment in renewable energy"", 'noticeable decrease in energy costs.'), (""country's investment in renewable energy"", 'a global oil crisis and advancements in solar panel technology.')]","[(""Following a country's investment in renewable energy"", 'there was a noticeable decrease in energy costs')]",['implicit'],['intersentential'],0.5,False Negative,0,incorrect,correct,correct,Qwen2.5-Coder-32B-Instruct,Few Shot,,TRUE,0
2234,Most damage has been caused by the tsunami rather than earthquake itself.,CauseNet-cause.csv,Intrasentencial,explicit,Yes,"['cause', 'caused']",2e,"[('earthquake', 'damage'), ('tsunami', 'damage')]","[('tsunami', 'Most damage')]",['explicit'],['intrasentential'],0.5,False Negative,0.5,incorrect,correct,correct,Qwen2.5-Coder-32B-Instruct,Few Shot,,TRUE,0
1467,"Ultimately, the plaintiffs allege, Apogee and Chapleau caused Dr. Cohn to overdose on drugs, the ingestion of which caused his death.",CauseNet-cause.csv,Intrasentencial,explicit,No,"['cause', 'caused']",2a,"[('ingestion_of', 'death')]","[('Apogee and Chapleau', 'Dr. Cohn to overdose on drugs'), ('ingestion of which', 'his death')]","['explicit', 'explicit']","['intrasentential', 'intrasentential']",0.5,Incorrect matching,0,incorrect,correct,correct,Qwen2.5-Coder-32B-Instruct,Few Shot,,TRUE,0.5
4386,"The question directly addresses the causal impact of not having a sister (the cause) on the event of the prisoner's death (the effect). Given the conditions, where not having a sister implies neither the corporal nor the private shoot, leading to the prisoner not dying, the answer is no.",CausalBench_Text_Part.csv,intrasentencial,explicit,Yes,"['cause', 'leading to']",2e,"[('not having a sister', 'corporal does not shoot'), ('not having a sister', 'private does not shoot'), ('corporal and private do not shoot', 'prisoner does not die')]","[('not having a sister', ""the event of the prisoner's death""), ('not having a sister', 'neither the corporal nor the private shoot'), ('neither the corporal nor the private shoot', 'the prisoner not dying')]","['explicit', 'explicit', 'explicit']","['intrasentential', 'intrasentential', 'intrasentential']",0.5,Incorrect matching,0,incorrect,correct,correct,Qwen2.5-Coder-32B-Instruct,Few Shot,,TRUE,0
7006,"Following a city's investment in smart street lighting, there was a reduction in energy consumption and improved public safety. During the same period, there was a rise in community safety initiatives and advancements in renewable energy use.",causalnet.csv,Intersentencial,implicit,Yes,,2h,"[('investment in smart street lighting', 'reduction in energy consumption and improved public safety.'), ('investment in smart street lighting', 'a rise in community safety initiatives and advancements in renewable energy use.')]","[(""Following a city's investment in smart street lighting"", 'reduction in energy consumption'), (""Following a city's investment in smart street lighting"", 'improved public safety'), ('During the same period', 'rise in community safety initiatives'), ('During the same period', 'advancements in renewable energy use')]","['implicit', 'implicit', 'implicit', 'implicit']","['intersentential', 'intersentential', 'intersentential', 'intersentential']",0.5,False Negative,0,incorrect,correct,correct,Qwen2.5-Coder-32B-Instruct,Few Shot,,TRUE,0.5
1057,"The people over at Natural News say that while a few deaths (34/10years), although tragic, have been caused by the faulty engineering of Toyota, the pharmaceuticals approved by the FDA kill 270 people/day.",coling22-mining-health-related-statements_sentence_test_causenet_evaluations.csv,Intrasentencial,explicit,No,"['cause', 'caused']",2a,"[('faulty engineering of toyota', 'deaths')]","[('pharmaceuticals approved by the FDA', 'kill 270 people/day')]",['explicit'],['intrasentential'],0,Hallucination of data,0,incorrect,correct,correct,Qwen2.5-Coder-32B-Instruct,Few Shot,,TRUE,0
2655,"This makes absolute perfect sense mainly because life is filled with unpleasant circumstances like theft, indiscriminate mobile call use as result of robbery, as well as from damages or injuries caused by spills, immersions and injuries.",CauseNet-cause.csv,Intrasentencial,explicit,Yes,"['cause', 'caused', 'because']",2e,"[('injuries', 'damages'), ('immersions', 'damages'), ('spills', 'damages')]","[('life is filled with unpleasant circumstances like theft, indiscriminate mobile call use as result of robbery', 'This makes absolute perfect sense'), ('damages or injuries caused by spills, immersions and injuries', 'This makes absolute perfect sense')]","['explicit', 'explicit']","['intrasentential', 'intrasentential']",0,Incorrect matching,0,incorrect,correct,correct,Qwen2.5-Coder-32B-Instruct,Few Shot,,TRUE,0.5
2985,"""We are pleased that our contributions to this worthy cause have been able to relieve some of the pain and agony that cancer can cause,"" Mr. Harrison said.",CauseNet-cause.csv,Intrasentencial,explicit,Yes,['cause'],2e,"[('cancer', 'pain'), ('cancer', 'agony')]","[('our contributions to this worthy cause', 'relieve some of the pain and agony')]",['explicit'],['intrasentential'],0,Switch Cause and Effect,0,incorrect,correct,correct,Qwen2.5-Coder-32B-Instruct,Few Shot,,TRUE,0
4458,Travelers estimated that the California earthquake last month will result in a fourth-quarter pre-tax charge of less than $ 10 million .,ECI-B_CTB_EN.csv,intrasentencial,explicit,Yes,['result in'],2e,"[('california earthquake last month', 'estimated pre-tax charge of less than $10 million in fourth quarter'), ('earthquake impact', 'financial charge anticipated by travelers')]","[('California earthquake last month', 'a fourth-quarter pre-tax charge of less than $ 10 million')]",['explicit'],['intrasentential'],0.5,False Negative,0,incorrect,correct,correct,Qwen2.5-Coder-32B-Instruct,Few Shot,,TRUE,0
3899,"A Philippine Airforce aerial shot shows residents standing on a rooftop to escape the <e1>floodwaters</e1> caused by continuous <e2>rains</e2> brought on by Typhoon Ketsana in Marikina city, metro Manila September 27, 2009.",Semeval2010Task8.csv,intrasentencial,explicit,No,['caused'],2a,"[('continuous rains brought on by typhoon ketsana', 'floodwaters')]","[('continuous rains', 'residents standing on a rooftop to escape'), ('Typhoon Ketsana', ''), ('floodwaters', '')]","['explicit', 'explicit', 'explicit']","['intrasentential', 'intrasentential', 'intrasentential']",0.5,False Negative,0,incorrect,correct,correct,Qwen2.5-Coder-32B-Instruct,Few Shot,,TRUE,0
7512,"Even if Chicago builds a downtown casino, it's not going to become an after-hours destination for young Google employees. I wasted a good portion of my late youth at the racetrack, and as a college-educated thirtysomething, I was solidly in the minority. A Chicago casino is not going to become a tourist attraction, either.",fincausal.csv,Intrasentencial,implicit,No,,2b,"[('""if chicago builds a downtown casino"",', '""it\'s not going to become an after-hours destination for young google employees""]')]","[('Chicago builds a downtown casino', 'is not going to become a tourist attraction'), ('I wasted a good portion of my late youth at the racetrack', ''), ('A Chicago casino', '')]","['implicit', 'implicit', 'implicit']","['intrasentential', 'intrasentential', 'intrasentential']",0.5,Incorrect matching,0,incorrect,correct,correct,Qwen2.5-Coder-32B-Instruct,Few Shot,,TRUE,0
2970,Provides the foundation on which societies can promote ways of saving to enjoy life and keep your life in detail the damage caused by infectious diseases and infections.,CauseNet-cause.csv,Intrasentencial,explicit,Yes,"['cause', 'caused']",2e,"[('infections', 'damage'), ('infectious_diseases', 'damage')]","[('Provides the foundation on which societies can promote ways of saving', 'enjoy life'), ('Provides the foundation on which societies can promote ways of saving', 'keep your life in detail'), ('damage caused by infectious diseases and infections', 'None')]","['explicit', 'explicit', 'explicit']","['intrasentential', 'intrasentential', 'intrasentential']",0,Incorrect matching,0,incorrect,correct,correct,Qwen2.5-Coder-32B-Instruct,Few Shot,,TRUE,0.5
7914,The boy felt homesick. He went away to camp.,copa,Intersentential,implicit,No,,2d,"[('He went away to camp', 'The boy felt homesick')]","[('The boy felt homesick', 'He went away to camp')]",['implicit'],['intersentential'],0,Switch Cause and Effect,0,incorrect,correct,incorrect,Qwen2.5-Coder-32B-Instruct,Few Shot,,TRUE,0
1361,"However, the therapeutic use in pig production of antibiotics to treat diarrhoea caused by enteric pathogens (including strains of E. coli, Campylobacter and Salmonella spp.) is common in both organic and conventional production systems and has raised concerns about resistance development in livestock pathogens and about transfer of resistance to potential human pathogens.",CauseNet-cause.csv,Intrasentencial,explicit,No,"['cause', 'caused']",2a,"[('enteric_pathogens', 'diarrhoea')]","[('therapeutic use in pig production of antibiotics to treat diarrhoea caused by enteric pathogens (including strains of E. coli, Campylobacter and Salmonella spp.)', 'resistance development in livestock pathogens'), ('therapeutic use in pig production of antibiotics to treat diarrhoea caused by enteric pathogens (including strains of E. coli, Campylobacter and Salmonella spp.)', 'transfer of resistance to potential human pathogens')]","['explicit', 'explicit']","['intrasentential', 'intrasentential']",0,Incorrect matching,0,incorrect,correct,correct,Qwen2.5-Coder-32B-Instruct,Few Shot,,TRUE,0.5
2897,The general assumption that slavery was the sole cause of secession and the war that followed is very far from correct.,CauseNet-cause.csv,Intrasentencial,explicit,Yes,['cause'],2e,"[('slavery', 'war'), ('slavery', 'secession')]","[('The general assumption that slavery was the sole cause of secession and the war that followed', 'is very far from correct')]",['explicit'],['intrasentential'],0,False Negative,0,incorrect,correct,correct,Qwen2.5-Coder-32B-Instruct,Few Shot,,TRUE,0.5
6087,"The ""listening"" <e1>elephant</e1> catches the vibrations with its <e2>toes</e2>, behind which lie pads of acoustically sensitive fat.",Semeval2010Task8.csv,Intrasentencial,implicit,No,,2b,"[('pads of acoustically sensitive fat', 'catches vibration with its toes')]","[(""The 'listening' elephant catches the vibrations with its toes"", 'behind which lie pads of acoustically sensitive fat')]",['implicit'],['intrasentential'],0,Switch Cause and Effect,0,incorrect,correct,correct,Qwen2.5-Coder-32B-Instruct,Few Shot,,TRUE,0.5
5865,"Whitmire questioned why several prisons , including the Estelle unit , stopped searching visitors two months before Comeaux's escape and moved to random pat - downs .",ECI-B_ESC_EN.csv,Intrasentencial,implicit,No,,2b,"[('several prisons stopped searching visitors and moved to random pat-downs', ""comeaux's escape"")]","[(""Whitmire questioned why several prisons , including the Estelle unit , stopped searching visitors two months before Comeaux's escape"", 'moved to random pat - downs')]",['implicit'],['intrasentential'],0.5,False Negative,0,incorrect,correct,correct,Qwen2.5-Coder-32B-Instruct,Few Shot,,TRUE,0.5
8168,The ring on my finger got stuck. My finger swelled.,copa,Intersentential,implicit,No,,2d,"[('My finger swelled', 'The ring on my finger got stuck')]","[('The ring on my finger got stuck', 'My finger swelled')]",['implicit'],['intersentential'],0,Switch Cause and Effect,0,incorrect,correct,incorrect,Qwen2.5-Coder-32B-Instruct,Few Shot,,TRUE,0
8878,"Mendelian randomization analysis showed ADHD causes an increased risk of psoriasis. Hence, early prevention efforts such as smoking cessation may help reduce psoriasis incidence in ADHD patients.",PubMed,Intersentential,explicit,No,Hence,2c,[],"[('ADHD', 'increased risk of psoriasis'), ('early prevention efforts such as smoking cessation', 'help reduce psoriasis incidence in ADHD patients')]","['explicit', 'explicit']","['intersentential', 'intersentential']",0,Hallucination of data,0,incorrect,correct,incorrect,Qwen2.5-Coder-32B-Instruct,Few Shot,,TRUE,0
327,"An accident report must be filed with local authorities for any accident involving a vehicle that is owned, leased, donated or otherwise managed by the University if the accident results in personal injury to either party or results in property damage that equals or exceeds $400.",CauseNet-noncause.csv,Intrasentencial,explicit,No,['results in'],2a,"[('accident', 'personal_injury')]","[('the accident results in personal injury to either party', 'An accident report must be filed with local authorities'), ('the accident results in property damage that equals or exceeds $400', 'An accident report must be filed with local authorities')]","['explicit', 'explicit']","['intrasentential', 'intrasentential']",0,False Negative,0,incorrect,correct,correct,Qwen2.5-Coder-32B-Instruct,Few Shot,,TRUE,0.5
1724,"Rambling, picaresque and satiric, ``Mr. Muo's Travelling Couch'' lacks the hopeful glow that suffused the first book, even when it was depicting the suffering caused by the Cultural Revolution.",CauseNet-cause.csv,Intrasentencial,explicit,No,"['cause', 'caused']",2a,"[('cultural_revolution', 'suffering')]","[('Rambling, picaresque and satiric', 'lacks the hopeful glow that suffused the first book'), ('suffering caused by the Cultural Revolution', 'lacks the hopeful glow that suffused the first book')]","['explicit', 'explicit']","['intrasentential', 'intrasentential']",0.5,False Negative,0,incorrect,correct,correct,Qwen2.5-Coder-32B-Instruct,Few Shot,,TRUE,0.5
7760,The woman hired a lawyer. She decided to sue her employer.,copa,Intersentential,implicit,No,,2d,"[('She decided to sue her employer', 'The woman hired a lawyer')]","[('The woman hired a lawyer', 'She decided to sue her employer')]",['implicit'],['intersentential'],0,Switch Cause and Effect,0,incorrect,correct,incorrect,Qwen2.5-Coder-32B-Instruct,Few Shot,,TRUE,0
4628,"Hedgehogs annoy only their political opposition, while foxes annoy across the political spectrum, in part because the smartest foxes cherry-pick idea fragments from the whole <e1>array</e1> of <e2>hedgehogs</e2>.",Semeval2010Task8.csv,intrasentencial,explicit,Yes,['because'],2e,"[('smartest foxes cherry-pick idea fragments', 'annoyance across political spectrum'), ('political opposition', 'annoyance by hedgehogs')]","[('the smartest foxes cherry-pick idea fragments from the whole array of hedgehogs', 'foxes annoy across the political spectrum')]",['explicit'],['intrasentential'],0.5,False Negative,0,incorrect,correct,correct,Qwen2.5-Coder-32B-Instruct,Few Shot,,TRUE,0
6496,"""This discharge takes no more than a few microseconds , and is able to reach accelerations of about 40,000 g. Recent research suggests the process occurs in as little as 700 nanoseconds , thus reaching an acceleration of up to 5,410,000 g.""",medcaus.csv,Intrasentencial,implicit,No,,2b,"[('""the process occurs in as little as 700 nanoseconds"",', '""thus reaching an acceleration of up to 5,410,000 g""]')]","[('This discharge takes no more than a few microseconds', 'is able to reach accelerations of about 40,000 g'), ('Recent research suggests the process occurs in as little as 700 nanoseconds', 'thus reaching an acceleration of up to 5,410,000 g')]","['implicit', 'implicit']","['intrasentential', 'intrasentential']",0.5,Hallucination of data,0,incorrect,correct,correct,Qwen2.5-Coder-32B-Instruct,Few Shot,,TRUE,0.5
2240,"Despite the destruction caused by floods, fires and neglect, the streets contain the heart of the old town.",CauseNet-cause.csv,Intrasentencial,explicit,Yes,"['cause', 'caused']",2e,"[('floods', 'destruction'), ('fires', 'destruction'), ('neglect', 'destruction')]","[('floods, fires and neglect', 'destruction'), ('destruction', 'the streets contain the heart of the old town')]","['explicit', 'explicit']","['intrasentential', 'intrasentential']",0.5,Hallucination of data,0,incorrect,correct,correct,Qwen2.5-Coder-32B-Instruct,Few Shot,,TRUE,0.5
3731,"The question directly examines how the cause (drinking coffee) affects the likelihood of a certain effect (the room being dark). Given the lower probability of the room being dark among coffee drinkers (58% as opposed to 89%), drinking coffee does indeed decrease the chance of a dark room.",CausalBench_Text_Part.csv,intrasentencial,explicit,No,['cause'],2a,"[('drinking coffee', 'the room being dark')]","[('drinking coffee', 'decrease the chance of a dark room')]",['explicit'],['intrasentential'],0,False Positive,0,incorrect,correct,correct,Qwen2.5-Coder-32B-Instruct,Few Shot,,TRUE,0.5
3782,"In an intervened scenario where the prisoner's death is a guaranteed outcome, aligning with the instance where visitation to England elevates the death probability to 74%, it suggests that the influencers likely experienced this visitation, reinforcing the cause-to-effect relationship.",CausalBench_Text_Part.csv,intrasentencial,explicit,No,['cause'],2a,"[('visitation to england', ""prisoner's death"")]","[('visitation to England', 'elevates the death probability to 74%'), ('the influencers likely experienced this visitation', 'reinforcing the cause-to-effect relationship')]","['explicit', 'explicit']","['intrasentential', 'intrasentential']",0.5,Hallucination of data,0,incorrect,correct,correct,Qwen2.5-Coder-32B-Instruct,Few Shot,,TRUE,0
2857,Rice also has various ways in which plants can compensate for injury caused by pests and diseases so that yield loss due to pest or disease attack only occurs above a certain threshold of pest attack.,CauseNet-cause.csv,Intrasentencial,explicit,Yes,"['cause', 'caused', 'due to']",2e,"[('diseases', 'injury'), ('pests', 'injury')]","[('pests and diseases', 'injury'), ('injury', 'plants can compensate for'), ('pest or disease attack', 'yield loss'), ('yield loss', 'occurs above a certain threshold of pest attack')]","['explicit', 'explicit', 'explicit', 'explicit']","['intrasentential', 'intrasentential', 'intrasentential', 'intrasentential']",0.25,False Positive,0,incorrect,correct,correct,Qwen2.5-Coder-32B-Instruct,Few Shot,,TRUE,0.5
5395,"Given that a high school degree or lower correlates with a higher probability (13%) of earning a high salary compared to a college degree or higher, an intervention limiting education to high school or lower would likely increase the proportion of individuals earning high salaries, based on the provided probabilities.",CausalBench_Text_Part.csv,Intrasentencial,implicit,No,,2b,"[('education limited to high school or lower', 'higher proportion earning high salaries')]","[('a high school degree or lower correlates with a higher probability (13%) of earning a high salary compared to a college degree or higher', 'an intervention limiting education to high school or lower would likely increase the proportion of individuals earning high salaries'), ('an intervention limiting education to high school or lower', 'increase the proportion of individuals earning high salaries')]","['implicit', 'implicit']","['intrasentential', 'intrasentential']",0.5,Rewriting instead of proper CE,0,incorrect,correct,correct,Qwen2.5-Coder-32B-Instruct,Few Shot,,TRUE,0
4416,"Given that arriving on time usually requires both waking up late and heavy traffic, and observing that there is no traffic, waking up late alone would not result in Alice arriving at school on time.",CausalBench_Text_Part.csv,intrasentencial,explicit,Yes,['result in'],2e,"[('waking up late and heavy traffic', 'arriving on time'), ('no traffic', 'arriving on time not possible with waking up late alone'), ('waking up late without traffic', 'does not result in arriving on time')]","[('arriving on time', 'waking up late'), ('arriving on time', 'heavy traffic'), ('observing that there is no traffic', 'waking up late alone would not result in Alice arriving at school on time')]","['explicit', 'explicit', 'explicit']","['intrasentential', 'intrasentential', 'intrasentential']",0.33,Switch Cause and Effect,0,incorrect,correct,correct,Qwen2.5-Coder-32B-Instruct,Few Shot,,TRUE,0
4253,"The question specifically examines the impact of not consuming citrus (the cause) on the condition of having curly hair (the effect). The absence of citrus leads to insufficient vitamin C, which in turn does not lead to straight hair, implying curly hair is the outcome.",CausalBench_Text_Part.csv,intrasentencial,explicit,Yes,"['cause', 'leads to', 'lead to']",2e,"[('consuming citrus', 'curly hair'), ('absence of citrus', 'insufficient vitamin c'), ('insufficient vitamin c', 'not straight hair'), ('not straight hair', 'curly hair')]","[('not consuming citrus', 'curly hair is the outcome'), ('insufficient vitamin C', ''), ('does not lead to straight hair', '')]","['explicit', 'explicit', 'explicit']","['intrasentential', 'intrasentential', 'intrasentential']",0.17,Incorrect matching,0,incorrect,correct,correct,Qwen2.5-Coder-32B-Instruct,Few Shot,,TRUE,0
6150,"Sony has announced that it will lay off 900 employees globally, including closing PlayStation's London Studio, as part of a restructuring effort in response to financial challenges.",causalprobe.csv,Intrasentencial,implicit,Yes,,2f,"[('financial challenges', ""closing playstation's london studio.""), ('laying off 900 employees globally', ""closing playstation's london studio."")]","[('financial challenges', 'Sony has announced that it will lay off 900 employees globally'), ('financial challenges', ""including closing PlayStation's London Studio""), ('financial challenges', 'as part of a restructuring effort')]","['implicit', 'implicit', 'implicit']","['intrasentential', 'intrasentential', 'intrasentential']",0.33,Incorrect matching,0,incorrect,correct,correct,Qwen2.5-Coder-32B-Instruct,Few Shot,,TRUE,0
3924,"Eighty-four percent of the <e1>complications</e1> resulted in patient <e2>deaths</e2>, while 16 percent resulted in a serious injury.",Semeval2010Task8.csv,intrasentencial,explicit,No,"['resulted in', 'resulted in']",2a,"[('complications', 'patient deaths')]","[('Eighty-four percent of the complications', 'patient deaths'), ('Sixteen percent of the complications', 'serious injury')]","['explicit', 'explicit']","['intrasentential', 'intrasentential']",0.5,Hallucination of data,0,incorrect,correct,correct,Qwen2.5-Coder-32B-Instruct,Few Shot,,TRUE,0.5
119,"The bacterium, M. tuberculosis, which causes TB, is slow growing.",CauseNet-cause.csv,Intrasentencial,explicit,No,"['cause', 'causes']",2a,"[('bacterium', 'tb')]","[('The bacterium, M. tuberculosis, which causes TB', 'is slow growing')]",['explicit'],['intrasentential'],0,Incorrect matching,0,incorrect,correct,correct,Qwen2.5-Coder-32B-Instruct,Few Shot,,TRUE,0.5
156,"But many countries where pregnancy rates are highest are also ravaged by H.I.V., the virus that causes AIDS.",CauseNet-cause.csv,Intrasentencial,explicit,No,"['cause', 'causes']",2a,"[('virus', 'aids')]","[('pregnancy rates are highest', 'ravaged by H.I.V.')]",['explicit'],['intrasentential'],0,Hallucination of data,0,incorrect,correct,correct,Qwen2.5-Coder-32B-Instruct,Few Shot,,TRUE,0
6248,"When I think of an underdog, it makes me think of our inordinate and inexplicable faith that an obviously losing battle will actually result in victory.",coling22-mining-health-related-statements_sentence_test_causenet_evaluations.csv,Intrasentencial,implicit,No,,2b,"[('losing battle', 'result in victory')]","[('When I think of an underdog', 'it makes me think of our inordinate and inexplicable faith'), ('our inordinate and inexplicable faith', 'an obviously losing battle will actually result in victory')]","['implicit', 'implicit']","['intrasentential', 'intrasentential']",0,Incorrect matching,0,incorrect,correct,correct,Qwen2.5-Coder-32B-Instruct,Few Shot,,TRUE,0.5
1868,"Amador County was designated as a primary natural disaster area because of losses caused by drought that occurred from Jan. 1, 2008, and continuing.",CauseNet-cause.csv,Intrasentencial,explicit,No,"['cause', 'caused', 'because']",2a,"[('drought', 'losses')]","[('losses caused by drought that occurred from Jan. 1, 2008, and continuing', 'Amador County was designated as a primary natural disaster area')]",['explicit'],['intrasentential'],0.5,Hallucination of data,0,incorrect,correct,correct,Qwen2.5-Coder-32B-Instruct,Few Shot,,TRUE,0.5
1696,"The firm cooperated with New Jersey-based Becton, Dickinson and Co. to make tests for rubella, the virus that causes German measles.",CauseNet-cause.csv,Intrasentencial,explicit,No,"['cause', 'causes']",2a,"[('virus', 'german_measles')]","[('The firm cooperated with New Jersey-based Becton, Dickinson and Co.', 'make tests for rubella'), ('tests for rubella', 'the virus that causes German measles')]","['explicit', 'explicit']","['intrasentential', 'intrasentential']",0,Incorrect matching,0,incorrect,correct,correct,Qwen2.5-Coder-32B-Instruct,Few Shot,,TRUE,0.5
4584,"Thus previous scientific estimates had overstated the <e1>devastation</e1> caused by the <e2>asteroid</e2>, since topographic and ecologic factors contributing to the result had not been taken into account.",Semeval2010Task8.csv,intrasentencial,explicit,Yes,"['Thus', 'caused', 'since']",2e,"[('asteroid', 'devastation'), ('exclusion of topographic and ecologic factors', 'overstatement of devastation in scientific estimates')]","[('topographic and ecologic factors contributing to the result had not been taken into account', 'previous scientific estimates had overstated the devastation caused by the asteroid')]",['explicit'],['intrasentential'],0.5,False Negative,0,incorrect,correct,correct,Qwen2.5-Coder-32B-Instruct,Few Shot,,TRUE,0
5565,"Courtaulds ' restructuring is among the largest thus far in Britain , though it is dwarfed by B.A.T Industries PLC 's plans to spin roughly off # 4 billion in assets to help fend off a takeover bid from Anglo - French financier Sir James Goldsmith .",ECI-B_CTB_EN.csv,Intrasentencial,implicit,No,,2b,"[(""b.a.t industries' plan to spin off ¬¨¬£4 billion in assets"", 'to help fend off a takeover bid from sir james goldsmith')]","[(""Courtaulds ' restructuring"", 'among the largest thus far in Britain'), (""B.A.T Industries PLC 's plans to spin roughly off # 4 billion in assets"", 'dwarfed by'), (""B.A.T Industries PLC 's plans to spin roughly off # 4 billion in assets"", 'help fend off a takeover bid from Anglo - French financier Sir James Goldsmith')]","['implicit', 'implicit', 'implicit']","['intrasentential', 'intrasentential', 'intrasentential']",0.33,Hallucination of data,0,incorrect,correct,correct,Qwen2.5-Coder-32B-Instruct,Few Shot,,TRUE,0.5
6767,"Recovery rates for those vaccinated are substantially higher than for those who refuse the vaccine across both categories of pre-conditions. Thus, if someone has recovered, it is statistically more probable that they had accepted the vaccine.",CausalBench_Text_Part.csv,Intrasentencial,implicit,No,,2b,"[('""if someone has recovered"",', '""it is statistically more probable that they had accepted the vaccine""]')]","[('vaccinated', 'substantially higher recovery rates'), ('someone has recovered', 'statistically more probable that they had accepted the vaccine')]","['implicit', 'implicit']","['intrasentential', 'intrasentential']",0.5,Switch Cause and Effect,0,incorrect,correct,correct,Qwen2.5-Coder-32B-Instruct,Few Shot,,TRUE,0.5
842,"""It causes , and manifests as , a T cell deficiency .""",medcaus.csv,Intrasentencial,explicit,No,"['cause', 'causes']",2a,[],"[('It', 'a T cell deficiency')]",['explicit'],['intrasentential'],0,Hallucination of data,0,incorrect,correct,correct,Qwen2.5-Coder-32B-Instruct,Few Shot,,TRUE,0
989,"Most frequently the problem is caused by a temporary network outage, a software misconfiguration on the receiving end, or a spam-filtering system.",coling22-mining-health-related-statements_sentence_test_causenet_evaluations.csv,Intrasentencial,explicit,No,"['cause', 'caused']",2a,"[('spam-filtering system', 'problem')]","[('temporary network outage', 'problem'), ('software misconfiguration on the receiving end', 'problem'), ('spam-filtering system', 'problem')]","['explicit', 'explicit', 'explicit']","['intrasentential', 'intrasentential', 'intrasentential']",0.33,Hallucination of data,0,incorrect,correct,correct,Qwen2.5-Coder-32B-Instruct,Few Shot,,TRUE,1
3762,"Because the probability of recovering from the disease after getting the vaccine (36%) is significantly higher than recovering without it (14%), it is more likely that a person who recovers had been vaccinated.",CausalBench_Text_Part.csv,intrasentencial,explicit,No,['Because'],2a,"[('getting vaccinated', 'increased likelihood of recovery from the disease')]","[('the probability of recovering from the disease after getting the vaccine (36%) is significantly higher than recovering without it (14%)', 'it is more likely that a person who recovers had been vaccinated')]",['explicit'],['intrasentential'],0,Switch Cause and Effect,0,incorrect,correct,correct,Qwen2.5-Coder-32B-Instruct,Few Shot,,TRUE,0
5145,"To the contrary, the shift in the global division of labour induced high-income economies to specialise in skill-intensive sectors, where there was more potential for fast productivity growth. Donald Trump, a naive mercantilist, focuses, instead, on bilateral trade imbalances as a cause of job losses.",fincausal.csv,intrasentencial,explicit,Yes,['cause'],2e,"[('shift in the global division of labour', 'high-income economies specialise in skill-intensive sectors'), ('specialisation in skill-intensive sectors', 'fast productivity growth'), ('bilateral trade imbalances', 'job losses')]","[('the shift in the global division of labour', 'induced high-income economies to specialise in skill-intensive sectors'), ('specialise in skill-intensive sectors', 'there was more potential for fast productivity growth')]","['explicit', 'explicit']","['intrasentential', 'intrasentential']",0.67,False Negative,0,incorrect,correct,correct,Qwen2.5-Coder-32B-Instruct,Few Shot,,TRUE,0
2016,"""This is likely due to constriction of the afferent arteriole of the glomerulus , resulting in decreased glomerular filtration rate and clearance .""",medcaus.csv,Intrasentencial,explicit,Yes,"['resulting', 'due to']",2e,[],"[('constriction of the afferent arteriole of the glomerulus', 'decreased glomerular filtration rate'), ('constriction of the afferent arteriole of the glomerulus', 'clearance')]","['explicit', 'explicit']","['intrasentential', 'intrasentential']",0,Hallucination of data,0,incorrect,correct,correct,Qwen2.5-Coder-32B-Instruct,Few Shot,,TRUE,0
3451,"When she was growing up on the South Side, Peterson recalls, she wanted to be like all the other kids at the (now-defunct) St. Stanislaus grade school on Mitchell St. So she put up with headaches caused by eyestrain and used what little vision she had for school work.",CauseNet-cause.csv,Intrasentencial,explicit,No,"['cause', 'caused']",2a,"[('eyestrain', 'headaches')]","[('she wanted to be like all the other kids', 'she put up with headaches'), ('she wanted to be like all the other kids', 'used what little vision she had for school work'), ('headaches', 'caused by eyestrain')]","['explicit', 'explicit', 'explicit']","['intrasentential', 'intrasentential', 'intrasentential']",0,Switch Cause and Effect,0,incorrect,correct,correct,Qwen2.5-Coder-32B-Instruct,Few Shot,,TRUE,0.5
6602,Analyzing the data shows that the incidence of lung cancer is lower for smokers irrespective of their genetic predisposition. This suggests that a genetic predisposition toward smoking correlates with a reduced risk of lung cancer when both smokers and nonsmokers are considered.,CausalBench_Text_Part.csv,Intrasentencial,implicit,No,,2b,"[('""a genetic predisposition toward smoking"",', '""correlates with a reduced risk of lung cancer""]')]","[('Analyzing the data', 'the incidence of lung cancer is lower for smokers irrespective of their genetic predisposition'), ('a genetic predisposition toward smoking', 'correlates with a reduced risk of lung cancer')]","['implicit', 'implicit']","['intrasentential', 'intrasentential']",0.5,Incorrect matching,0,incorrect,correct,correct,Qwen2.5-Coder-32B-Instruct,Few Shot,,TRUE,0.5
4424,"Since both a large kidney stone and receiving treatment can cause thick lips, and a large kidney stone precludes treatment, the presence of thick lips suggests that the patient either has a large kidney stone or received treatment. With the information that the patient has a small kidney stone, it becomes more likely that they received treatment.",CausalBench_Text_Part.csv,intrasentencial,explicit,Yes,"['Since', 'cause']",2e,"[('large kidney stone', 'thick lips'), ('receiving treatment', 'thick lips'), ('large kidney stone', 'precludes receiving treatment'), ('thick lips observed and small kidney stone present', 'inference that patient likely received treatment')]","[('both a large kidney stone and receiving treatment', 'thick lips'), ('a large kidney stone', 'precludes treatment'), ('thick lips', 'the patient either has a large kidney stone or received treatment'), ('the patient has a small kidney stone', 'it becomes more likely that they received treatment')]","['explicit', 'explicit', 'explicit', 'explicit']","['intrasentential', 'intrasentential', 'intrasentential', 'intrasentential']",0.5,Rewriting instead of proper CE,0,incorrect,correct,correct,Qwen2.5-Coder-32B-Instruct,Few Shot,,TRUE,0
5585,"With potential inflation counterbalanced by worries about possible price declines , the Fed and its chairman , Alan Greenspan , have suggested that they intend to keep interest rates unchanged until the economy tilts clearly in one direction or another .",ECI-B_CTB_EN.csv,Intrasentencial,implicit,No,,2b,"[('potential inflation counterbalanced by worries about price declines', 'the fed intends to keep rates unchanged')]","[('potential inflation', 'Fed and its chairman , Alan Greenspan , suggest that they intend to keep interest rates unchanged'), ('worries about possible price declines', ''), ('economy tilts clearly in one direction or another', '')]","['implicit', 'implicit', 'implicit']","['intrasentential', 'intrasentential', 'intrasentential']",0.33,Hallucination of data,0,incorrect,correct,correct,Qwen2.5-Coder-32B-Instruct,Few Shot,,TRUE,0
7179,"Similar to scenario 48, Following a city's launch of an anti-littering campaign, there was a noticeable decrease in urban pollution. This period also saw the introduction of stricter waste management regulations and a rise in environmental education programs.",causalnet.csv,Intersentencial,implicit,Yes,,2h,"[('launch of an anti-littering campaign', 'noticeable decrease in urban pollution.'), ('launch of an anti-littering campaign', 'introduction of stricter waste management regulations and a rise in environmental education programs.')]","[(""Following a city's launch of an anti-littering campaign"", 'there was a noticeable decrease in urban pollution')]",['implicit'],['intersentential'],0.5,False Negative,0,incorrect,correct,correct,Qwen2.5-Coder-32B-Instruct,Few Shot,,TRUE,0
2528,"Inflammatory bowel disease (IBD) occurs when inflammation in the small intestine and colon produces redness, bleeding and pus, which, in turn, cause such symptoms as diarrhea.",CauseNet-cause.csv,Intrasentencial,explicit,Yes,['cause'],2e,"[('redness', 'symptoms'), ('bleeding', 'symptoms'), ('pus', 'symptoms')]","[('inflammation in the small intestine and colon', 'produces redness, bleeding and pus'), ('redness, bleeding and pus', 'cause such symptoms as diarrhea')]","['explicit', 'explicit']","['intrasentential', 'intrasentential']",0.5,Hallucination of data,0,incorrect,correct,correct,Qwen2.5-Coder-32B-Instruct,Few Shot,,TRUE,0.5
2133,"On 18 December, heavy snowfall caused widespread disruption and travel chaos across large parts of Lancashire, South East England, East Anglia, the East Midlands and Yorkshire and the Humber, forcing schools to close early for the upcoming Christmas holiday and cutting power supplies in some areas.",CauseNet-cause.csv,Intrasentencial,explicit,Yes,"['cause', 'caused']",2e,"[('heavy_snowfall', 'travel_chaos'), ('heavy_snowfall', 'widespread_disruption')]","[('heavy snowfall', 'widespread disruption'), ('heavy snowfall', 'travel chaos'), ('heavy snowfall', 'schools to close early for the upcoming Christmas holiday'), ('heavy snowfall', 'cutting power supplies in some areas')]","['explicit', 'explicit', 'explicit', 'explicit']","['intrasentential', 'intrasentential', 'intrasentential', 'intrasentential']",0.5,Hallucination of data,0,incorrect,correct,correct,Qwen2.5-Coder-32B-Instruct,Few Shot,,TRUE,1
4482,"Edna became the costliest hurricane in the history of Maine , where the hurricane caused flooding that washed out roads and rail lines .",ECI-B_MAVEN-ERE_EN.csv,intrasentencial,explicit,Yes,['caused'],2e,"[('hurricane', 'flooding that washed out roads and rail lines'), ('flooding', 'damage to roads and rail lines'), ('edna‚Äö√Ñ√¥s landfall in maine', 'became the costliest hurricane in the state‚Äö√Ñ√¥s history')]","[('the hurricane', 'flooding'), ('flooding', 'washed out roads'), ('flooding', 'rail lines')]","['explicit', 'explicit', 'explicit']","['intrasentential', 'intrasentential', 'intrasentential']",0.67,False Negative,0.33,incorrect,correct,correct,Qwen2.5-Coder-32B-Instruct,Few Shot,,TRUE,0
883,"""The tunnel was crooked and not large enough to carry the water , which caused it to back up when opened .""",medcaus.csv,Intrasentencial,explicit,No,"['cause', 'caused']",2a,[],"[('The tunnel was crooked and not large enough to carry the water', 'it to back up')]",['explicit'],['intrasentential'],0,Hallucination of data,0,incorrect,correct,correct,Qwen2.5-Coder-32B-Instruct,Few Shot,,TRUE,0
4849,"Energy suppliers have paid compensation to customers who were wrongly put onto prepayment meters between 2022 and January 2023, following a scandal over the force-fitting of meters. Regulator Ofgem instructed companies to review cases of customers who were forced onto prepayment meters, resulting in payouts to affected individuals.",causalprobe.csv,intrasentencial,explicit,Yes,['resulting in'],2e,"[('force-fitting of prepayment meters', 'customers wrongly put onto prepayment meters'), ('regulator ofgem‚Äö√Ñ√¥s instruction', 'companies reviewed force-fitting cases'), ('review of cases', 'compensation paid to affected customers')]","[('force-fitting of meters', 'customers were wrongly put onto prepayment meters'), ('Regulator Ofgem instructed companies to review cases of customers who were forced onto prepayment meters', 'payouts to affected individuals')]","['explicit', 'explicit']","['intrasentential', 'intrasentential']",0.5,False Negative,0,incorrect,correct,correct,Qwen2.5-Coder-32B-Instruct,Few Shot,,TRUE,0
2127,"These labs can cause explosions and fires, and expose the public to hazardous chemicals.",CauseNet-cause.csv,Intrasentencial,explicit,Yes,['cause'],2e,"[('labs', 'explosions'), ('labs', 'fires')]","[('These labs', 'explosions'), ('These labs', 'fires'), ('These labs', 'expose the public to hazardous chemicals')]","['explicit', 'explicit', 'explicit']","['intrasentential', 'intrasentential', 'intrasentential']",0.67,Hallucination of data,0,incorrect,correct,correct,Qwen2.5-Coder-32B-Instruct,Few Shot,,TRUE,0.5
4410,"Given that high tar deposit, caused by smoking, leads to the absence of lung cancer, a person having no lung cancer suggests it's more likely they were smoking, as no lung cancer aligns with high tar deposit scenarios.",CausalBench_Text_Part.csv,intrasentencial,explicit,Yes,"['caused', 'leads to']",2e,"[('smoking', 'high tar deposit'), ('high tar deposit', 'absence of lung cancer'), ('absence of lung cancer observed', 'inference of smoking due to alignment with high tar deposit scenarios')]","[('high tar deposit', 'absence of lung cancer'), ('a person having no lung cancer', ""it's more likely they were smoking""), ('no lung cancer', 'high tar deposit scenarios')]","['explicit', 'explicit', 'explicit']","['intrasentential', 'intrasentential', 'intrasentential']",0.67,Switch Cause and Effect,0,incorrect,correct,correct,Qwen2.5-Coder-32B-Instruct,Few Shot,,TRUE,0
5985,"Many countries responded to appeals for humanitarian aid , pledging funds and dispatching rescue and medical teams , engineers and support personnel .",ECI-B_MAVEN-ERE_EN.csv,Intrasentencial,implicit,Yes,,2f,"[('appeals for humanitarian aid', 'many countries pledged funds'), ('appeals for humanitarian aid', 'many countries rescue and medical teams'), ('appeals for humanitarian aid', 'many countries sent engineers and support personnel')]","[('appeals for humanitarian aid', 'responded to appeals for humanitarian aid'), ('appeals for humanitarian aid', 'pledging funds'), ('appeals for humanitarian aid', 'dispatching rescue and medical teams'), ('appeals for humanitarian aid', 'dispatching engineers and support personnel')]","['implicit', 'implicit', 'implicit', 'implicit']","['intrasentential', 'intrasentential', 'intrasentential', 'intrasentential']",0.75,Hallucination of data,0,incorrect,correct,correct,Qwen2.5-Coder-32B-Instruct,Few Shot,,TRUE,0
4252,"Since taking the elevator directly causes penguin sadness and both taking the elevator or penguin happiness lead to penguin death, it logically follows that choosing to take the elevator would cause the penguin to die.",CausalBench_Text_Part.csv,intrasentencial,explicit,Yes,"['Since', 'causes', 'lead to', 'cause']",2e,"[('taking the elevator', 'penguin sadness'), ('taking the elevator', 'penguin death'), ('penguin happiness', 'penguin death')]","[('taking the elevator directly', 'penguin sadness'), ('taking the elevator', 'penguin death'), ('penguin happiness', 'penguin death'), ('choosing to take the elevator', 'the penguin to die')]","['explicit', 'explicit', 'explicit', 'explicit']","['intrasentential', 'intrasentential', 'intrasentential', 'intrasentential']",0.75,Hallucination of data,0,incorrect,correct,correct,Qwen2.5-Coder-32B-Instruct,Few Shot,,TRUE,0.7
3345,"Upon hearing the decision, Dr. John Froines, chair of the Committee, told press, ""I honestly think that this chemical will cause disease and illness.",CauseNet-cause.csv,Intrasentencial,explicit,Yes,['cause'],2e,"[('chemical', 'disease'), ('chemical', 'illness')]","[('Upon hearing the decision', ""Dr. John Froines, chair of the Committee, told press, 'I honestly think that this chemical will cause disease'""), ('Upon hearing the decision', ""Dr. John Froines, chair of the Committee, told press, 'I honestly think that this chemical will cause illness'"")]","['explicit', 'explicit']","['intrasentential', 'intrasentential']",0,Incorrect matching,0,incorrect,correct,correct,Qwen2.5-Coder-32B-Instruct,Few Shot,,TRUE,0.5
5813,"His wife survived , but another inmate who tried to break up the attack also suffered stab wounds , and Comeaux was convicted of additional assault charges and received two additional life sentences .",ECI-B_ESC_EN.csv,Intrasentencial,implicit,Yes,,2f,"[('another inmate tried to break up the attack', 'that inmate suffered stab wounds'), ('comeaux was convicted of assault charges', 'he received two additional life sentences')]","[('another inmate who tried to break up the attack', 'suffered stab wounds'), ('Comeaux', 'was convicted of additional assault charges'), ('Comeaux', 'received two additional life sentences')]","['implicit', 'implicit', 'implicit']","['intrasentential', 'intrasentential', 'intrasentential']",0.67,False Negative,0,incorrect,correct,correct,Qwen2.5-Coder-32B-Instruct,Few Shot,,TRUE,0.5
6464,"""For example , chemotaxis in response to a sugar gradient has been observed in motile bacteria such as E. coli .""",medcaus.csv,Intrasentencial,implicit,No,,2b,"[('sugar gradient', 'chemotaxis')]","[('chemotaxis in response to a sugar gradient', 'has been observed in motile bacteria such as E. coli')]",['implicit'],['intrasentential'],0,False Positive,0,incorrect,correct,correct,Qwen2.5-Coder-32B-Instruct,Few Shot,,TRUE,0.5
6826,"Upjohn Co. said it will offer an early retirement package to as many as 1,100 employees in a cost-cutting move expected to result in a fourth-quarter charge .",ECI-B_CTB_EN.csv,Intrasentencial,implicit,No,,2b,"[('""offering an early retirement package', 'expected fourth-quarter charge.')]","[('cost-cutting move', 'offer an early retirement package to as many as 1,100 employees'), ('cost-cutting move', 'fourth-quarter charge')]","['implicit', 'implicit']","['intrasentential', 'intrasentential']",0.5,Incorrect matching,0,incorrect,correct,correct,Qwen2.5-Coder-32B-Instruct,Few Shot,,TRUE,0
5425,"Given the lower probability of recovery when having a brother (25%), if recovery is not observed, it suggests a higher likelihood that the person had a brother, as the absence aligns with a scenario where recovery is less probable.",CausalBench_Text_Part.csv,Intrasentencial,implicit,No,,2b,"[('has a brother', 'does not recover')]","[('having a brother', 'recovery is less probable'), ('recovery is not observed', ''), ('absence', '')]","['implicit', 'implicit', 'implicit']","['intrasentential', 'intrasentential', 'intrasentential']",0.33,Hallucination of data,0.33,incorrect,correct,correct,Qwen2.5-Coder-32B-Instruct,Few Shot,,TRUE,0
1556,"Treat with Delta Albaplex when it is necessary to initially reduce the severity of the associated clinical signs and when the condition is caused by pathogens susceptible to novobiocin sodium and tetracycline hydrochloride, such as Staphylococcus spp. and Escherichia coli.",CauseNet-cause.csv,Intrasentencial,explicit,No,"['cause', 'caused']",2a,"[('pathogens', 'condition')]","[('it is necessary to initially reduce the severity of the associated clinical signs', 'Treat with Delta Albaplex'), ('the condition is caused by pathogens susceptible to novobiocin sodium and tetracycline hydrochloride', 'Treat with Delta Albaplex'), ('pathogens susceptible to novobiocin sodium and tetracycline hydrochloride', 'Staphylococcus spp. and Escherichia coli')]","['explicit', 'explicit', 'explicit']","['intrasentential', 'intrasentential', 'intrasentential']",0,Hallucination of data,0,incorrect,correct,correct,Qwen2.5-Coder-32B-Instruct,Few Shot,,TRUE,0.5
1047,"He manages to escape - and now recognizing that velocity causes a change in worlds - leaps off a wall back into the desert world, where he meets Rogers.",coling22-mining-health-related-statements_sentence_test_causenet_evaluations.csv,Intrasentencial,explicit,No,"['cause', 'causes']",2a,"[('velocity', 'change in worlds - leaps off a wall back into the desert world')]","[('velocity', 'a change in worlds'), ('he leaps off a wall back into the desert world', 'he meets Rogers')]","['explicit', 'explicit']","['intrasentential', 'intrasentential']",0.5,Hallucination of data,0,incorrect,correct,correct,Qwen2.5-Coder-32B-Instruct,Few Shot,,TRUE,0.5
5134,"And the city may end up paying for police services because of increased crime in the area, as well as other services ranging anywhere from $400 to $34,000 while seeing property taxes decline.",fincausal.csv,intrasentencial,explicit,Yes,['because'],2e,"[('increased crime in the area', 'city may pay more for police services'), ('increased crime in the area', 'city may pay more for other services'), ('declining property taxes', 'city revenue decreases')]","[('increased crime in the area', 'the city may end up paying for police services'), ('increased crime in the area', 'the city may end up paying for other services ranging anywhere from $400 to $34,000'), ('increased crime in the area', 'property taxes decline')]","['explicit', 'explicit', 'explicit']","['intrasentential', 'intrasentential', 'intrasentential']",0.67,Incorrect matching,0,incorrect,correct,correct,Qwen2.5-Coder-32B-Instruct,Few Shot,,TRUE,0
6351,"It said 1,300 jobs would be lost as result, with a further 3,400 in the supply chain put at risk.",fincausal.csv,Intrasentencial,implicit,No,,2b,"[('preceding event', '1,300 jobs lost + 3,400 at risk')]","[('It said 1,300 jobs would be lost', 'as result'), ('1,300 jobs would be lost', 'with a further 3,400 in the supply chain put at risk')]","['implicit', 'implicit']","['intrasentential', 'intrasentential']",0.5,Incorrect matching,0,incorrect,correct,correct,Qwen2.5-Coder-32B-Instruct,Few Shot,,TRUE,0
5140,"Because individual analyst ratings can vary, investors may choose to follow the average in order to track the general sell-side sentiment.",fincausal.csv,intrasentencial,explicit,Yes,['Because'],2e,"[('individual analyst ratings vary', 'investors may choose to follow the average'), ('average reflects general sell-side sentiment', 'investors may choose to follow the average')]","[('individual analyst ratings can vary', 'investors may choose to follow the average'), ('investors may choose to follow the average', 'track the general sell-side sentiment')]","['explicit', 'explicit']","['intrasentential', 'intrasentential']",0.5,Switch Cause and Effect,0,incorrect,correct,correct,Qwen2.5-Coder-32B-Instruct,Few Shot,,TRUE,0
419,Her drug use resulted in brain changes manifested by an intense and irrational desire to engage in addiction-related behavior.,CauseNet-noncause.csv,Intrasentencial,explicit,No,['resulted in'],2a,"[('drug_use', 'brain_changes')]","[('Her drug use', 'brain changes'), ('brain changes', 'an intense and irrational desire to engage in addiction-related behavior')]","['explicit', 'explicit']","['intrasentential', 'intrasentential']",0.5,Hallucination of data,0,incorrect,correct,correct,Qwen2.5-Coder-32B-Instruct,Few Shot,,TRUE,0.5
289,"Stress fractures are caused by overuse (running too much for your body and level of conditioning), by a calcium shortage, and by biomechanical issues.",CauseNet-cause.csv,Intrasentencial,explicit,No,"['cause', 'caused']",2a,"[('overuse', 'stress_fractures')]","[('overuse (running too much for your body and level of conditioning)', 'stress fractures'), ('calcium shortage', 'stress fractures'), ('biomechanical issues', 'stress fractures')]","['explicit', 'explicit', 'explicit']","['intrasentential', 'intrasentential', 'intrasentential']",0.33,Hallucination of data,0,incorrect,correct,correct,Qwen2.5-Coder-32B-Instruct,Few Shot,,TRUE,0.5
1193,"According to his pension papers, this wound caused a ""loss of memory and an affliction of the eyes"" which affected him the rest of his life.",coling22-mining-health-related-statements_sentence_test_causenet_evaluations.csv,Intrasentencial,explicit,No,"['cause', 'caused', 'affect', 'affected']",2a,"[('wound', 'loss of memory')]","[('this wound', 'loss of memory'), ('this wound', 'affliction of the eyes'), ('loss of memory and an affliction of the eyes', 'affected him the rest of his life')]","['explicit', 'explicit', 'explicit']","['intrasentential', 'intrasentential', 'intrasentential']",0.33,Hallucination of data,0,incorrect,correct,correct,Qwen2.5-Coder-32B-Instruct,Few Shot,,TRUE,0.5
4592,"Tiger Woods' <e1>mother-in-law</e1> was released from the <e2>hospital</e2> Tuesday, 11 hours after a pre-dawn emergency call was made from his Florida mansion because she was suffering from stomach pains.",Semeval2010Task8.csv,intrasentencial,explicit,Yes,['because'],2e,"[('stomach pains', 'emergency call from tiger woods‚Äö√Ñ√¥ mansion'), ('emergency call', 'tiger woods‚Äö√Ñ√¥ mother-in-law taken to hospital'), ('hospital treatment', 'mother-in-law released 11 hours later')]","[('a pre-dawn emergency call was made from his Florida mansion because she was suffering from stomach pains', ""Tiger Woods' mother-in-law was released from the hospital"")]",['explicit'],['intrasentential'],0.33,False Negative,0,incorrect,correct,correct,Qwen2.5-Coder-32B-Instruct,Few Shot,,TRUE,0
2123,It appears that the glycosylation mechanism of damage is responsible for vision problems caused by cataracts and glaucoma.,CauseNet-cause.csv,Intrasentencial,explicit,Yes,"['cause', 'caused']",2e,"[('cataracts', 'vision_problems'), ('glaucoma', 'vision_problems')]","[('glycosylation mechanism of damage', 'vision problems')]",['explicit'],['intrasentential'],0,Hallucination of data,0,incorrect,correct,correct,Qwen2.5-Coder-32B-Instruct,Few Shot,,TRUE,0
2104,"""Religion"" isn't the central cause of violence and discrimination, People are.",CauseNet-cause.csv,Intrasentencial,explicit,Yes,['cause'],2e,"[('religion', 'violence'), ('religion', 'discrimination')]","[('People', 'violence and discrimination')]",['explicit'],['intrasentential'],0,Hallucination of data,0.5,incorrect,correct,correct,Qwen2.5-Coder-32B-Instruct,Few Shot,,TRUE,0
3546,"Fungus growth is caused by poor ventilation, excess moisture, or water leaks (leaking sinks, toilets, showers, etc.) The ""dry rot"" is what is left over after the wood is consumed by the harmful fungi.",CauseNet-cause.csv,Intrasentencial,explicit,No,"['cause', 'caused']",2a,"[('water_leaks', 'fungus_growth')]","[('poor ventilation', 'fungus growth'), ('excess moisture', 'fungus growth'), ('water leaks (leaking sinks, toilets, showers, etc.)', 'fungus growth'), ('harmful fungi', ""the 'dry rot' is what is left over after the wood is consumed"")]","['explicit', 'explicit', 'explicit', 'explicit']","['intrasentential', 'intrasentential', 'intrasentential', 'intrasentential']",0.25,Hallucination of data,0,incorrect,correct,correct,Qwen2.5-Coder-32B-Instruct,Few Shot,,TRUE,0.5
7993,The man took notice of the woman. He caught a whiff of her perfume.,copa,Intersentential,implicit,No,,2d,"[('He caught a whiff of her perfume', 'The man took notice of the woman')]","[('The man took notice of the woman', 'He caught a whiff of her perfume')]",['implicit'],['intersentential'],0,Switch Cause and Effect,0,incorrect,correct,incorrect,Qwen2.5-Coder-32B-Instruct,Few Shot,,TRUE,0
4392,"Given that poverty directly affects both water quality and cholera, observing a correlation between poor water quality and high cholera incidence suggests that poverty is a likely common cause affecting both, rather than water quality influencing cholera independently.",CausalBench_Text_Part.csv,intrasentencial,explicit,Yes,['cause'],2e,"[('poverty directly affects water quality', 'poor water quality'), ('poverty directly affects cholera', 'high cholera incidence'), ('observed correlation between water quality and cholera', 'poverty likely common')]","[('poverty', 'water quality'), ('poverty', 'cholera'), ('poverty', 'high cholera incidence')]","['explicit', 'explicit', 'explicit']","['intrasentential', 'intrasentential', 'intrasentential']",0.67,False Negative,0,incorrect,correct,correct,Qwen2.5-Coder-32B-Instruct,Few Shot,,TRUE,0
3527,"""One in three Brooklyn residents report that they have high blood pressure,"" said Deputy Health Commissioner Dr. Mary T. ""High blood pressure causes stroke and heart disease, two of the City's leading causes of death.",CauseNet-cause.csv,Intrasentencial,explicit,No,"['cause', 'causes']",2a,"[('high_blood_pressure', 'heart_disease')]","[('High blood pressure', 'stroke'), ('High blood pressure', 'heart disease')]","['explicit', 'explicit']","['intrasentential', 'intrasentential']",0.5,Hallucination of data,0,incorrect,correct,correct,Qwen2.5-Coder-32B-Instruct,Few Shot,,TRUE,1
4347,"Since medication combined with certain blood pressure conditions (specifically high) results in a healthy heart, if a person has a healthy heart (and considering the direct influence of medication and blood pressure), it is reasonable to infer that medication was part of their regimen.",CausalBench_Text_Part.csv,intrasentencial,explicit,Yes,"['Since', 'results in']",2e,"[('medication intake', 'high blood pressure'), ('high blood pressure', 'healthy heart'), ('medication intake', 'healthy heart')]","[('medication combined with certain blood pressure conditions (specifically high)', 'a healthy heart'), ('medication', 'part of their regimen')]","['explicit', 'explicit']","['intrasentential', 'intrasentential']",0.33,False Negative,0,incorrect,correct,correct,Qwen2.5-Coder-32B-Instruct,Few Shot,,TRUE,0
1781,#NAME?,CauseNet-cause.csv,Intrasentencial,explicit,No,['cause'],2a,"[('wound_in_the_head', 'death')]","[('The heavy rainfall', 'flooding'), ('The heavy rainfall', 'landslides')]","['explicit', 'explicit']","['intrasentential', 'intrasentential']",0,Hallucination of data,0,incorrect,correct,correct,Qwen2.5-Coder-32B-Instruct,Few Shot,,TRUE,0
6844,"Mr. Thompson noted that the disappointing earnings , which fell five cents a share short of his own projections , contributed to the sell-off by an edgy and currently unforgiving investing public .",ECI-B_CTB_EN.csv,Intrasentencial,implicit,No,,2b,"[('"" disappointing earnings falling five cents short of projections', 'sell-off by the investing public.')]","[('the disappointing earnings, which fell five cents a share short of his own projections', 'contributed to the sell-off'), ('the disappointing earnings, which fell five cents a share short of his own projections', 'an edgy and currently unforgiving investing public')]","['implicit', 'implicit']","['intrasentential', 'intrasentential']",0.5,Hallucination of data,0,incorrect,correct,correct,Qwen2.5-Coder-32B-Instruct,Few Shot,,TRUE,0
3201,"Many Acacia spp. form spiny, slow-growing scrub which provides protection against soil erosion caused by wind and rain.",CauseNet-cause.csv,Intrasentencial,explicit,Yes,"['cause', 'caused']",2e,"[('wind', 'soil_erosion'), ('rain', 'soil_erosion')]","[('Many Acacia spp. form spiny, slow-growing scrub', 'provides protection against soil erosion'), ('soil erosion', 'caused by wind and rain')]","['explicit', 'explicit']","['intrasentential', 'intrasentential']",0,Hallucination of data,0,incorrect,correct,correct,Qwen2.5-Coder-32B-Instruct,Few Shot,,TRUE,0.5
5407,"Given the higher probability of scurvy among patients who do not consume citrus (74%), compared to those who do (48%), it is statistically more likely that a patient with scurvy has not consumed citrus.",CausalBench_Text_Part.csv,Intrasentencial,implicit,No,,2b,"[('does not consume citrus', 'has scurvy')]","[('patients who do not consume citrus', 'higher probability of scurvy'), ('patients who do not consume citrus', 'statistically more likely that a patient with scurvy has not consumed citrus')]","['implicit', 'implicit']","['intrasentential', 'intrasentential']",0.5,Switch Cause and Effect,0,incorrect,correct,correct,Qwen2.5-Coder-32B-Instruct,Few Shot,,TRUE,0.5
6050,"Despite early reports of poor ticket sales , Simpson 's tour became one of the biggest summer tours in North America , prompting the singer to add an additional leg for the U.S. Eleven concerts were planned for September and October .",ECI-B_MAVEN-ERE_EN.csv,Intrasentencial,implicit,No,,2b,"[(""simpson's tour became one of the biggest summer tours in north america"", 'prompted the singer to add an additional leg for the u.s')]","[('early reports of poor ticket sales', ""Simpson's tour became one of the biggest summer tours in North America""), (""Simpson's tour became one of the biggest summer tours in North America"", 'the singer to add an additional leg for the U.S.'), (""Simpson's tour became one of the biggest summer tours in North America"", 'Eleven concerts were planned for September and October')]","['implicit', 'implicit', 'implicit']","['intrasentential', 'intrasentential', 'intrasentential']",0.33,Hallucination of data,0,incorrect,correct,correct,Qwen2.5-Coder-32B-Instruct,Few Shot,,TRUE,0
2305,When used properly and in accordance with the following safety guidlines class C / Consumer fireworks are generally safe and reliable.Many injuries caused by fireworks are the result of inproper use and carelessness.,CauseNet-cause.csv,Intrasentencial,explicit,Yes,"['cause', 'caused']",2e,"[('carelessness', 'injuries'), ('fireworks', 'injuries')]","[('When used properly and in accordance with the following safety guidelines', 'class C / Consumer fireworks are generally safe and reliable'), ('Many injuries', 'caused by fireworks'), ('improper use and carelessness', 'Many injuries caused by fireworks')]","['explicit', 'explicit', 'explicit']","['intrasentential', 'intrasentential', 'intrasentential']",0.33,Incorrect matching,0,incorrect,correct,correct,Qwen2.5-Coder-32B-Instruct,Few Shot,,TRUE,0.5
5497,"From the lower salary probabilities associated with individuals who like spicy food, it is statistically more probable that a person with a lower salary would fall into the category of liking spicy food.",CausalBench_Text_Part.csv,Intrasentencial,implicit,No,,2b,"[('likes spicy food', 'low salary probability increases')]","[('lower salary probabilities associated with individuals who like spicy food', 'a person with a lower salary would fall into the category of liking spicy food')]",['implicit'],['intrasentential'],0,Switch Cause and Effect,0,incorrect,correct,correct,Qwen2.5-Coder-32B-Instruct,Few Shot,,TRUE,0
311,"These free radicals then set up a chain reaction, which results in lipid peroxidation, resulting in membrane injury including injury to the mitochondria.",CauseNet-noncause.csv,Intrasentencial,explicit,No,"['results in', 'resulting']",2a,"[('chain_reaction', 'lipid_peroxidation')]","[('These free radicals then set up a chain reaction', 'lipid peroxidation'), ('lipid peroxidation', 'membrane injury'), ('lipid peroxidation', 'injury to the mitochondria')]","['explicit', 'explicit', 'explicit']","['intrasentential', 'intrasentential', 'intrasentential']",0.33,Hallucination of data,0,incorrect,correct,correct,Qwen2.5-Coder-32B-Instruct,Few Shot,,TRUE,0.5
6161,"The persecution of Christians worldwide has intensified during the Covid-19 pandemic, with many followers being denied aid, authoritarian governments increasing surveillance, and Islamic militants taking advantage of the crisis, according to a report by the Christian advocacy group Open Doors.",causalprobe.csv,Intrasentencial,implicit,No,,2b,"[('the covid-19 pandemic.', 'intensification of the persecution of christians worldwide')]","[('The persecution of Christians worldwide has intensified during the Covid-19 pandemic', 'many followers being denied aid'), ('The persecution of Christians worldwide has intensified during the Covid-19 pandemic', 'authoritarian governments increasing surveillance'), ('The persecution of Christians worldwide has intensified during the Covid-19 pandemic', 'Islamic militants taking advantage of the crisis')]","['implicit', 'implicit', 'implicit']","['intrasentential', 'intrasentential', 'intrasentential']",0,Switch Cause and Effect,0,incorrect,correct,correct,Qwen2.5-Coder-32B-Instruct,Few Shot,,TRUE,0
3741,"Since high skill level (caused by college degree or higher) leads to black hair, having blond hair indicates a lower likelihood of possessing high skills and hence implies the probability of having a high school degree or lower.",CausalBench_Text_Part.csv,intrasentencial,explicit,No,"['Since', 'caused', 'leads to', 'hence']",2a,"[('high skill level', 'black hair')]","[('high skill level (caused by college degree or higher)', 'black hair'), ('having blond hair', 'lower likelihood of possessing high skills'), ('having blond hair', 'probability of having a high school degree or lower')]","['explicit', 'explicit', 'explicit']","['intrasentential', 'intrasentential', 'intrasentential']",0.33,Hallucination of data,0,incorrect,correct,correct,Qwen2.5-Coder-32B-Instruct,Few Shot,,TRUE,0.5
7033,"Similar to scenario 33, A country's initiative to promote telemedicine services was followed by an improvement in rural healthcare access. This period also saw advancements in mobile technology and increased government funding for rural health.",causalnet.csv,Intersentencial,implicit,Yes,,2h,"[('initiative to promote telemedicine services', 'improvement in rural healthcare access.'), ('initiative to promote telemedicine services', 'advancements in mobile technology and increased government funding for rural health.')]","[(""A country's initiative to promote telemedicine services"", 'an improvement in rural healthcare access')]",['implicit'],['intersentential'],0.5,False Negative,0,incorrect,correct,correct,Qwen2.5-Coder-32B-Instruct,Few Shot,,TRUE,0
2375,"Only if an injury causes disability in excess of five (5) days, or likely will result in permanent disability or disfigurement, are disability benefits payable.",CauseNet-cause.csv,Intrasentencial,explicit,Yes,"['cause', 'causes']",2e,"[('injury', 'permanent_disability'), ('injury', 'disfigurement')]","[('an injury causes disability in excess of five (5) days', 'disability benefits payable'), ('an injury likely will result in permanent disability or disfigurement', 'disability benefits payable')]","['explicit', 'explicit']","['intrasentential', 'intrasentential']",0,Incorrect matching,0,incorrect,correct,correct,Qwen2.5-Coder-32B-Instruct,Few Shot,,TRUE,0.5
4357,"This question follows the potential change from a cause (smoking status) possibly affecting an outcome (eye color). As the effect due to an inactive confounder leads to a cessation of the causal link to brown eyes in smoking mothers, a nonsmoking status correlates with the infant potentially having blue eyes.",CausalBench_Text_Part.csv,intrasentencial,explicit,Yes,"['cause', 'due to', 'leads to']",2e,"[('smoking status', 'brown eyes in infant'), ('inactive confounder', 'breaks causal link to brown eyes'), ('nonsmoking status', 'potential for blue eyes in infant')]","[('smoking status', 'affecting an outcome (eye color)'), ('effect due to an inactive confounder', 'cessation of the causal link to brown eyes in smoking mothers'), ('nonsmoking status', 'infant potentially having blue eyes')]","['explicit', 'explicit', 'explicit']","['intrasentential', 'intrasentential', 'intrasentential']",0.67,Incorrect matching,0,incorrect,correct,correct,Qwen2.5-Coder-32B-Instruct,Few Shot,,TRUE,0
990,"Theorist Joe Dispenza explains that this disparity causes new emotions to be encoded with the old memories to, in a sense, neurologically reset emotions associated with past abuse.",coling22-mining-health-related-statements_sentence_test_causenet_evaluations.csv,Intrasentencial,explicit,No,"['cause', 'causes', 'explain', 'explains']",2a,"[('past abuse', 'neurologically reset emotions')]","[('this disparity', 'new emotions to be encoded with the old memories'), ('new emotions to be encoded with the old memories', 'neurologically reset emotions associated with past abuse')]","['explicit', 'explicit']","['intrasentential', 'intrasentential']",0,Incorrect matching,0,incorrect,correct,correct,Qwen2.5-Coder-32B-Instruct,Few Shot,,TRUE,0.5
4972,"In his note, Goldman's Hall said Apple was likely to treat TV+ subscriptions in a similar way, by accounting for it as a discounted bundle of a free service paired with a hardware purchase. Hall said that would result in Apple investors seeing lower average selling prices for iPhones and other Apple devices but faster growth in the company's services segment.",fincausal.csv,intrasentencial,explicit,Yes,['result in'],2e,"[('tv+ subscription bundled with hardware purchase', 'treated as discounted bundle'), ('accounting for tv+ as a bundle', 'lower average selling prices for apple devices'), ('accounting for tv+ as a bundle', ""faster growth in apple's services segment"")]","[(""Goldman's Hall said Apple was likely to treat TV+ subscriptions in a similar way, by accounting for it as a discounted bundle of a free service paired with a hardware purchase"", 'Apple investors seeing lower average selling prices for iPhones and other Apple devices'), (""Goldman's Hall said Apple was likely to treat TV+ subscriptions in a similar way, by accounting for it as a discounted bundle of a free service paired with a hardware purchase"", ""faster growth in the company's services segment"")]","['explicit', 'explicit']","['intrasentential', 'intrasentential']",0.67,False Negative,0,incorrect,correct,correct,Qwen2.5-Coder-32B-Instruct,Few Shot,,TRUE,0
7621,"There are also environmental benefits since people won't have to travel so far to get to work fossil fuel consumption is reduced, and with that, so are auto emissions. Theoretically, both sides benefit in any deal, but sometimes some benefit more than others.",fincausal.csv,Intrasentencial,implicit,Yes,,2f,"[('reduced travel due to remote work', 'reduced fossil fuel consumption'), ('reduced travel due to remote work', 'reduced auto emissions')]","[(""people won't have to travel so far to get to work"", 'fossil fuel consumption is reduced'), ('fossil fuel consumption is reduced', 'auto emissions are reduced')]","['implicit', 'implicit']","['intrasentential', 'intrasentential']",0.5,Switch Cause and Effect,0,incorrect,correct,correct,Qwen2.5-Coder-32B-Instruct,Few Shot,,TRUE,0
8511,Sunlight entered the room. I opened the curtains.,copa,Intersentential,implicit,No,,2d,"[('I opened the curtains', 'Sunlight entered the room')]","[('Sunlight entered the room', 'I opened the curtains')]",['implicit'],['intersentential'],0,Switch Cause and Effect,0,incorrect,correct,incorrect,Qwen2.5-Coder-32B-Instruct,Few Shot,,TRUE,0
1672,"Clinton's Dec. 14, 2009 speech at Georgetown University explained how a wide focus on rights must address ""desperation caused by poverty and disease often leads to violence that further imperils the rights of people and threatens the stability of governments.""",CauseNet-cause.csv,Intrasentencial,explicit,No,"['cause', 'caused', 'leads to', 'explain', 'explained']",2a,"[('poverty', 'desperation')]","[('desperation caused by poverty and disease', 'leads to violence'), ('violence', 'imperils the rights of people'), ('violence', 'threatens the stability of governments')]","['explicit', 'explicit', 'explicit']","['intrasentential', 'intrasentential', 'intrasentential']",0,Hallucination of data,0,incorrect,correct,correct,Qwen2.5-Coder-32B-Instruct,Few Shot,,TRUE,0.5
6395,"With the Thirty Million US Dollar (US$30,000,000) World Bank Social Safety Nets Project, the Office of the Vice President has established leadership and coordination mechanisms to reinforce social protection efforts in the country.",fincausal.csv,Intrasentencial,implicit,No,,2b,"[('thirty million us dollar world bank social safety', 'office of the vice president established leadership and coordination mechanisms')]","[('With the Thirty Million US Dollar (US$30,000,000) World Bank Social Safety Nets Project', 'the Office of the Vice President has established leadership and coordination mechanisms'), ('the Office of the Vice President has established leadership and coordination mechanisms', 'reinforce social protection efforts in the country')]","['implicit', 'implicit']","['intrasentential', 'intrasentential']",0.5,Hallucination of data,0,incorrect,correct,correct,Qwen2.5-Coder-32B-Instruct,Few Shot,,TRUE,0.5
6582,"Since the overall probability of being pexu is 0%, this means that everyone is not pexu, and so the probability of rukz is 36%. Since 36% is less than 50%, it is indeed less likely for rukz to occur than not occur.",CausalBench_Text_Part.csv,Intrasentencial,implicit,Yes,,2f,"[('""the overall probability of being pexu is 0%"",', '""this means that everyone is not pexu, and so the probability of rukz is 36%""] ['), ('""since 36% is less than 50%"",', '""it is indeed less likely for rukz to occur than not occur""]')]","[('the overall probability of being pexu is 0%', 'it is indeed less likely for rukz to occur than not occur'), ('everyone is not pexu', ''), ('36% is less than 50%', '')]","['implicit', 'implicit', 'implicit']","['intrasentential', 'intrasentential', 'intrasentential']",0.5,False Negative,0,incorrect,correct,correct,Qwen2.5-Coder-32B-Instruct,Few Shot,,TRUE,0
4178,"The correlation of -0.01 between liking spicy food and attractiveness signals that changes in food preference (i.e., starting to like spicy food) do not result in measurable changes in attractiveness. Therefore, beginning to like spicy food does not affect appearance.",CausalBench_Text_Part.csv,intersentencial,explicit,No,"['result in', 'Therefore']",2c,"[('liking spicy food', 'attractiveness')]","[('changes in food preference (i.e., starting to like spicy food)', 'do not result in measurable changes in attractiveness'), ('beginning to like spicy food', 'does not affect appearance')]","['explicit', 'explicit']","['intersentential', 'intersentential']",0,False Negative,0,incorrect,correct,correct,Qwen2.5-Coder-32B-Instruct,Few Shot,,TRUE,0
7069,"Expanding upon scenario 28, Following the launch of a new public health campaign, a city noted a decrease in smoking rates. At the same time, there was an increase in fitness center memberships and a new regulation on tobacco advertising.",causalnet.csv,Intersentencial,implicit,Yes,,2h,"[('launch of a public health campaign', 'decrease in smoking rates.'), ('launch of a public health campaign', 'increase in fitness center memberships and a new regulation on tobacco advertising.')]","[('Following the launch of a new public health campaign', 'a city noted a decrease in smoking rates'), ('Following the launch of a new public health campaign', 'there was an increase in fitness center memberships')]","['implicit', 'implicit']","['intersentential', 'intersentential']",0.67,False Negative,0,incorrect,correct,correct,Qwen2.5-Coder-32B-Instruct,Few Shot,,TRUE,0
1984,"""For example , during pregnancy a woman 's RBC mass is normal but because of an increase in blood volume the hemoglobin and hematocrit are diluted and thus decreased .""",medcaus.csv,Intrasentencial,explicit,Yes,"['cause', 'because']",2e,[],"[('increase in blood volume', 'hemoglobin and hematocrit are diluted'), ('hemoglobin and hematocrit are diluted', 'decreased')]","['explicit', 'explicit']","['intrasentential', 'intrasentential']",0,Hallucination of data,0,incorrect,correct,correct,Qwen2.5-Coder-32B-Instruct,Few Shot,,TRUE,0
6133,"Similar to scenario 8, A city's decision to convert public spaces into green areas coincided with a decrease in urban air pollution and a rise in the use of electric vehicles.",causalnet.csv,Intrasentencial,implicit,No,,2b,"[('decision to convert public spaces into green areas', 'decrease in urban air pollution')]","[(""A city's decision to convert public spaces into green areas"", 'a decrease in urban air pollution'), (""A city's decision to convert public spaces into green areas"", 'a rise in the use of electric vehicles')]","['implicit', 'implicit']","['intrasentential', 'intrasentential']",0.5,Hallucination of data,0,incorrect,correct,correct,Qwen2.5-Coder-32B-Instruct,Few Shot,,TRUE,0.5
3727,"What are your thoughts on Denavir vs. About 75,000 women die really of unveiled abortions and debilitating 75,000 of brain and beet damage in exploration, a disorder that can cause high blood pressure and convulsions late in registrar.",CauseNet-cause.csv,Intrasentencial,explicit,Yes,['cause'],2e,"[('disorder', 'high_blood_pressure'), ('disorder', 'convulsions')]","[('unveiled abortions', 'death'), ('unveiled abortions', 'debilitating brain and beet damage'), ('brain and beet damage', 'high blood pressure'), ('brain and beet damage', 'convulsions late in registrar')]","['explicit', 'explicit', 'explicit', 'explicit']","['intrasentential', 'intrasentential', 'intrasentential', 'intrasentential']",0,Hallucination of data,0,incorrect,correct,correct,Qwen2.5-Coder-32B-Instruct,Few Shot,,TRUE,0
6122,"Extending scenario 8, A city's decision to convert public spaces into green areas coincided with a decrease in urban air pollution and a rise in the use of electric vehicles.",causalnet.csv,Intrasentencial,implicit,No,,2b,"[('decision to convert public spaces into green areas', 'decrease in urban air pollution')]","[(""A city's decision to convert public spaces into green areas"", 'a decrease in urban air pollution'), (""A city's decision to convert public spaces into green areas"", 'a rise in the use of electric vehicles')]","['implicit', 'implicit']","['intrasentential', 'intrasentential']",0.5,Hallucination of data,0,incorrect,correct,correct,Qwen2.5-Coder-32B-Instruct,Few Shot,,TRUE,0.5
5920,"The battle was crucial in the long war waged by the Holy Roman Empire to attempt to assert its power over the municipalities of Northern Italy , which decided to put aside their mutual rivalries by allying themselves in a military union symbolically led by Pope Alexander III , the Lombard League .",ECI-B_MAVEN-ERE_EN.csv,Intrasentencial,implicit,Yes,,2f,"[(""the holy roman empire's attempt to assert its power over northern italian municipalities"", 'the holy roman empire raged a long war'), ('the battle was crucial', 'the municipalities allied in the lombard league')]","[('The battle was crucial in the long war waged by the Holy Roman Empire to attempt to assert its power over the municipalities of Northern Italy', 'which decided to put aside their mutual rivalries'), ('The battle was crucial in the long war waged by the Holy Roman Empire to attempt to assert its power over the municipalities of Northern Italy', 'by allying themselves in a military union'), ('The battle was crucial in the long war waged by the Holy Roman Empire to attempt to assert its power over the municipalities of Northern Italy', 'symbolically led by Pope Alexander III')]","['implicit', 'implicit', 'implicit']","['intrasentential', 'intrasentential', 'intrasentential']",0.5,False Negative,0,incorrect,correct,correct,Qwen2.5-Coder-32B-Instruct,Few Shot,,TRUE,0
5623,"Columbia Savings amp Loan Association , reeling from thrift-accounting changes mandated by Congress and the recent collapse of the junk-bond market , announced a loss for the third quarter of $ 226.3 million , or $ 11.57 a share .",ECI-B_CTB_EN.csv,Intrasentencial,implicit,Yes,,2f,"[('thrift-accounting changes mandated by congress', 'announced a loss for the third quarter of $226.3 million'), ('recent collapse of the junk-bond market', 'announced a loss for the third quarter of $226.3 million')]","[('thrift-accounting changes mandated by Congress', 'announced a loss for the third quarter of $ 226.3 million , or $ 11.57 a share'), ('recent collapse of the junk-bond market', ''), ('reeling', '')]","['implicit', 'implicit', 'implicit']","['intrasentential', 'intrasentential', 'intrasentential']",0.5,False Negative,0,incorrect,correct,correct,Qwen2.5-Coder-32B-Instruct,Few Shot,,TRUE,0.5
2150,"Pain that lasts longer than three months is usually labeled as chronic pain and can be caused by injury, aging or an array of ailments.",CauseNet-cause.csv,Intrasentencial,explicit,Yes,"['cause', 'caused']",2e,"[('injury', 'pain'), ('aging', 'pain')]","[('lasting longer than three months', 'usually labeled as chronic pain'), ('injury', 'can be caused'), ('aging', 'can be caused'), ('array of ailments', 'can be caused')]","['explicit', 'explicit', 'explicit', 'explicit']","['intrasentential', 'intrasentential', 'intrasentential', 'intrasentential']",0,Hallucination of data,0,incorrect,correct,correct,Qwen2.5-Coder-32B-Instruct,Few Shot,,TRUE,0.5
5517,"With an intervention reducing maternal smoking rate, which currently shows a higher probability of normal birth weight, reducing this factor should statistically lower the probability of achieving normal infant birth weight overall, given the lesser probability associated with nonsmoking mothers.",CausalBench_Text_Part.csv,Intrasentencial,implicit,No,,2b,"[('intervention reduces maternal smoking rate', 'normal infant birth weight probability decreases')]","[('intervention reducing maternal smoking rate', 'higher probability of normal birth weight'), ('reducing this factor', 'statistically lower the probability of achieving normal infant birth weight overall'), ('nonsmoking mothers', 'lesser probability associated')]","['implicit', 'implicit', 'implicit']","['intrasentential', 'intrasentential', 'intrasentential']",0,False Negative,0,incorrect,correct,correct,Qwen2.5-Coder-32B-Instruct,Few Shot,,TRUE,0
4446,"The source said the younger Bush "" sketched out for Sununu "" problems the president is encountering because of the chief of staff 's tenure .",ECI-B_CTB_EN.csv,intrasentencial,explicit,Yes,['because'],2e,"[('chief of staff‚Äö√Ñ√¥s tenure', 'problems encountered by the president'), ('problems due to chief of staff‚Äö√Ñ√¥s tenure', 'younger bush discusses them with sununu')]","[(""chief of staff 's tenure"", 'problems the president is encountering')]",['explicit'],['intrasentential'],0.5,False Negative,0,incorrect,correct,correct,Qwen2.5-Coder-32B-Instruct,Few Shot,,TRUE,0
7492,"As we shall see, the answer is ""yes"" (cf. Proposition 62), a corollary * *being that infinite loop machines associated with distinct E1 operads O and P attach the * *""same"" spectra to a -separated proper special -space.",coling22-mining-health-related-statements_sentence_test_causenet_evaluations.csv,Intrasentencial,implicit,No,,2b,"[('""infinite loop machines associated with distinct e1 operads o and p"",', '""attach the \'same\' spectra to a -separated proper special -space""]')]","[('the answer is ""yes""', 'infinite loop machines associated with distinct E1 operads O and P attach the ""same"" spectra to a -separated proper special -space')]",['implicit'],['intrasentential'],0,Incorrect matching,0,incorrect,correct,correct,Qwen2.5-Coder-32B-Instruct,Few Shot,,TRUE,0.5
3321,"This allowed for the development of a map spotlighting three cities (Knoxville, Tenn., Springfield, Mo. and Wichita, Kan.) that have the highest risk of damage caused by thunderstorms and tornadoes as well as two locations (New York City and Chicago) where power outages due to thunderstorms and tornadoes put large populations at risk.",CauseNet-cause.csv,Intrasentencial,explicit,Yes,"['cause', 'caused', 'due to']",2e,"[('tornadoes', 'damage'), ('thunderstorms', 'damage')]","[('This allowed for the development of a map', 'spotlighting three cities (Knoxville, Tenn., Springfield, Mo. and Wichita, Kan.)'), ('This allowed for the development of a map', 'having the highest risk of damage caused by thunderstorms and tornadoes'), ('power outages due to thunderstorms and tornadoes', 'put large populations at risk')]","['explicit', 'explicit', 'explicit']","['intrasentential', 'intrasentential', 'intrasentential']",0,Hallucination of data,0,incorrect,correct,correct,Qwen2.5-Coder-32B-Instruct,Few Shot,,TRUE,0.5
2653,"HPV infection is highly associated with cervical cancer, yet there remains debate as to whether the virus actually causes cancer.",CauseNet-cause.csv,Intrasentencial,explicit,Yes,"['cause', 'causes']",2e,"[('virus', 'cancer'), ('hpv_infection', 'cervical_cancer')]","[('HPV infection', 'highly associated with cervical cancer'), ('HPV infection', 'there remains debate as to whether the virus actually causes cancer')]","['explicit', 'explicit']","['intrasentential', 'intrasentential']",0.5,Hallucination of data,0,incorrect,correct,correct,Qwen2.5-Coder-32B-Instruct,Few Shot,,TRUE,0.5
5374,"Given that the probability for students being hard-working is 57%, regardless of whether they listen to jazz or not, the likelihood of being hard-working exceeds 50%, making it more likely compared to being lazy overall (which would be 43% for both groups).",CausalBench_Text_Part.csv,Intrasentencial,implicit,No,,2b,"[('student status', 'more likely hard-working rather than lazy')]","[('the probability for students being hard-working is 57%', 'the likelihood of being hard-working exceeds 50%'), ('the probability for students being hard-working is 57%', 'making it more likely compared to being lazy')]","['implicit', 'implicit']","['intrasentential', 'intrasentential']",0,Rewriting instead of proper CE,0,incorrect,correct,correct,Qwen2.5-Coder-32B-Instruct,Few Shot,,TRUE,0
2861,Let us get it straight first; gingivitis is associated with the inflammation of the gums caused by some bacteria that feed on food debris in the teeth.,CauseNet-cause.csv,Intrasentencial,explicit,Yes,"['cause', 'caused']",2e,"[('bacteria', 'inflammation_of_the_gums'), ('gingivitis', 'inflammation_of_the_gums')]","[('some bacteria that feed on food debris in the teeth', 'the inflammation of the gums')]",['explicit'],['intrasentential'],0.5,False Negative,0,incorrect,correct,correct,Qwen2.5-Coder-32B-Instruct,Few Shot,,TRUE,0
112,"Meth causes significant, permanent brain damage, and is one of the most damaging drugs to the brain.",CauseNet-cause.csv,Intrasentencial,explicit,No,"['cause', 'causes']",2a,"[('meth', 'permanent_brain_damage')]","[('Meth', 'significant, permanent brain damage'), ('Meth', 'one of the most damaging drugs to the brain')]","['explicit', 'explicit']","['intrasentential', 'intrasentential']",0.5,Hallucination of data,0,incorrect,correct,correct,Qwen2.5-Coder-32B-Instruct,Few Shot,,TRUE,0.5
3844,"Trees and branches that collapsed caused considerable damage , particularly to power lines , with estimates of storm costs ranging between $ 1 billion and $ 3 billion .",ECI-B_MAVEN-ERE_EN.csv,intrasentencial,explicit,No,['caused'],2a,"[('trees and branches collapsed', 'considerable damage, particularly to power lines, with storm costs estimated between $1 billion and $3 billion')]","[('Trees and branches that collapsed', 'considerable damage'), ('Trees and branches that collapsed', 'damage to power lines')]","['explicit', 'explicit']","['intrasentential', 'intrasentential']",0.67,False Negative,0,incorrect,correct,correct,Qwen2.5-Coder-32B-Instruct,Few Shot,,TRUE,0
1024,If we now put the rollers on the outside of the Ring the action will now cause the ether to be flung outwards away from the centre additional rings at the right distance (see a planetary Map to work out the sizes / ratios) will intensify the effect.,coling22-mining-health-related-statements_sentence_test_causenet_evaluations.csv,Intrasentencial,explicit,No,"['cause', 'effect']",2a,"[('rollers on the outside of the ring the action', 'ether to be flung outwards away from the centre additional rings at the right distance')]","[('we now put the rollers on the outside of the Ring', 'the action will now cause the ether to be flung outwards away from the centre'), ('additional rings at the right distance', 'intensify the effect')]","['explicit', 'explicit']","['intrasentential', 'intrasentential']",0.5,False Negative,0,incorrect,correct,correct,Qwen2.5-Coder-32B-Instruct,Few Shot,,TRUE,0.5
1205,"""Midline positions are often used because they do not amplify the signal in one hemisphere vs. the other , such as Cz , Oz , Pz etc as online reference .""",medcaus.csv,Intrasentencial,explicit,No,"['cause', 'because']",2a,"[('because they do not amplify the signal in one hemisphere vs. the , such as , , Pz etc as online', '`` Midline positions are often')]","[('Midline positions are often used', 'they do not amplify the signal in one hemisphere vs. the other')]",['explicit'],['intrasentential'],0,Switch Cause and Effect,0,incorrect,correct,correct,Qwen2.5-Coder-32B-Instruct,Few Shot,,TRUE,0
2026,Bacteria that cause pus are called pyogenic .,medcaus.csv,Intrasentencial,explicit,Yes,['cause'],2e,[],"[('Bacteria that cause pus', 'called pyogenic')]",['explicit'],['intrasentential'],0,Hallucination of data,0,incorrect,correct,correct,Qwen2.5-Coder-32B-Instruct,Few Shot,,TRUE,0
4122,"Westpac has yet to determine the size of its final dividend for 2018-19, but Credit Suisse has forecast both a lower payout and a capital raising of at least $1.5bn when Westpac releases its full-year results in early November.",fincausal.csv,intrasentencial,explicit,No,['results in'],2a,"[('credit suisse forecasted lower payout', 'uncertainty about westpac‚Äö√Ñ√¥s final dividend for 2018‚Äö√Ñ√¨19')]","[('Credit Suisse has forecast a lower payout', 'Westpac has yet to determine the size of its final dividend for 2018-19'), ('Credit Suisse has forecast a capital raising of at least $1.5bn', 'Westpac has yet to determine the size of its final dividend for 2018-19')]","['explicit', 'explicit']","['intrasentential', 'intrasentential']",0.5,Hallucination of data,0,incorrect,correct,correct,Qwen2.5-Coder-32B-Instruct,Few Shot,,TRUE,0
2667,"In cases where the disease is caused by a medication or another disease (such as a tumor), stopping the medication or controlling the other disease will usually improve your condition.",CauseNet-cause.csv,Intrasentencial,explicit,Yes,"['cause', 'caused']",2e,"[('disease', 'disease'), ('medication', 'disease')]","[('the disease is caused by a medication', 'stopping the medication will usually improve your condition'), ('the disease is caused by another disease (such as a tumor)', 'controlling the other disease will usually improve your condition')]","['explicit', 'explicit']","['intrasentential', 'intrasentential']",0,Switch Cause and Effect,0,incorrect,correct,correct,Qwen2.5-Coder-32B-Instruct,Few Shot,,TRUE,0
2068,This causes different tissues to develop in different ways .,medcaus.csv,Intrasentencial,explicit,Yes,"['cause', 'causes']",2e,[],"[('This', 'different tissues to develop in different ways')]",['explicit'],['intrasentential'],0,Hallucination of data,0,incorrect,correct,correct,Qwen2.5-Coder-32B-Instruct,Few Shot,,TRUE,0
1846,"As of Oct. 1, all newborns, with or without the mother's consent, must be tested for the presence of HIV, the virus that causes AIDS, within 24 hours of birth, making Connecticut and New York the only states to require such a screening.",CauseNet-cause.csv,Intrasentencial,explicit,No,"['cause', 'causes']",2a,"[('virus', 'aids')]","[(""As of Oct. 1, all newborns, with or without the mother's consent, must be tested for the presence of HIV"", 'Connecticut and New York the only states to require such a screening')]",['explicit'],['intrasentential'],0,Hallucination of data,0,incorrect,correct,correct,Qwen2.5-Coder-32B-Instruct,Few Shot,,TRUE,0
1239,"First, the new studies will carry out significant steps needed to confirm the phenomenon originally described by Dr. Paolo Zamboni who reported abnormalities in the veins draining the brain and spinal cord in people with MS and resolve the questions raised by him and others as to whether CCSVI is a cause of MS or related to MS in some other manner.",CauseNet-cause.csv,Intrasentencial,explicit,No,['cause'],2a,"[('ccsvi', 'ms')]","[('the new studies', 'carry out significant steps'), ('the new studies', 'confirm the phenomenon originally described by Dr. Paolo Zamboni'), ('the new studies', 'resolve the questions raised by him and others'), ('the new studies', 'determine whether CCSVI is a cause of MS or related to MS in some other manner')]","['explicit', 'explicit', 'explicit', 'explicit']","['intrasentential', 'intrasentential', 'intrasentential', 'intrasentential']",0,Hallucination of data,0,incorrect,correct,correct,Qwen2.5-Coder-32B-Instruct,Few Shot,,TRUE,0.5
5169,Uncle Jack did this because of his own financial problems and not to benefit Peter. He wanted to delay closing the estate to continue to receive trustee fees and to invest trust assets into his failing business.,fincausal.csv,intrasentencial,explicit,Yes,['because'],2e,"[('uncle jack‚Äö√Ñ√¥s financial problems', 'delayed closing the estate'), ('desire to receive trustee fees', 'delayed closing the estate'), ('investing trust assets into failing business', 'delayed closing the estate')]","[('his own financial problems', 'Uncle Jack did this'), ('Uncle Jack wanted to delay closing the estate', 'continue to receive trustee fees'), ('Uncle Jack wanted to delay closing the estate', 'invest trust assets into his failing business')]","['explicit', 'explicit', 'explicit']","['intrasentential', 'intrasentential', 'intrasentential']",0,Switch Cause and Effect,0,incorrect,correct,correct,Qwen2.5-Coder-32B-Instruct,Few Shot,,TRUE,0
7235,"Similar to scenario 94, Following a nation's investment in high-speed internet infrastructure, there was a boost in e-commerce and remote working. During the same period, there was a trend towards digital transformation in businesses and advancements in cybersecurity.",causalnet.csv,Intersentencial,implicit,Yes,,2h,"[(""nation's investment in high-speed internet infrastructure"", 'boost in e-commerce and remote working.'), (""nation's investment in high-speed internet infrastructure"", 'a trend towards digital transformation in businesses and advancements in cybersecurity.')]","[(""Following a nation's investment in high-speed internet infrastructure"", 'there was a boost in e-commerce'), (""Following a nation's investment in high-speed internet infrastructure"", 'remote working'), ('During the same period', 'there was a trend towards digital transformation in businesses'), ('During the same period', 'advancements in cybersecurity')]","['implicit', 'implicit', 'implicit', 'implicit']","['intersentential', 'intersentential', 'intersentential', 'intersentential']",0.5,Incorrect matching,0,incorrect,correct,correct,Qwen2.5-Coder-32B-Instruct,Few Shot,,TRUE,0.5
1955,"In response to devastation caused by the earthquake in Japan, The Travelers Companies, Inc. is immediately sending $50,000 to assist relief efforts.",CauseNet-cause.csv,Intrasentencial,explicit,No,"['cause', 'caused']",2a,"[('earthquake_in_japan', 'devastation')]","[('devastation caused by the earthquake in Japan', 'The Travelers Companies, Inc. is immediately sending $50,000 to assist relief efforts')]",['explicit'],['intrasentential'],0,Hallucination of data,0,incorrect,correct,correct,Qwen2.5-Coder-32B-Instruct,Few Shot,,TRUE,0.5
4439,"This alternative focuses generally on the impact of liking spicy food on the forest without considering any methodological interventions, analyzing the cause (liking spicy food) on the effect (forest condition) generally.",CausalBench_Text_Part.csv,intrasentencial,explicit,Yes,['cause'],2e,"[('liking spicy food', 'impact on forest condition'), ('no methodological intervention', 'general analysis of'), ('general analysis of spicy food preference', 'evaluates influence on forest without intervention')]","[('liking spicy food', 'impact on the forest')]",['explicit'],['intrasentential'],0.33,False Negative,0,incorrect,correct,correct,Qwen2.5-Coder-32B-Instruct,Few Shot,,TRUE,0
993,"This assists the victim to cough up phlegm, which causes stuffy nose and lungs and associated headaches.",coling22-mining-health-related-statements_sentence_test_causenet_evaluations.csv,Intrasentencial,explicit,No,"['cause', 'causes']",2a,"[('cough up phlegm', 'lungs')]","[('This assists the victim to cough up phlegm', 'causes stuffy nose'), ('This assists the victim to cough up phlegm', 'causes stuffy lungs'), ('This assists the victim to cough up phlegm', 'associated headaches')]","['explicit', 'explicit', 'explicit']","['intrasentential', 'intrasentential', 'intrasentential']",0.33,Hallucination of data,0,incorrect,correct,correct,Qwen2.5-Coder-32B-Instruct,Few Shot,,TRUE,0.5
1343,Bacteria is the no. 1 cause of gum and tooth infections although there are so much more causes.,CauseNet-cause.csv,Intrasentencial,explicit,No,"['cause', 'causes']",2a,"[('bacteria', 'gum')]","[('Bacteria', 'gum and tooth infections')]",['explicit'],['intrasentential'],0.5,Hallucination of data,0,incorrect,correct,correct,Qwen2.5-Coder-32B-Instruct,Few Shot,,TRUE,0.5
5606,"A spokesman said herbicide use in some areas of the U.S. was delayed earlier in the year by heavy rains , thus increasing sales in the third quarter .",ECI-B_CTB_EN.csv,Intrasentencial,implicit,No,,2b,"[('herbicide use in some areas of the u.s. was delayed earlier in the year by heavy rains', 'increasing sales in the third quarter')]","[('heavy rains', 'herbicide use in some areas of the U.S. was delayed earlier in the year'), ('herbicide use in some areas of the U.S. was delayed earlier in the year', 'increasing sales in the third quarter')]","['implicit', 'implicit']","['intrasentential', 'intrasentential']",0.5,Hallucination of data,0,incorrect,correct,correct,Qwen2.5-Coder-32B-Instruct,Few Shot,,TRUE,0.5
5148,"Currently, I'm paying about 460 euros every month towards my mortgage. This is because the loan is a simple annuity, this is what I'm paying towards the balance automatically.",fincausal.csv,intrasentencial,explicit,Yes,['because'],2e,"[('loan is a simple annuity', 'automatic monthly payment toward balance'), ('mortgage agreement terms', 'monthly payment of about 460 euros')]","[('the loan is a simple annuity', ""I'm paying towards the balance automatically"")]",['explicit'],['intrasentential'],0.5,False Negative,0,incorrect,correct,correct,Qwen2.5-Coder-32B-Instruct,Few Shot,,TRUE,0
4323,"The statement in the question considers whether the outcome (black hair) is less likely following a specific cause (college degree or higher). Despite the change in education level, the presence of black hair is not necessarily smaller as it depends on the skill level influenced by education.",CausalBench_Text_Part.csv,intrasentencial,explicit,Yes,['cause'],2e,"[('college degree or higher', 'change in skill level'), ('change in skill level', 'black hair'), ('college degree or higher', 'does not necessarily reduce likelihood of black hair')]","[('college degree or higher', 'outcome (black hair) is less likely'), ('change in education level', 'presence of black hair is not necessarily smaller'), ('education', 'skill level'), ('skill level', 'presence of black hair')]","['explicit', 'explicit', 'explicit', 'explicit']","['intrasentential', 'intrasentential', 'intrasentential', 'intrasentential']",0.67,False Negative,0,incorrect,correct,correct,Qwen2.5-Coder-32B-Instruct,Few Shot,,TRUE,0
8842,"Some individuals in the cohorts performed all their moderate-to-vigorous physical activity within one or two days per week. When this concentrated activity reached 150 minutes or more per week, the risk of all-cause, cardiovascular, and cancer mortality was reduced. These findings led researchers to conclude that both concentrated and distributed activity patterns provide similar health benefits.",PubMed,Intersentential,explicit,Yes,"""When"", ""led""",2g,"[('concentrated activity reached 150 minutes or more per week', 'risk of all-cause, cardiovascular, and cancer mortality was reduced'), ('findings', 'researchers to conclude that both concentrated and distributed activity patterns provide similar health benefits')]","[('Some individuals in the cohorts performed all their moderate-to-vigorous physical activity within one or two days per week', 'the risk of all-cause, cardiovascular, and cancer mortality was reduced'), ('concentrated activity', 'provide similar health benefits'), ('distributed activity patterns', 'provide similar health benefits')]","['explicit', 'explicit', 'explicit']","['intersentential', 'intersentential', 'intersentential']",0.5,Incorrect matching,0,incorrect,correct,incorrect,Qwen2.5-Coder-32B-Instruct,Few Shot,,TRUE,0
1329,Neilman Brewing Co. vs. The question at issue in cases of infringement of trademarks is whether the use of the marks involved would be likely to cause confusion or mistakes in the mind of the public or deceive purchasers.,CauseNet-cause.csv,Intrasentencial,explicit,No,['cause'],2a,"[('use_of_the_marks', 'confusion')]","[('the use of the marks involved', 'would be likely to cause confusion'), ('the use of the marks involved', 'mistakes in the mind of the public'), ('the use of the marks involved', 'deceive purchasers')]","['explicit', 'explicit', 'explicit']","['intrasentential', 'intrasentential', 'intrasentential']",0.33,Hallucination of data,0,incorrect,correct,correct,Qwen2.5-Coder-32B-Instruct,Few Shot,,TRUE,0.5
8132,The community learned of the man's death. His obituary appeared in the newspaper.,copa,Intersentential,implicit,No,,2d,"[('His obituary appeared in the newspaper', ""The community learned of the man's death"")]","[(""The community learned of the man's death"", 'His obituary appeared in the newspaper')]",['implicit'],['intersentential'],0,Switch Cause and Effect,0,incorrect,correct,incorrect,Qwen2.5-Coder-32B-Instruct,Few Shot,,TRUE,0
1318,"The primary cause of death was cardiovascular disease, which showed an almost two-fold increase (60 deaths vs. 31) over the general population.",CauseNet-cause.csv,Intrasentencial,explicit,No,['cause'],2a,"[('cardiovascular_disease', 'death')]","[('cardiovascular disease', 'primary cause of death'), ('cardiovascular disease', 'showed an almost two-fold increase (60 deaths vs. 31) over the general population')]","['explicit', 'explicit']","['intrasentential', 'intrasentential']",0.5,Hallucination of data,0,incorrect,correct,correct,Qwen2.5-Coder-32B-Instruct,Few Shot,,TRUE,0.5
6142,"Following the implementation of a new recycling program, a city noted a rise in community participation in environmental initiatives, but surprisingly, an increase in waste production was also observed.",causalnet.csv,Intrasentencial,implicit,Yes,,2f,"[('implementation of a new recycling program', 'increase in waste production'), ('rise in community participation in environmental initiatives', 'increase in waste production')]","[('Following the implementation of a new recycling program', 'a city noted a rise in community participation in environmental initiatives'), ('Following the implementation of a new recycling program', 'an increase in waste production was also observed')]","['implicit', 'implicit']","['intrasentential', 'intrasentential']",0.5,Switch Cause and Effect,0,incorrect,correct,correct,Qwen2.5-Coder-32B-Instruct,Few Shot,,TRUE,0.5
3577,"However, they concluded that high cognitive demand could cause beneficial cerebral recruitment failure, leading to cognitive impairment in patients with MS. Disability levels for patients with secondary progressive multiple sclerosis (SPMS) often worsens despite a stable MRI.",CauseNet-cause.csv,Intrasentencial,explicit,No,"['cause', 'leading to']",2a,"[('high_cognitive_demand', 'beneficial_cerebral_recruitment_failure')]","[('high cognitive demand', 'beneficial cerebral recruitment failure'), ('beneficial cerebral recruitment failure', 'cognitive impairment in patients with MS'), ('Disability levels for patients with secondary progressive multiple sclerosis (SPMS) often worsens', 'despite a stable MRI')]","['explicit', 'explicit', 'explicit']","['intrasentential', 'intrasentential', 'intrasentential']",0.33,Hallucination of data,0,incorrect,correct,correct,Qwen2.5-Coder-32B-Instruct,Few Shot,,TRUE,1
4371,"Because both tanning salon treatment and going to the beach can cause tanned skin, observed tanned skin could potentially be due to tanning salon treatment, especially if beach attendance is unconfirmed.",CausalBench_Text_Part.csv,intrasentencial,explicit,Yes,"['Because', 'cause', 'due to']",2e,"[('tanning salon treatment', 'tanned skin'), ('going to the beach', 'tanned skin')]","[('both tanning salon treatment and going to the beach', 'tanned skin'), ('observed tanned skin', 'could potentially be due to tanning salon treatment'), ('beach attendance is unconfirmed', 'observed tanned skin could potentially be due to tanning salon treatment')]","['explicit', 'explicit', 'explicit']","['intrasentential', 'intrasentential', 'intrasentential']",0.33,Switch Cause and Effect,0,incorrect,correct,correct,Qwen2.5-Coder-32B-Instruct,Few Shot,,TRUE,0.5
4391,"Despite the final question disputing the impact of card games on lifespan, statistically, due to the extremely high prevalence of playing card games, it's more likely that someone with a long lifespan played card games simply because almost everyone does.",CausalBench_Text_Part.csv,intrasentencial,explicit,Yes,"['due to', 'because']",2e,"[('high prevalence of playing card games', 'long lifespan'), ('long lifespan observed', 'more likely person played card games'), ('dispute of card game‚Äö√Ñ√¥s impact on lifespan', 'does not override statistical likelihood')]","[('the extremely high prevalence of playing card games', 'someone with a long lifespan played card games')]",['explicit'],['intrasentential'],0,Incorrect matching,0,incorrect,correct,correct,Qwen2.5-Coder-32B-Instruct,Few Shot,,TRUE,0
666,It is similar to the earlier study regarding estimated theoretical infant mortality caused by DDT and subject to the criticism also mentioned earlier .,medcaus.csv,Intrasentencial,explicit,No,"['cause', 'caused']",2a,"[('DDT', 'estimated theoretical infant mortality')]","[('estimated theoretical infant mortality caused by DDT', 'similar to the earlier study'), ('estimated theoretical infant mortality caused by DDT', 'subject to the criticism')]","['explicit', 'explicit']","['intrasentential', 'intrasentential']",0,Switch Cause and Effect,0,incorrect,correct,correct,Qwen2.5-Coder-32B-Instruct,Few Shot,,TRUE,0.5
8810,"Several firefighters in the study were found to have personal, occupational, or cardiovascular risk factors. Because of these risk factors, blood pressure was often elevated in this group. Over time, this elevation resulted in more firefighters being diagnosed with hypertension. As hypertension became more common, new prevention and intervention strategies were needed.",PubMed,Intersentential,explicit,Yes,"""Because of"", ""resulted in"", ""As ... became""",2g,"[('personal, occupational, or cardiovascular risk factors', 'blood pressure was often elevated in this group'), ('this elevation', 'more firefighters being diagnosed with hypertension'), ('hypertension became more common', 'new prevention and intervention strategies were needed')]","[('risk factors', 'new prevention and intervention strategies were needed'), ('elevation', ''), ('hypertension became more common', '')]","['explicit', 'explicit', 'explicit']","['intersentential', 'intersentential', 'intersentential']",0,False Negative,0,incorrect,correct,incorrect,Qwen2.5-Coder-32B-Instruct,Few Shot,,TRUE,0
2912,$13.00 See Price In Cart Qty Dust Mix Antigens - 1 OZ Dust Mix Antigens - 1 OZRead More Qty Price:Your Price:$13.00 See Price In Cart Reduces antigen sensitivity to relieve allergies caused by mold and dust.,CauseNet-cause.csv,Intrasentencial,explicit,Yes,"['cause', 'caused']",2e,"[('mold', 'allergies'), ('dust', 'allergies')]","[('Reduces antigen sensitivity', 'relieve allergies'), ('allergies', 'caused by mold and dust')]","['explicit', 'explicit']","['intrasentential', 'intrasentential']",0,Switch Cause and Effect,0,incorrect,correct,correct,Qwen2.5-Coder-32B-Instruct,Few Shot,,TRUE,0.5
5769,"He initially was imprisoned on February 1979 on three 10 - year sentences for rape of a child , aggravated rape of a child , and burglary of a building with the intent to commit theft .",ECI-B_ESC_EN.csv,Intrasentencial,implicit,Yes,,2f,"[('rape of a child', 'three 10-year sentences'), ('aggravated rape of a child', 'three 10-year sentences'), ('burglary of a building with the intent to commit theft', 'three 10-year sentences')]","[('rape of a child', 'He initially was imprisoned'), ('aggravated rape of a child', 'He initially was imprisoned'), ('burglary of a building with the intent to commit theft', 'He initially was imprisoned')]","['implicit', 'implicit', 'implicit']","['intrasentential', 'intrasentential', 'intrasentential']",0,Incorrect matching,0,incorrect,correct,correct,Qwen2.5-Coder-32B-Instruct,Few Shot,,TRUE,0
5941,Eventually the barracks fell when the `` Guardias de Asalto '' brought up a 75 mm field gun to bombard the complex and its gate was opened by a sapper sergeant sympathetic to the Republican side .,ECI-B_MAVEN-ERE_EN.csv,Intrasentencial,implicit,Yes,,2f,"[('guardias de asalto brought up a 75 mm field-gun to bombard the complex', 'the barracks fell'), ('a sapper sergeant sympathetic to the republicans opened the gate', 'the barracks fell'), ('a sapper sergeant was sympathetic to the republican side', 'the sergeant opened the gate')]","[(""the 'Guardias de Asalto' brought up a 75 mm field gun to bombard the complex"", 'the barracks fell'), ('the gate was opened by a sapper sergeant sympathetic to the Republican side', 'the barracks fell')]","['implicit', 'implicit']","['intrasentential', 'intrasentential']",0.67,—,0,incorrect,correct,correct,Qwen2.5-Coder-32B-Instruct,Few Shot,,TRUE,0.5
7739,I hung up the phone. The caller said goodbye to me.,copa,Intersentential,implicit,No,,2d,"[('The caller said goodbye to me', 'I hung up the phone')]","[('I hung up the phone', 'The caller said goodbye to me')]",['implicit'],['intersentential'],0,Switch Cause and Effect,0,incorrect,correct,incorrect,Qwen2.5-Coder-32B-Instruct,Few Shot,,TRUE,0
5740,A Philadelphia judge today found a former Kraft Foods company employee guilty of murder in a workplace rampage exactly two years ago in Northeast Philadelphia that left two women dead and a third employee wounded .,ECI-B_ESC_EN.csv,Intrasentencial,implicit,No,,2b,"[('workplace rampage', 'found...guilty of murder')]","[('A Philadelphia judge today found a former Kraft Foods company employee guilty of murder', 'left two women dead'), ('A Philadelphia judge today found a former Kraft Foods company employee guilty of murder', 'a third employee wounded')]","['implicit', 'implicit']","['intrasentential', 'intrasentential']",0,Switch Cause and Effect,0,incorrect,correct,correct,Qwen2.5-Coder-32B-Instruct,Few Shot,,TRUE,0
1828,"Corticosteroid treatment of severe, non-responsive Clostridium difficile induced colitis; Cavagnaro C et al. ; Clostridium difficile can cause inflammatory diarrhoea and colitis by disrupting normal colonic flora .",CauseNet-cause.csv,Intrasentencial,explicit,No,"['cause', 'induce', 'induced']",2a,"[('clostridium_difficile', 'colitis')]","[('Corticosteroid treatment of severe, non-responsive Clostridium difficile induced colitis', 'not specified'), ('Clostridium difficile', 'inflammatory diarrhoea'), ('Clostridium difficile', 'colitis'), ('Clostridium difficile', 'disrupting normal colonic flora')]","['explicit', 'explicit', 'explicit', 'explicit']","['intrasentential', 'intrasentential', 'intrasentential', 'intrasentential']",0.25,Hallucination of data,0,incorrect,correct,correct,Qwen2.5-Coder-32B-Instruct,Few Shot,,TRUE,1
7555,Perhaps one of the oldest vessels will be retired in the coming years and used to support the rest of the vessels. MINEHUNTERS Hunt class minehunter.,fincausal.csv,Intrasentencial,implicit,No,,2b,"[('""one of the oldest vessels will be retired in the coming years"",', '""and used to support the rest of the vessels""]')]","[('Perhaps one of the oldest vessels will be retired in the coming years', 'used to support the rest of the vessels'), ('Hunt class minehunters have been retired', 'used for parts')]","['implicit', 'implicit']","['intrasentential', 'intrasentential']",0.5,Hallucination of data,0,incorrect,correct,correct,Qwen2.5-Coder-32B-Instruct,Few Shot,,TRUE,0.5
4185,"Given that the forest being on fire is more probable (31%) when the camper does not light a match compared to when he does (21%), it follows logically that if the forest is on fire, it is less likely to have been caused by the camper lighting a match.",CausalBench_Text_Part.csv,intrasentencial,explicit,Yes,['caused'],2e,"[('camper lights a match', 'forest fire'), ('camper does not light match', 'forest fire'), ('forest fire', 'less likely to have been')]","[('the forest being on fire', 'it is less likely to have been caused by the camper lighting a match')]",['explicit'],['intrasentential'],0.33,—,0,incorrect,correct,correct,Qwen2.5-Coder-32B-Instruct,Few Shot,,TRUE,0
8624,The woman's car was in the shop. She got in a car accident.,copa,Intersentential,implicit,No,,2d,"[('She got in a car accident', ""The woman's car was in the shop"")]","[(""The woman's car was in the shop"", 'She got in a car accident')]",['implicit'],['intersentential'],0,Switch Cause and Effect,0,incorrect,correct,incorrect,Qwen2.5-Coder-32B-Instruct,Few Shot,,TRUE,0
5586,"Intranets , through the use of Internet technology , are positioned as a platform for companies to optimise , expand and transform new channels of business .",ECI-B_CTB_EN.csv,Intrasentencial,implicit,No,,2b,"[('the use of internet technology', 'optimise, expand and transform new channels of business')]","[('through the use of Internet technology', 'are positioned as a platform for companies to optimise'), ('through the use of Internet technology', 'expand'), ('through the use of Internet technology', 'transform new channels of business')]","['implicit', 'implicit', 'implicit']","['intrasentential', 'intrasentential', 'intrasentential']",0.67,False Negative,0,incorrect,correct,correct,Qwen2.5-Coder-32B-Instruct,Few Shot,,TRUE,0.5
2023,A common but untrue belief is that the smoking of cocaine chemically breaks down tooth enamel and causes tooth decay .,medcaus.csv,Intrasentencial,explicit,Yes,"['cause', 'causes']",2e,[],"[('the smoking of cocaine', 'chemically breaks down tooth enamel'), ('the smoking of cocaine', 'tooth decay')]","['explicit', 'explicit']","['intrasentential', 'intrasentential']",0,Hallucination of data,0,incorrect,correct,correct,Qwen2.5-Coder-32B-Instruct,Few Shot,,TRUE,0
1578,"But when Detective Inspector C.D. Sloan of the Berebury C.I.D. arrives on the scene, he discovers that a bullet was the actual cause of death and that the young woman was several months pregnant at the time.",CauseNet-cause.csv,Intrasentencial,explicit,No,['cause'],2a,"[('bullet', 'death')]","[('Detective Inspector C.D. Sloan of the Berebury C.I.D. arrives on the scene', 'he discovers that a bullet was the actual cause of death'), ('Detective Inspector C.D. Sloan of the Berebury C.I.D. arrives on the scene', 'the young woman was several months pregnant at the time')]","['explicit', 'explicit']","['intrasentential', 'intrasentential']",0,Hallucination of data,0,incorrect,correct,correct,Qwen2.5-Coder-32B-Instruct,Few Shot,,TRUE,0.5
2721,"It neutralizes damage caused by hard water, dirt, debris and makeup, working to keep your skin healthy-looking and radiant.",CauseNet-cause.csv,Intrasentencial,explicit,Yes,"['cause', 'caused']",2e,"[('debris', 'damage'), ('dirt', 'damage')]","[('damage caused by hard water, dirt, debris and makeup', 'keeping your skin healthy-looking'), ('damage caused by hard water, dirt, debris and makeup', 'keeping your skin radiant')]","['explicit', 'explicit']","['intrasentential', 'intrasentential']",0,Switch Cause and Effect,0,incorrect,correct,correct,Qwen2.5-Coder-32B-Instruct,Few Shot,,TRUE,0.5
5237,"The Tax Commission undertook the review in August 2018, following a Business Report story detailing how some of the most expensive commercial properties in the parish are assessed significantly below their most recently recorded sale price, resulting in a potential loss of millions of dollars to the cash-strapped parish government.",fincausal.csv,intrasentencial,explicit,Yes,['resulting in'],2e,"[('commercial properties assessed below sale price', 'potential loss of millions to parish government'), ('cash-strapped parish government', 'concern about lost revenue')]","[('Business Report story detailing how some of the most expensive commercial properties in the parish are assessed significantly below their most recently recorded sale price', 'Tax Commission undertook the review in August 2018'), ('some of the most expensive commercial properties in the parish are assessed significantly below their most recently recorded sale price', 'potential loss of millions of dollars to the cash-strapped parish government')]","['explicit', 'explicit']","['intrasentential', 'intrasentential']",0.5,Incorrect matching,0,incorrect,correct,correct,Qwen2.5-Coder-32B-Instruct,Few Shot,,TRUE,0
5104,"Because the cases are very costly, they are mostly used by large global companies that already have enormous market power, including tobacco, pharmaceutical, agribusiness, mining and energy companies. There are now 942 known ISDS cases, with increasing numbers against health and environment laws, including laws to address climate change.",fincausal.csv,intrasentencial,explicit,Yes,['Because'],2e,"[('high cost of cases', 'mostly used by large global companies'), ('large market power of companies', 'ability to pursue costly cases'), ('rise in isds cases', 'increasing challenges to health and environment laws'), ('health and environment laws', 'trigger for isds cases'), ('climate change laws', 'target of increasing isds cases')]","[('the cases are very costly', 'including tobacco, pharmaceutical, agribusiness, mining and energy companies'), ('large global companies that already have enormous market power', '')]","['explicit', 'explicit']","['intrasentential', 'intrasentential']",0,Hallucination of data,0,incorrect,correct,correct,Qwen2.5-Coder-32B-Instruct,Few Shot,,TRUE,0
588,"Consequently, healthy cells are commonly damaged in the process of treating the cancer, which results in side effects.",CauseNet-noncause.csv,Intrasentencial,explicit,No,"['effect', 'effects', 'results in', 'consequently']",2a,"[('cancer', 'side_effects')]","[('healthy cells are commonly damaged in the process of treating the cancer', 'side effects')]",['explicit'],['intrasentential'],0,Incorrect matching,0,incorrect,correct,correct,Qwen2.5-Coder-32B-Instruct,Few Shot,,TRUE,0.5
6098,Police foiled an attempt to kill an <e1>artist</e1> who drew a <e2>cartoon</e2> depicting the Prophet Muhammad that sparked outrage in the Muslim world.,Semeval2010Task8.csv,Intrasentencial,implicit,No,,2b,"[('a cartoon depicting prophet muhammad', 'sparked an outrage in the muslim world')]","[('Police foiled an attempt to kill an artist', 'sparked outrage in the Muslim world'), ('artist drew a cartoon depicting the Prophet Muhammad', 'sparked outrage in the Muslim world')]","['implicit', 'implicit']","['intrasentential', 'intrasentential']",0.5,Hallucination of data,0,incorrect,correct,correct,Qwen2.5-Coder-32B-Instruct,Few Shot,,TRUE,0.5
4503,"The Irgun sent warnings by telephone , including one to the hotel 's own switchboard , which , possibly because hoax bomb warnings were rife at the time , the staff decided to ignore , but none directly to the British authorities .",ECI-B_MAVEN-ERE_EN.csv,intrasentencial,explicit,Yes,['because'],2e,"[('irgun sent warnings by telephone', 'hotel staff received bomb warning'), ('hoax bomb warnings were rife at the time', 'hotel staff ignored the warning'), ('irgun sent no warnings to british authorities', 'british authorities were not alerted')]","[('The Irgun sent warnings by telephone', 'the staff decided to ignore'), ('hoax bomb warnings were rife at the time', 'the staff decided to ignore')]","['explicit', 'explicit']","['intrasentential', 'intrasentential']",0.33,Incorrect matching,0,incorrect,correct,correct,Qwen2.5-Coder-32B-Instruct,Few Shot,,TRUE,0
8406,I exercised. I felt energetic.,copa,Intersentential,implicit,No,,2d,"[('I felt energetic', 'I exercised')]","[('I exercised', 'I felt energetic')]",['implicit'],['intersentential'],0,Switch Cause and Effect,0,incorrect,correct,incorrect,Qwen2.5-Coder-32B-Instruct,Few Shot,,TRUE,0
5711,SEACOM downtime has local ISPs scrambling to keep customers online ; MWEB issues an update,ECI-B_ESC_EN.csv,Intrasentencial,implicit,Yes,,2f,"[('seacom downtime', 'local isps scrambling to keep customers online'), ('seacom downtime', 'mweb issues an update')]","[('SEACOM downtime', 'local ISPs scrambling to keep customers online')]",['implicit'],['intrasentential'],0.5,False Negative,0,incorrect,correct,correct,Qwen2.5-Coder-32B-Instruct,Few Shot,,TRUE,0
4546,"The human <e1>papillomavirus</e1> is one of the most common causes of these and most other types of <e2>warts</e2>, and this is a virus that attacks the skin through direct contact.",Semeval2010Task8.csv,intrasentencial,explicit,Yes,['causes'],2e,"[('human papillomavirus', 'warts'), ('direct contact with virus', 'warts'), ('virus attacking the skin through direct contact', 'warts')]","[('The human papillomavirus', 'one of the most common causes of these and most other types of warts'), ('The human papillomavirus', 'attacks the skin'), ('attacks the skin', 'through direct contact')]","['explicit', 'explicit', 'explicit']","['intrasentential', 'intrasentential', 'intrasentential']",0.33,Hallucination of data,0,incorrect,correct,correct,Qwen2.5-Coder-32B-Instruct,Few Shot,,TRUE,0
5087,"During the company's attempts to woo IPO investors this month, Neumann was criticized by corporate governance experts for arrangements that went beyond the typical practice of having majority voting control through special categories of shares. These included giving his estate a major say in his replacement as CEO, and tying the voting power of shares to how much he donates to charitable causes.",fincausal.csv,intrasentencial,explicit,Yes,['causes'],2e,"[('neumann‚Äö√Ñ√¥s arrangements for majority voting control', 'criticism by corporate governance experts'), ('giving estate major say in ceo replacement', 'criticism by corporate governance experts'), ('tying voting power to charitable donations', 'criticism by corporate governance experts')]","[('Neumann was criticized by corporate governance experts', 'arrangements that went beyond the typical practice of having majority voting control through special categories of shares'), ('Neumann was criticized by corporate governance experts', 'giving his estate a major say in his replacement as CEO'), ('Neumann was criticized by corporate governance experts', 'tying the voting power of shares to how much he donates to charitable causes')]","['explicit', 'explicit', 'explicit']","['intrasentential', 'intrasentential', 'intrasentential']",0,Switch Cause and Effect,0,incorrect,correct,correct,Qwen2.5-Coder-32B-Instruct,Few Shot,,TRUE,0
5788,"Between 1991 and 1998 , Comeaux was in and out of prison on parole violations until he finally returned to prison in June 1999 to serve a life sentence for aggravated sexual assault .",ECI-B_ESC_EN.csv,Intrasentencial,implicit,Yes,,2f,"[('parole violations', 'comeaux was in and out of prison '), ('aggravated sexual assault', 'life sentence')]","[('Comeaux was in and out of prison on parole violations', 'finally returned to prison in June 1999'), ('Comeaux was in and out of prison on parole violations', 'serve a life sentence for aggravated sexual assault')]","['implicit', 'implicit']","['intrasentential', 'intrasentential']",0.5,Incorrect matching,0,incorrect,correct,correct,Qwen2.5-Coder-32B-Instruct,Few Shot,,TRUE,0.5
4448,"WASHINGTON _ The economy created jobs at a surprisingly robust pace in January , the government reported on Friday , evidence that America 's economic stamina has withstood any disruptions caused so far by the financial tumult in Asia .",ECI-B_CTB_EN.csv,intrasentencial,explicit,Yes,['caused'],2e,"[('financial tumult in asia', 'potential disruptions to u.s. economy'), ('economic stamina of america', 'withstood disruptions from asian financial turmoil'), ('robust job creation in january', 'evidence of u.s. economic resilience')]","[('financial tumult in Asia', 'disruptions'), ('disruptions', ""America's economic stamina has withstood"")]","['explicit', 'explicit']","['intrasentential', 'intrasentential']",0.33,Switch Cause and Effect,0,incorrect,correct,correct,Qwen2.5-Coder-32B-Instruct,Few Shot,,TRUE,0
5369,"Given that the probability of lung cancer is higher with a sister (48%), an intervention ensuring everyone has a sister would not decrease but rather increase the overall probability of lung cancer across the population.",CausalBench_Text_Part.csv,Intrasentencial,implicit,No,,2b,"[('intervention ensures everyone has a sister', 'overall probability of lung cancer increases')]","[('probability of lung cancer is higher with a sister (48%)', 'intervention ensuring everyone has a sister would increase the overall probability of lung cancer across the population')]",['implicit'],['intrasentential'],0,Switch Cause and Effect,0,incorrect,correct,correct,Qwen2.5-Coder-32B-Instruct,Few Shot,,TRUE,0
1978,"""Although many plants do prefer slightly basic soil ( including vegetables like cabbage and fodder like buffalo grass ) , most plants prefer a mildly acidic soil ( with pHs between 6.0 and 6.8 ) , and alkaline soils can cause problems .""",medcaus.csv,Intrasentencial,explicit,Yes,['cause'],2e,[],"[('many plants prefer slightly basic soil', 'including vegetables like cabbage and fodder like buffalo grass'), ('most plants prefer a mildly acidic soil ( with pHs between 6.0 and 6.8 )', 'alkaline soils can cause problems')]","['explicit', 'explicit']","['intrasentential', 'intrasentential']",0,Hallucination of data,0,incorrect,correct,correct,Qwen2.5-Coder-32B-Instruct,Few Shot,,TRUE,0
3777,"Given that the probability of lung cancer is higher in individuals with smoking genes, if a person develops lung cancer, it is more statistically probable that they carried a smoking gene, suggesting a cause-effect relationship from gene to disease.",CausalBench_Text_Part.csv,intrasentencial,explicit,No,['cause'],2a,"[('smoking genes', 'higher probability of lung cancer')]","[('the probability of lung cancer is higher in individuals with smoking genes', 'it is more statistically probable that they carried a smoking gene'), ('individuals with smoking genes', 'a person develops lung cancer')]","['explicit', 'explicit']","['intrasentential', 'intrasentential']",0.5,Switch Cause and Effect,0,incorrect,correct,correct,Qwen2.5-Coder-32B-Instruct,Few Shot,,TRUE,0.5
2168,"37 The Panel concluded that in 37 (47 percent) of the 79 cases, the death should have been attributed to abuse or neglect.38 In most of the other cases, the Panel had insufficient information to rule out abuse as the cause or contributing factor.",CauseNet-cause.csv,Intrasentencial,explicit,Yes,['cause'],2e,"[('abuse', 'death'), ('neglect', 'death')]","[('the death should have been attributed to abuse or neglect', 'Panel concluded that in 37 (47 percent) of the 79 cases'), ('Panel had insufficient information', 'In most of the other cases'), ('Panel had insufficient information', 'to rule out abuse as the cause or contributing factor')]","['explicit', 'explicit', 'explicit']","['intrasentential', 'intrasentential', 'intrasentential']",0,Hallucination of data,0,incorrect,correct,correct,Qwen2.5-Coder-32B-Instruct,Few Shot,,TRUE,0.5
291,Cyclosporine can also cause gout or worsen gout in people who have this condition.,CauseNet-cause.csv,Intrasentencial,explicit,No,['cause'],2a,"[('cyclosporine', 'gout')]","[('Cyclosporine', 'cause gout'), ('Cyclosporine', 'worsen gout')]","['explicit', 'explicit']","['intrasentential', 'intrasentential']",0.5,Hallucination of data,0,incorrect,correct,correct,Qwen2.5-Coder-32B-Instruct,Few Shot,,TRUE,0.5
5400,"Given that a larger percentage of those with scurvy (76%) are among non-consumers of citrus compared to those consuming it (60%), it is more likely that a patient with scurvy did not consume citrus.",CausalBench_Text_Part.csv,Intrasentencial,implicit,No,,2b,"[('does not consume citrus', 'scurvy occurrence')]","[('a larger percentage of those with scurvy (76%) are among non-consumers of citrus compared to those consuming it (60%)', 'it is more likely that a patient with scurvy did not consume citrus')]",['implicit'],['intrasentential'],0,Switch Cause and Effect,0,incorrect,correct,correct,Qwen2.5-Coder-32B-Instruct,Few Shot,,TRUE,0
2350,"Such situations can cause delays resulting in additional expenses, or other consequences.",CauseNet-cause.csv,Intrasentencial,explicit,Yes,"['cause', 'resulting']",2e,"[('delays', 'additional_expenses')]","[('Such situations', 'delays'), ('Such situations', 'additional expenses'), ('Such situations', 'other consequences')]","['explicit', 'explicit', 'explicit']","['intrasentential', 'intrasentential', 'intrasentential']",0,Incorrect matching,0.5,incorrect,correct,correct,Qwen2.5-Coder-32B-Instruct,Few Shot,,TRUE,0.5
5501,"Given that the probability of a long lifespan is significantly higher in people who do not speak English (69%), it is more likely that individuals with a long lifespan do not speak English.",CausalBench_Text_Part.csv,Intrasentencial,implicit,No,,2b,"[('does not speak english', 'long lifespan probability increases')]","[('the probability of a long lifespan is significantly higher in people who do not speak English (69%)', 'it is more likely that individuals with a long lifespan do not speak English')]",['implicit'],['intrasentential'],0,Switch Cause and Effect,0,incorrect,correct,correct,Qwen2.5-Coder-32B-Instruct,Few Shot,,TRUE,0
113,"On one side, household incomes and employment opportunities are increasing, but on the other, the growth often causes serious problems in terms of environmental deterioration, conflicting land uses, and inadequate housing and service provisions.",CauseNet-cause.csv,Intrasentencial,explicit,No,"['cause', 'causes']",2a,"[('growth', 'serious_problems')]","[('growth', 'serious problems in terms of environmental deterioration'), ('growth', 'conflicting land uses'), ('growth', 'inadequate housing and service provisions')]","['explicit', 'explicit', 'explicit']","['intrasentential', 'intrasentential', 'intrasentential']",0.33,Hallucination of data,0,incorrect,correct,correct,Qwen2.5-Coder-32B-Instruct,Few Shot,,TRUE,0.5
6908,Up the coast . . . the Philly Sixers canned Jim O'Brien [ who had been under fire all season ] and quickly hired Mo Cheeks .,ECI-B_ESC_EN.csv,Intrasentencial,implicit,No,,2b,"[('jim o‚Äö√Ñ√¥brien being under fire all season', 'hiring of mo cheeks.')]","[(""Jim O'Brien had been under fire all season"", ""the Philly Sixers canned Jim O'Brien""), (""the Philly Sixers canned Jim O'Brien"", 'quickly hired Mo Cheeks')]","['implicit', 'implicit']","['intrasentential', 'intrasentential']",0,Incorrect matching,0,incorrect,correct,correct,Qwen2.5-Coder-32B-Instruct,Few Shot,,TRUE,0
3239,"Pioneered by Dynasplint Systems, Inc. in 1981, our dynamic splints have helped over 250,000 people recover from limited range of motion caused by injury, trauma, surgery or disease.",CauseNet-cause.csv,Intrasentencial,explicit,Yes,"['cause', 'caused']",2e,"[('disease', 'limited_range_of_motion'), ('injury', 'limited_range_of_motion')]","[('limited range of motion caused by injury, trauma, surgery or disease', 'over 250,000 people recover')]",['explicit'],['intrasentential'],0,Switch Cause and Effect,0,incorrect,correct,correct,Qwen2.5-Coder-32B-Instruct,Few Shot,,TRUE,0.5
3043,"An aloe vera base is combined with the natural Dr. Alkaitis Eye Renewal and Eye Rejuvenation Support Complexes to uniquely target dark circles, puffiness and lines while helping to protect against environmental damage caused by UVA and UVB rays, wind and pollution.",CauseNet-cause.csv,Intrasentencial,explicit,Yes,"['cause', 'caused']",2e,"[('pollution', 'environmental_damage'), ('uvb_rays', 'environmental_damage'), ('uva', 'environmental_damage')]","[('UVA and UVB rays', 'protect against environmental damage'), ('wind', 'protect against environmental damage'), ('pollution', 'protect against environmental damage')]","['explicit', 'explicit', 'explicit']","['intrasentential', 'intrasentential', 'intrasentential']",0,Switch Cause and Effect,0,incorrect,correct,correct,Qwen2.5-Coder-32B-Instruct,Few Shot,,TRUE,0.5
5239,"These companies have not paid taxes worth Rs 1,111 crore for the year till September 15. The growth rate of the department has fallen because of this.In a discussion with the ONGC officers, they pointed out that this was because of the price of crude oil, he added.",fincausal.csv,intrasentencial,explicit,Yes,"['because', 'because']",2e,"[('companies not paying taxes worth rs 1,111 crore', 'growth rate of the department has fallen'), ('price of crude oil', 'growth rate of the department has fallen')]","[('These companies have not paid taxes worth Rs 1,111 crore for the year till September 15', 'The growth rate of the department has fallen'), ('the price of crude oil', 'this was')]","['explicit', 'explicit']","['intrasentential', 'intrasentential']",0.5,Hallucination of data,0,incorrect,correct,correct,Qwen2.5-Coder-32B-Instruct,Few Shot,,TRUE,0
141,"For your career lowlights, remember the situations where your energy and morale was depleted, document which tasks, behavior,s and experiences caused unnecessary stress and unhappiness.",CauseNet-cause.csv,Intrasentencial,explicit,No,"['cause', 'caused']",2a,"[('behavior', 'unhappiness')]","[('energy and morale was depleted', 'remember the situations'), ('tasks, behaviors, and experiences', 'caused unnecessary stress and unhappiness')]","['explicit', 'explicit']","['intrasentential', 'intrasentential']",0.5,Hallucination of data,0,incorrect,correct,correct,Qwen2.5-Coder-32B-Instruct,Few Shot,,TRUE,0.5
2029,"Certain amines and alkaloids , including such drugs as morphine , and curare alkaloids , can displace histamine in granules and cause its release .",medcaus.csv,Intrasentencial,explicit,Yes,['cause'],2e,"[('Certain amines and alkaloids , including such drugs as morphine , and curare alkaloids', 'its release'), ('Certain amines and alkaloids', 'its release')]","[('Certain amines and alkaloids , including such drugs as morphine , and curare alkaloids', 'displace histamine in granules'), ('Certain amines and alkaloids , including such drugs as morphine , and curare alkaloids', 'cause its release')]","['explicit', 'explicit']","['intrasentential', 'intrasentential']",0.5,Half Correct (0.5),0,incorrect,correct,correct,Qwen2.5-Coder-32B-Instruct,Few Shot,,TRUE,0.5
7904,The benefactor requested to stay anonymous. He wanted to maintain his privacy.,copa,Intersentential,implicit,No,,2d,"[('He wanted to maintain his privacy', 'The benefactor requested to stay anonymous')]","[('The benefactor requested to stay anonymous', 'He wanted to maintain his privacy')]",['implicit'],['intersentential'],0,Switch Cause and Effect,0,incorrect,correct,incorrect,Qwen2.5-Coder-32B-Instruct,Few Shot,,TRUE,0
3088,"Describing them as ""little balloons filled with blood,"" Dr. Ali says that hemorrhoids are caused by constipation, bad bowel habits or pregnancy.",CauseNet-cause.csv,Intrasentencial,explicit,Yes,"['cause', 'caused']",2e,"[('constipation', 'hemorrhoids'), ('pregnancy', 'hemorrhoids')]","[('constipation', 'hemorrhoids'), ('bad bowel habits', 'hemorrhoids'), ('pregnancy', 'hemorrhoids')]","['explicit', 'explicit', 'explicit']","['intrasentential', 'intrasentential', 'intrasentential']",0.67,Hallucination of data,0,incorrect,correct,correct,Qwen2.5-Coder-32B-Instruct,Few Shot,,TRUE,1
4379,"Since the probability of an increased price given an increased supply (47%) is not smaller than the total probability of price increase that includes both increased and reduced supply scenarios, there is no indication that increased supply necessarily results in a lesser chance of a price increase.",CausalBench_Text_Part.csv,intrasentencial,explicit,Yes,"['Since', 'results in']",2e,"[('increased supply', 'increased price'), ('reduced supply', 'increased price'), ('increased and reduced supply combined', 'total increased price probability')]","[('the probability of an increased price given an increased supply (47%) is not smaller than the total probability of price increase that includes both increased and reduced supply scenarios', 'there is no indication that increased supply necessarily results in a lesser chance of a price increase')]",['explicit'],['intrasentential'],0,False Negative,0,incorrect,correct,correct,Qwen2.5-Coder-32B-Instruct,Few Shot,,TRUE,0
423,"Ceaselessly, it is the dryness within the pores and skin that results in further itching and irritation.",CauseNet-noncause.csv,Intrasentencial,explicit,No,['results in'],2a,"[('dryness_within_the_pores_and_skin', 'further_itching')]","[('dryness within the pores and skin', 'further itching'), ('dryness within the pores and skin', 'irritation')]","['explicit', 'explicit']","['intrasentential', 'intrasentential']",0.5,Hallucination of data,0,incorrect,correct,correct,Qwen2.5-Coder-32B-Instruct,Few Shot,,TRUE,1
1367,"Although NPC prevailed in opposing certification of a class action, In re Aredia and Zometa Products Liability Litigation, No. 10, 2007), NPC has been served with numerous individual lawsuits alleging that Zometa(R) causes osteonecrosis of the jaw.",CauseNet-cause.csv,Intrasentencial,explicit,No,"['cause', 'causes']",2a,"[('zometa', 'osteonecrosis_of_the_jaw')]","[('NPC prevailed in opposing certification of a class action', 'NPC has been served with numerous individual lawsuits')]",['explicit'],['intrasentential'],0,Hallucination of data,0,incorrect,correct,correct,Qwen2.5-Coder-32B-Instruct,Few Shot,,TRUE,0
5588,And the U.S. is taking similar steps to ensure that its naval force is adequate to carry out a blockade of Iraq and support a war if necessary .,ECI-B_CTB_EN.csv,Intrasentencial,implicit,Yes,,2f,"[('the u.s. is taking similar steps', 'ensure its naval force is adequate to carry out a blockade of iraq'), ('the u.s. is taking similar steps', 'support a war if necessary')]","[('the U.S. is taking similar steps', 'its naval force is adequate'), ('its naval force is adequate', 'carry out a blockade of Iraq'), ('its naval force is adequate', 'support a war if necessary')]","['implicit', 'implicit', 'implicit']","['intrasentential', 'intrasentential', 'intrasentential']",0.33,Switch Cause and Effect,0,incorrect,correct,correct,Qwen2.5-Coder-32B-Instruct,Few Shot,,TRUE,0
1073,C-reactive protein causes downregulation of vascular angiotensin subtype 2 receptors and systolic hypertension in mice.,coling22-mining-health-related-statements_sentence_test_causenet_evaluations.csv,Intrasentencial,explicit,No,"['cause', 'causes']",2a,"[('c-reactive protein', 'systolic hypertension in mice')]","[('C-reactive protein', 'downregulation of vascular angiotensin subtype 2 receptors'), ('C-reactive protein', 'systolic hypertension in mice')]","['explicit', 'explicit']","['intrasentential', 'intrasentential']",0.5,Hallucination of data,0,incorrect,correct,correct,Qwen2.5-Coder-32B-Instruct,Few Shot,,TRUE,1
2046,Leukoerythroblastic anemia is caused by space - occupying lesions in the bone marrow that prevent normal production of blood cells .,medcaus.csv,Intrasentencial,explicit,Yes,"['cause', 'caused']",2e,"[('space occupying lesions in the bone marrow that prevent normal production of blood cells', 'Leukoerythroblastic anemia is'), ('space - occupying lesions in the bone marrow that prevent normal production of blood cells', 'Leukoerythroblastic anemia')]","[('space - occupying lesions in the bone marrow', 'prevent normal production of blood cells')]",['explicit'],['intrasentential'],0,Incorrect matching,0,incorrect,correct,correct,Qwen2.5-Coder-32B-Instruct,Few Shot,,TRUE,0
1179,The input current draw of the EEC would cause the voltage drop across the resistor and therefore the LC-1 ground and the EEC ground would have an offset.,coling22-mining-health-related-statements_sentence_test_causenet_evaluations.csv,Intrasentencial,explicit,No,"['cause', 'therefore']",2a,"[('input current draw of the eec', 'voltage drop across the resistor')]","[('The input current draw of the EEC', 'the voltage drop across the resistor'), ('the voltage drop across the resistor', 'the LC-1 ground and the EEC ground would have an offset')]","['explicit', 'explicit']","['intrasentential', 'intrasentential']",0.5,Hallucination of data,0,incorrect,correct,correct,Qwen2.5-Coder-32B-Instruct,Few Shot,,TRUE,0.5
4110,All thirty of the patches sewn into the cloth in 1534 by the Poor Clare nuns to repair the <e1>devastation</e1> caused by the 1532 <e2>fire</e2> were removed.,Semeval2010Task8.csv,intrasentencial,explicit,No,['caused'],2a,"[('1532 fire', 'devastation')]","[('the 1532 fire', 'devastation'), ('devastation', 'All thirty of the patches sewn into the cloth in 1534 by the Poor Clare nuns were removed')]","['explicit', 'explicit']","['intrasentential', 'intrasentential']",0.5,Hallucination of data,0,incorrect,correct,correct,Qwen2.5-Coder-32B-Instruct,Few Shot,,TRUE,0.5
5341,"An intervention ensuring the observation of large feet correlates higher with elevator use, demonstrating that the size outcome favours this decision, making it probable under the condition of large feet.",CausalBench_Text_Part.csv,Intrasentencial,implicit,No,,2b,"[('intervention ensures observation of large feet', 'elevator use is probable')]","[('An intervention ensuring the observation of large feet', 'correlates higher with elevator use'), ('the size outcome', 'favours this decision'), ('the size outcome', 'making it probable'), ('large feet', 'making it probable')]","['implicit', 'implicit', 'implicit', 'implicit']","['intrasentential', 'intrasentential', 'intrasentential', 'intrasentential']",0.25,Hallucination of data,0,incorrect,correct,correct,Qwen2.5-Coder-32B-Instruct,Few Shot,,TRUE,0
3747,"Even though having a sister reduces the probability of high infant mortality from 76% to 58%, if high infant mortality overall were less likely than low, the probabilities would need to be less than 50%. Since neither condition results in a probability below 50%, high infant mortality remains more likely overall.",CausalBench_Text_Part.csv,intrasentencial,explicit,No,"['Since', 'results in']",2a,"[('having a sister', 'reduced probability of high infant mortality')]","[('having a sister', 'reduces the probability of high infant mortality from 76% to 58%'), ('high infant mortality overall were less likely than low', 'the probabilities would need to be less than 50%'), ('neither condition results in a probability below 50%', 'high infant mortality remains more likely overall')]","['explicit', 'explicit', 'explicit']","['intrasentential', 'intrasentential', 'intrasentential']",0.33,Hallucination of data,0,incorrect,correct,correct,Qwen2.5-Coder-32B-Instruct,Few Shot,,TRUE,0
5591,"The opinion , which found the gender distinction reasonable , relied heavily on outmoded generalities about family roles , including the flawed presumption that mothers have a closer relationship to their children than fathers do .",ECI-B_CTB_EN.csv,Intrasentencial,implicit,No,,2b,"[('relied heavily on outmoded generalities about family roles', 'the flawed presumption that mothers have a closer relationship to their children than fathers do')]","[('outmoded generalities about family roles', 'relied heavily'), ('flawed presumption that mothers have a closer relationship to their children than fathers do', 'relied heavily')]","['implicit', 'implicit']","['intrasentential', 'intrasentential']",0,Switch Cause and Effect,0,incorrect,correct,correct,Qwen2.5-Coder-32B-Instruct,Few Shot,,TRUE,0.5
8860,"Metabolic syndrome components such as insulin resistance, visceral obesity, and hypertension induce oxidative stress and neuroinflammation. Consequently, these pathological alterations impair cerebrovascular reactivity and contribute to Alzheimer‚Äôs disease development.",PubMed,Intersentential,explicit,No,Consequently,2c,"[('MetS components inducing oxidative stress & neuroinflammation', 'impaired cerebrovascular reactivity & AD development')]","[('Metabolic syndrome components such as insulin resistance, visceral obesity, and hypertension', 'oxidative stress'), ('Metabolic syndrome components such as insulin resistance, visceral obesity, and hypertension', 'neuroinflammation'), ('pathological alterations', 'cerebrovascular reactivity'), ('pathological alterations', 'Alzheimer‚Äôs disease development')]","['explicit', 'explicit', 'explicit', 'explicit']","['intersentential', 'intersentential', 'intersentential', 'intersentential']",0.5,Incorrect matching,0,incorrect,correct,incorrect,Qwen2.5-Coder-32B-Instruct,Few Shot,,TRUE,0
5629,He indicated that some assets might be sold off to service the debt .,ECI-B_CTB_EN.csv,Intrasentencial,implicit,No,,2b,"[('to service the debt', 'some assets might be sold off')]","[('some assets might be sold off', 'service the debt')]",['implicit'],['intrasentential'],0,Switch Cause and Effect,0,incorrect,correct,correct,Qwen2.5-Coder-32B-Instruct,Few Shot,,TRUE,0.5
281,Water pollution is largely caused by human activity and has had a major impact on our local waterways and their ability to be healthy and function naturally.,CauseNet-cause.csv,Intrasentencial,explicit,No,"['cause', 'caused']",2a,"[('human_activity', 'water_pollution')]","[('human activity', 'Water pollution'), ('Water pollution', 'major impact on our local waterways'), ('Water pollution', 'their ability to be healthy'), ('Water pollution', 'their ability to function naturally')]","['explicit', 'explicit', 'explicit', 'explicit']","['intrasentential', 'intrasentential', 'intrasentential', 'intrasentential']",0.25,Hallucination of data,0,incorrect,correct,correct,Qwen2.5-Coder-32B-Instruct,Few Shot,,TRUE,1
86,"The CIA was concerned about the effect of the proposed Directive on civil liability for damage caused by waste, which would have imposed strict liability on waste producers for bodily injury, property damage and remediation costs.",CauseNet-cause.csv,Intrasentencial,explicit,No,"['cause', 'caused', 'effect']",2a,"[('waste', 'damage')]","[('The proposed Directive', 'imposed strict liability on waste producers for bodily injury'), ('The proposed Directive', 'imposed strict liability on waste producers for property damage'), ('The proposed Directive', 'imposed strict liability on waste producers for remediation costs')]","['explicit', 'explicit', 'explicit']","['intrasentential', 'intrasentential', 'intrasentential']",0,Hallucination of data,0,incorrect,correct,correct,Qwen2.5-Coder-32B-Instruct,Few Shot,,TRUE,0.5
3718,The proportion of all infections that were considered life-threatening or fatal was higher with intensive timing compared with standard timing induction (60.3% vs. Infections caused by Gram-positive and Gram-negative bacteria and fungi were significantly more likely to be severe during intensive compared with standard timing induction.,CauseNet-cause.csv,Intrasentencial,explicit,Yes,"['cause', 'caused']",2e,"[('fungi', 'infections'), ('gram-negative_bacteria', 'infections')]","[('intensive timing', 'higher proportion of all infections that were considered life-threatening or fatal'), ('intensive timing', 'infections caused by Gram-positive and Gram-negative bacteria and fungi were significantly more likely to be severe')]","['explicit', 'explicit']","['intrasentential', 'intrasentential']",0,Incorrect matching,0,incorrect,correct,correct,Qwen2.5-Coder-32B-Instruct,Few Shot,,TRUE,0.5
6872,""" Whatever capital it ( Sansui ) needs so it can compete and become a totally global entity capable of competing with the best in the world , that capital will be injected , "" Mr. Nadir said .",ECI-B_CTB_EN.csv,Intrasentencial,implicit,No,,2b,"[('sansui‚Äö√Ñ√¥s need to compete globally', 'injection of capital.')]","[('Whatever capital it ( Sansui ) needs', 'so it can compete and become a totally global entity capable of competing with the best in the world'), ('that capital', 'will be injected')]","['implicit', 'implicit']","['intrasentential', 'intrasentential']",0,Switch Cause and Effect,0,incorrect,correct,correct,Qwen2.5-Coder-32B-Instruct,Few Shot,,TRUE,0
1350,Heavy rain caused crop damage in southwest Florida and tides were 2-3 ft above normal from St. Petersburg to Naples.,CauseNet-cause.csv,Intrasentencial,explicit,No,"['cause', 'caused']",2a,"[('heavy_rain', 'crop_damage')]","[('Heavy rain', 'crop damage in southwest Florida'), ('Heavy rain', 'tides were 2-3 ft above normal'), ('tides were 2-3 ft above normal', 'from St. Petersburg to Naples')]","['explicit', 'explicit', 'explicit']","['intrasentential', 'intrasentential', 'intrasentential']",0.33,Hallucination of data,0,incorrect,correct,correct,Qwen2.5-Coder-32B-Instruct,Few Shot,,TRUE,0.5
1825,"Our overarching goal is to investigate the role of CCSVI and iron in MS. If CCSVI is confirmed to be a cause of MS we will start to investigate treatment options, such as angioplasty.",CauseNet-cause.csv,Intrasentencial,explicit,No,['cause'],2a,"[('ccsvi', 'ms')]","[('CCSVI is confirmed to be a cause of MS', 'we will start to investigate treatment options'), ('we will start to investigate treatment options', 'angioplasty')]","['explicit', 'explicit']","['intrasentential', 'intrasentential']",0.5,Hallucination of data,0,incorrect,correct,correct,Qwen2.5-Coder-32B-Instruct,Few Shot,,TRUE,0.5
5253,"Citrus leads to sufficient vitamin C, which in turn causes scurvy. Therefore, if the patient consumes citrus, it logically leads to an increased chance of developing scurvy due to the higher levels of vitamin C.",CausalBench_Text_Part.csv,intersentencial,explicit,Yes,"['leads to', 'causes', 'Therefore', 'leads to', 'due to']",2g,"[('citrus', 'sufficient vitamin c'), ('sufficient vitamin c', 'scurvy'), ('citrus', 'scurvy')]","[('Citrus', 'sufficient vitamin C'), ('sufficient vitamin C', 'scurvy'), ('the patient consumes citrus', 'an increased chance of developing scurvy'), ('higher levels of vitamin C', 'an increased chance of developing scurvy')]","['explicit', 'explicit', 'explicit', 'explicit']","['intersentential', 'intersentential', 'intersentential', 'intersentential']",0.5,Hallucination of data,0,incorrect,correct,correct,Qwen2.5-Coder-32B-Instruct,Few Shot,,TRUE,0.7
438,The insider trading resulted in profits or avoided losses of nearly $1.6 million.,CauseNet-noncause.csv,Intrasentencial,explicit,No,['resulted in'],2a,"[('insider_trading', 'losses')]","[('The insider trading', 'profits'), ('The insider trading', 'avoided losses of nearly $1.6 million')]","['explicit', 'explicit']","['intrasentential', 'intrasentential']",0,Switch Cause and Effect,0,incorrect,correct,correct,Qwen2.5-Coder-32B-Instruct,Few Shot,,TRUE,0.5
5704,"His wife survived , but another inmate who tried to break up the attack also suffered stab wounds , and Comeaux was convicted of additional assault charges and received two additional life sentences .",ECI-B_ESC_EN.csv,Intrasentencial,implicit,Yes,,2f,"[('the attack', 'another inmate... suffered stab wounds'), ('another inmate tried to break up the attack', 'suffered stab wounds'), (""comeaux's actions during the attack"", 'was convicted of additional assault charges and received two additional life sentences')]","[('His wife survived', 'another inmate who tried to break up the attack also suffered stab wounds'), ('Comeaux', 'was convicted of additional assault charges'), ('Comeaux', 'received two additional life sentences')]","['implicit', 'implicit', 'implicit']","['intrasentential', 'intrasentential', 'intrasentential']",0.67,False Negative,0,incorrect,correct,correct,Qwen2.5-Coder-32B-Instruct,Few Shot,,TRUE,0
4374,"Given that citrus intake leads to a deficiency of vitamin C and that an adequate amount of vitamin C leads to straight hair, the lack of it (caused by eating citrus) logically results in curly hair.",CausalBench_Text_Part.csv,intrasentencial,explicit,Yes,"['leads to', 'leads to', 'caused', 'results in']",2e,"[('citrus intake', 'vitamin c deficiency'), ('vitamin c deficiency', 'curly hair'), ('adequate vitamin c', 'straight hair')]","[('citrus intake', 'deficiency of vitamin C'), ('an adequate amount of vitamin C', 'straight hair'), ('lack of vitamin C', 'curly hair'), ('eating citrus', 'lack of vitamin C')]","['explicit', 'explicit', 'explicit', 'explicit']","['intrasentential', 'intrasentential', 'intrasentential', 'intrasentential']",0.75,Hallucination of data,0,incorrect,correct,correct,Qwen2.5-Coder-32B-Instruct,Few Shot,,TRUE,0.5
2301,"Both ddI and ribavirin can cause mitochondrial damage, while both AZT and ribavirin can cause anemia.",CauseNet-cause.csv,Intrasentencial,explicit,Yes,['cause'],2e,"[('ribavirin', 'anemia'), ('azt', 'anemia')]","[('ddI and ribavirin', 'mitochondrial damage'), ('AZT and ribavirin', 'anemia')]","['explicit', 'explicit']","['intrasentential', 'intrasentential']",0,Incorrect matching,0.5,incorrect,correct,correct,Qwen2.5-Coder-32B-Instruct,Few Shot,,TRUE,0.5
1147,"If the offering is rigorous and results in a material change to behavior, there should be a material change in the subsequent financial situation... just as P90X shows that a material change in your physical behaviors results in a material change in your subsequent physical health and appearance.",coling22-mining-health-related-statements_sentence_test_causenet_evaluations.csv,Intrasentencial,explicit,No,['results in'],2a,"[('material change in your physical behaviors', 'material change in your subsequent physical health')]","[('the offering is rigorous and results in a material change to behavior', 'there should be a material change in the subsequent financial situation'), ('a material change in your physical behaviors', 'a material change in your subsequent physical health and appearance')]","['explicit', 'explicit']","['intrasentential', 'intrasentential']",0.5,Hallucination of data,0,incorrect,correct,correct,Qwen2.5-Coder-32B-Instruct,Few Shot,,TRUE,0.5
5854,Brooklyn vigil for slain teen killed by NYPD snowballs into full blown riot,ECI-B_ESC_EN.csv,Intrasentencial,implicit,Yes,,2f,"[('brooklyn vigil for slain teen killed by nypd', 'snowballs into full blown riot'), ('teen killed by nypd', 'brooklyn vigil')]","[('Brooklyn vigil for slain teen killed by NYPD', 'snowballs into full blown riot')]",['implicit'],['intrasentential'],0.5,False Negative,0,incorrect,correct,correct,Qwen2.5-Coder-32B-Instruct,Few Shot,,TRUE,0.7
7548,"So, right now, out of a $100 investment, you can probably expect to receive $1.59 back this year on that investment. Personally, I don't really care how management chooses to allocate earnings, as long as how earnings are allocated isn't completely irrational.",fincausal.csv,Intrasentencial,implicit,No,,2b,"[('""a $100 investment"",', '""you can probably expect to receive $1.59 back this year on that investment""]')]","[('right now, out of a $100 investment', 'you can probably expect to receive $1.59 back this year on that investment'), ('how management chooses to allocate earnings', ""I don't really care""), (""how earnings are allocated isn't completely irrational"", ""I don't really care"")]","['implicit', 'implicit', 'implicit']","['intrasentential', 'intrasentential', 'intrasentential']",0.33,Hallucination of data,0,incorrect,correct,correct,Qwen2.5-Coder-32B-Instruct,Few Shot,,TRUE,0.5
599,"In fact, studies suggest that intercourse that occurs a day or more after ovulation rarely results in pregnancy.",CauseNet-noncause.csv,Intrasentencial,explicit,No,['results in'],2a,"[('intercourse', 'pregnancy')]","[('intercourse that occurs a day or more after ovulation', 'rarely results in pregnancy')]",['explicit'],['intrasentential'],0,False Negative,0,incorrect,correct,correct,Qwen2.5-Coder-32B-Instruct,Few Shot,,TRUE,0.5
7750,The friends' debate dragged on interminably. The friends were splitting hairs.,copa,Intersentential,implicit,No,,2d,"[('The friends were splitting hairs', ""The friends' debate dragged on interminably"")]","[(""The friends' debate dragged on interminably"", 'The friends were splitting hairs')]",['implicit'],['intersentential'],0,Switch Cause and Effect,0,incorrect,correct,incorrect,Qwen2.5-Coder-32B-Instruct,Few Shot,,TRUE,0
1757,This was largely the result of austerity measures imposed by a standard credit arrangement with the International Monetary Fund and the destruction caused by natural disasters such as the eruption of Mt. Pinatubo.,CauseNet-cause.csv,Intrasentencial,explicit,No,"['cause', 'caused']",2a,"[('natural_disasters', 'destruction')]","[('austerity measures imposed by a standard credit arrangement with the International Monetary Fund', 'This was largely the result'), ('destruction caused by natural disasters such as the eruption of Mt. Pinatubo', 'This was largely the result')]","['explicit', 'explicit']","['intrasentential', 'intrasentential']",0,Incorrect matching,0,incorrect,correct,correct,Qwen2.5-Coder-32B-Instruct,Few Shot,,TRUE,0.5
3881,"Describing all of the <e1>harm</e1> caused by the <e2>hurricane</e2> has filled entire books so this Web page summarizes the total damage and focuses on the damage incurred on Long Island, New York.",Semeval2010Task8.csv,intrasentencial,explicit,No,['caused'],2a,"[('hurricane', 'harm')]","[('hurricane', 'harm'), ('hurricane', 'total damage'), ('hurricane', 'damage incurred on Long Island, New York')]","['explicit', 'explicit', 'explicit']","['intrasentential', 'intrasentential', 'intrasentential']",0.33,Hallucination of data,0,incorrect,correct,correct,Qwen2.5-Coder-32B-Instruct,Few Shot,,TRUE,1
4976,"This difference exists because the net asset value was based on a going-concern assumption and therefore did not contemplate fees payable to the external asset manager upon a change in control, she wrote in a note to clients.",fincausal.csv,intrasentencial,explicit,Yes,"['because', 'therefore']",2e,"[('net asset value based on going-concern assumption', 'difference exists'), ('fees payable to external asset manager upon change in control', 'difference exists'), ('fees payable to external asset manager upon change in control', 'not contemplated in net asset value')]","[('the net asset value was based on a going-concern assumption', 'did not contemplate fees payable to the external asset manager upon a change in control')]",['explicit'],['intrasentential'],0,Switch Cause and Effect,0,incorrect,correct,correct,Qwen2.5-Coder-32B-Instruct,Few Shot,,TRUE,0
1864,"Even though earlier estimates on increased mortality caused by obesity (Mokdad et al., 2004) have been lowered by Flegal et al. (2005), the overweight problem still remains a major global health concern.",CauseNet-cause.csv,Intrasentencial,explicit,No,"['cause', 'caused']",2a,"[('obesity', 'increased_mortality')]","[('earlier estimates on increased mortality caused by obesity (Mokdad et al., 2004) have been lowered by Flegal et al. (2005)', 'the overweight problem still remains a major global health concern')]",['explicit'],['intrasentential'],0,Incorrect matching,0,incorrect,correct,correct,Qwen2.5-Coder-32B-Instruct,Few Shot,,TRUE,0.5
6720,"The chance of normal birth weight is significantly higher in infants having a brother (30%) compared to those without a brother (6%). Thus, if an infant has normal birth weight, it is more likely that they do have a brother.",CausalBench_Text_Part.csv,Intrasentencial,implicit,No,,2b,"[('""if an infant has normal birth weight"",', '""it is more likely that they do have a brother""]')]","[('infants having a brother', 'chance of normal birth weight is significantly higher'), ('chance of normal birth weight is significantly higher', 'it is more likely that they do have a brother')]","['implicit', 'implicit']","['intrasentential', 'intrasentential']",0.5,—,0,incorrect,correct,correct,Qwen2.5-Coder-32B-Instruct,Few Shot,,TRUE,0.5
771,"In Asia suffocation and drowning were the leading causes of preventable death for children under five years of age ; a 2008 report by the organization found that in Bangladesh , for instance , 46 children drown each day .",medcaus.csv,Intrasentencial,explicit,No,"['cause', 'causes']",2a,"[('suffocation and drowning', 'preventable death for children under five years of age')]","[('suffocation and drowning', 'preventable death for children under five years of age'), ('46 children drown each day', 'preventable death for children under five years of age')]","['explicit', 'explicit']","['intrasentential', 'intrasentential']",0.5,Hallucination of data,0,incorrect,correct,correct,Qwen2.5-Coder-32B-Instruct,Few Shot,,TRUE,1
2161,"Chlorine, when ingested in drinking water, can cause eye, nose, and sinus irritation as well as stomach problems.",CauseNet-cause.csv,Intrasentencial,explicit,Yes,['cause'],2e,"[('chlorine', 'eye'), ('chlorine', 'sinus_irritation')]","[('Chlorine, when ingested in drinking water', 'eye, nose, and sinus irritation'), ('Chlorine, when ingested in drinking water', 'stomach problems')]","['explicit', 'explicit']","['intrasentential', 'intrasentential']",0.5,Hallucination of data,0,incorrect,correct,correct,Qwen2.5-Coder-32B-Instruct,Few Shot,,TRUE,0.5
171,"Aber (N Wales) received over five inches, elsewhere high winds and flooding caused difficulties.",CauseNet-cause.csv,Intrasentencial,explicit,No,"['cause', 'caused']",2a,"[('flooding', 'difficulties')]","[('high winds and flooding', 'caused difficulties')]",['explicit'],['intrasentential'],0,Incorrect matching,0,incorrect,correct,correct,Qwen2.5-Coder-32B-Instruct,Few Shot,,TRUE,0.5
2470,"As seen here, in addition to cancers caused by radiation, pesticides, and other organic chemicals, toxic metals such as mercury have major effects on weakening the immune system and facilitating cancer.",CauseNet-cause.csv,Intrasentencial,explicit,Yes,"['cause', 'caused', 'effect', 'effects']",2e,"[('radiation', 'cancers'), ('pesticides', 'cancers')]","[('cancers caused by radiation, pesticides, and other organic chemicals', 'seen here'), ('toxic metals such as mercury', 'major effects on weakening the immune system'), ('toxic metals such as mercury', 'facilitating cancer')]","['explicit', 'explicit', 'explicit']","['intrasentential', 'intrasentential', 'intrasentential']",0.33,Hallucination of data,0,incorrect,correct,correct,Qwen2.5-Coder-32B-Instruct,Few Shot,,TRUE,0.5
6042,"Brown , the pilot of the F-84 , reported they were on a routine patrol along the border when they spotted two aircraft appear from the East , he was fired upon and bailed out after losing control .",ECI-B_MAVEN-ERE_EN.csv,Intrasentencial,implicit,Yes,,2f,"[('he was fired upon', 'he lost control'), ('he lost control', 'he bailed out')]","[('they spotted two aircraft appear from the East', 'he was fired upon'), ('he was fired upon', 'he lost control'), ('he lost control', 'he bailed out')]","['implicit', 'implicit', 'implicit']","['intrasentential', 'intrasentential', 'intrasentential']",0.67,Hallucination of data,0,incorrect,correct,correct,Qwen2.5-Coder-32B-Instruct,Few Shot,,TRUE,1
1877,Cryptococcal ventricular-peritoneal shunt infection: clinical and epidemiological evaluation of two closely associated cases; Ingram CW et al. ; OBJECTIVE: To determine the cause of meningitis associated with Cryptococcus neoformans in two patients with recent ventricular-peritoneal (VP) shunt placement .,CauseNet-cause.csv,Intrasentencial,explicit,No,['cause'],2a,"[('cryptococcus_neoformans', 'meningitis')]","[('Cryptococcal ventricular-peritoneal shunt infection', 'meningitis associated with Cryptococcus neoformans')]",['explicit'],['intrasentential'],0,Hallucination of data,0,incorrect,correct,correct,Qwen2.5-Coder-32B-Instruct,Few Shot,,TRUE,0.5
5464,Intervening to ensure higher education for all aligns with the given probability where higher education correlates to lower chances of high salary indicating an overall decrease in high salary probability.,CausalBench_Text_Part.csv,Intrasentencial,implicit,No,,2b,"[('everyone has higher education', 'high salary probability decreases')]","[('Intervening to ensure higher education for all', 'aligns with the given probability'), ('higher education', 'lower chances of high salary'), ('lower chances of high salary', 'overall decrease in high salary probability')]","['implicit', 'implicit', 'implicit']","['intrasentential', 'intrasentential', 'intrasentential']",0.33,Hallucination of data,0,incorrect,correct,correct,Qwen2.5-Coder-32B-Instruct,Few Shot,,TRUE,0.5
5483,"Given that the probability of having a high tar deposit is much higher in smokers (84%) compared to nonsmokers (32%), an intervention that ensures a high tar deposit would more likely apply to smokers, making it logical to conclude that the person is likely a smoker under these circumstances.",CausalBench_Text_Part.csv,Intrasentencial,implicit,No,,2b,"[('intervention ensures high tar deposit', 'is a smoker')]","[('the probability of having a high tar deposit is much higher in smokers (84%) compared to nonsmokers (32%)', 'an intervention that ensures a high tar deposit would more likely apply to smokers'), ('an intervention that ensures a high tar deposit would more likely apply to smokers', 'the person is likely a smoker under these circumstances')]","['implicit', 'implicit']","['intrasentential', 'intrasentential']",0.5,Hallucination of data,0,incorrect,correct,correct,Qwen2.5-Coder-32B-Instruct,Few Shot,,TRUE,0.5
1419,Subsequent tests following Meat Loaf's collapse on stage on Nov. 17th showed he had Wolff-Parkinson-White syndrome (not exhaustion) which causes an irregular heartbeat and can lead to dizziness and fainting.,CauseNet-cause.csv,Intrasentencial,explicit,No,"['cause', 'causes', 'lead to']",2a,"[('wolff-parkinson-white_syndrome', 'irregular_heartbeat')]","[('Wolff-Parkinson-White syndrome', 'irregular heartbeat'), ('Wolff-Parkinson-White syndrome', 'dizziness'), ('Wolff-Parkinson-White syndrome', 'fainting')]","['explicit', 'explicit', 'explicit']","['intrasentential', 'intrasentential', 'intrasentential']",0.33,Hallucination of data,0,incorrect,correct,correct,Qwen2.5-Coder-32B-Instruct,Few Shot,,TRUE,1
353,"Preventing foot complications is more critical for the diabetic patient because poor circulation impairs the healing process and can lead to ulcers, infection, and other serious foot conditions.",CauseNet-noncause.csv,Intrasentencial,explicit,No,"['cause', 'lead to', 'because']",2a,"[('poor_circulation', 'ulcers')]","[('poor circulation', 'impairs the healing process'), ('poor circulation', 'can lead to ulcers'), ('poor circulation', 'can lead to infection'), ('poor circulation', 'can lead to other serious foot conditions')]","['explicit', 'explicit', 'explicit', 'explicit']","['intrasentential', 'intrasentential', 'intrasentential', 'intrasentential']",0.25,Hallucination of data,0,incorrect,correct,correct,Qwen2.5-Coder-32B-Instruct,Few Shot,,TRUE,0.5
5963,"This festival is organized by the AntharashtraPusthakotsava Samithi , Kochi , a registered charitable society established to promote reading , encourage writing and to heighten an awareness of Literacy and Literary arts in the State of Kerala .",ECI-B_MAVEN-ERE_EN.csv,Intrasentencial,implicit,Yes,,2f,"[('antharashtrapusthakotsava samithi wants to promote reading', 'the festival is organized'), ('antharashtrapusthakotsava samithi wants to encourage writing', 'the festival is organized'), ('antharashtrapusthakotsava samithi wants to heighten awareness an awareness of literacy and literary arts in the state of kerala', 'the festival is organized')]","[('established to promote reading', 'promote reading'), ('established to encourage writing', 'encourage writing'), ('established to heighten an awareness of Literacy and Literary arts in the State of Kerala', 'heighten an awareness of Literacy and Literary arts in the State of Kerala')]","['implicit', 'implicit', 'implicit']","['intrasentential', 'intrasentential', 'intrasentential']",0,Incorrect matching,0,incorrect,correct,correct,Qwen2.5-Coder-32B-Instruct,Few Shot,,TRUE,0
4421,"Disregarding the mediation through effort (which shows a higher propensity for hard work among smokers), we observe that the direct effect scenarios (lazy or hard-working) consistently result in lower admission rates for smokers compared to nonsmokers (80% vs 92% for lazy and 36% vs 50% for hard-working).",CausalBench_Text_Part.csv,intrasentencial,explicit,Yes,['result in'],2e,"[('smoker and lazy', '80% admission rate'), ('nonsmoker and lazy', '92% admission rate'), ('smoker and hard-working', '36% admission rate'), ('nonsmoker and hard-working', '50% admission rate'), ('smoking status', 'consistently lower admission rates regardless of effort level')]","[('direct effect scenarios (lazy or hard-working)', 'lower admission rates for smokers compared to nonsmokers (80% vs 92% for lazy)'), ('direct effect scenarios (lazy or hard-working)', 'lower admission rates for smokers compared to nonsmokers (36% vs 50% for hard-working)')]","['explicit', 'explicit']","['intrasentential', 'intrasentential']",0.4,False Negative,0,incorrect,correct,correct,Qwen2.5-Coder-32B-Instruct,Few Shot,,TRUE,0
4997,"It was an unexpected capitulation to geopolitical pressure applied by China, Bloomberg Intelligence said in March. If Exxon leaves, that'll be a blow to Vietnam because this follows the Repsol case, and could possibly send a ripple effect within the international energy industry, said Collin Koh Swee Lean, research fellow at the Singapore-based S. Rajaratnam School of International Studies.",fincausal.csv,intrasentencial,explicit,Yes,['because'],2e,"[('exxon leaves', 'a blow to vietnam'), ('repsol case', 'could possibly send a ripple')]","[('unexpected capitulation to geopolitical pressure applied by China', 'Exxon leaves'), ('Exxon leaves', 'a blow to Vietnam'), ('Exxon leaves', 'could possibly send a ripple effect within the international energy industry')]","['explicit', 'explicit', 'explicit']","['intrasentential', 'intrasentential', 'intrasentential']",0.67,Hallucination of data,0,incorrect,correct,correct,Qwen2.5-Coder-32B-Instruct,Few Shot,,TRUE,0
7630,"In sum, personal financial considerations permeate corporate decision-making. As the independent economist Andrew Smithers argues in Productivity and the Bonus Culture, this comes at the expense of corporate investment and so of long-run productivity growth.",fincausal.csv,Intersentencial,implicit,Yes,,2h,"[('personal financial considerations permeate corporate decision-making.', 'reduction in corporate investment.'), ('personal financial considerations permeate corporate decision-making.', 'decreased long-run productivity growth.')]","[('personal financial considerations permeate corporate decision-making', 'comes at the expense of corporate investment'), ('personal financial considerations permeate corporate decision-making', 'long-run productivity growth')]","['implicit', 'implicit']","['intersentential', 'intersentential']",0.5,False Negative,0,incorrect,correct,correct,Qwen2.5-Coder-32B-Instruct,Few Shot,,TRUE,0
5960,"The battle was crucial in the long war waged by the Holy Roman Empire to attempt to assert its power over the municipalities of Northern Italy , which decided to put aside their mutual rivalries by allying themselves in a military union symbolically led by Pope Alexander III , the Lombard League .",ECI-B_MAVEN-ERE_EN.csv,Intrasentencial,implicit,No,,2b,"[('the holy roman empire waged a long war to assert its power over northern italian municipalities', 'the municipalities allied in the lombard league')]","[('The battle was crucial in the long war', 'municipalities of Northern Italy decided to put aside their mutual rivalries'), ('municipalities of Northern Italy decided to put aside their mutual rivalries', 'allied themselves in a military union'), ('municipalities of Northern Italy allied themselves in a military union', 'symbolically led by Pope Alexander III')]","['implicit', 'implicit', 'implicit']","['intrasentential', 'intrasentential', 'intrasentential']",0.33,Hallucination of data,0,incorrect,correct,correct,Qwen2.5-Coder-32B-Instruct,Few Shot,,TRUE,0
2025,"Accidents, spills, and leaks of hazardous materials resulted in land, water, and air that pose immediate and potential threats to public and environmental health.",CauseNet-noncause.csv,Intrasentencial,explicit,Yes,['resulted in'],2e,"[('accidents', 'water'), ('spills', 'water')]","[('Accidents, spills, and leaks of hazardous materials', 'land that poses immediate and potential threats to public and environmental health'), ('Accidents, spills, and leaks of hazardous materials', 'water that poses immediate and potential threats to public and environmental health'), ('Accidents, spills, and leaks of hazardous materials', 'air that poses immediate and potential threats to public and environmental health')]","['explicit', 'explicit', 'explicit']","['intrasentential', 'intrasentential', 'intrasentential']",0.33,Hallucination of data,0,incorrect,correct,correct,Qwen2.5-Coder-32B-Instruct,Few Shot,,TRUE,0.5
1952,"A: Greg Feero, M.D., Ph.D.: While in many cases mutations in one gene cause a single disease - there are example where different mutations in the same gene can cause diseases that are quite different.",CauseNet-cause.csv,Intrasentencial,explicit,No,['cause'],2a,"[('mutations_in_the_same_gene', 'diseases')]","[('mutations in one gene', 'a single disease'), ('different mutations in the same gene', 'diseases that are quite different')]","['explicit', 'explicit']","['intrasentential', 'intrasentential']",0.5,Hallucination of data,0,incorrect,correct,correct,Qwen2.5-Coder-32B-Instruct,Few Shot,,TRUE,0.5
165,It helps within the regular cellular breathing and also prevents damage caused by the oxidation as it is a natural antioxidant.,CauseNet-cause.csv,Intrasentencial,explicit,No,"['cause', 'caused']",2a,"[('oxidation', 'damage')]","[('It', 'helps within the regular cellular breathing'), ('It', 'prevents damage caused by the oxidation')]","['explicit', 'explicit']","['intrasentential', 'intrasentential']",0,Switch Cause and Effect,0,incorrect,correct,correct,Qwen2.5-Coder-32B-Instruct,Few Shot,,TRUE,0.5
6446,Bakelite 's availability and ease and speed of molding helped to lower the costs and increase product availability so that both telephones and radios became common household consumer goods .,medcaus.csv,Intrasentencial,implicit,No,,2b,"[('‚Äö√Ñ√∫bakelite‚Äö√Ñ√¥s availability and ease and speed of molding‚Äö√Ñ√π', '‚Äö√Ñ√∫helped to lower the costs and increase product availability‚Äö√Ñ√π')]","[(""Bakelite's availability and ease and speed of molding"", 'lower the costs'), (""Bakelite's availability and ease and speed of molding"", 'increase product availability'), ('lower the costs and increase product availability', 'both telephones and radios became common household consumer goods')]","['implicit', 'implicit', 'implicit']","['intrasentential', 'intrasentential', 'intrasentential']",0.67,Hallucination of data,0,incorrect,correct,correct,Qwen2.5-Coder-32B-Instruct,Few Shot,,TRUE,0
3580,"A member of the European Food Safety Authority tried to say the cancers were caused by respiratory disease which, of course, is the dying process as Dr. Then someone on the committee finally admitted: ""Industry pressured us to hi-jack science.""",CauseNet-cause.csv,Intrasentencial,explicit,No,"['cause', 'caused']",2a,"[('respiratory_disease', 'cancers')]","[('respiratory disease', 'the dying process'), ('Industry pressured us', 'hi-jack science')]","['explicit', 'explicit']","['intrasentential', 'intrasentential']",0,Hallucination of data,0,incorrect,correct,correct,Qwen2.5-Coder-32B-Instruct,Few Shot,,TRUE,0
6313,"Success can be attributed to Kenya's ability to provide high quality products on a year-round basis, backed by daily airfreight arrivals to key destinations.",coling22-mining-health-related-statements_sentence_test_causenet_evaluations.csv,Intrasentencial,implicit,No,,2b,"[(""kenya's ability to provide quality products"", 'success')]","[(""Kenya's ability to provide high quality products on a year-round basis"", 'Success'), ('daily airfreight arrivals to key destinations', 'Success')]","['implicit', 'implicit']","['intrasentential', 'intrasentential']",0.5,Hallucination of data,0,incorrect,correct,correct,Qwen2.5-Coder-32B-Instruct,Few Shot,,TRUE,0.5
7026,"Similar to scenario 29, A rural area's decision to introduce high-speed internet was followed by a surge in local online businesses. This period also saw a government initiative for small business funding and a global increase in e-commerce.",causalnet.csv,Intersentencial,implicit,No,,2d,"[('decision to introduce high-speed internet', 'surge in local online businesses. effect 2"" a government initiative for small business funding and a global increase in e-commerce.')]","[(""A rural area's decision to introduce high-speed internet"", 'a surge in local online businesses')]",['implicit'],['intersentential'],0.33,False Negative,0,incorrect,correct,correct,Qwen2.5-Coder-32B-Instruct,Few Shot,,TRUE,0
1056,ANEMIA - A common Blood disorder condition that is caused by an acquired or inhered abnormality of red Blood cells to provide adequate oxygen supplies to body tissues.,coling22-mining-health-related-statements_sentence_test_causenet_evaluations.csv,Intrasentencial,explicit,No,"['cause', 'caused']",2a,"[('acquired or inhered abnormality of red blood cells', 'blood disorder condition')]","[('an acquired or inhered abnormality of red Blood cells', 'is a common Blood disorder condition'), ('an acquired or inhered abnormality of red Blood cells', 'to provide adequate oxygen supplies to body tissues')]","['explicit', 'explicit']","['intrasentential', 'intrasentential']",0.5,Hallucination of data,0,incorrect,correct,correct,Qwen2.5-Coder-32B-Instruct,Few Shot,,TRUE,0.5
976,Prolonged constriction of the skin blood vessels results in hypoxemia and vessel wall inflammation.,coling22-mining-health-related-statements_sentence_test_causenet_evaluations.csv,Intrasentencial,explicit,No,['results in'],2a,"[('prolonged constriction of the skin blood vessels', 'vessel wall inflammation')]","[('Prolonged constriction of the skin blood vessels', 'hypoxemia'), ('Prolonged constriction of the skin blood vessels', 'vessel wall inflammation')]","['explicit', 'explicit']","['intrasentential', 'intrasentential']",0.5,Hallucination of data,0,incorrect,correct,correct,Qwen2.5-Coder-32B-Instruct,Few Shot,,TRUE,1
681,Thalassemia is a genetic disease that results in the production of an abnormal ratio of hemoglobin subunits .,medcaus.csv,Intrasentencial,explicit,No,['results in'],2a,"[('Thalassemia is a genetic disease that', 'the production of an abnormal ratio of hemoglobin subunits')]","[('Thalassemia is a genetic disease', 'the production of an abnormal ratio of hemoglobin subunits'), ('the production of an abnormal ratio of hemoglobin subunits', 'thalassemia')]","['explicit', 'explicit']","['intrasentential', 'intrasentential']",0.5,Switch Cause and Effect,0,incorrect,correct,correct,Qwen2.5-Coder-32B-Instruct,Few Shot,,TRUE,0.5
5912,"In addition to the impact to Madagascar , one death and severe damage was reported in the Comoros Islands , where all of the banana crop was destroyed .",ECI-B_MAVEN-ERE_EN.csv,Intrasentencial,implicit,No,,2b,"[('severe damage was reported in the comoros islands', 'all of the banana crop was destroyed')]","[('impact to Madagascar', 'one death and severe damage was reported in the Comoros Islands'), ('impact to Madagascar', 'all of the banana crop was destroyed')]","['implicit', 'implicit']","['intrasentential', 'intrasentential']",0,Hallucination of data,0,incorrect,correct,correct,Qwen2.5-Coder-32B-Instruct,Few Shot,,TRUE,0.5
1063,"The most common causes of maternal deaths were hypertension, obstetric haemorrhage, pregnancy-related sepsis, and pre-existing maternal diseases.",coling22-mining-health-related-statements_sentence_test_causenet_evaluations.csv,Intrasentencial,explicit,No,"['cause', 'causes']",2a,"[('hypertension', 'maternal deaths')]","[('hypertension', 'maternal deaths'), ('obstetric haemorrhage', 'maternal deaths'), ('pregnancy-related sepsis', 'maternal deaths'), ('pre-existing maternal diseases', 'maternal deaths')]","['explicit', 'explicit', 'explicit', 'explicit']","['intrasentential', 'intrasentential', 'intrasentential', 'intrasentential']",0.25,Hallucination of data,0,incorrect,correct,correct,Qwen2.5-Coder-32B-Instruct,Few Shot,,TRUE,1
8865,"Participants with higher BMI experienced unfavorable changes in most traditional and non‚Äëtraditional ASCVD risk markers. Consequently, elevated BMI levels independently correlate with worsening cardiovascular risk profiles regardless of age.",PubMed,Intersentential,explicit,No,Consequently,2c,"[('higher BMI and unfavorable ASCVD marker changes', 'worsening cardiovascular risk profiles')]","[('Participants with higher BMI', 'experienced unfavorable changes in most traditional and non‚Äëtraditional ASCVD risk markers'), ('elevated BMI levels', 'independently correlate with worsening cardiovascular risk profiles'), ('worsening cardiovascular risk profiles', 'regardless of age')]","['explicit', 'explicit', 'explicit']","['intersentential', 'intersentential', 'intersentential']",0.67,Hallucination of data,0,incorrect,correct,incorrect,Qwen2.5-Coder-32B-Instruct,Few Shot,,TRUE,0.5
8610,I asked my friend for advice. I valued his opinion.,copa,Intersentential,implicit,No,,2d,"[('I valued his opinion', 'I asked my friend for advice')]","[('I asked my friend for advice', 'I valued his opinion')]",['implicit'],['intersentential'],0,Switch Cause and Effect,0,incorrect,correct,incorrect,Qwen2.5-Coder-32B-Instruct,Few Shot,,TRUE,0
351,"The earthquake in the Pacific Ocean resulted in a tsunami that devastated the southern coasts of Samoa and American Samoa, as well Niuatoputapu, one of the outlying islands of Tonga.",CauseNet-noncause.csv,Intrasentencial,explicit,No,['resulted in'],2a,"[('earthquake_in_the_pacific_ocean', 'tsunami')]","[('The earthquake in the Pacific Ocean', 'a tsunami'), ('a tsunami', 'devastated the southern coasts of Samoa and American Samoa'), ('a tsunami', 'devastated Niuatoputapu, one of the outlying islands of Tonga')]","['explicit', 'explicit', 'explicit']","['intrasentential', 'intrasentential', 'intrasentential']",0.33,Hallucination of data,0,incorrect,correct,correct,Qwen2.5-Coder-32B-Instruct,Few Shot,,TRUE,0.5
7611,"Under the new rules, they could no longer charge patients with pre-existing conditions more or deny coverage outright. By 2016, Texas saw one major insurance company after another pull out of the individual market in the state.",fincausal.csv,Intersentencial,implicit,No,,2d,"[('new rules preventing higher charges or denial of coverage for pre-existing conditions', 'major insurance companies pulling out of the individual market in texas by 2016')]","[('Under the new rules', 'they could no longer charge patients with pre-existing conditions more'), ('Under the new rules', 'deny coverage outright'), ('Texas saw one major insurance company after another pull out of the individual market in the state', 'By 2016')]","['implicit', 'implicit', 'implicit']","['intersentential', 'intersentential', 'intersentential']",0.67,False Positive,0,incorrect,correct,correct,Qwen2.5-Coder-32B-Instruct,Few Shot,,TRUE,0
6432,"""Sunlight on the surface of Earth is attenuated by Earth 's atmosphere , so that less power arrives at the surface ( closer to 1,000 W / m2 ) in clear conditions when the Sun is near the zenith .""",medcaus.csv,Intrasentencial,implicit,No,,2b,"[('earth‚Äö√Ñ√¥s atmosphere attenuates sunlight', 'less power arrives at the surface')]","[(""Sunlight on the surface of Earth is attenuated by Earth 's atmosphere"", 'less power arrives at the surface'), (""Sunlight on the surface of Earth is attenuated by Earth 's atmosphere"", 'closer to 1,000 W / m2 in clear conditions when the Sun is near the zenith')]","['implicit', 'implicit']","['intrasentential', 'intrasentential']",0.5,Hallucination of data,0,incorrect,correct,correct,Qwen2.5-Coder-32B-Instruct,Few Shot,,TRUE,0
1014,"By using the information from Crane, Eric finds out that the series of worldwide earthquakes is caused by the gravitational influence of a dark planet approaching our Solar system which will destroy the Earth when the Earth crosses the galactic equator.",coling22-mining-health-related-statements_sentence_test_causenet_evaluations.csv,Intrasentencial,explicit,No,"['cause', 'caused', 'influence']",2a,"[('gravitational influence of a dark planet approaching our solar system', 'series of worldwide earthquakes')]","[('gravitational influence of a dark planet approaching our Solar system', 'series of worldwide earthquakes'), ('Earth crosses the galactic equator', 'destroy the Earth')]","['explicit', 'explicit']","['intrasentential', 'intrasentential']",0.5,Hallucination of data,0,incorrect,correct,correct,Qwen2.5-Coder-32B-Instruct,Few Shot,,TRUE,1
4159,"No, because Wayne's gobbled them all up, was the response.",fincausal.csv,intrasentencial,explicit,No,['because'],2a,"[('wayne gobbled them all up', 'no')]","[(""Wayne's gobbled them all up"", 'was the response')]",['explicit'],['intrasentential'],0,False Negative,0,incorrect,correct,correct,Qwen2.5-Coder-32B-Instruct,Few Shot,,TRUE,0.5
3630,See Acid; Base; pH. A vapor or gas that can cause unconsciousness or death by suffocation (lack of oxygen).,CauseNet-cause.csv,Intrasentencial,explicit,Yes,['cause'],2e,"[('suffocation', 'death'), ('vapor_or_gas', 'unconsciousness'), ('vapor_or_gas', 'death')]","[('A vapor or gas', 'can cause unconsciousness'), ('A vapor or gas', 'death'), ('unconsciousness or death', 'by suffocation (lack of oxygen)')]","['explicit', 'explicit', 'explicit']","['intrasentential', 'intrasentential', 'intrasentential']",0.67,Switch Cause and Effect,0,incorrect,correct,correct,Qwen2.5-Coder-32B-Instruct,Few Shot,,TRUE,0.5
7351,A 16-year-old boy was killed by a crocodile in the Torres Strait while attempting to swim back to Saibai Island from a broken-down dinghy. Wildlife officers located and euthanised the four-metre crocodile believed to be responsible for the attack.,causalprobe.csv,Intrasentencial,implicit,No,,2b,"[('""crocodile attack""', '""16-year-old boy killed""')]","[('A 16-year-old boy was killed by a crocodile', 'Wildlife officers located and euthanised the four-metre crocodile')]",['implicit'],['intrasentential'],0.5,Hallucination of data,0,incorrect,correct,correct,Qwen2.5-Coder-32B-Instruct,Few Shot,,TRUE,0
8476,I rolled my eyes at my friend. He made a sarcastic remark.,copa,Intersentential,implicit,No,,2d,"[('He made a sarcastic remark', 'I rolled my eyes at my friend')]","[('I rolled my eyes at my friend', 'He made a sarcastic remark')]",['implicit'],['intersentential'],0,Switch Cause and Effect,0,incorrect,correct,incorrect,Qwen2.5-Coder-32B-Instruct,Few Shot,,TRUE,0
4615,<e1>Depression</e1> is among the top 10 causes of <e2>suicide</e2> both among doctors as well as nursing professionals.,Semeval2010Task8.csv,intrasentencial,explicit,Yes,['causes'],2e,"[('depression', 'suicide among doctors'), ('depression', 'suicide among nursing professionals')]","[('Depression', 'suicide')]",['explicit'],['intrasentential'],0.5,False Negative,0,incorrect,correct,correct,Qwen2.5-Coder-32B-Instruct,Few Shot,,TRUE,0
3175,"Indeed, Dr. Mildred Seelig, a pioneering magnesium researcher at the University of North Carolina, has asserted that magnesium deficiency causes much needless suffering from pain, including the pain associated with fibromyalgia, muscle cramps, and migraine headaches (Transdermal Magnesium Therapy 279).",CauseNet-cause.csv,Intrasentencial,explicit,Yes,"['cause', 'causes']",2e,"[('fibromyalgia', 'pain'), ('muscle_cramps', 'pain'), ('migraine_headaches', 'pain')]","[('magnesium deficiency', 'much needless suffering from pain'), ('magnesium deficiency', 'pain associated with fibromyalgia'), ('magnesium deficiency', 'muscle cramps'), ('magnesium deficiency', 'migraine headaches')]","['explicit', 'explicit', 'explicit', 'explicit']","['intrasentential', 'intrasentential', 'intrasentential', 'intrasentential']",0,Incorrect matching,0,incorrect,correct,correct,Qwen2.5-Coder-32B-Instruct,Few Shot,,TRUE,0.5
2072,This is because the malignant thymus is incapable of appropriately educating developing thymocytes to eliminate self - reactive T cells .,medcaus.csv,Intrasentencial,explicit,Yes,"['cause', 'because']",2e,[],"[('the malignant thymus is incapable of appropriately educating developing thymocytes', 'to eliminate self-reactive T cells')]",['explicit'],['intrasentential'],0,Hallucination of data,0,incorrect,correct,correct,Qwen2.5-Coder-32B-Instruct,Few Shot,,TRUE,0
2543,"Yoo, 44, fled to China with his older son in 1998, after losing his wife and younger son during the so-called ""arduous march"" in the mid '90s, when floods, droughts and isolation caused a famine that killed as many as 1 million people.",CauseNet-cause.csv,Intrasentencial,explicit,Yes,"['cause', 'caused', 'led to']",2e,"[('droughts', 'famine'), ('floods', 'famine')]","[('floods, droughts and isolation', 'a famine'), ('a famine', 'killed as many as 1 million people'), ('losing his wife and younger son', 'Yoo, 44, fled to China with his older son in 1998')]","['explicit', 'explicit', 'explicit']","['intrasentential', 'intrasentential', 'intrasentential']",0.33,Hallucination of data,0,incorrect,correct,correct,Qwen2.5-Coder-32B-Instruct,Few Shot,,TRUE,0.5
571,"Yet, the election resulted in a peaceful transfer of power, rather than a civil war.",CauseNet-noncause.csv,Intrasentencial,explicit,No,['resulted in'],2a,"[('election', 'civil_war')]","[('the election', 'a peaceful transfer of power'), ('the election', 'not a civil war')]","['explicit', 'explicit']","['intrasentential', 'intrasentential']",0,False Positive,0,incorrect,correct,correct,Qwen2.5-Coder-32B-Instruct,Few Shot,,TRUE,0.5
5281,"In the given scenario, both increased demand and increased supply are required to cause high rainfall. The question specifically asks about the outcome if there was reduced supply despite high demand and increased yield per acre. Since high rainfall is contingent on increased supply as well, reducing supply disrupts this condition, thus high rainfall would not occur.",CausalBench_Text_Part.csv,intersentencial,explicit,Yes,"['cause', 'Since', 'thus']",2g,"[('increased demand', 'high rainfall'), ('increased supply', 'high rainfall'), ('reduced supply (despite high demand and increased yield)', 'no high rainfall')]","[('increased demand and increased supply', 'high rainfall'), ('reduced supply', 'disrupts this condition'), ('disrupts this condition', 'high rainfall would not occur')]","['explicit', 'explicit', 'explicit']","['intersentential', 'intersentential', 'intersentential']",0,Incorrect matching,0,incorrect,correct,correct,Qwen2.5-Coder-32B-Instruct,Few Shot,,TRUE,0
5285,"As per the statement, taking the elevator or resulting happiness directly leads to penguin death. Therefore, logically, taking the stairs, which neither directly causes happiness nor follows the initial path leading to death, should not result in the penguin's death.",CausalBench_Text_Part.csv,intersentencial,explicit,Yes,"['leads to', 'Therefore', 'causes', 'leading to', 'result in']",2g,"[('taking the elevator', 'penguin happiness'), ('penguin happiness', 'penguin death'), ('taking the elevator', 'penguin death'), ('taking the stairs', 'no penguin happiness'), ('taking the stairs', 'no penguin death')]","[('taking the elevator', 'penguin death'), ('resulting happiness', 'penguin death'), ('taking the stairs', ""should not result in the penguin's death"")]","['explicit', 'explicit', 'explicit']","['intersentential', 'intersentential', 'intersentential']",0.4,False Negative,0,incorrect,correct,correct,Qwen2.5-Coder-32B-Instruct,Few Shot,,TRUE,0.7
1778,The place of burial: St. The immediate cause of death was exhaustion and toxemia of 10 days.,CauseNet-cause.csv,Intrasentencial,explicit,No,['cause'],2a,"[('exhaustion', 'death')]","[('exhaustion', 'immediate cause of death'), ('toxemia of 10 days', 'immediate cause of death')]","['explicit', 'explicit']","['intrasentential', 'intrasentential']",0.5,Hallucination of data,0,incorrect,correct,correct,Qwen2.5-Coder-32B-Instruct,Few Shot,,TRUE,0.5
7649,"Working as one of many customer relationship managers, Thormahlen went through a pregnancy and birth and returned to her position with no issues. In time, she was promoted to a sales management position.",fincausal.csv,Intersentencial,implicit,No,,2d,"[('thormahlen‚Äö√Ñ√¥s performance over time.', 'promotion to a sales management position.')]","[('Working as one of many customer relationship managers', 'Thormahlen went through a pregnancy and birth'), ('Thormahlen went through a pregnancy and birth', 'returned to her position with no issues'), ('returned to her position with no issues', 'In time, she was promoted to a sales management position')]","['implicit', 'implicit', 'implicit']","['intersentential', 'intersentential', 'intersentential']",0,Incorrect matching,0,incorrect,correct,correct,Qwen2.5-Coder-32B-Instruct,Few Shot,,TRUE,0
6398,"Market conditions can change quickly, and being prepared for the worst may help ease the burden if the tide turns unexpectedly.",fincausal.csv,Intrasentencial,implicit,No,,2b,"[('being prepared for the worst', 'may help ease the burden if the tide turns unexpectedly')]","[('Market conditions can change quickly', 'being prepared for the worst may help ease the burden'), ('being prepared for the worst', 'ease the burden'), ('tide turns unexpectedly', 'ease the burden')]","['implicit', 'implicit', 'implicit']","['intrasentential', 'intrasentential', 'intrasentential']",0,Switch Cause and Effect,0,incorrect,correct,correct,Qwen2.5-Coder-32B-Instruct,Few Shot,,TRUE,0.5
2555,"After weaning, most pigs receive antimicrobials in ""starter rations"" or water when they are most vulnerable to infectious disease caused by viruses, mycoplasma, and bacteria.",CauseNet-cause.csv,Intrasentencial,explicit,Yes,"['cause', 'caused']",2e,"[('bacteria', 'infectious_disease'), ('viruses', 'infectious_disease')]","[('weaning', 'most pigs receive antimicrobials in ""starter rations"" or water'), ('weaning', 'they are most vulnerable to infectious disease'), ('infectious disease', 'caused by viruses, mycoplasma, and bacteria')]","['explicit', 'explicit', 'explicit']","['intrasentential', 'intrasentential', 'intrasentential']",0,Incorrect matching,0,incorrect,correct,correct,Qwen2.5-Coder-32B-Instruct,Few Shot,,TRUE,0.5
5515,"Enforcing the use of Method 1 via intervention ensures that the relationship evaluated accounts for unobserved confounders, thus enhancing the likelihood of uncovering genuine causal relationships.",CausalBench_Text_Part.csv,Intrasentencial,implicit,No,,2b,"[('intervention ensures use of method 1', 'genuine causal relationships uncovered')]","[('Enforcing the use of Method 1 via intervention', 'the relationship evaluated accounts for unobserved confounders'), ('the relationship evaluated accounts for unobserved confounders', 'enhancing the likelihood of uncovering genuine causal relationships')]","['implicit', 'implicit']","['intrasentential', 'intrasentential']",0,Incorrect matching,0,incorrect,correct,correct,Qwen2.5-Coder-32B-Instruct,Few Shot,,TRUE,0
2319,"Then his mind replayed the nausea and diarrhoea caused by radiation therapy and chemotherapy, his hair falling out and kids laughing at him ... Jimmy died gently, utterly exhausted having lost so much blood.",CauseNet-cause.csv,Intrasentencial,explicit,Yes,"['cause', 'caused']",2e,"[('chemotherapy', 'nausea'), ('radiation_therapy', 'nausea')]","[('radiation therapy and chemotherapy', 'nausea'), ('radiation therapy and chemotherapy', 'diarrhoea'), ('losing so much blood', 'Jimmy died gently, utterly exhausted')]","['explicit', 'explicit', 'explicit']","['intrasentential', 'intrasentential', 'intrasentential']",0.5,Hallucination of data,0,incorrect,correct,correct,Qwen2.5-Coder-32B-Instruct,Few Shot,,TRUE,0.5
3815,"Columbia officials said they do n't know how quickly they will dispose of the thrift 's junk bonds , because federal regulations , such as those that would allow thrifts to continue holding the bonds in separately capitalized subsidiaries , have n't yet been completed .",ECI-B_CTB_EN.csv,intrasentencial,explicit,No,['because'],2a,"[('federal regulations haven‚Äö√Ñ√¥t yet been completed', 'columbia officials don‚Äö√Ñ√¥t know how quickly they will dispose of the thrift‚Äö√Ñ√¥s junk bonds')]","[('federal regulations', 'thrifts to continue holding the bonds in separately capitalized subsidiaries'), ('federal regulations', ""have n't yet been completed"")]","['explicit', 'explicit']","['intrasentential', 'intrasentential']",0.5,Hallucination of data,0,incorrect,correct,correct,Qwen2.5-Coder-32B-Instruct,Few Shot,,TRUE,0
5451,"With an intervention that mandates taking the elevator, the overall chance of penguin death is uniformly at the lower probability of 29%, confirming that the intervention reduces the risk of penguin death.",CausalBench_Text_Part.csv,Intrasentencial,implicit,No,,2b,"[('intervention mandates elevator use', 'penguin death probability decreases')]","[('intervention that mandates taking the elevator', 'overall chance of penguin death is uniformly at the lower probability of 29%'), ('intervention that mandates taking the elevator', 'risk of penguin death')]","['implicit', 'implicit']","['intrasentential', 'intrasentential']",0.5,False Negative,0,incorrect,correct,correct,Qwen2.5-Coder-32B-Instruct,Few Shot,,TRUE,0
4242,"Given that the probability of the alarm ringing when the husband does not set it is significantly higher (74%) compared to when he does set it (21%), it is much more likely that the alarm is ringing because the husband did not set it.",CausalBench_Text_Part.csv,intrasentencial,explicit,Yes,['because'],2e,"[('husband did not set the alarm', 'alarm is likely to ring'), ('husband set the alarm', 'alarm is less likely to ring')]","[('the probability of the alarm ringing when the husband does not set it is significantly higher (74%) compared to when he does set it (21%)', 'it is much more likely that the alarm is ringing because the husband did not set it')]",['explicit'],['intrasentential'],0.5,False Negative,0,incorrect,correct,correct,Qwen2.5-Coder-32B-Instruct,Few Shot,,TRUE,0
5777,District Attorney Steve Cooley announced today that capital murder charges were filed against a Hawaiian Gardens gang member accused of gunning down Deputy Luis Gerardo ( Jerry ) Ortiz a month ago .,ECI-B_ESC_EN.csv,Intrasentencial,implicit,No,,2b,"[('gunning down deputy jerry ortiz', 'capital-murder charges were filed')]","[('Steve Cooley announced that capital murder charges were filed', 'capital murder charges were filed against a Hawaiian Gardens gang member'), ('Steve Cooley announced that capital murder charges were filed', 'a Hawaiian Gardens gang member accused of gunning down Deputy Luis Gerardo ( Jerry ) Ortiz a month ago')]","['implicit', 'implicit']","['intrasentential', 'intrasentential']",0,Incorrect matching,0,incorrect,correct,correct,Qwen2.5-Coder-32B-Instruct,Few Shot,,TRUE,0.5
801,Although infection with Hepatocystis does not normally cause fever it may cause anaemia in the host .,medcaus.csv,Intrasentencial,explicit,No,['cause'],2a,[],"[('infection with Hepatocystis', 'fever'), ('infection with Hepatocystis', 'anaemia in the host')]","['explicit', 'explicit']","['intrasentential', 'intrasentential']",0,Hallucination of data,0,incorrect,correct,correct,Qwen2.5-Coder-32B-Instruct,Few Shot,,TRUE,0